frame,posture_deg,posture_smooth,posture_vel,bending_deg,bending_smooth,bending_vel
0,47.18015505421127,46.542459699089115,0.9189902395733185,-0.4443343280994867,-0.9593861630400988,0.6658072245617008
1,46.45698595073109,46.57309270707489,0.9190850664003491,0.1273380846163974,-0.9371925888880421,0.6658838140033629
2,46.5439253606659,46.60373203684914,0.9193522815283472,0.11968195067122167,-0.914993908773208,0.6662718805895967
3,47.11913340424806,46.63438285917678,0.9197657262087588,-0.7317157685760236,-0.8927744635154024,0.6672835813605055
4,45.77873176984738,46.66504975192972,0.9203885906137188,0.9290300613878912,-0.8705083366825076,0.6690967249086971
5,46.093381253158675,46.69574209855103,0.9211611607038606,0.4614166526892092,-0.8481680151881559,0.6720028567185177
6,46.33478794102698,46.726460495976646,0.921862066371979,0.6208573237674102,-0.8257081462346064,0.6764643108377816
7,46.37483066687953,46.757199569642495,0.9223434924708585,0.5529247161309883,-0.8030703944656371,0.6828909333943528
8,45.81705486007129,46.78795006214137,0.9224903371819693,1.335578058436738,-0.7801820840083162,0.6916994718601083
9,46.12714215571328,46.818698925454626,0.9221013668914324,0.890046409223018,-0.7569570963416299,0.703406184557781
10,46.099488724269904,46.8494234866008,0.9209293710089028,0.8771121988600328,-0.7332883383711308,0.7185706034555495
11,46.258343503829614,46.88009421685522,0.9187599962908521,0.6999067024499794,-0.7090523894445933,0.7376771123376963
12,45.869655050143386,46.91067415302019,0.915389269821496,0.9945722241577784,-0.6841098642152844,0.7611746972139577
13,45.77801393069631,46.94112016817665,0.9105699337465367,1.254335282446874,-0.6583074096303294,0.7895224977242982
14,46.878737096413445,46.97137881526996,0.9039742293487407,-0.1992968768751382,-0.6314750310336645,0.8232545524665963
15,47.59238514058644,47.0013851167999,0.8954154238999479,-0.47367268631708725,-0.603423772799223,0.862719541917702
16,48.253473449537935,47.03107317686329,0.8849676244747684,-1.6266309843892088,-0.5739603949058177,0.9080010263017951
17,48.52606812250888,47.06038295843155,0.8729004880421698,-2.166791565342649,-0.54289037104577,0.9589617652779042
18,46.64278720263649,47.089266542732766,0.8596137393467629,0.1040688716547038,-0.5100296105539575,1.0152037462100292
19,47.228500567868785,47.11769054105467,0.8452589367363927,-0.7551158058418537,-0.4752101212984347,1.0765768090158947
20,49.471098505545875,47.14561713851519,0.8297861653804972,-2.939925350620925,-0.43825782328623114,1.143130648965068
21,49.45815334019902,47.173009618746704,0.8135577076457423,-3.0772729341380654,-0.39900141136743017,1.2144516394576637
22,47.885001728920265,47.19985431902491,0.7972591745283708,-1.5803430018902844,-0.3572943806557202,1.289769511148355
23,49.52078885429606,47.22616023038193,0.7813322554354585,-3.984956349033041,-0.3130167772908732,1.3685041283860897
24,47.84547848037075,47.25194313605394,0.7662200502014826,-2.334936140061714,-0.2660607720966476,1.4499275947005974
25,46.74156305176637,47.27724156706203,0.7523520357276325,-1.099205139709639,-0.2163549376441667,1.533186237158188
26,46.74773855887622,47.30209993843578,0.7397368154630612,-1.6676019002892986,-0.16384835628610173,1.6178411270957236
27,48.75184450219996,47.326557354759565,0.7282122978643812,-3.9909863396008376,-0.10849886250445179,1.7035373708190424
28,48.45200845052626,47.35064742496007,0.7179079916795317,-3.8401750176025047,-0.050279198231498894,1.7894740213855376
29,46.26664737513712,47.3744178875382,0.709199615544982,-1.353241371463156,0.01079940558791738,1.8745101770197878
30,48.00268479956893,47.39792739932974,0.7020862163554042,-3.2160729446600698,0.07468814690315362,1.957879435003621
31,48.3664723981059,47.42122363529523,0.6964929948565413,-3.773873422419527,0.14132470125482544,2.038889615148571
32,48.62706430998077,47.44436026565351,0.6926504406783351,-4.062770004641337,0.21061412124639167,2.116469174057418
33,48.74301398456811,47.46740033134045,0.6908749855011109,-4.365760056287385,0.28242264619198665,2.189400449933864
34,49.056759295898026,47.49041859802025,0.6915321870564739,-4.546681588056558,0.3565741512419826,2.256356784418871
35,46.740971776797316,47.513502477144215,0.6950446507648422,-2.197605371024096,0.4328464318199114,2.3159178557356284
36,46.04853655372394,47.53675490807124,0.7015304180745119,-0.9074654748234963,0.5109686749576912,2.3669633835255857
37,46.86606182309404,47.560271171682516,0.7106533101859114,-2.0119382172223936,0.5906439907216171,2.4088912887484604
38,46.112842199122106,47.584131795416965,0.7220887948713894,-1.139157016186715,0.6715614275409219,2.4411036366394927
39,48.20404942980755,47.60841042467394,0.7355148572502657,-4.930870692910474,0.75338423316425,2.462944158819692
40,46.031309376236194,47.63316611923365,0.7508012859821633,-3.4247072663617786,0.835757704795568,2.473298334794719
41,46.7234673949528,47.65846384373942,0.7677984540782035,-4.434132174150676,0.9182707888172312,2.4706873608932147
42,47.145748537278536,47.68435268283886,0.7861291253923852,-4.260704049026074,1.0004701955217823,2.4536817806257147
43,46.83102792176288,47.71087245209891,0.80557417198726,-3.515198102657081,1.081849574192279,2.4207033296365976
44,47.777457783906094,47.738057627638014,0.8259226671462017,-4.151157146469089,1.1618504174975555,2.370286066710708
45,47.66652654509772,47.76593396324199,0.8470496347776546,-1.0924734435832448,1.2398686453063261,2.3009563428941693
46,48.24972561372088,47.79452760328986,0.8689461516581787,-0.6664273309022235,1.3152475070238334,2.2115772763791353
47,47.8089409136072,47.82386370668587,0.8916651247016105,0.9275082141340931,1.3873071303982685,2.10150736251437
48,45.657611949200145,47.85397194493663,0.9152720238875744,4.11168575902245,1.4553479978581247,1.97038354830408
49,47.179391692433626,47.88488184161171,0.9394380261683466,4.429828215093366,1.5186660336185405,1.8185324643363088
50,47.14966852440985,47.91660114668119,0.9637316194765688,5.347909655837171,1.5765834954805453,1.6467820111895226
51,47.73088314625936,47.94913061624348,0.9879338510188518,5.995198806322421,1.6284515010311753,1.456125890888097
52,49.240205918077976,47.98246340341578,1.0118982221558426,5.243343580540099,1.6736585548730851,1.2477742544511783
53,46.6809581943313,48.016590497720536,1.0357793082915379,9.104605422250373,1.7116364513279205,1.0229072683781626
54,46.28776872638968,48.05151535730188,1.0595655270282833,10.175441741169237,1.7418523727649626,0.7831551055794705
55,46.55420619272117,48.08722819952242,1.0827959932942122,9.83926571676848,1.7638467916998852,0.5308712131927795
56,47.37239175410231,48.12370175685483,1.1049804696960308,7.257096253494666,1.7772437869778146,0.2685105202987592
57,46.265542558136055,48.16089356416882,1.1257792705922043,6.917499159240634,1.7817474930531358,-0.0019112717749159014
58,47.662404869296736,48.19875370822764,1.1447988311502755,5.965391660465571,1.7771163688594869,-0.27881559726399163
59,46.93925422320749,48.23721348624551,1.1616775517786948,8.859993792095707,1.7631597865688697,-0.5608159510240651
60,47.85754254317291,48.27619887834622,1.1761426664689623,7.219593334690487,1.7397286387912159,-0.8462342102690823
61,47.25848941283638,48.31562299734344,1.1879389103694749,8.874946763009447,1.706744172550931,-1.1332001897746025
62,46.499282805384595,48.35539480570419,1.1968468299844304,9.798001655208026,1.664181959472909,-1.4198330916366164
63,47.814364537404145,48.39541278600907,1.202433218717367,10.327708086342284,1.6120886331084898,-1.7038574684850682
64,48.50958563817361,48.435557020285344,1.2043356650011816,10.118115491292713,1.5505914615739045,-1.98276776835557
65,47.815382524169344,48.47570183034248,1.2024787738019782,12.14118106932014,1.4799041152181185,-2.253993946410339
66,48.88532202133589,48.51572227187214,1.1967753622903743,11.3744391002475,1.400325198479882,-2.514676633880385
67,48.20738728304007,48.55548685449517,1.1871821997717191,11.847491360313498,1.3122590062927595,-2.7617472987132565
68,48.78571578498919,48.594867751856924,1.1737024833739085,11.416913620904097,1.2162087118989982,-2.9921561519904616
69,49.45462620252146,48.6337336867201,1.1563128294173097,9.791537936097583,1.1127819294933954,-3.20281971016792
70,49.925930278872286,48.67195527381808,1.1351636861456527,7.348755559229687,1.0026873978878035,-3.390930552181617
71,51.308806754675146,48.709411265796476,1.1105635913301626,2.479327175031912,0.8867198926812876,-3.5542544506857165
72,51.197782262675354,48.74599284657342,1.0830855503949621,-0.7950785284383954,0.7657371011754224,-3.691610905624587
73,50.785705153822946,48.78161696915614,1.053480686635666,-2.9603374714932187,0.6406124989729818,-3.8029951895033065
74,51.05075184629857,48.81622489234913,1.0224115997260697,-3.781340813047308,0.5122040885418686,-3.889174869231638
75,50.669969265502175,48.84977774247121,0.990508581891838,-2.3980621377669706,0.38133417435753925,-3.951323875108354
76,49.66101470956065,48.88225879780859,0.9583745794835252,-0.715649813451563,0.24878249686797832,-3.9904939704352054
77,48.89145927038005,48.913669381103446,0.9263960622105927,0.6068536826250579,0.11530124299519223,-4.00724187149671
78,49.84908059647128,48.944018535289295,0.8946855302462708,-0.11917122522814338,-0.018366961231802315,-4.001637896662425
79,49.66896008853083,48.973315083119864,0.8633742657904975,-0.11608198488016797,-0.15147461678230276,-3.973623940742597
80,50.15326118718387,49.00157681967533,0.8327002978193221,-0.9626061483261594,-0.28327522394797544,-3.9232097306036136
81,48.06322499119566,49.02882843630782,0.8029383286359959,-0.26235792268501257,-0.413021932155877,-3.8504910214121275
82,48.61985994376426,49.055106041584395,0.7741160289194937,-1.6654826324203924,-0.5399746253754506,-3.755546427204812
83,48.30533871475871,49.08043617156912,0.7460250889879916,-1.3699436189546788,-0.6633916939695311,-3.6385209096193583
84,48.08157774340275,49.10484104751693,0.718485527855961,-2.7224755766415853,-0.7825426860167412,-3.4996869003563806
85,46.434616580529905,49.128335206759516,0.6912299249707132,-2.378621300923399,-0.8967041539932898,-3.3394379380476296
86,47.566563380823254,49.150923042514975,0.6637055562155325,-4.572452889051476,-1.0051718818865831,-3.158282859990752
87,49.11269432874625,49.17258224384055,0.6352762611007989,-7.216069583359527,-1.10725634465934,-2.9569724940466524
88,49.34123843516197,49.19327479325503,0.6056975360741745,-8.187087529334072,-1.2023033814896933,-2.7369456986088414
89,49.11339657371327,49.21296207957883,0.5749824782082058,-9.436173772197499,-1.2897193912332627,-2.5001495229745063
90,50.45740255523491,49.23160695846891,0.5431382844221133,-11.49091314540778,-1.3689800163546604,-2.24883401855986
91,50.34833197444174,49.249171298540304,0.5103324278286081,-11.83368704968612,-1.4396416591372534,-1.9857157383496693
92,51.30566940489732,49.26562912032415,0.47691063499485153,-12.999772305793549,-1.5013610655779717,-1.7138454574959539
93,49.83483779034412,49.280965340873294,0.4433397126245353,-11.127934177780837,-1.553898022970317,-1.4364786367432147
94,50.72051862715308,49.295185101165785,0.41000538175516965,-11.62092962742539,-1.5971263080275193,-1.1567487994982595
95,50.11985158226215,49.308299032990305,0.3772019550563499,-10.571592145119716,-1.6310146096035343,-0.8775701914376488
96,50.30863326736954,49.32033189816954,0.3452620628463521,-10.203216178232708,-1.655630987456696,-0.601762861423798
97,49.60148922010077,49.33131650384673,0.31445334771465383,-7.68254233427885,-1.6711321336984541,-0.33192734114711575
98,48.83292402915763,49.34129545468385,0.2849629477725557,-7.619983437532554,-1.6777594768665036,-0.07022858809846877
99,49.610788019981804,49.35031403369823,0.2567554423014329,-9.160614048373745,-1.6758140395716854,0.18155586368737597
100,49.302901355082014,49.358412484170614,0.22979396835861365,-8.750256529894173,-1.6656557526206786,0.4214293835816707
101,49.38571482591021,49.36563363158881,0.20410900441238056,-7.295182126283187,-1.6477187473329074,0.6472254667864596
102,50.42975010423473,49.37201975113144,0.17969528194740292,-7.061544733926802,-1.622507388168248,0.8570508248619813
103,50.73159269339214,49.37761331705197,0.1567130741230116,-7.415762410746751,-1.590582025675442,1.0492568685926773
104,50.27306059844067,49.38246728940631,0.13552100795358513,-6.6256263479201465,-1.5525569302620694,1.2221685818184669
105,48.44647700320104,49.38664805091554,0.11645285677460038,-4.887375041316815,-1.5091041202208775,1.3741653686868627
106,49.18238257929055,49.39023081319128,0.09950124825717666,-3.888972828517396,-1.4609459056829452,1.5039904946442584
107,50.14920566663836,49.39328146746602,0.08449546918452455,-3.628745086241935,-1.4088380872445936,1.61078054929225
108,48.955512622628774,49.39586384447025,0.07151701976621183,-1.7672007453290774,-1.3535605357301286,1.6938443737224884
109,49.25846279233834,49.398049268783765,0.06061282646047772,-1.9600049317952113,-1.2959151289964277,1.752790353156355
110,50.337771899894776,49.399904699567614,0.05169665114326705,-2.6716334206693375,-1.236707845519705,1.7874582265592731
111,49.85369858620803,49.40149571219332,0.04488720007124414,-1.3116564596800941,-1.1767512472258095,1.797535865316322
112,48.81803148921813,49.40289717957236,0.0403911799943657,0.13383354185219787,-1.1168721211652834,1.782789831828847
113,49.684125844730374,49.404188457526274,0.038188863634474046,0.07538899235861152,-1.057898591770553,1.7433860482967412
114,48.48877885196911,49.40544310381466,0.03823490742320246,2.422528550666172,-1.0006463846121674,1.679679020226711
115,48.13838400331821,49.40673745135449,0.04043462855101154,4.189619355504703,-0.9459199904221056,1.5923463045104174
116,47.96718549046098,49.40813874571806,0.044463109652248534,5.677852252127607,-0.8944899643114729,1.4826606024639077
117,48.73996087401083,49.40970165866464,0.04991747033077587,5.353006929798042,-0.8470759502578451,1.3523629041217826
118,48.80146505966011,49.41146657707345,0.05648384532737083,5.554954837609742,-0.8043324373700207,1.2033524996922995
119,48.77088621131669,49.41346724835313,0.06397193389620526,7.061308822304753,-0.7668524502783585,1.0374969976035424
120,49.04905004327772,49.41573137266653,0.07219547401142279,6.626766026275575,-0.7351659708631179,0.8569061054406363
121,48.853150165777585,49.41828027995389,0.081004385942407,6.67712994070753,-0.709725376582316,0.6638386264607304
122,48.682700452197125,49.42113166506269,0.0902601070958653,5.608719461782599,-0.6909100624324025,0.4604877406682728
123,49.33948090869725,49.42429762042695,0.0997687947799264,3.310698272060904,-0.6790261938710979,0.2488886611452401
124,50.7078991192948,49.42778291804802,0.1094080300561373,1.7222987916621548,-0.6743174850227198,0.03057143947817309
125,50.741291521507804,49.43159148909736,0.11935555682271115,1.8559474149004842,-0.6769880979058863,-0.19351426016599504
126,51.23356365888088,49.43573995516953,0.12999648695856791,2.0473560608462265,-0.6872184357004528,-0.4226354016274153
127,50.32359318638597,49.44025792156126,0.1417929166876064,3.793836548382316,-0.705163791347714,-0.6560086935493564
128,50.16985517598844,49.44519281628204,0.1551435407716184,4.159424705329599,-0.7309523486037433,-0.8925584860256008
129,49.72602920228509,49.45060082427937,0.17028747230963148,4.930062771782431,-0.7646676904160874,-1.130888556145409
130,48.948937246383984,49.45654531443601,0.18737342719063577,5.459806448677099,-0.8063449190134372,-1.369424873064455
131,48.511897699331065,49.46309238609208,0.2063668797389795,5.601331067330037,-0.8559626819537177,-1.606388825002285
132,48.33868397042727,49.47030310641861,0.22705090249019122,5.367132115574677,-0.9134375073469229,-1.8398884051909254
133,48.614212079045004,49.47822911292476,0.24911577603990764,3.6954031969907675,-0.9786219089664461,-2.0680294628333034
134,48.94916870938413,49.48691082482127,0.2722647445100179,2.22974407541183,-1.0513061382024764,-2.2891830234514687
135,48.42375761223963,49.49638009589209,0.29628936295814867,1.5133502202760951,-1.1312341105298773,-2.5021661482890045
136,48.518791042426486,49.50666344901848,0.3209501663121017,0.11517762311601132,-1.2181172147550767,-2.7060976812942883
137,47.89647821290987,49.51777677364623,0.3459407540466586,0.004964122472557619,-1.3116406226161632,-2.9003861023059274
138,46.99600994822975,49.529726165954926,0.37087313618876294,0.39672921494093316,-1.4114762882421386,-3.0846373649080885
139,47.93806330261938,49.54250164939215,0.3951294520876658,-0.6909913709563398,-1.5172831136100358,-3.258386802331362
140,49.32192491775158,49.55606812942744,0.4180943482478483,-2.440922448482354,-1.6287020750642294,-3.421242658524367
141,49.23554083367656,49.57037460594201,0.4394944231875897,-2.4582814281212393,-1.7453659575116602,-3.5732028410408
142,50.173073080140256,49.58536775763994,0.45924506866615644,-3.612192647707033,-1.8669155978002827,-3.714494141234135
143,50.28134226311716,49.600990943853084,0.4773838872889513,-3.6677745849265904,-1.9929989002606026,-3.8454820982208004
144,48.690720831861256,49.61719335012587,0.49409944211713963,-1.9245660184913618,-2.1232810710150027,-3.966675282035226
145,48.603183562273,49.63393090666089,0.5093551343391667,-2.0892630377492196,-2.257443919062951,-4.078293186429331
146,50.19160117181554,49.65115035908182,0.522859920672758,-3.298120391153901,-2.395167283443625,-4.180281253098843
147,49.75464249909237,49.668788234705744,0.5345408928497974,-2.8466370821992513,-2.536129335936207,-4.272748744434002
148,48.69939795272535,49.68678641860514,0.5444911839358113,-1.852796213878463,-2.680017199739225,-4.355876104970678
149,49.49042307230955,49.70508764696813,0.5525767336362009,-2.418833711886606,-2.8265210762675856,-4.429586498212387
150,50.52680259552885,49.72362486751422,0.5586187937849374,-3.2592810257444427,-2.9753229662867176,-4.493696290329245
151,51.50632480186273,49.74232889988713,0.5627048776978683,-4.135913381354101,-3.126100828956202,-4.548187082477215
152,50.865572546288945,49.76113852602741,0.5652167302436695,-2.152502286532595,-3.2785354384518652,-4.593251261445543
153,50.5258603116093,49.780010015236705,0.5665808938235273,-0.3348175347375104,-3.4323175797192382,-4.628871544952677
154,49.53089947426323,49.798910585615644,0.5670725101483498,0.8075426455130383,-3.5871268747820437,-4.65441988349478
155,49.4265832785655,49.817814849246595,0.5667626350508215,0.3245478956438319,-3.7426122386188903,-4.6687821735100465
156,48.58694302652505,49.8366947612857,0.5655532375656236,-0.04511095084214389,-3.8983790196827135,-4.67070012065852
157,48.87083567214915,49.85551839841764,0.5632002995443486,-1.8968772218067897,-4.053992246662792,-4.658995938293002
158,48.82411722463491,49.87424144792199,0.5593715552306477,-1.9137850757175983,-4.208978748902247,-4.632775868049603
159,48.99528843947259,49.89280983543301,0.5537644239575457,-1.7715316238588485,-4.362843971199432,-4.5913778409594475
160,47.11612454721153,49.911159076185825,0.5460892861569278,0.3862796405765039,-4.51507060496621,-4.534075221871712
161,50.0426477741656,49.929215787843475,0.5357970499179743,-3.175256637532044,-4.665115652657546,-4.4597538339101295
162,51.52331155350616,49.94687887951369,0.5224889545191758,-6.8698318970955725,-4.8123875272268855,-4.367463288947491
163,52.23466750136092,49.96404838481142,0.5064162868839617,-8.386598197566485,-4.956279871920712,-4.257287988285756
164,50.624661725490185,49.980639965305954,0.4881511128294491,-6.784958141342258,-5.096206726445936,-4.130043975383719
165,50.54332744224703,49.99659179233338,0.4681268464363697,-6.089660594586107,-5.231616136946293,-3.986492468174614
166,50.432446347591416,50.011848421735046,0.4465205561850283,-5.462776302547695,-5.36197289099091,-3.8270121813056024
167,50.65255289746277,50.026359829412385,0.4234760868961729,-6.14695317182985,-5.486750282366667,-3.6517456977518448
168,50.713966458003604,50.04008016086146,0.3991490988985902,-7.013861781944506,-5.605422604174366,-3.460806180973397
169,51.38172563124158,50.05296976933896,0.37373291710899537,-8.416452245912936,-5.71747069443156,-3.25450124300116
170,50.34594355379566,50.06499568866872,0.3475253392145916,-8.97184934110254,-5.822389353707777,-3.033441667136989
171,50.50679173228705,50.0761381252866,0.32076573201610614,-10.777881751850337,-5.919700138907359,-2.7984971306477524
172,50.453896509456115,50.08638007080313,0.2935599123575727,-10.578010406391506,-6.008955829084294,-2.5508583890218617
173,50.69747851816159,50.095708786110436,0.2660265700373543,-10.776966810623193,-6.08975736484215,-2.291927294863836
174,51.81425310327065,50.10411517547229,0.23830984023145874,-11.24793877894237,-6.161750982075216,-2.0230802768073985
175,51.43373953931579,50.11159610879253,0.21075350914760094,-10.479476628554167,-6.2246293832959765,-1.7457706624348157
176,50.67513288484078,50.11816540941546,0.1838084842881571,-10.248883688753246,-6.278135692904204,-1.4613874860333853
177,51.7647590661687,50.12385000774508,0.15775419394664425,-12.149109100997812,-6.322055215698202,-1.1711539133200333
178,51.54352939357261,50.12868235567857,0.13291746762934764,-11.934854116212435,-6.356212620458873,-0.8765269009052234
179,51.6676921366879,50.1327111722537,0.10975270358873246,-12.569130588195172,-6.380490342425217,-0.5792025030146197
180,50.49322336864672,50.135999202584486,0.08869854831491608,-11.086684077750228,-6.394826120659848,-0.28093054263179873
181,49.00773574396401,50.13862440880803,0.07003637724370293,-9.656478528744493,-6.399219045267337,0.01667102409621979
182,49.56475425119757,50.14066829440073,0.05365114461092446,-9.808931613439938,-6.393714719053433,0.31242014436381194
183,49.295090842223885,50.14220115178209,0.03928904476499184,-9.712631287581111,-6.378391035643083,0.6053246049496197
184,48.785192381253665,50.14328756405173,0.026738470576113116,-8.964842163188038,-6.353359745390125,0.8943807454076369
185,49.727681658539986,50.14398371648716,0.015671502705245643,-9.67090159311995,-6.318765652615907,1.1787044225338272
186,50.11207237316292,50.14433233089875,0.005824284032023286,-9.26805571262637,-6.2747794505545365,1.4574088319924128
187,51.09180291088531,50.1443720020893,-0.00286988768973373,-9.57869847045395,-6.221605063816413,1.729550395788415
188,50.873482056664564,50.14414100505277,-0.010274924347086767,-8.304634429831118,-6.159476090835309,1.9941847987397443
189,49.966193297238554,50.143687007132826,-0.01614148593304776,-7.214846362066929,-6.088659410567097,2.2504938428311405
190,48.75485047150678,50.14306490599056,-0.02038751142595885,-6.133326393489824,-6.009443167979899,2.497991071181387
191,50.195610737246014,50.14232783970443,-0.02324582537681863,-7.691242120047804,-5.9221266724883375,2.736490595360528
192,50.85013300695075,50.141515184298775,-0.024914935302398078,-8.586472089420845,-5.827010461622531,2.965710921931124
193,50.09656639539424,50.1406668440176,-0.025281544740352047,-7.823380938108421,-5.7244126110262625,3.18497864063386
194,50.77778391967288,50.13982974798275,-0.024246838366011048,-8.319648693130318,-5.61467855224694,3.393571291296049
195,51.08003896968525,50.139050388126535,-0.02172250870827952,-8.342456683552122,-5.498174524939859,3.5907745167596916
196,50.40000825815578,50.13838158073553,-0.017473763196704795,-7.01314258396183,-5.375293584462961,3.775763129914571
197,50.163340146477225,50.13788547058009,-0.011321770062053815,-6.774119989475807,-5.2464569829455545,3.947870627120489
198,49.23110094039951,50.13762679606473,-0.003223839619579394,-5.928590047859046,-5.112102209321595,4.106626289159174
199,48.730385609787476,50.13767054793878,0.006689010735811962,-4.771667967400177,-4.97268189700161,4.251681535184559
200,49.98999502135997,50.138072730113784,0.01807271179600889,-5.224507597779308,-4.828656773642624,4.382944842752008
201,50.089946471862724,50.13887539539185,0.030695977410033493,-5.667241547674266,-4.680485574151476,4.500387239148518
202,49.37253443888011,50.140119128607786,0.04452951222059909,-6.850708461951463,-4.52863095769939,4.603803127431179
203,48.975635328255464,50.14184402953989,0.059451898698235084,-6.831185229983959,-4.373565365656064,4.692700476135432
204,50.969947362122674,50.144082588521,0.07517557713462963,-8.939906933313608,-4.215784259290361,4.7663685328127015
205,48.35934937222977,50.1468557346822,0.09164993757355688,-6.56958340754241,-4.05580746346855,4.823739355143517
206,50.151714003732934,50.15019258435924,0.10873198160755493,-8.413779044257488,-3.8942016356141265,4.863736650264858
207,49.585968574292195,50.154104533456035,0.12615612899743667,-8.580579465238664,-3.731558353450893,4.885314541684746
208,51.008812627937616,50.15860299295907,0.1438381228036434,-10.183699252059341,-3.56851399950181,4.887079896360649
209,51.211967114658215,50.163693741642945,0.16181990805836932,-10.582015632599308,-3.40575302702685,4.867327959343585
210,54.64078815411408,50.169390986829626,0.1803837937334407,-13.525587685243806,-3.2440254688789043,4.82400790929951
211,50.863314705241656,50.17571932789184,0.2003505680610118,-8.902137017961287,-3.084152499740216,4.754523725857025
212,49.37164744610071,50.18274769136703,0.2224873855915277,-5.857476396101262,-2.927057220488436,4.6564813678501205
213,49.08335462049956,50.19055182026461,0.24677588085531,-2.6315617653683745,-2.773720408550208,4.528579926692682
214,48.854224104103345,50.19919941675738,0.2729307984273177,-1.8304676482349294,-2.625151892042257,4.370404781364233
215,47.71263329007823,50.20874720682643,0.3005874943810838,0.8650974302357355,-2.4823600897925924,4.182095242646242
216,48.12419513953525,50.21923858304945,0.32917478954715307,2.106162407525318,-2.3463455425325077,3.964267256941507
217,47.620139329012716,50.23069219279624,0.3580099678282167,4.779913349306753,-2.218075605996492,3.718080697800279
218,51.622247978087785,50.243105914238,0.38639329578082027,2.2483913107544993,-2.098473496012489,3.445238281542118
219,51.45057876567905,50.256451745848295,0.4141416596696956,3.9953530103278183,-1.988393053893684,3.147427015098121
220,51.843327160766016,50.27071535821598,0.441637710772973,4.764856442040255,-1.888645028339281,2.8261830850518344
221,50.00843068303696,50.28589425989983,0.469292869781448,8.568773499846259,-1.7999808482235617,2.4833856803842425
222,49.45619448527629,50.302001549534744,0.4972997283389802,10.265278401575713,-1.7230859829803316,2.121566051312449
223,46.98500544678173,50.319047575122426,0.5254912534106992,13.341958894709578,-1.6585431114693985,1.7440487549485995
224,47.810578314971735,50.337034299762124,0.5532458914090199,13.054070515024875,-1.6068160659837583,1.3548471003769613
225,50.092510480904025,50.35593063454969,0.5796921722262383,10.891570819541414,-1.5682199714442677,0.9583718071344516
226,51.02818838259791,50.375680444577206,0.604415234597333,10.80098559712637,-1.5429246121747948,0.5586557849140106
227,51.099252426031896,50.39622498352285,0.6274729368083598,10.831624428596868,-1.5309762524500004,0.1593874034717746
228,50.640669176451674,50.41751197369776,0.6490668502190289,10.530117217234306,-1.5322987852766765,-0.23575941983830506
229,51.49476348761011,50.439496106870784,0.6693347007053774,9.321786315372393,-1.5466935471058874,-0.6231526265251597
230,51.12408320705701,50.46213428707812,0.688466593065975,7.404330529114873,-1.5738422937116872,-0.9993823374425925
231,49.83618477092342,50.48539387974185,0.7067178814787312,7.522902479458793,-1.6133190362687269,-1.3614973077935355
232,49.85019656787283,50.50924881251004,0.7240904603843035,6.362638954299186,-1.6646087808979229,-1.7068038837467314
233,49.77141526158807,50.5336665771008,0.7403897881857802,5.2152084756468895,-1.7271059618518423,-2.032749816309395
234,50.070157360320074,50.55860813172242,0.7554045136392418,3.9655134632742204,-1.8001254353185492,-2.3371090957267815
235,49.247050490023206,50.584026878010086,0.7689486543488044,4.1538270191545905,-1.8829132349002944,-2.6179920188958574
236,49.2856637663085,50.609871375345676,0.7807507649232903,3.2430934830197202,-1.974658236578273,-2.873643543763965
237,49.39063350582816,50.63607692900497,0.7904151209277188,2.5611210327399903,-2.0744894711512254,-3.1023901004144463
238,50.47918372866824,50.66256571674086,0.7975596090989256,1.1976216097346253,-2.1814842432725694,-3.3027664702809134
239,50.9350092973443,50.68924756961157,0.8019717596757658,0.2794847665648774,-2.2946739025032863,-3.4735808458418083
240,51.54146173116505,50.71603050071924,0.8036608486753138,-0.6724598342671442,-2.4130562996620233,-3.613947962401638
241,52.244647795116435,50.742824959523254,0.8027861650568724,-1.42468842300336,-2.5356037666633955,-3.723226205535912
242,51.25181553966153,50.7695495783897,0.7996937770749213,-0.8657185894088713,-2.661271380031084,-3.800991548607815
243,51.33401012697344,50.796137877994916,0.7946787234868324,-1.2064559158227155,-2.78900320323725,-3.846811792843323
244,51.38415176221012,50.82252815995549,0.7878927012882642,-1.30807266185208,-2.9177254995539723,-3.8601846066685797
245,51.82838885281826,50.8486640580808,0.7794992081462482,-2.233729736480484,-3.046348843681822,-3.840635302278068
246,50.99879501267599,50.874494773831906,0.769727446260724,-1.7144259586424937,-3.173767853039177,-3.787803682031068
247,51.113694151748945,50.89997922116485,0.7587415867997649,-2.283824757065105,-3.2988690891505597,-3.7013518998842043
248,51.14272052124088,50.92507754628522,0.7465918934291338,-2.417710869404985,-3.4205246463647905,-3.580912008678223
249,50.77510069398429,50.949752014060124,0.7333425101025526,-2.1914555509425497,-3.5375965563957745,-3.426183948078505
250,51.038261534848594,50.97396704695873,0.7189998297823408,-2.630261045858518,-3.648936909570024,-3.236818422881995
251,50.300824932143996,50.99768533604561,0.703547442144199,-1.9099563431242501,-3.753384451254574,-3.012463779155381
252,50.62008703286359,51.02087020976834,0.6868912831217244,-2.3652502247596487,-3.849767828180383,-2.75269441518192
253,50.69512150516349,51.04347808825373,0.6688681304862243,-2.8240927276499406,-3.936897412266702,-2.4570154574622727
254,50.255021341576246,51.06546141846742,0.6493665853620811,-2.514398552815564,-4.013568858677868,-2.125040677950387
255,50.755044536260506,51.086769193944534,0.6282143319106837,-3.4573818472298257,-4.078566790796728,-1.7563816697082446
256,51.11747707158616,51.107342373928134,0.6052415275006595,-4.397470359369024,-4.130660969991751,-1.3507231308309864
257,51.59967676128671,51.127118629111244,0.5804003509349798,-5.86436443183851,-4.168614999518794,-0.9080123648248106
258,51.39897406659879,51.14603573065713,0.5537625797938972,-6.453596742246603,-4.191195127646738,-0.42854120888783154
259,49.82520374443647,51.16403613443084,0.5254360971404282,-5.348565904711364,-4.197184413444649,0.08710175043748603
260,51.627803317572386,51.18106480379983,0.49525942792801203,-8.760952365981808,-4.185388344284239,0.6384088754255268
261,50.20211935902304,51.19705342962604,0.46309991566104713,-8.086089484848905,-4.154623821749614,1.2245285555595187
262,51.467914331704094,51.211938131510564,0.4288760423474969,-10.896284291970538,-4.103753107246938,1.844195775146651
263,52.34150821820416,51.22564516578254,0.392477923182426,-13.27816576765548,-4.031677436739837,2.4958158501661964
264,52.42515626675888,51.23810332638939,0.35410955394951316,-14.33463604359764,-3.9373653839025247,3.177003739994597
265,52.04037137839255,51.24925246937917,0.31411338377392184,-14.856033470230841,-3.819877187406864,3.8848383706131973
266,53.42875261355031,51.25904421864099,0.27278357154830957,-17.313772133053995,-3.678376159194978,4.616132540091726
267,53.27782102262521,51.267438040815726,0.23056039938520456,-17.60284773506625,-3.512135018067416,5.367217529508794
268,53.7485904266185,51.274414911933334,0.18806545688626386,-18.64820023530782,-3.3205616572277252,6.133970400083992
269,52.662661067222864,51.27997573794148,0.1459656086428751,-17.395756701286274,-3.1032036580618163,6.912016572507871
270,51.30888028133187,51.284145952509526,0.10483437910121296,-15.632307761659625,-2.859760552393867,7.69695145333102
271,52.22803481034254,51.286964696548225,0.06488105493598795,-16.97408505338003,-2.5900735611730816,8.48475039731132
272,51.867916720639116,51.288471356171925,0.02624925358173158,-16.9293915282527,-2.294110525906446,9.271375159116158
273,50.26469456683001,51.28871464678701,-0.010834920667122105,-15.349584804058239,-1.9719818838986711,10.052510500435696
274,50.209740463900246,51.28774902812745,-0.04643757713541419,-15.537174687063256,-1.6239431592107327,10.82399083832562
275,50.293313273847474,51.28561880831131,-0.08087129251791225,-15.103896566652672,-1.250382494676963,11.581757960328172
276,49.61987559611165,51.282357608626256,-0.11444392748000354,-13.673766359399607,-0.8518259618555213,12.321682884857259
277,49.48048881560234,51.27798921314598,-0.14755025528813803,-11.676562637243407,-0.4289369690198125,13.03979890793203
278,48.93435584373312,51.27252092494038,-0.18070478361440934,-10.195326649867958,0.017493965339947293,13.73252682741972
279,48.89682090809643,51.265942227571685,-0.21452249582267768,-10.223499777909801,0.48656481947483554,14.396675423549377
280,48.20266491229626,51.25821942521887,-0.2497033766766421,-9.427389745624474,0.9772723269099057,15.029133413168992
281,50.53568361703124,51.24929533579324,-0.28705408846697367,-10.236402998474858,1.488507047019435,15.626760985842301
282,50.342599066238485,51.23908248598774,-0.32713511524100625,-7.303178199775388,2.019056392632726,16.18626742118385
283,50.146469294292224,51.22748632811051,-0.37018588200197655,-4.5049746687915615,2.567591541765025,16.70452295836747
284,50.56832484427853,51.214403427187605,-0.4165004478035783,-3.615813292984683,3.1326912565238905,17.179089651239952
285,52.04861261244693,51.19971963159027,-0.46633563590052773,-3.926992183133464,3.712864185181022,17.607912273470873
286,51.28169902842151,51.18331438479424,-0.5196612873048778,-1.5998250934539584,4.306552074755282,17.988851241324426
287,51.62879123957598,51.165075545769945,-0.5763365395635134,0.246753874783451,4.91212093460265,18.31989219742374
288,50.25992610979739,51.144891948823336,-0.6362778070097264,3.148639614770275,5.527878221250198,18.599463098077468
289,51.3718311594645,51.12265702530263,-0.6995477305489928,5.3471048742541285,6.152085141141148,18.826516393547607
290,50.68886336562142,51.0982554334534,-0.7662408539305687,8.00352725370395,6.782979314153372,19.00057858285993
291,51.269270831891916,51.07157430170726,-0.8363810019451279,9.854583031205507,7.418790379998477,19.12171146192289
292,52.05251042665924,51.042496699990394,-0.9099996542257571,11.782865664363328,8.057760078281564,19.19045873734116
293,54.10982991360102,51.01090765809221,-0.9869172213638322,11.757932252031338,8.69815429582122,19.20773654944113
294,52.82658203092476,50.97670221856614,-1.0665226947350703,14.639007528586049,9.338275848244306,19.174553826658858
295,52.32400666758436,50.93980614510987,-1.1480801756163928,18.112304045064803,9.976457884265145,19.092153796805135
296,52.93600143681981,50.90016354019171,-1.2311087485151972,18.325861008896155,10.611086101364648,18.962534511192246
297,53.88633349574244,50.85773222854219,-1.315099845526042,18.324701975687447,11.24062685167796,18.788052995143268
298,52.21881119945597,50.81249021715664,-1.3993003724128883,20.945239791541084,11.863622967707533,18.57090987310869
299,53.16453972566571,50.764445537048,-1.4830508456129365,20.779708112841973,12.478687509885207,18.31350902220624
300,51.360649880122445,50.71362016078245,-1.565785242072053,23.125440928077836,13.08452356918795,18.01843528226157
301,52.32437935455429,50.660059854243194,-1.6470504471653769,22.09564306791468,13.679916528702645,17.68841614338788
302,52.2851699763328,50.60381679763809,-1.7265027577266068,21.43407765854488,14.263751312080474,17.326196152745883
303,51.60661314174316,50.54495967039475,-1.8036446642135928,21.046291832769327,14.834996272219037,16.934092993736243
304,51.357774003043076,50.48357382002385,-1.8780682749663669,22.794788474099633,15.392690844996224,16.514096545592434
305,50.34815403987878,50.41975511873033,-1.949485723908353,24.27947171492923,15.9359360419252,16.068231152492896
306,50.90133891548972,50.353608105096626,-2.0177776626290367,25.644573800245254,16.463906255162417,15.598838227828615
307,49.54512225585939,50.28523660788839,-2.0828732894964475,27.07648618784205,16.975858590447107,15.108523662597726
308,49.09117858589884,50.21474988579686,-2.1448012124041327,28.32307967375101,17.471141166002266,14.600154631576334
309,50.48429923422011,50.142249860394784,-2.203838565872971,27.44506098357536,17.949202232552196,14.07684683153617
310,47.89280213416511,50.067827314738665,-2.260101564085133,30.532730903647177,18.40959762143801,13.541626028673015
311,48.02742596439042,49.99157642278911,-2.313862774934101,29.906601794038224,18.851977301130397,12.9977070188907
312,47.09709654463822,49.913569796409725,-2.3657377037528704,31.262935602697283,19.27611142269739,12.44853639029273
313,49.464668175521034,49.83386057587225,-2.4164372407393486,30.73452988479073,19.681879727149912,11.897540461492628
314,49.54330751472843,49.752473980360435,-2.4664351020070185,30.179224976445354,20.0692807867969,11.348145257515725
315,49.79618971344247,49.66943156907178,-2.515817290904323,29.75174095803878,20.438422744317627,10.803497706836627
316,48.62094738658217,49.58475282763348,-2.564596061746265,30.67704013721763,20.789513967252674,10.266486095103318
317,48.94297086015754,49.4984584982887,-2.6128958854707207,29.038255858882465,21.12285515065785,9.73996563387157
318,48.234441484835116,49.4105597686021,-2.6609426845974227,27.36273939132448,21.43884500951078,9.226583661015262
319,48.50150484222979,49.32106231931554,-2.7089939530746676,25.059007942968393,21.737960728058866,8.728398112866511
320,48.77562081430094,49.229960171730454,-2.75734645266855,23.31884309170303,22.020738217035213,8.246783734387453
321,48.44365291563295,49.13723922247097,-2.8061896148897603,23.566091486477987,22.287746310351363,7.78242740455882
322,48.853878321646334,49.04288086407114,-2.855694139034597,22.1936603611656,22.539566710672467,7.335712247674984
323,49.4398013265067,48.946859613201994,-2.905991268178667,20.731164936628105,22.776793793529695,6.906776919623621
324,50.23228241568143,48.849148112859226,-2.9570358058381885,19.43723363613158,23.000018505314042,6.495265793390921
325,50.32711210946294,48.74972389281278,-3.0085487750149653,18.685593527855033,23.20981151308909,6.100344884421123
326,50.63185749082191,48.648578194524895,-3.0600899389177627,18.047010052914715,23.40670816427545,5.720811636017551
327,49.542321831745866,48.54571789688493,-3.1111298177576074,19.415419968935154,23.59119895549026,5.355196286179673
328,49.439417246521764,48.44116954000772,-3.1612252957596,19.339901386094382,23.76372125002076,5.002080886620863
329,49.6656672362815,48.33496954383429,-3.210079733705804,18.207742395696002,23.924671014598317,4.660186656391883
330,48.6415343228479,48.227164224427334,-3.2573468118365767,19.24269700861835,24.074400360446887,4.328005641901029
331,49.301437454034186,48.11781308971185,-3.3027670343908255,17.934615548987964,24.213204724058386,4.003969236305007
332,48.366377264390316,48.006979755467945,-3.3461027757632777,19.806249807773114,24.34133164286722,3.6864253124907798
333,45.21896185675627,47.894739571327634,-3.38712458490388,23.69434437576126,24.45896641155777,3.373765851675472
334,44.317797833937185,47.78117144980769,-3.4261769130973008,26.102784085548436,24.566249366312253,3.0652027751983546
335,46.0015956351269,47.66632777712115,-3.4641726668523276,26.12409103363686,24.66331326323766,2.760850868324667
336,47.295905782415865,47.550226605350865,-3.5018744077800434,27.04604075383537,24.75030609086723,2.4611558386013854
337,49.57916448879205,47.432869483269144,-3.5395675036535934,27.414828072725427,24.82739031914442,2.1666762884260216
338,49.01908470451404,47.314255438440625,-3.5769706133797285,28.415135920543733,24.8947511767623,1.8781383572346755
339,49.21420151024367,47.194404775710495,-3.6135110655542846,28.57334044672436,24.952599542960066,1.5964502928638602
340,48.967926844553176,47.073354700737006,-3.6486349993678857,28.199436445939682,25.001181196286556,1.322673997804209
341,47.29773740095135,46.9511624424193,-3.681760338790596,29.506883179571005,25.040777809480346,1.057823473118944
342,47.65005857128553,46.8279040114843,-3.7125538198796804,28.06017915103287,25.071702761161152,0.8030384275924263
343,46.79181407306664,46.703658854427324,-3.740841649755744,27.043556245442474,25.094313704653175,0.5594273753900758
344,46.03669068885152,46.57851456816725,-3.7664884631732676,27.045942889994393,25.10899791952049,0.3277245671455198
345,46.66143165375737,46.45255962354911,-3.789561721748491,25.05965323678818,25.116162009129543,0.10850788825141677
346,46.136806103550036,46.325877120050684,-3.810110936218152,25.121881210622163,25.11623177873725,-0.09794303592462583
347,47.54721301272918,46.19855222780123,-3.8281331621229597,23.343332378482813,25.109632473401234,-0.29163576828768356
348,44.17305313819908,46.07066824257582,-3.8434559656854717,26.737069891054304,25.09678939418474,-0.47283212180868617
349,44.00408416076701,45.942321830088865,-3.856160977727683,26.462510395041377,25.07811033194732,-0.6415508359034661
350,45.49228415193631,45.81359084406064,-3.8668185987459225,24.8043634116365,25.05401933845784,-0.7973421333268682
351,45.22775722640295,45.6845339235058,-3.875764828399113,24.840011438032633,25.02495418972553,-0.9400372749076169
352,46.567666233236835,45.55520652216737,-3.8831153695504383,22.377965706800595,24.991350186797334,-1.0697008865098923
353,47.97906530662807,45.425659565535774,-3.888787590804199,20.375471529450778,24.953640797291538,-1.1867490860961283
354,46.41526976915015,45.295954016113754,-3.8922512394249154,22.006109450405134,24.912233581057592,-1.2922512749357296
355,44.8772610030293,45.16617614957411,-3.8929601729280705,23.31791167188915,24.867490712295822,-1.387320385385582
356,44.47993097015913,45.03642333791855,-3.8907909087540204,23.33684601604385,24.81974555536522,-1.4726189911807097
357,44.733777875095626,44.90679008899051,-3.885869161024651,23.023607054158305,24.769316112883775,-1.5485980291497903
358,44.55412619972431,44.77736539385024,-3.8783034088185886,23.095860267012398,24.716505686755234,-1.6157376011253533
359,43.741647112348645,44.648236528402606,-3.868152575668553,24.025654740920416,24.66160027280875,-1.674538292082044
360,43.14408056221848,44.519488555472336,-3.8555846697952134,24.405878839006206,24.60486980061643,-1.7253356624998517
361,42.813755157846316,44.39119755041626,-3.8409390296798307,24.617147886576447,24.54657789530876,-1.7682538694355188
362,42.58345585104654,44.26342595349368,-3.8246547512475715,24.74024220253189,24.48698620932073,-1.8033120093945953
363,42.89495977870867,44.136220566999754,-3.8072162195393133,24.13021636146898,24.426357094682455,-1.8304619286771207
364,42.92745733163338,44.009611538857726,-3.7890578285858822,23.67593650423025,24.364955414075588,-1.8497100043465053
365,42.42081105364917,43.883616711760695,-3.7705250757618813,24.07326784552467,24.303043094392688,-1.8612027320013347
366,42.30702120865844,43.7582432004736,-3.7519964026952124,23.995065187295012,24.240875231942166,-1.865076738533542
367,42.074281480086,43.63348361824768,-3.733905132277897,24.114606464412375,24.17870464515712,-1.8614027446153791
368,42.89663529958023,43.509316191655074,-3.716698921788968,23.162649921488878,24.116781715634474,-1.850226834342159
369,42.308414589644116,43.385703690128416,-3.700700735437188,23.727095856353415,24.055356189534308,-1.831700420949911
370,42.32020358906219,43.262602809292595,-3.6861618758087644,23.54384583403558,23.994668354237813,-1.8060141992199874
371,42.870385284391745,43.1399595650745,-3.6733826753946275,22.985079881943733,23.934955242919642,-1.7732840206387657
372,42.40034971324709,43.01771063093295,-3.6625433575571975,23.37966223118329,23.876449419528562,-1.7337181723360828
373,42.88465993244149,42.89579000790402,-3.6537758116849517,22.909695218951924,23.81937403143057,-1.6875317764986164
374,43.723529802227894,42.77412557682062,-3.647173495893803,21.625863082976778,23.76394730109532,-1.634933977989661
375,43.62063043663176,42.652645108177765,-3.642596886569649,21.508928367015443,23.710378432897926,-1.5763779864723482
376,42.99630504054315,42.531285784382646,-3.639760863291883,21.991678732608065,23.658855435330498,-1.5125091010899183
377,43.35082133794,42.409994383958306,-3.6384523348451125,21.412889542153124,23.609544492825265,-1.4439025959095808
378,43.70115550663685,42.28872229539297,-3.638462248529386,20.549965337494967,23.56259526226986,-1.371133031953562
379,43.81864293530658,42.16743023405635,-3.639440668920386,20.812999803891827,23.51813562402836,-1.2949750423615214
380,43.15610630443881,42.04609291746495,-3.6409320245314447,21.496812759691693,23.47626359277909,-1.2162788725965612
381,43.160274070582375,41.92470143242092,-3.642525714428828,21.348067157094732,23.437050365855256,-1.1357411319159993
382,42.35711520160003,41.80325786983636,-3.6438729443520756,22.130474957519723,23.400547517318024,-1.0539668062077823
383,43.086387390593494,41.68177656946411,-3.6447076217775987,21.659515247648827,23.36678591210807,-0.9714553951112137
384,42.10263227123624,41.56027736171785,-3.644738517799233,22.77230787542389,23.33578382431061,-0.8886496366956997
385,41.77056978262803,41.43879400161083,-3.643676113949006,22.882981893015483,23.307542602995024,-0.8058871964220593
386,42.13575969940772,41.31736562078792,-3.641390424898816,21.86240361073007,23.282058011215806,-0.723314997708151
387,42.23564781277075,41.19603463995091,-3.637710417634885,21.709618212203026,23.259321603147814,-0.6412072797585466
388,41.70682540962698,41.07485159294559,-3.632359802028091,22.099733825013573,23.239310859231903,-0.5600055931898495
389,40.098838596724775,40.9538773198157,-3.625090009088403,23.722867219393123,23.221987896935158,-0.4801098404431947
390,40.120622063811375,40.83317892567303,-3.615934209101326,23.32551814689036,23.20730353653569,-0.40161499739822304
391,40.4511052755832,40.71281503920895,-3.605125507284974,23.056765727318307,23.195213563775276,-0.3244290033039121
392,40.487914119403605,40.59283722518737,-3.592808779419734,22.95422621209633,23.18567493631543,-0.24855486688894146
393,40.60745728151939,40.4732944539143,-3.5790385446908246,22.986716693365565,23.178643239316013,-0.17404759265756908
394,40.87620602664247,40.35423465554131,-3.563810455080514,22.287898013266357,23.17407176347159,-0.10097013752632833
395,41.052129672068446,40.235707090242265,-3.5470269418615175,22.009952830625522,23.171911896814258,-0.029482817591723887
396,39.990719836824724,40.117766192750544,-3.5284889826463584,22.88741271466739,23.17210624229881,0.04010980489018934
397,40.316173961653014,40.000474491399174,-3.508094065538465,22.787611950601388,23.174585883806937,0.10759260921330949
398,39.668766624198206,39.88389325504798,-3.485814137368237,23.36541260966375,23.17927908291303,0.1728657168173875
399,39.476038851194744,39.76808688224129,-3.4616342427136004,23.32339745168234,23.186110264928097,0.23589926225268343
400,39.30690456003003,39.65311763886707,-3.4356297996619034,23.42526771774655,23.195005700396543,0.296741338953872
401,38.979844748600755,39.539044895597165,-3.4078957191690407,23.32270155418874,23.205893020858355,0.35544660236837444
402,38.87672629203336,39.42592459092247,-3.3785666383500157,23.80557080186331,23.218702140554434,0.4120666627186864
403,39.35083331149118,39.313807119707164,-3.347807378708687,23.211123526880158,23.233364131706267,0.466706158489405
404,38.90801412487951,39.20273743234189,-3.3156941014645724,23.875285441509277,23.249815884453728,0.5194490512250738
405,38.76315255417135,39.09276084627619,-3.282265126795423,23.71439959633898,23.267994068454605,0.5703850425160617
406,38.888666836285815,38.983919757222196,-3.247613294305296,23.426711741488248,23.2878415539548,0.6196735227555195
407,39.006854911837415,38.876253293322506,-3.2118017818743994,23.075969374112304,23.309305636638307,0.6674015238444397
408,38.25372829984393,38.76979963843057,-3.1748253330667,23.92820745447824,23.33233498887776,0.7135549984511513
409,38.28255722285951,38.66459827111806,-3.1367412681524343,23.79135054178859,23.356875969868383,0.7581878565778233
410,38.84527967537616,38.560683553887074,-3.097683138593972,22.964559930809884,23.38288084598295,0.8014533132976709
411,38.43223501415441,38.45808606187846,-3.0576654346849708,23.471499631068028,23.410306190754895,0.8433537706983962
412,38.213598825217176,38.35683919157474,-3.016649680412975,23.44646896542416,23.439104430696176,0.8838361230689706
413,38.26429623822448,38.25697608318426,-2.974661020076148,23.195463824678427,23.469228598959493,0.9229105651447966
414,38.12932346213724,38.158528456903,-2.931719665334782,23.183305722129106,23.50063180170583,0.9605374825725832
415,37.86382026628344,38.06152810549528,-2.8878288705163513,23.45184801005385,23.533264431131,0.9966289787266724
416,37.912820302754646,37.96600653220191,-2.8430223781028374,23.397232264264844,23.56707373362094,1.0311257596420198
417,37.70193569953469,37.87199328028842,-2.797337496643344,23.85843908153268,23.602006148440466,1.063990462668425
418,37.69090039549764,37.77951736575902,-2.750807423026629,23.72848818060126,23.63800643113217,1.0952359641642673
419,37.807321135340544,37.68860611875331,-2.703470622777644,23.41532987742002,23.67502187938475,1.1249138511741563
420,37.625296613184325,37.59928599090718,-2.6553226202444336,23.27111239425085,23.713000687877113,1.152998961728624
421,37.844489875686655,37.51158461073702,-2.606341894376989,23.005018378113178,23.751888476833326,1.179386969157541
422,37.533708979856115,37.42552986461538,-2.556475073522826,23.802525427089805,23.79162648582095,1.2039011022403123
423,36.783111514847725,37.34115293916883,-2.5056565673777698,24.418461552194813,23.832148550316013,1.2264319203030816
424,37.13048838871804,37.25848609345686,-2.4539532715443713,24.188191669225276,23.873388613841154,1.2470682301927383
425,36.931684237835,37.177556054399204,-2.4014672016837224,24.364608491065113,23.915286432328863,1.265944030025885
426,36.765293284521405,37.09838828001128,-2.3482539530892055,24.57945068970581,23.957784882509547,1.2831729470377695
427,36.524819780354946,37.021005790859924,-2.2943996195121485,24.554822723684893,24.000831295464714,1.2989142396899567
428,36.64158102314547,36.945428305377135,-2.240027517023613,24.34086896133627,24.044379165155544,1.3133427310301116
429,36.3519982422528,36.87167062305835,-2.1852566124907824,24.473991943145606,24.088387477533388,1.3265848896536703
430,35.640183587978896,36.79974453121108,-2.130209365260427,25.638179577144854,24.13281815779912,1.3387421446112313
431,36.15775917999084,36.72965666537432,-2.07513548135001,25.04337929263032,24.177636953840803,1.3500956870599268
432,36.60581125680309,36.66140216578775,-2.020292432774866,24.746631164339234,24.22282453693645,1.3609981058091591
433,36.59223770037582,36.59497050318933,-1.965773528561634,24.69079446984439,24.268370160894747,1.3716560301191905
434,35.89439460839887,36.53035059721697,-1.911587441585425,25.479204521672088,24.31426827227773,1.382210166797293
435,35.51960155331038,36.46753134041697,-1.8578291463992613,25.946403627327584,24.3605175053479,1.3928965601614252
436,36.36031098001822,36.406495320790356,-1.8047341706118658,25.005433635977482,24.407128042955158,1.4041242640878515
437,36.29903866974847,36.347215729042844,-1.752450341375038,24.926029053534037,24.454125789620424,1.4162180731170082
438,35.74563464751158,36.28966529803202,-1.7009916904550337,25.571805405229142,24.50154258116296,1.4293371298698432
439,35.74566805771517,36.23381628301251,-1.6504462805569275,25.519220396863133,24.549414931611746,1.4437107581378328
440,35.68235752766018,36.17963554599489,-1.6009675991517724,25.61864476442743,24.597789965038814,1.4596423209628107
441,36.010726275909676,36.127085109735724,-1.5527021814817488,25.506954910807266,24.646724419675934,1.477427834295355
442,36.208252943746736,36.07612206722944,-1.5057412768165435,25.17318253217239,24.696285153991838,1.4973470200244243
443,36.41618987384947,36.026702357947954,-1.460082539816021,24.60868274704984,24.74654755434423,1.5195987122671362
444,35.26904058020138,35.97878323124171,-1.4156484045751228,25.923279886169922,24.797591734809647,1.5442333259791674
445,35.539538899455195,35.932325797642946,-1.3724864937990944,25.375698010440075,24.84949644274284,1.57139775285847
446,35.88534535244667,35.8872841316551,-1.3307607562729373,25.049884308004607,24.90235158500021,1.6013376328634976
447,36.08988634927097,35.84360841389142,-1.2905298886503758,24.937490393471137,24.95625228493374,1.6341531518971841
448,35.91135992005023,35.801248805745075,-1.2517575571134287,25.169225834758905,25.011295128460024,1.6698634584908234
449,36.12188970698278,35.760157910083855,-1.2143907657564057,24.92581631237053,25.067576515499795,1.7084892473810598
450,35.82679807555168,35.720289421361315,-1.178359350407554,25.061332903412364,25.12519441161876,1.7500329231606848
451,35.44377489225881,35.681600620056685,-1.1435936825895965,25.360628914785593,25.18424537704384,1.7944639093890125
452,35.98263896436976,35.64404984252201,-1.1101132894654597,25.132069725425197,25.24482533891136,1.8417989383618583
453,36.051732397857215,35.607593067425654,-1.0779031872765898,24.988333465888232,25.30703197293463,1.8920474717041458
454,35.578882595534715,35.5721896300369,-1.0468469824263593,25.42766054253883,25.37096183702497,1.9451453511548777
455,35.91403078398624,35.53780326859723,-1.0168776350707986,24.89455654624362,25.43670832967829,2.001053616716213
456,35.47117732520367,35.50439778769885,-0.9879382040156415,25.356557625094965,25.50436541147272,2.0597000803528687
457,35.56757460921529,35.471940721662854,-0.9599776832902407,25.08157037672906,25.57402166836848,2.1209821434242215
458,34.976840069458454,35.4403992754795,-0.9329867918689416,25.650755651603234,25.645764221034334,2.1848045978715014
459,35.82752766873932,35.409741602204925,-0.9070202411277606,24.45078464469003,25.71967530822658,2.2510949572458117
460,36.001189379120234,35.379931259404316,-0.8820848376418411,24.511733590654543,25.795837218184055,2.319665276703784
461,35.951749040573056,35.350935946362135,-0.85802607305137,24.518869111940717,25.874319660006833,2.3901359198787553
462,36.01006569186938,35.32272952120089,-0.8346622224390998,24.21850370366772,25.955179612842638,2.462114378742033
463,35.46977541805744,35.29529179819953,-0.811801734923101,24.394538459046643,26.038460618589635,2.5351408466825376
464,35.41561202916776,35.26860940553935,-0.7893164558360155,24.779781780789875,26.124189002621474,2.6087126206691735
465,35.507612163739374,35.242670701143794,-0.7671585794033575,24.624362503569046,26.212374793300913,2.6823853289644006
466,35.559250492527795,35.217465500245794,-0.7452668485524327,24.283435214759493,26.3030146912191,2.7557229137624084
467,35.566914132250226,35.19298624457363,-0.7235510416058588,24.49214664862781,26.396089654218407,2.8281889175257113
468,35.71308332921268,35.16922876413874,-0.701904730343692,23.850256835292697,26.491560619054148,2.8991999030625237
469,36.141136630654785,35.14619259588405,-0.6801914383164842,23.492637583442658,26.58936964775591,2.968079981287186
470,34.906355693811925,35.12388266825097,-0.6581823424862776,25.008858688609592,26.689432617806627,3.0339758925236637
471,35.7070341846761,35.102313773051634,-0.635761839073723,24.140594991698734,26.791634707257487,3.0961772399266607
472,35.74851605186533,35.081498545646056,-0.6128723514865797,24.26608151071133,26.895844433801738,3.1540399021712062
473,35.26669060159094,35.06145561628586,-0.5893247692498349,24.718634618794113,27.0019040340689,3.20677861125505
474,35.40885061605791,35.04221022769607,-0.5649893863286692,24.786019730382122,27.109629674552075,3.253662787500158
475,35.62922496565006,35.023789657197284,-0.5397811634849248,24.492372394906994,27.21881488656891,3.294007376910013
476,35.25846257434376,35.00622481679707,-0.5135555507333933,24.93312939417156,27.329230166346075,3.3270614245903474
477,34.91484219755199,34.989552620481724,-0.4861850100339993,25.338436265945006,27.4406189815416,3.3520631960873004
478,35.305282198664635,34.973812482794806,-0.4576431426460559,24.74255058714087,27.55270104608523,3.368343785871133
479,36.04707549876037,34.959043077638654,-0.42789176784719274,23.819504366384948,27.66517523393301,3.3751727182316316
480,34.86577720867011,34.945286364938326,-0.39671980226913206,25.001639375370203,27.777712560634004,3.371560256593593
481,35.03385268593442,34.93259509082071,-0.3639772760861959,25.01853180948727,27.889945917705916,3.3565217317540963
482,35.356423824701444,34.921021213199246,-0.3296609552532459,24.76630131425263,28.001480676084277,3.3292173488242582
483,35.108312077853576,34.91061769380383,-0.2936910371118273,25.000366767543596,28.111893740960866,3.288739042726654
484,35.49637056371916,34.901441810725125,-0.2559733786220164,24.559418430500713,28.220729945599388,3.2341430430257745
485,34.97067803381589,34.893552801895694,-0.2163901148245273,25.1113726566455,28.327503277162585,3.1644222124139887
486,34.73226050771048,34.887015803070156,-0.17484130968178135,25.307143493780544,28.431691426426987,3.078553858770814
487,35.55871821274789,34.881896714583576,-0.13133850696963378,24.400994493154954,28.53274020108064,2.975595108006779
488,35.726557871766495,34.878259902605514,-0.08580407419234604,24.314365384707443,28.63006443362744,2.854466931875823
489,35.82300027374597,34.87617644297075,-0.03801122243064725,23.947951454093086,28.723037996539027,2.7139131751074252
490,35.45900274554671,34.87572582111014,0.012306987228356547,24.303617427894054,28.8109919786346,2.5525820161078805
491,36.13250632340887,34.876996908785976,0.06537808443290771,23.71130157663592,28.89321013094622,2.3690931306770757
492,35.44314945346964,34.88008436007233,0.1214755011168478,24.403301118334554,28.96893152067974,2.1620056992067482
493,33.64329379649907,34.8850952755271,0.18086966366652746,27.117735180321745,29.03734384422667,1.9298702393043854
494,35.82670133323542,34.8921423376501,0.24345964235592987,27.669611114205708,29.097589536633365,1.6717223803857983
495,33.999277965104206,34.90132591835083,0.30919974949163986,32.915798381884244,29.148792002919055,1.387064328231915
496,33.40829900126353,34.912755654282876,0.3780948195436551,36.06842572051191,29.190060491848826,1.076243901903009
497,33.4945039994931,34.92653223965374,0.44978699951215617,40.04638728761935,29.220541596379256,0.7408440936580618
498,35.208434901900965,34.94274145425035,0.523839627059175,41.90042923303267,29.239450098092696,0.38349756207152197
499,32.982496164811245,34.96145488145768,0.6000792654069187,46.031621793237164,29.246108100517358,0.007696854257943642
500,33.262739381308414,34.982746738610814,0.6782511479062237,46.24648917389284,29.239963221709893,-0.3821792657598877
501,30.860443604190348,35.00667162465143,0.7578052294415016,46.52510654332649,29.22062948280003,-0.781105840737375
502,29.922497206840582,35.03326708724025,0.8378691867594412,46.75010622823463,29.187889498994068,-1.1839807423343807
503,30.320309702698918,35.062529570435395,0.9170664820972263,46.96938217332678,29.141697433311073,-1.5856192096608979
504,30.808991359982677,35.094404852713396,0.9939319522765544,47.3021153256733,29.08218155168334,-1.9807586795915988
505,31.686928324434678,35.128791700587165,1.0671231665915215,45.27051697680723,29.009646854671633,-2.364038784901137
506,31.548112310207728,35.16554639715283,1.1354910604610424,42.27836611933792,28.924578966023265,-2.7303321474509623
507,31.80835214136215,35.2044911046179,1.1979858994420667,39.14820167886748,28.827624711508236,-3.075234996761811
508,32.5764574581991,35.2454121237823,1.253564748421816,35.248555585807935,28.719563299572478,-3.3952268981764533
509,34.00713642659563,35.28806208784602,1.3013257134496214,30.247644381896535,28.601276251629805,-3.6878022803828614
510,34.5866792620894,35.33216717134561,1.3406814378597787,28.527351937231387,28.47370981421362,-3.9517454477022973
511,35.26999586581043,35.37744085037001,1.3713305891002037,26.050580257084917,28.33782655511632,-4.186803604537239
512,36.89187489271077,35.42358921061896,1.3931463340067651,23.60054747860515,28.194589573911138,-4.3933088931787445
513,36.99974478352041,35.470317272637125,1.4063310328514689,23.084403658037317,28.04493929557107,-4.5722845776947985
514,35.53144809713916,35.517344612809055,1.4113304527671744,24.36149875989186,27.889770602064818,-4.7251514466823075
515,34.546514706321666,35.56440596948827,1.4083741205106293,24.947351333252925,27.729929199125582,-4.853171806148566
516,33.296071000940586,35.6112362208431,1.3973127704345245,26.702305789664194,27.566225814988247,-4.957284094562748
517,34.46257381321197,35.657560154183905,1.3776507690561246,25.15076681695686,27.3994435928214,-5.038030554896178
518,36.17630400735397,35.70307960544684,1.3488661484306164,23.3992350243971,27.2303571113285,-5.095874037748942
519,38.000620800444985,35.74748456407928,1.3108515808286825,21.451883672187748,27.05971865697147,-5.131718623775807
520,37.66747282921335,35.79046971083542,1.264012482608834,21.693908394625538,26.888242536410115,-5.146967908503939
521,37.79628720192759,35.83175206291987,1.2089630153878872,21.43017304110687,26.716587463071207,-5.143228200358596
522,37.65027335048282,35.87106724519461,1.1462744251071655,21.522067395004214,26.545360656386208,-5.122058011757886
523,36.958785709548735,35.90817035792701,1.0765034150574948,22.20393910913282,26.375116928954014,-5.084990420931401
524,37.03803859580036,35.942834139531776,1.0000707864687897,22.145773519088067,26.20636129499078,-5.033392667753844
525,36.14071478518992,35.9748417436916,0.917295627887782,22.586738927989742,26.039557417770425,-4.968488835488127
526,37.14629020339583,36.00398718139096,0.828365464559937,21.55840473497365,25.87512870595824,-4.891396185643853
527,36.747768835999224,36.030066107995594,0.7334748253998313,21.878861277482386,25.7134643387275,-4.803270067796657
528,36.6629870269824,36.05288550308428,0.6329002977183862,21.87068897130166,25.554910701438462,-4.705322603802813
529,37.43400754074694,36.07225946117682,0.5268393291887463,21.106699560771972,25.399776165140647,-4.598671860919978
530,36.91614816585981,36.0880081250302,0.4155851385707976,21.621435017111565,25.24833257737713,-4.484504082519845
531,35.464955361649636,36.09996513708154,0.2994633674744307,23.069356885238136,25.10080922630599,-4.363996987732737
532,35.610212040367436,36.107972349528495,0.17850273483333012,22.846998919016357,24.957399444861615,-4.237991986743328
533,36.8613389188019,36.11186531940376,0.052534795023007064,21.383959695327007,24.81827642718977,-4.107104982994212
534,36.01553305314236,36.111474669196696,-0.07840302158733436,22.36931753172523,24.683592445995334,-3.9721604892239526
535,35.6845025381724,36.10663845129794,-0.21421353322594427,22.32675353358914,24.553465727908172,-3.834013334780977
536,35.32819257888788,36.09719376698163,-0.35497377926173357,22.995487748615943,24.427991557009936,-3.693338775325845
537,35.82181829229179,36.08297353268049,-0.5008608846346974,22.51422931263511,24.30724314288645,-3.5506809450436805
538,36.50552106645977,36.06380304133932,-0.6520280360737374,21.756851549188596,24.191279494007023,-3.4065194861341475
539,36.31937645611826,36.03950499694224,-0.808448383460032,22.06827521681717,24.08014184381084,-3.2614830293158725
540,36.14701603579485,36.009906482441984,-0.9700146247076447,22.108820242721748,23.973847292052632,-3.1162327492422826
541,36.033571705281695,35.974837355295065,-1.136664753740888,22.17548322303095,23.872392993861354,-2.9713451492898812
542,34.75807838293726,35.93412883219259,-1.3083696481019302,23.322800629904933,23.775757615433307,-2.8273498979963385
543,36.0519078968809,35.88761271208827,-1.4852954553710518,21.93205259513408,23.683903000661598,-2.684566685698311
544,36.302583866809115,35.835109135167855,-1.667592625979779,21.483529588611688,23.59678650305342,-2.5433233725362747
545,36.515250619223224,35.776439870356285,-1.8551672142278264,21.245371387626662,23.51434810915918,-2.4041947092274363
546,34.85249684012703,35.711431320886,-2.0478398425739996,23.264486630289454,23.43650685577159,-2.2678323444108983
547,36.326197866990015,35.639917214184685,-2.245628373704456,21.66332490212983,23.363159286198453,-2.134599260179737
548,36.43179293072754,35.561722762639036,-2.448558481656491,21.53792683721919,23.294200238426274,-2.0047738057979636
549,36.49938384449769,35.47667998207425,-2.6563987333340577,20.697042538570386,23.229507699145255,-1.8788699127719433
550,35.72085976140679,35.3846295137501,-2.8688676687040626,21.550438701363646,23.168942244241478,-1.7575253267992075
551,35.89828251199019,35.28542213749398,-3.085763211008512,21.286116901733863,23.112339344025308,-1.6413573068691178
552,35.51687670234218,35.17891196634953,-3.3069442281978922,21.831225963028444,23.059518423783537,-1.5308780919872333
553,35.098277017350675,35.064959188947455,-3.5322693303000463,21.865948112572696,23.010280804559493,-1.4265418958365395
554,34.79989446274891,34.94342734432953,-3.761683306708008,22.39250851034373,22.964415630727768,-1.3287015334606167
555,35.86888061114432,34.81418030183359,-3.9952025466638474,20.920555739108096,22.921700702328785,-1.237612213830701
556,34.30863753677216,34.67708050788527,-4.232691557388115,22.389485794709216,22.88190814980572,-1.1536565559553758
557,34.41590893907991,34.53200086467438,-4.474048290770689,22.250966109571166,22.844790265265093,-1.0772053592681452
558,35.1329758940142,34.37881062183389,-4.7193447983111625,21.090799474307204,22.810094459187845,-1.0084201512271385
559,35.8639288850888,34.2173778781203,-4.968486196973814,20.179961221155324,22.777562255183284,-0.9476448981895125
560,35.42113134923031,34.047578208702305,-5.2211154944967575,20.33397883501908,22.746918132641877,-0.8955215329342536
561,35.65333352102009,33.86930351182052,-5.476783594158476,20.57398341578029,22.717860819654334,-0.852795134811366
562,36.18522334517758,33.68245930242507,-5.735020955780072,19.804251407079306,22.690065123654453,-0.8201433133799263
563,35.58423619691297,33.48696878143518,-5.995190122816503,20.286336752541715,22.66318459876234,-0.7983139957579333
564,34.60453451175007,33.28277996090397,-6.256607059570456,21.488055507051328,22.636844190603924,-0.7880897523264707
565,34.55425086765587,33.069861644130484,-6.518763349285344,21.578531700957583,22.610645281940574,-0.7899948536829271
566,34.94972136489537,32.84819573761828,-6.781241711659334,21.212746094188887,22.584177867025062,-0.8043536052181643
567,34.53085878297663,32.617778863353195,-7.043508912563894,21.6047654563383,22.557021708259363,-0.8315234198838439
568,34.67302752973411,32.37862847678069,-7.304967970537319,21.32046867711253,22.52874297236614,-0.8718498356555315
569,34.78274244375711,32.13078099865071,-7.56499322337719,21.07139909091258,22.498898385882327,-0.92565412860111
570,34.444261512900844,31.87429559522221,-7.822849135428029,21.320328120579276,22.467032697126065,-0.9933282445673441
571,35.18577553221183,31.609257722955505,-8.07775919358173,20.479077781965216,22.43267650291117,-1.075254973836266
572,34.88395904932399,31.335778315650096,-8.328809400984092,20.67956002936593,22.395349032203647,-1.1718953389349096
573,34.44410263367076,31.0540037628899,-8.57494029789411,21.41313799196915,22.354550146982177,-1.2837949866074894
574,33.94500161248184,30.764115629123822,-8.81512014551344,21.847986859149714,22.309762699763148,-1.4113490490309033
575,34.04766372210818,30.466329086522336,-9.048371822652683,21.728192963394477,22.260460210380117,-1.5547661836210835
576,34.87585710995185,30.160890840946976,-9.273689770906444,20.766942235031635,22.206111620855076,-1.7141942069662264
577,35.28175708488917,29.84808310179524,-9.489840310456472,20.16971985314018,22.14618059658237,-1.889926276416194
578,35.015926681421476,29.528234820249878,-9.69531431418627,20.368611457322146,22.080116535760663,-2.082470304353272
579,34.55576515220596,29.20172881418282,-9.88848774883234,20.872990817571818,22.007349242958817,-2.2923747001296313
580,34.68897416063068,28.869002303661055,-10.06774842343992,21.284564686122295,21.92729155575202,-2.5200626504654977
581,32.76380027721406,28.530545585953494,-10.231434736223086,21.1466623714022,21.839345066261117,-2.7657984122011747
582,28.181538548356507,28.186906654579516,-10.378051748311439,22.095253564385303,21.74290499493861,-3.0297805639380115
583,26.826566939286657,27.838675469399398,-10.50697076284182,21.844890744805397,21.637359695331916,-3.3120597141756924
584,23.533165046313947,27.48644193705673,-10.61834308102691,22.274056702744858,21.522101013993563,-3.612552607473063
585,22.095871855109,27.13078593066427,-10.712907067573152,23.656446329728197,21.396522854833712,-3.9311165658535963
586,23.500027757152942,26.77224813255185,-10.791999288008345,22.10479970313264,21.26002657626999,-4.267303715670696
587,23.68495358683707,26.411319311463714,-10.856855033124813,22.418357913429276,21.112035940455666,-4.620652381102044
588,22.556093233353955,26.048457797010197,-10.908366307045174,23.44316679665984,20.95198308419652,-4.990842689153201
589,21.493087719848965,25.684094890994036,-10.947457849860172,24.836845012273372,20.77931309451212,-5.377309941631694
590,19.174900477315184,25.318627273686186,-10.975272197352055,26.981566205577522,20.593495754754407,-5.779080328835686
591,18.113607673587733,24.952410077837232,-10.99334614921835,27.28713810932986,20.39404107258974,-6.194600564670125
592,17.158910521187053,24.585737530404963,-11.003610238650605,27.813725527085538,20.1805223837764,-6.621895707714209
593,16.819665840031835,24.218836061927192,-11.008185798915573,28.48190079010324,19.952581358742126,-7.058805662333096
594,17.287827828163522,23.851858477143924,-11.009277491317118,28.371954788474866,19.70993533962086,-7.502927022702295
595,17.20870168400691,23.484884229172717,-11.008961677273508,28.672892655120094,19.452386223895306,-7.9517033955482574
596,16.225574312951082,23.117927698659024,-11.009147727245363,29.975890833066444,19.179821779917642,-8.402475606434816
597,17.72741326464875,22.75094104735636,-11.011793834070644,29.44313678071228,18.89222118346632,-8.852267142637302
598,18.938566440678592,22.38380810972098,-11.018671917823433,28.225432427895996,18.589670637075155,-9.297903656401356
599,19.9069296063063,22.016362919501464,-11.031041304808351,26.426460605135674,18.27236093970623,-9.736383340442156
600,22.260232820875036,21.64840535606709,-11.049727988501363,22.871719308824737,17.94057841437901,-10.165060799745298
601,22.94146648932735,21.279714386934707,-11.074954666479648,20.31396719124554,17.59469021972321,-10.581990227693776
602,17.65021144830256,20.910075044968448,-11.106383252015473,23.933320419344753,17.235112399199426,-10.98603398882437
603,19.65102393767962,20.539288836800342,-11.144251388116135,20.371283494704542,16.862287953801584,-11.375791680559129
604,19.185070255390542,20.167124952427372,-11.189175911425586,20.72057586407128,16.47672628716215,-11.74974546727702
605,18.109902275206874,19.793343776038636,-11.241434942947865,20.889449477771123,16.07897158931645,-12.106742482336745
606,18.662067998261396,19.417695956230848,-11.301424848352326,19.60892394613215,15.669610121673035,-12.445436325554056
607,18.70022294223297,19.039915452815148,-11.369508323109851,18.919303088407432,15.249275834279512,-12.7645258819408
608,18.00985055181646,18.65972873469019,-11.445848243997734,18.937537961035957,14.818641729543648,-13.062879624250225
609,18.67515669144462,18.2768589032153,-11.530591762548745,17.518891178034167,14.37841719266283,-13.339339320901553
610,19.054182256691583,17.89102261718694,-11.623776289370085,16.157672008771613,13.929352441483545,-13.592825486153695
611,19.33208503316267,17.50194048392396,-11.725169632001453,15.463309221786062,13.47222882691925,-13.822539767544217
612,21.39811987718302,17.109344641720178,-11.834326678939302,12.8081624604215,13.00784979031393,-14.027854730190858
613,21.338284773943478,16.712985371994673,-11.95033753215359,12.45099402592696,12.537038511573193,-14.208503989653485
614,20.54840469147799,16.31265547290994,-12.071876647391928,12.213723636428853,12.060616191003698,-14.364530034937504
615,21.07601084350632,15.908193595501878,-12.197626365497465,10.851971621239727,11.579403175910693,-14.495922893620001
616,20.54718068741458,15.499480381876774,-12.326188353610057,11.00545004686002,11.094221331429031,-14.602767969071593
617,20.439648706166526,15.086447705261207,-12.456043539797887,10.421021959178987,10.60588531130592,-14.685186632609541
618,20.055473043880102,14.669077479223581,-12.585645285121156,10.203693626728537,10.115208889255062,-14.743219574359676
619,20.808193121298824,14.24740468625313,-12.71339658584365,9.027225808736972,9.623004006348609,-14.776881126052785
620,19.778008667242556,13.821517706834005,-12.837520867084882,9.630924559195378,9.130083480851543,-14.786246723441554
621,20.502509984564508,13.391569961780805,-12.95615677941325,8.49110240840048,8.637254224785838,-14.771330483902823
622,20.955461221605,12.957773921539788,-13.067361164538296,7.723921834523409,8.145328115258021,-14.732079664293604
623,20.00983953595261,12.520412550811585,-13.168887333384278,8.449875581338048,7.655115580499598,-14.66857866186249
624,20.35355054825486,12.07984809931417,-13.258432314957371,8.220092916133211,7.167422871133855,-14.580771958016836
625,18.930196940096256,11.63651706314776,-13.333652094149935,9.537776697006407,6.683064116631809,-14.468384835483246
626,18.26574061998921,11.190937959704174,-13.392231763918234,10.0867527970114,6.202863882101639,-14.330836257105224
627,17.8339829112988,10.743701612219878,-13.432034696489108,9.291336201284167,5.727675032824794,-14.167124176698035
628,16.23524945526195,10.295468979938233,-13.450954509945161,7.765999050786235,5.258388936988436,-13.976141125723554
629,13.504633362636724,9.846971311556867,-13.4470536028868,6.638686136007607,4.7959322911098905,-13.756984291598364
630,10.159219723983465,9.39899873974578,-13.418904812619656,5.784836653238926,4.341256650881879,-13.509006764780441
631,4.967719541994094,8.952377657382224,-13.365851189353455,6.985631596731793,3.895331840124528,-13.23171985955418
632,4.413952795274264,8.507941993788883,-13.28837221461364,3.8913550713816676,3.4591419935782666,-12.924449377138409
633,2.4834724554061394,8.066486176407981,-13.187669202608134,2.551159844767213,3.033701881648634,-12.58667151143651
634,1.103660635071126,7.628764046948341,-13.065181146852325,0.9543523678046029,2.6200305594824993,-12.218393746485303
635,-0.7224977226323969,7.195474099951159,-12.92270855336886,0.4934743833213986,2.2191422985496136,-11.819935527778823
636,0.5483417760771323,6.767250143390417,-12.76239914204349,-2.8864208054085907,1.8320348576305778,-11.391801156607134
637,-0.6376093898533074,6.344647490481593,-12.586355100825344,-4.241745452889134,1.459688888109138,-10.934948889583222
638,0.579694717004773,5.928159803335394,-12.396539474610165,-7.342706495350797,1.1030382649916963,-10.450928189311593
639,0.4733567632448617,5.518211525507582,-12.194785871292684,-9.514849089793557,0.7629603421550318,-9.941842775214264
640,-0.49332351917556766,5.115174078582548,-11.982639802431606,-9.918144157829666,0.4402487466440787,-9.41047688465199
641,0.2579553529093334,4.719368872012142,-11.761685447042943,-12.761591420591614,0.1355952165115658,-8.859899170346328
642,-1.1475958515351883,4.331061715446352,-11.533420225032266,-12.47854263932102,-0.15041119804567638,-8.29356779268397
643,0.24512613127978797,3.950474190343324,-11.299322248781568,-14.408957851805042,-0.4173093030006988,-7.715233816890558
644,-1.2434496728206699,3.577773565527581,-11.060757201927714,-12.509729210232024,-0.6647601191717136,-7.128811057299797
645,0.4028604752110514,3.2130903768814765,-10.818993006048016,-13.561159128159922,-0.8925633734873519,-6.538141480846491
646,2.7577346131761256,2.8565073651243797,-10.575164476505536,-15.045444851766469,-1.100636217894813,-5.946870313345579
647,4.037871853659115,2.5080794117811074,-10.329704188963362,-15.828239316950324,-1.2890213943770572,-5.358955031782213
648,1.7954421093852562,2.167860419193489,-10.082399347365559,-12.234020466290936,-1.457899886680294,-4.778631279138983
649,0.641716373415918,1.8359194552900702,-9.833077847406157,-10.257997468291492,-1.6075968129863227,-4.20966350689419
650,-1.6045330253136239,1.5123218960330784,-9.581972649438939,-7.185750463371029,-1.73854412047324,-3.654940485291812
651,-1.4748199982986365,1.1971212786608076,-9.329724818116121,-6.37036722108104,-1.8512595120057769,-3.1165585622634016
652,-0.22141646216154287,0.8903402414920036,-9.07719516129947,-6.64513805438861,-1.9463146912908,-2.5959997525828573
653,0.17024050709420274,0.5919749345741764,-8.824946323942573,-6.8595253801053815,-2.0243261621779673,-2.094634784682211
654,-2.791500681613474,0.30201048656249874,-8.573206339850106,-3.5033157206172945,-2.085957010269614,-1.6138813905580673
655,-2.4684323189774604,0.020427845250835963,-8.322497934462916,-2.5625186717887516,-2.1319182548818385,-1.1546693405524033
656,-1.6855485321030468,-0.25282270906836235,-8.073651219770731,-2.8127718407008047,-2.162934966306441,-0.7172734306142314
657,-1.9115566371052592,-0.5178155694005462,-7.8272493450040415,-2.2344900459517163,-2.179736483589454,-0.30185432435699155
658,-2.174369677809187,-0.7746393320686318,-7.583712612560312,-2.092672751395213,-2.1830585879302404,0.09148320393350229
659,-3.8879154120282915,-1.0233964102379003,-7.343456418330504,-0.32990840308048064,-2.1736376033272204,0.46274445286174526
660,-5.021728205205455,-1.2642030932906654,-7.107114866407649,1.5258665373811198,-2.1522089577394574,0.8122170299668352
661,-2.7120624926967563,-1.4972040679984102,-6.875672670614596,-0.4002718464043227,-2.1194898013294314,1.1407220408344831
662,-2.422193984524805,-1.7225812713316384,-6.649869236294624,-0.7825736443885063,-2.076160821683825,1.44906207592995
663,-2.0244556084466017,-1.940528683751385,-6.429989249892081,-1.2985295137758044,-2.0228856629341014,1.737685146593575
664,-2.4794124241407736,-2.151247221324444,-6.216149225628072,-0.594988134293672,-1.9603151452442535,2.006891325831981
665,-3.7250219178085153,-2.35493863212659,-6.008410442589134,0.9074395263385355,-1.889092907878636,2.256991354536936
666,-3.2955571351938646,-2.5518079174970527,-5.807025434393651,0.4159423921517629,-1.8098490549417912,2.4886041111776915
667,-3.4983501718093772,-2.7420736610861667,-5.6123085329985445,0.3900041116109918,-1.7231859671334566,2.7024764273463866
668,-3.0991051856679266,-2.9259618196969557,-5.424482795822989,-0.8636232152734209,-1.6296839597853654,2.8992535199899514
669,-3.3575282439313385,-3.103705847474366,-5.243686429829166,-0.2916381864831692,-1.5299023991341265,3.0793635406030084
670,-3.6869828825546866,-3.2755409150189,-5.069982925848828,0.09020781820542823,-1.4243930570784982,3.243104537108019
671,-3.1589460660088453,-3.441704709197621,-4.903471210286576,-0.11130501187638231,-1.313695429993592,3.390885867138065
672,-1.354667352185161,-3.602438995704672,-4.74417041866102,-2.166089672891303,-1.1983339992692938,3.5231115538070235
673,-2.6035559405101014,-3.757982737108356,-4.5917042550567055,-0.7563364712228093,-1.078821326406457,3.639816487863442
674,-3.073625013686188,-3.9085526127084522,-4.445566804415626,-0.3447248323824823,-0.9556795667450644,3.7409047159908546
675,-2.644754852959841,-4.054353857402731,-4.30546224497363,0.3658773029234652,-0.8294276786737333,3.8265150428922903
676,-3.2034732393146736,-4.195583429040028,-4.171056810248013,1.389936663693078,-0.7005785638855784,3.8969160637143982
677,-2.6596630359254387,-4.332424311419265,-4.041993360328235,0.6475733177677796,-0.5696332744261068,3.9525963877934878
678,-2.475209532828076,-4.46504965306191,-3.9178756224437805,0.3436528375305983,-0.4370721380326792,3.994047881287841
679,-3.3141257958005372,-4.593616019582184,-3.798158958993336,1.326789610529218,-0.30336341567358405,4.021567641407642
680,-3.2605992322383726,-4.718260250328132,-3.6823572127230353,1.5472586187786277,-0.16896762860550307,4.035514171487029
681,-3.6558900786454522,-4.839106500430386,-3.5700633626863976,2.31705582335006,-0.034329137574448776,4.03638508614026
682,-3.6289750945435677,-4.9562644745072255,-3.4608847040818524,2.5535660099142206,0.1001247104705143,4.024785248897995
683,-3.3627862894218246,-5.069832147369176,-3.3544479186828546,2.486505915416487,0.2339898790187509,4.00142914893512
684,-3.7471998098256267,-5.179894335752749,-3.250301793570789,2.663519010678158,0.36688665373285567,3.9670165733806373
685,-4.269586767215553,-5.286518933607229,-3.1479794418292473,2.5452184077562237,0.49845765057746005,3.922223991498167
686,-4.902221013304663,-5.389759631874699,-3.0471165981010984,2.829293681708336,0.6283682531660668,3.8676972762484105
687,-5.913927715515657,-5.489660040147302,-2.947489543976678,3.549558695067958,0.7563041356606874,3.8040680687425334
688,-5.912818875259954,-5.5862589348064775,-2.8490888709151463,3.5664420860014587,0.8819727910822357,3.7320790155083183
689,-6.277249480166136,-5.679599298208312,-2.7520262287816832,4.011921820139534,1.005109403361242,3.6525446672048223
690,-6.082395698599111,-5.76972735005859,-2.6564390498354085,3.626064925156726,1.1254757688958905,3.566311331056152
691,-5.839565900078331,-5.856695234864006,-2.5624627006224676,3.588995169564143,1.2428634920983188,3.4741979708693247
692,-5.5350723383251355,-5.940558196766754,-2.470141128502239,3.175938116831915,1.3570889669538455,3.3769253056427018
693,-4.803480969308524,-6.021371310097488,-2.3794114895831386,2.3245275505627063,1.4679918458078323,3.2751126780025777
694,-6.413484543218395,-6.09918562940563,-2.2900323839356407,3.4861204671096857,1.5754298121540173,3.1691579240857393
695,-5.933674553635649,-6.174040135693198,-2.20186944535004,2.685425338315895,1.6792690407468815,3.059472537080784
696,-5.90845899238126,-6.2459769257622995,-2.1149336678897823,2.3842015086245567,1.779394647959403,2.946490259116872
697,-6.133196032361697,-6.315035713552517,-2.029139118891763,2.607974076441508,1.8757017246880063,2.8304506442746846
698,-5.896722981497704,-6.38125286702175,-1.9444085686346302,2.513791489139436,1.9680913575777153,2.711552519436098
699,-5.65709076738874,-6.444662951461492,-1.860642926367646,2.2145884565519793,2.056471892650413,2.5899859221708255
700,-6.942663763055942,-6.505295728779593,-1.777653027465913,3.4080360145522235,2.140757085722437,2.4658555117075176
701,-7.049025304259545,-6.563173153292553,-1.695386795733529,3.651178314266815,2.2208622600975807,2.33937324777052
702,-6.39764551209643,-6.618321515161829,-1.6139815162236726,2.9037851478074828,2.2967153022404716,2.2109402691959334
703,-5.990142083263588,-6.670771921040798,-1.5334766212648532,2.5283138995192473,2.3682582780439763,2.0808595401476415
704,-5.990173304658302,-6.720553289912819,-1.4537380845194958,2.3949644370622423,2.4354392715836477,1.949245134020261
705,-6.101961810357285,-6.767687793342097,-1.3745560854469252,2.5789272150543923,2.498207953645327,1.8161148327632848
706,-6.13550766185968,-6.812190362275947,-1.2957230197452718,2.5029024072287456,2.5565135937678667,1.6814746208194142
707,-6.061090523155704,-6.854069327991782,-1.2170392680274889,2.336483998129978,2.6103062616999546,1.5453285292243013
708,-6.07161696228257,-6.89332631347778,-1.1382862881072286,2.2261018052386845,2.6595354957161534,1.4076278678395515
709,-6.936459393812886,-6.929955080532264,-1.059223971987766,3.341693514795935,2.7041481195559247,1.2682674660105864
710,-7.111084059761445,-6.963941244943631,-0.9797310967271633,3.5915414380694983,2.744086660116859,1.1272776756368796
711,-6.898255598400334,-6.995270486980742,-0.8998305100214887,3.362619210063869,2.7792999645983834,0.9848793198015438
712,-7.121732086504341,-7.02392994561173,-0.8195296660134854,3.3018319748264418,2.809745281436962,0.8412851580292902
713,-7.07242954998876,-7.049905798048307,-0.7388286817694434,3.551052835322224,2.835385641800336,0.6966551057593495
714,-6.496707185316772,-7.073185191063026,-0.6577454500378588,2.8115512250331847,2.856188955154252,0.55116875888789
715,-6.7696037477987465,-7.093755494717498,-0.5761975964941835,2.9709898249013094,2.8721302257261954,0.4049259011035766
716,-6.825273799235762,-7.111598364162639,-0.49405119533680875,3.0416961412106502,2.883184015227824,0.2579345953282397
717,-7.371625609172033,-7.126692241073285,-0.4112154672758095,3.656715871745064,2.8893258654147447,0.11023311335398134
718,-7.177631245239671,-7.1390127286476925,-0.3276842573411587,3.4900672154217602,2.8905328894514226,-0.038040860954069444
719,-7.799653824851339,-7.148537858229362,-0.24349973037744554,4.054482666917494,2.8867898080178067,-0.1866840626732058
720,-7.0003506317419,-7.155246044006189,-0.15876445155458718,3.468348479166721,2.878087285273209,-0.33543370088764624
721,-6.671761442794273,-7.159122154999668,-0.0735522100577457,2.664442881082252,2.8644275612919636,-0.48402836361851387
722,-7.078052164979671,-7.160149524676705,0.012232499137247999,3.3191383735917697,2.8458187276986413,-0.6324100158132917
723,-7.5900662415553075,-7.158306655057185,0.09867435580972916,4.0376290580579735,2.8222668935710775,-0.780538011907792
724,-7.747182749377819,-7.15357123428939,0.18572136434886755,4.068621947822891,2.793782860238122,-0.928161240871519
725,-7.080362780720143,-7.1459252307672605,0.27322104961545524,3.294776134496132,2.7603894775129763,-1.0749094038129492
726,-7.102347124277332,-7.13535649764836,0.36109488944850554,3.167271600606199,2.7221222333172586,-1.2205134645298266
727,-7.668976030467979,-7.12185223813736,0.449357541714166,3.9812036413745346,2.679021913210988,-1.3648277636688122
728,-7.85933838165496,-7.105399328200749,0.5379325563666892,4.31772934131024,2.6311337157393377,-1.5075924689102327
729,-7.8944336479392465,-7.085990067712914,0.6266264622441042,4.4029835059258176,2.5785157486169723,-1.6483631419019207
730,-7.599017151997253,-7.063624230717808,0.7152069293059116,3.903772340338975,2.521242839612543,-1.7866176791080246
731,-7.691947344039251,-7.038309605759187,0.8034741258450495,3.877219563951826,2.459407903343104,-1.9218791923538414
732,-7.513394881453088,-7.010059288994805,0.891251240153963,3.8654082472470463,2.393117560122287,-2.053731264200367
733,-8.367115463722488,-6.978892856415589,0.9783662275267302,4.757165919349433,2.322492485729746,-2.1817441295052276
734,-7.169857788628247,-6.944834873826356,1.0645378087278212,3.4049254921266368,2.247667951488605,-2.305336813344534
735,-7.599267887679816,-6.907923669167068,1.1495260902835502,3.7328273564459806,2.1688033648401106,-2.423975186977916
736,-6.9286479916601555,-6.868199801140786,1.2331948062059972,2.9963358932948836,2.0860696056900774,-2.5372545893226706
737,-7.168258683001334,-6.825710682086668,1.3154321631629706,3.313559424960843,1.999653058885266,-2.644807087487091
738,-8.379498922419979,-6.780504323596588,1.3961782346554008,4.725751693473583,1.909749133190938,-2.7463019416695547
739,-8.21827584887898,-6.732632133109641,1.4751443086477423,4.372651324081303,1.8165662627739623,-2.841125024519484
740,-7.080156640568118,-6.682161369686739,1.5518716920332842,3.223586208491298,1.7203407982229724,-2.9284774937386757
741,-7.545224511565209,-6.629174020307422,1.6260802831823096,3.6100482964068306,1.6213344298580505,-3.0077557171618308
742,-6.6814751452677745,-6.573756017474585,1.6975746803421465,2.406288301848761,1.5198237504121836,-3.078440432079461
743,-7.663552932040017,-6.516002374951279,1.766202646517998,3.5536066392138963,1.4161050677194198,-3.140104092573308
744,-5.906672794475142,-6.456009174373385,1.8317775201006148,1.853358502320063,1.310483477573963,-3.192297027636941
745,-5.814562527588129,-6.393883873611238,1.894210345208709,1.7203926753526702,1.203285265876957,-3.2346206588496216
746,-6.262000077248496,-6.329728484692804,1.9536689559497322,2.09774678910739,1.0948421003173217,-3.266917364284173
747,-6.2977407484931165,-6.263639276547923,2.010249570171947,2.247874016169888,0.9854907749246788,-3.288961114500374
748,-5.631771853122584,-6.195711846681341,2.063957188281149,1.427379556250088,0.8755780260172967,-3.300415055756507
749,-7.0830651273290135,-6.126042130662513,2.114870598534724,3.001719096650689,0.7654631045409117,-3.3010094144311575
750,-7.4581979929294695,-6.054720473445693,2.1629313485485246,3.4587304571848136,0.6555107317218862,-3.290329599691957
751,-8.181067180230933,-5.9818467074259445,2.2077884262412573,4.488665291916661,0.5461077978947813,-3.2676262294276204
752,-6.871588799821948,-5.9075345783629425,2.248906101791217,2.909491483380549,0.4376689830933782,-3.231896190406066
753,-7.857226161469016,-5.831919633973197,2.2858139886737394,3.8776413034333217,0.3306480518677102,-3.1821856489564606
754,-7.845504201231712,-5.7551469791180265,2.318067561784365,3.8570528634021883,0.2255232731629475,-3.1175995927583977
755,-6.885490007075176,-5.677381796520906,2.345054812064382,2.8080746984644946,0.12280807901715032,-3.037070558269111
756,-6.503578600960451,-5.598809991647068,2.366285249802371,2.5504224221772205,0.023051902611673447,-2.939659222760297
757,-6.672226177414887,-5.519629446534081,2.381444685153764,2.4138562084913673,-0.07316920250020281,-2.8245904546024834
758,-6.440591586337729,-5.440047012636817,2.3902271829640576,2.17201943808395,-0.1652541276951588,-2.691118601108785
759,-6.834766362641053,-5.36028096766981,2.392312565963355,2.318862873858194,-0.25257710924078847,-2.538526277464721
760,-6.556510169068682,-5.28055950823926,2.387332791266328,2.490177288268029,-0.33448921285947353,-2.3660835462067262
761,-5.8867702307819485,-5.201125448252055,2.3748788624427597,0.5014349486132517,-0.4103160123212369,-2.1729879933741953
762,-5.4905560161380444,-5.122234250743076,2.3546590855511695,-1.1375870105755865,-0.4793550790844199,-1.958684004739918
763,-4.220186323427943,-5.044148175881977,2.326516733241073,-2.8887409300707816,-0.5408949459705648,-1.7231338814169113
764,-3.0935976343244826,-4.967133135193671,2.2905195602848494,-4.6590822877271165,-0.5942306711788806,-1.4667846343922941
765,-1.85660764551536,-4.891446871862987,2.247068691000753,-6.681981605785708,-0.6386805882633844,-1.1905898471609415
766,-1.720046389740601,-4.817328555793621,2.1968940124687464,-8.338820074762403,-0.6736033276562767,-0.8960526262336804
767,-1.1816518255029376,-4.744987271031738,2.1409073858294114,-10.078992455083934,-0.6984174300122964,-0.5852114610409398
768,-3.387918119237775,-4.674601396738327,2.080099260877102,-7.541057839865076,-0.712617425059006,-0.26060110165253114
769,-2.333741611960156,-4.606313986973264,2.0151908470141766,-8.351779391378336,-0.7157908367891318,0.07536813250685337
770,-2.6953447319789823,-4.540255340270715,1.9467114140824027,-7.612035786384325,-0.7075928828918825,0.4205453461998504
771,-2.1766344314174484,-4.476533226034437,1.8752732416647877,-6.915511512853655,-0.6877544803758084,0.7727683424369508
772,-3.6681751946428687,-4.415237124159729,1.8014926728484193,-6.186359156553564,-0.6560749933960858,1.1300843316294085
773,-4.034103619701765,-4.356433714511209,1.7258227979919694,-5.513960349363458,-0.6124155249338479,1.490744864884979
774,-3.442335600487382,-4.300182270960264,1.6484226382511347,-4.877591194522381,-0.5566920024037538,1.8531987042436966
775,-2.6135898308173915,-4.246538871961134,1.569467688737971,-4.06841577519954,-0.4888689446509348,2.2160744501878744
776,-2.131126561169302,-4.195551091711066,1.4893283367414778,-4.307076349680614,-0.4089537057245622,2.578197287468376
777,-1.7821449852786464,-4.1472503161783685,1.4085543905688303,-3.94936738795154,-0.31698912548637637,2.93845526872154
778,-2.5210329942479874,-4.101647465673144,1.3278045319213572,-2.9103197112144983,-0.21305668780979287,3.2957285904232227
779,-2.7980269398852973,-4.058730014050278,1.2476654987856017,-2.2068985928558362,-0.0972738861248282,3.64907601975152
780,-3.1607544945824464,-4.018469765754104,1.1685598018869436,-1.75040932757328,0.03021504684030843,3.99778276098603
781,-3.0913451414502027,-3.980826027257815,1.0908024551080153,-1.6366929886668515,0.16924496460757382,4.341270324769274
782,-2.809099910197729,-3.9457496020802365,1.0146532707027944,-1.4889115887873317,0.31963306849159334,4.679005380691491
783,-3.6309945861249373,-3.913182475877629,0.9404135391417601,-0.39387075890067536,0.4811786566536732,5.010450446529983
784,-3.5129823407676524,-3.8830553661374525,0.8682942449720854,-0.6950196163909794,0.6536630982602589,5.33520646541756
785,-3.447767621044081,-3.8552961928794898,0.7983923809543203,-0.7002050926276127,0.8368590876815105,5.65294276305949
786,-4.071088833091988,-3.8298292074071645,0.7308235783086836,0.222225940089686,1.0305259491308916,5.963230221979683
787,-4.817052477763473,-3.806574620992244,0.6656125616257103,1.1051737317700656,1.2344077691468227,6.265720080904867
788,-5.535570902826809,-3.785455036632117,0.60257319454319,1.5703384734827495,1.448240621191216,6.560272926276473
789,-4.7768543737633005,-3.766403074689365,0.5412949701614966,1.209306143912471,1.6717592975652542,6.846887696926688
790,-3.8024429916685705,-3.7493687052880174,0.4813673855301448,0.06543483328481159,1.9046998009863285,7.125513781206903
791,-3.734509652694132,-3.734311915654022,0.4226322918468406,0.5300977100393709,2.1467935496457144,7.395808908118716
792,-3.0841005284008,-3.7211932191648946,0.3650817674340767,0.7211363142969134,2.397753728194243,7.657259168011308
793,-3.8052462149069783,-3.7099731311584168,0.3088105200971114,3.4062401852386444,2.6572774941798016,7.909374837314756
794,-2.648516885033875,-3.7006058511584206,0.2538991197093776,3.105713510486325,2.9250453840152266,8.152017971549629
795,-2.7353969013503256,-3.6930465231777916,0.2004898470845662,3.3047654797836117,3.200745358949777,8.385326809045475
796,-1.5145741537023811,-3.687239861352783,0.14888155516497692,1.6638596599010071,3.484067171284925,8.609343683626676
797,-1.9969717903535125,-3.683121086166793,0.09953972933872457,2.1860034411517546,3.7747016045248887,8.823813394117195
798,-0.8350332044617674,-3.680603879396868,0.053038184640610275,1.0767972391609533,4.072321397559405,9.028229028077181
799,-0.9093789549699195,-3.6795852071907524,0.010050798686029871,1.32243182715888,4.376583539730034,9.22190890066588
800,-0.6040996826105618,-3.6799338261511325,-0.0285873490433719,0.9643647102975024,4.687115324270463,9.403953410589327
801,-0.8059792080825329,-3.6814910304603106,-0.06200693833657178,1.2381747222776625,5.003513767102656,9.573354816237543
802,-2.230667449256526,-3.6840676220402373,-0.08932298979201558,2.852506578902066,5.3253389786862995,9.72899962074055
803,-0.8037249479739612,-3.687445896446445,-0.10989178382615261,1.8169308417894996,5.652113741818693,9.86996019306102
804,-0.8503276341054575,-3.691393740961981,-0.12306838013871113,1.6432584246234399,5.9833363248903675,9.995298516213094
805,-2.9940922942226713,-3.695650455122359,-0.1280014891808512,4.067400727008078,6.318466976232899,10.103798909331928
806,-1.1121335881748724,-3.6999271735740376,-0.12416431423764251,2.242134777354252,6.656922918845829,10.194481253493372
807,-1.206330270224014,-3.703928076071535,-0.11106772082476901,2.7774935207576306,6.998099059799124,10.266354320181502
808,-1.216859772131969,-3.707331688295689,-0.08795549906031042,2.4979495155431692,7.341346540191263,10.318134005669943
809,-0.47722414281511444,-3.709791776008889,-0.05408591102769256,1.8933851222385982,7.68597466017712,10.348472471064692
810,-2.0101543399721606,-3.710937415697535,-0.008607927036323737,3.5136776082169803,8.031244704928909,10.355788119685352
811,-1.6273019926903427,-3.710365637811311,0.04921205398205508,3.366201624368756,8.37636053482281,10.338547806542389
812,-1.9577146954721787,-3.7076566120987313,0.11993669909900584,3.586595151465872,8.720481225365068,10.295334735954986
813,-2.1466608134726717,-3.702369857871377,0.20413598542349254,4.005670216269223,9.062716183886476,10.22464046413396
814,-3.2042993228892467,-3.694047546403832,0.3023014711720795,4.763069804537793,9.402123922973999,10.12494957507239
815,-4.012814001586794,-3.682216426459905,0.41473732074037706,5.2507832743771985,9.737712822224635,9.994820235460491
816,-4.005331771102873,-3.6663983916878067,0.5414672002110321,6.352039370843272,10.068445272004698,9.832895389665834
817,-6.617736686480684,-3.646118613112503,0.6823915487272059,9.65716066711957,10.39323918153569,9.637955182056102
818,-7.700947755655578,-3.6209056217726596,0.8370180793574056,12.04846601841858,10.710975617475105,9.409337517532732
819,-7.878438162675059,-3.5903174078220093,1.0042981933365325,14.145251408292523,11.020528349371206,9.147131827483994
820,-6.236652523711675,-3.5539524088835575,1.1829875247970256,14.393180598887739,11.320784405974038,8.852001653740675
821,-6.65193081297417,-3.511451572835541,1.3720494959768925,16.020896671066666,11.610661792953918,8.524868522780835
822,-7.9554073407682635,-3.462482442485098,1.5706181861565782,18.876978988320275,11.889108974159427,8.166845119769492
823,-5.157713941207668,-3.4067436937584357,1.777558489854827,17.581138522272596,12.155118134271884,7.77962637020833
824,-8.110395898241928,-3.343978543161443,1.9919419249061598,22.378275516256636,12.407750732173316,7.3650582493377215
825,-8.118852651474224,-3.2739475654313583,2.212799340161644,24.765974421141294,12.646122017561066,6.925430260307399
826,-8.568805705748971,-3.1964585871506666,2.4387015089502806,25.971251325148515,12.869446082860476,6.464027295122916
827,-7.714904577829074,-3.111367464834673,2.6681291013937147,27.407709310945748,13.07705717056926,5.984599874694885
828,-6.54579828443977,-3.018583313724419,2.899598679609421,27.143903590324086,13.268419407840135,5.491227271150754
829,-6.686339104190768,-2.918060886194045,3.1319011812852837,26.669445309263125,13.443138988645977,4.988103804529702
830,-4.068494684590133,-2.8097899016387333,3.363951749107701,23.749614846067075,13.600959661475448,4.479259576002272
831,-1.0286361291664095,-2.6937974362535315,3.5950028586621974,20.389261501267555,13.741756293712795,3.9681704983394095
832,-1.921426468342694,-2.570123044394587,3.825114951007531,21.213102706663705,13.865504361364742,3.457334200826958
833,-1.5395657691352809,-2.4387897728530294,4.054632102353759,21.0798601213141,13.972245240434592,2.9488317888887483
834,-3.699843497861558,-2.299814237571003,4.283784492199123,23.894388237947396,14.062093147290659,2.444812787359174
835,-0.4156833527147159,-2.1532041400397546,4.5124976496022695,20.119806427867758,14.13523275959187,1.9477962014306716
836,-0.3233256361106823,-1.9989810609308516,4.740821760361729,19.860291784708252,14.191946227386037,1.46013403737709
837,-0.41205546942005833,-1.8371493560156393,4.969264371956513,19.412243800107362,14.232575028750343,0.9835591122021015
838,0.5588435617099683,-1.6676967694670841,5.198286573237071,19.112807870002356,14.257516834866177,0.5196845516229232
839,0.4216486656356346,-1.4905969177998346,5.4284313709591085,19.3987211709954,14.267220665525205,0.07000257820149791
840,1.4716020320621332,-1.305801344736477,5.66031421250261,17.83590863604954,14.262183673412943,-0.3640017482366886
841,-1.8476108813693064,-1.1132426369663273,5.894632459902019,19.903255973582546,14.242953882309425,-0.7810339398107491
842,-1.4467949702206828,-0.9128258474096757,6.131689917375592,18.34775076680957,14.210114744092227,-1.1797208745772814
843,-0.16994845829908478,-0.7044633091412879,6.3712979801184915,15.128325190027368,14.164305824004273,-1.5586055756674266
844,-0.8323598253963362,-0.4880726487351096,6.613456729281765,15.363076034239,14.106207705714398,-1.916929414703361
845,-1.1954388438008223,-0.26356619385583685,6.858194452176243,15.644730312659405,14.036510529690716,-2.254362140364554
846,-0.3138348731527178,-0.03085968525669336,7.105321380778656,14.900224249834622,13.955916896356761,-2.5704777071853258
847,-0.7910919635521142,0.21012189819607352,7.3546568643053325,15.623907017910753,13.865145349211694,-2.864896548265712
848,-0.7541884965408893,0.45945077236366216,7.6060099407683035,15.760282498746207,13.764923793139047,-3.1372167107667526
849,-1.3232302303611512,0.7171892275806271,7.859051256201342,16.12266802046139,13.65599756849391,-3.3868799479957623
850,-0.21609872953319106,0.983387522777085,8.113296924276652,15.079332996540458,13.539131796605997,-3.6132227455281907
851,-0.40518881779809107,1.2580756891990705,8.368265163253898,15.455075875502487,13.415116052125365,-3.8156492719509494
852,-1.026506986896424,1.5412718669940115,8.62353027523745,15.91024989749809,13.284755178475933,-3.993627148743597
853,-1.251973568165227,1.8329777075482339,8.878463093944056,16.39803566463449,13.148874242209125,-4.146462611639512
854,0.10623082416403334,2.133169406590282,9.132223044862293,15.38742084902637,13.008324337699966,-4.2732820851975895
855,-0.621702392217927,2.44179257720572,9.384049977724725,17.06977251595562,12.863988769862619,-4.373248633980369
856,-1.1561289687153478,2.758772738438597,9.63318693286805,16.942207062829453,12.716774428767941,-4.445383070519462
857,-0.689228901354927,3.0840050393969234,9.878596205989677,16.346535104449146,12.567629898494655,-4.488431652742069
858,-0.3335067654170916,3.4173458188379087,10.119134552901805,15.974912573487572,12.41754565191847,-4.50120411643689
859,-1.4550460813120296,3.758614009590377,10.353683123914221,15.769669816900503,12.267549624065529,-4.482609540364422
860,-2.8493711381601936,4.10759136043219,10.580908874517627,13.340668040383889,12.118705015894175,-4.43159816187956
861,-1.616100165967516,4.464007934558219,10.799002003978227,9.131475857720943,11.972109746606892,-4.3474674984911665
862,-0.09024361497207117,4.827524827364072,11.00602386866763,6.210472663627414,11.828873849328097,-4.230458250434079
863,-0.2581943211958756,5.197742859136061,11.20033905799855,4.634092171060416,11.690079196577953,-4.081828296487302
864,0.8611688858050808,5.5742140978973085,11.380404977094699,2.142214964893199,11.55675196289561,-3.903462348539257
865,0.7339094528658557,5.956436524275707,11.544709473914505,1.0471902297904307,11.429848373342002,-3.69780961296728
866,2.0128642622868367,6.3438613961582755,11.691775105058774,-0.7705805024526171,11.310231322031125,-3.4678139801130836
867,2.31277247188913,6.735888197946292,11.820181238592685,-1.6604425507352119,11.198660774667797,-3.2168158217722898
868,0.9415094199966926,7.131873478731121,11.928626116963574,-1.4518251497882488,11.095776933912973,-2.948523763071229
869,1.047697920190333,7.531129939077197,12.015531490302997,-2.206218943267814,11.002092523796382,-2.6667158419659565
870,0.6099494305920492,7.932908911417988,12.079012734774178,-1.0651242963865002,10.917995877781909,-2.37522202449969
871,0.5348473623022113,8.336397454728809,12.11701680688794,0.09768327722777315,10.843744388829736,-2.0777883369035344
872,0.9834026800492282,8.740710031877184,12.127294655839904,1.4468863000996919,10.779476655321673,-1.777794662882588
873,2.1421845351090285,9.144883765118136,12.10753264225672,4.2691845146243,10.725224744637563,-1.4782267460084864
874,3.1480720925196204,9.547878874694298,12.055535917802107,6.675264610463316,10.680928205587774,-1.1814323934709314
875,6.097618921622932,9.948586159638277,11.969311497726487,9.513183574056015,10.646462585072834,-0.8889672856895547
876,6.4453491389663595,10.34583297454273,11.847335067377358,13.97472834228843,10.621663719875137,-0.6015955957400543
877,11.484912051422347,10.738408497463434,11.688453967411494,12.833891538989477,10.606356212023497,-0.31898723618446034
878,13.984446128374197,11.12506323903683,11.492199193405837,13.269478821952717,10.600397904129506,-0.0403123584418541
879,16.569254311736557,11.504555110357156,11.259106949312612,12.078522789196839,10.603668721460707,0.23515717605339326
880,21.369617920211166,11.875670368991004,10.990355565120948,7.426553863279722,10.616075049199733,0.5080375803606341
881,22.016444572108572,12.23724548136522,10.688109946478397,7.265949130833732,10.63753789348475,0.7780738793720143
882,23.00386736737891,12.588211032089564,10.355236056459711,6.725696184735796,10.667946641157867,1.04429042032109
883,22.69489441586029,12.927594551795867,9.994736918443632,7.23574525090811,10.707157254839489,1.3055996177955986
884,22.47015014309795,13.254526826652473,9.60961378636548,7.726088949298145,10.754986615677574,1.5608990424282787
885,20.23561905598246,13.568235470886899,9.20268946637611,10.642686925099582,10.811217191001374,1.8092220825998773
886,20.38967800919271,13.868039457744214,8.776325799649731,10.576221752389372,10.875601421184232,2.0500932731175237
887,20.930279583478097,14.153323857530214,8.332484025372704,9.804146970059406,10.947890075875875,2.2834430346531853
888,19.908357976762495,14.42353839276906,7.873141676371027,10.78091390005136,11.027830956827778,2.5090567713933964
889,19.175841360769663,14.678199969288283,7.400122108006464,11.766047738106892,11.115160527302102,2.726727688840711
890,20.12512596917351,14.916879866636158,6.914909736139352,10.972099477453739,11.209612802750492,2.9365158583248796
891,20.65607075816812,15.139193951697573,6.418947849490735,10.374256978610276,11.310928251190427,3.1384827495330025
892,20.677329383270404,15.344809723268874,5.913831299529155,10.384032679647007,11.418844986052692,3.3324537584025915
893,21.08497654150616,15.533449371666183,5.401173417499132,10.156233784880683,11.533091835083933,3.518135720602862
894,22.899338690865036,15.70488795110215,4.882592687237377,8.294087784163054,11.653387367426216,3.6951700149747513
895,21.351010869397268,15.858955550815342,4.359984466192239,9.74132335992148,11.779436502748917,3.862852363532836
896,21.1564288089153,15.995553582181632,3.8352352682053414,9.6491703741451,11.910910858328405,4.0203801580753495
897,20.76467250264778,16.11463790202903,3.309929209567972,9.786864825929314,12.047461846620607,4.167114000067613
898,19.518203818542997,16.216215529486163,2.785525196073664,11.147117544700919,12.188718458332913,4.302381407089424
899,18.204902367089403,16.300339581767275,2.2632057125753313,12.417680091233862,12.334287273759902,4.4256913343975945
900,18.132078731275968,16.36709591032452,1.743744985690192,12.298595330296834,12.483764547292752,4.536901294153051
901,17.95444161514273,16.416589247479955,1.2276886856407465,12.624686648211892,12.636747360036772,4.635996151961601
902,18.08564892015661,16.44894182270057,0.7155279519317936,12.449986812958059,12.792830957423526,4.722946579260601
903,18.24918118506831,16.464291110942074,0.20773484916061236,12.160274298973903,12.951610465320812,4.797699800847921
904,19.173826965086324,16.46279081264461,-0.295181822976609,11.351092496368054,13.112677610813387,4.860087161394606
905,20.129304123777633,16.444612322743634,-0.7925535094796565,10.44785874807586,13.275616276080452,4.909729035390908
906,20.424182661889336,16.409953912012632,-1.2834291502807105,10.224255413735207,13.439992879839448,4.945942976592246
907,19.26290190949309,16.359050379391586,-1.7666638974508864,11.685304803159468,13.605345807853269,4.967830302815868
908,19.534562522294078,16.29217631884924,-2.241229015880073,11.232357225758733,13.771181566693839,4.974627311500397
909,18.613502854661295,16.20963511166625,-2.706210545293821,11.616101414034489,13.936987628619962,4.965670958687882
910,16.0011117818255,16.11176228249632,-3.160768874204516,14.316750918245248,14.102226297273031,4.940238593777364
911,15.361632113142601,15.99891718671928,-3.6045629957148506,14.68732346669836,14.26633686820512,4.898016995754064
912,18.227388494467508,15.871458082781995,-4.037704129636239,11.785091745761562,14.428760763656635,4.839100666658815
913,19.40710629252519,15.729736911410198,-4.459936709289689,10.577244626016494,14.588943579315707,4.763159088291502
914,19.503422449461564,15.57412896882935,-4.870363568543068,10.72564838882046,14.746304702876069,4.669202591492008
915,19.43118218933053,15.40504600684066,-5.267853578406889,10.704119141318145,14.90022375208184,4.556036745790788
916,20.404684428258115,15.22293873026889,-5.651223747432752,9.190869819431782,15.050040485928788,4.422439699155172
917,21.318993359411625,15.02829775701181,-6.01910484152727,8.326947938136371,15.195053065358852,4.266916208064133
918,20.466130874600637,14.821665074167072,-6.369790881186752,9.099374839133716,15.334501566466397,4.08757369611898
919,20.05714441865018,14.60364503159936,-6.701507079319722,9.520022046295267,15.467557978433451,3.882463681354178
920,22.001532333187093,14.374897935545757,-7.012603141917317,7.414685142135312,15.593332478556675,3.6497745726487985
921,20.880611691704875,14.136138155471539,-7.301134021752205,10.570322422549452,15.710876283276704,3.3874057727115314
922,20.91279660107827,13.888155667428943,-7.564962700648632,14.074137668699024,15.819159530070777,3.09337668441807
923,18.033426125521927,13.63180730876163,-7.802041678300871,19.88708631489878,15.917101395571242,2.766663406164138
924,13.55205910344034,13.368019555542219,-8.010671842512247,26.27122446737539,16.003603757148387,2.4075967952865174
925,14.028007302460999,13.097762519260813,-8.190171294898896,26.193655366088336,16.077607848590343,2.0182940178485786
926,14.95604094238388,12.822008135882292,-8.340374338711376,25.840096780269718,16.138156691671625,1.6017861741452144
927,16.48354250200338,12.541737563346722,-8.46082530853117,24.71823828681123,16.184393593533358,1.161020246407869
928,16.397772018398353,12.257953115313548,-8.550620712730579,25.655078062028466,16.21555804143215,0.6987079395176643
929,17.734067519979007,11.971696182498016,-8.608558794484669,23.664175814023565,16.230974122834535,0.217521935863072
930,16.598750427391863,11.684049195681236,-8.633167074383916,24.015018309724965,16.23005950382302,-0.2800287504187082
931,15.736573977575794,11.396151710872422,-8.62285784616029,24.813052044832006,16.212305539473288,-0.7916811424065173
932,15.165022877345308,11.109192005937217,-8.576254850778788,25.108358716935854,16.17728076099592,-1.3149986464684282
933,14.672585896410972,10.82440138748717,-8.492109545284414,25.034069727843473,16.12463896304206,-1.847374238309385
934,13.469855745633426,10.543051369584923,-8.369246583655938,25.735503156385164,16.05412247844196,-2.3861549915454017
935,14.023759285233886,10.26645161524344,-8.206658508816558,24.678542527768997,15.9655619636057,-2.928576407980543
936,12.586668329497828,9.995940802330486,-8.003351377293093,26.133646600565896,15.858884051243258,-3.471903202034081
937,10.039213185149436,9.732894856757234,-7.7583812210449565,25.02883797375884,15.73410175013676,-4.013311850819665
938,6.70722871073119,9.478715387594155,-7.471317242413509,22.11434883878202,15.59132992785528,-4.549892322991029
939,0.6429983234820064,9.234807040596333,-7.142526017837314,22.822357667086308,15.430775595270692,-5.0792924804678385
940,-3.8500424724226328,9.002546986405001,-6.773697296562178,21.209659045670577,15.252710429157425,-5.599443188751234
941,-4.383149000133402,8.783227220825522,-6.368019911967107,17.976379452899806,15.057479382687276,-6.108359489351454
942,-5.882941230589018,8.578012325607194,-5.929362946577212,16.336924125369038,14.845486463200661,-6.60472152230664
943,-5.7997593222874055,8.387936357720374,-5.461834650511763,15.582182335721797,14.6171646145335,-7.087873459831062
944,-4.8921490816332405,8.213890015573076,-4.969695146540216,14.040524413435605,14.37296156587859,-7.557450021124659
945,-4.526990339423553,8.056623347951026,-4.457003078406139,13.906242342019937,14.11333461312519,-8.01335713994141
946,-3.1639192205875046,7.916756477012667,-3.927578559018148,12.361333885418517,13.838737756549163,-8.455675045598854
947,-2.6667035315668532,7.7947847773498165,-3.384940524895592,12.326257426693928,13.5496229434186,-8.884654226708282
948,-1.8051700607044925,7.691093775352961,-2.8322923474304984,13.667219727249645,13.24642747476861,-9.300696294147235
949,-1.8815338175954308,7.605965287521117,-2.2726017921756014,14.988713799561836,12.929576523808784,-9.703920592482396
950,-1.6193498373973214,7.539586989207921,-1.7086917901557852,16.206391371693968,12.599499435269784,-10.09395835025197
951,-1.0759418470351974,7.492052501510731,-1.1433351110616474,16.12534437680739,12.25664596712532,-10.469967015339003
952,-1.0479440037565242,7.463364648470478,-0.5791677920238314,16.804729930041518,11.901501634247184,-10.830834949551011
953,-2.478961903657684,7.453441315375809,-0.018729566311974644,19.667326843087935,11.534590303821918,-11.175257746373513
954,-3.4228182601667405,7.462116010716346,0.5352369419366454,20.937200340188824,11.156484451155617,-11.501296926607854
955,-3.1130236810608163,7.489123778171585,1.0796361447692293,20.427455733867617,10.767837175381395,-11.806288716966167
956,-3.1449979709113056,7.534091753700961,1.611272861660149,19.458899786607674,10.369398536691206,-12.087342293146515
957,-0.3750746712316936,7.596541968948928,2.1269825216608895,16.265230689989806,9.962014355838294,-12.34166961611968
958,3.536422728281599,7.675890588478354,2.6239917200572593,11.948672222362589,9.546620562283227,-12.566981751907491
959,3.611765177204689,7.771474750286079,3.1004995095719634,11.521523376247387,9.124215572377794,-12.761984206305534
960,1.4858083399055189,7.8825905557831515,3.5552717826400615,11.260650425650425,8.695821615196191,-12.925963303064485
961,1.4492561819031395,8.00849286912875,3.986738763644553,9.537588665403504,8.262484685506829,-13.058181160582816
962,2.7998824432238933,8.148373140026122,4.392973861538367,7.823824099319509,7.82527620449067,-13.1580667716559
963,3.6791820545553917,8.301357793231308,4.772206368734508,7.371002056824679,7.385280234063102,-13.225430741198899
964,5.386261404525729,8.466520231275089,5.1229536232494155,4.8099499716747545,6.943580821744077,-13.26027540834235
965,8.481712890200443,8.642888034781269,5.444070254612194,1.9117159267262593,6.501261873506945,-13.262920172303744
966,11.149833624653626,8.829458248249235,5.735074253826582,-0.8269124527880791,6.059386143590494,-13.234364785578073
967,11.86784715294041,9.025226318369707,5.996286699139501,-1.770793444741571,5.618970887801741,-13.176315733739301
968,14.151454434958767,9.229210694858535,6.228475340455484,-3.448935455787705,5.180965094674541,-13.090895901543309
969,14.710317705418067,9.440458007733406,6.432794831737638,-3.8460575647549575,4.74624449436552,-12.98048745153336
970,18.309870672106726,9.658063683641045,6.610760763182535,-7.198302796150664,4.315599264572317,-12.847651366493373
971,17.257073809702284,9.881175391945575,6.764443319975877,-3.8814746991938875,3.8897344032659618,-12.695377487140487
972,15.069497023063825,10.109026571639436,6.896225860306178,2.909884402911487,3.4692407654296176,-12.526533555702207
973,16.899773035584662,10.340923782632654,7.0079428317764325,4.8920243314069864,3.054632166219148,-12.342358347218951
974,17.98829285366608,10.576222760424532,7.1013071848213905,7.536687559029204,2.646416875615021,-12.142661814705214
975,23.580624242765037,10.814344261620747,7.17839642861513,3.3211680453078145,2.245121378572134,-11.926443538579223
976,22.06994613755168,11.054782522332207,7.242211132151111,6.071928304235115,1.8513206397097393,-11.69281631315862
977,18.489413140138367,11.297158337097487,7.296287653060727,10.705014159276828,1.4656002910282258,-11.440992513256141
978,16.201187030143174,11.541201699202922,7.343333478078842,13.144330692012048,1.0885878054926632,-11.168970601426293
979,19.289508497784468,11.786713902302743,7.385111063705718,8.965991110445927,0.7210022509331395,-10.873583936846938
980,22.794346242754322,12.033542436783303,7.423429044452607,3.3441714142261816,0.36368220970286735,-10.551813752076914
981,18.6780479373719,12.281609171932917,7.461003261152586,7.2082980993058925,0.017548000794678664,-10.20199079163743
982,17.23912974943941,12.530942654193476,7.500385036876462,7.704828481325748,-0.31645050973962796,-9.822602567878908
983,20.07418125353087,12.781634841058015,7.543225656091055,3.203946496399354,-0.6372921703972485,-9.411387015635329
984,21.371930944421333,13.033824364599546,7.591309656616918,-2.0511922997743284,-0.9438763107819832,-8.966580150114265
985,24.659510667662115,13.287722151499143,7.646961353997472,-10.631933930724074,-1.235064180404866,-8.48777543046428
986,21.34033801011916,13.543621788199378,7.713111656848604,-10.501629293514576,-1.5097280061462686,-7.9765348542674435
987,19.64453468062564,13.80192959528905,7.7926109677430055,-10.331878587683264,-1.7668331706893623,-7.435592875827263
988,19.122647948772357,14.063129186048911,7.887487486432105,-10.991430125083276,-2.005434197868086,-6.867560255176368
989,16.80470030431353,14.327762094384523,7.999362384848254,-8.841118636702483,-2.2246705210344535,-6.275046874206285
990,16.528869065628754,14.596420011705462,8.129356352197048,-10.147676674610125,-2.423770656148505,-5.660372853721974
991,17.397270785575202,14.869719184530993,8.278125074927516,-12.717765944785818,-2.602028711282585,-5.025670638735584
992,16.62781584186842,15.14829501670063,8.446331765821071,-13.686779800073978,-2.758815365397544,-4.373593026933678
993,13.295379884966126,15.432807968919064,8.634572286146494,-12.156325899989199,-2.8936015797448302,-3.7072692671646235
994,12.01392346742849,15.723933169110396,8.842748803518496,-14.779701511237526,-3.0059666498751856,-3.029701763213173
995,12.757700283566782,16.022324555820298,9.069991789930896,-17.019474499897683,-3.095581697292375,-2.3440186869526336
996,10.639221912375856,16.328599288439122,9.315264100604299,-15.881398434435411,-3.1622345623386945,-1.6540413371755136
997,10.62321832507717,16.64334216252725,9.57723425404458,-16.562921913762516,-3.2058511197707427,-0.9637316002329754
998,10.073547566058467,16.967081572042094,9.85416101937119,-16.41481031210278,-3.2264833356875595,-0.2769670746856212
999,9.111657695271752,17.30028623048533,10.144124104728096,-15.092582920092674,-3.2243155914164507,0.4023048752283853
1000,9.147396868263185,17.6433565123573,10.444880756416328,-14.877570271180751,-3.199663010672334,1.0703582739126127
1001,8.931833136871566,17.99661161424642,10.753949936205984,-14.675566080754493,-3.15295837315561,1.7236917488006376
1002,9.023301475576249,18.360286508104366,11.06872032027157,-14.55359344939314,-3.084750227418958,2.3588553277397084
1003,10.083702197991483,18.734526302264523,11.38645552229784,-14.068516079760776,-2.995701351306296,2.972430126900416
1004,14.181614163364648,19.119383542924222,11.704480711976775,-16.700123759981118,-2.8865882189589303,3.5610641477467753
1005,10.25468189627903,19.51482501639631,12.020775232906118,-11.054395391165542,-2.7582970747898443,4.121056730378281
1006,15.175573037593042,19.920768558451297,12.333227821486243,-13.706609795071167,-2.611851103600378,4.64912011927656
1007,12.998847711617433,20.33704020449539,12.639755850311634,-9.307713665110647,-2.4483557335047403,5.142370847553592
1008,6.954976352682078,20.763418948472072,12.938562490639054,-3.187093572391305,-2.2690263804301387,5.598139095058321
1009,12.591084242575832,21.19961103720466,13.226503187174217,-7.534561232281504,-2.0751464605008523,6.015268340043976
1010,16.664833831066023,21.64518582761702,13.500244482869128,-7.950887216337279,-1.8680084910938737,6.392810235665209
1011,18.47933379333524,22.099627336062603,13.757765678895364,-7.449403130043478,-1.648959111456505,6.72904841522938
1012,15.765562913904464,22.562370206210044,13.997787838658429,-1.09821946535601,-1.419405263411915,7.022215800177913
1013,20.730559153969566,23.032813191973165,14.21876191431009,-2.618610584191458,-1.180811391444644,7.271497611687807
1014,21.768582264205726,23.51028766716405,14.419334853633892,-1.5136434231956883,-0.9346387559660612,7.476727806672417
1015,23.967514625971997,23.994102182215425,14.598905310173684,-1.5285023772331527,-0.6823628709998163,7.637606481566489
1016,26.448708483092517,24.48354802117563,14.757210334530466,-1.4641173842416322,-0.42546499052829523,7.753921714017489
1017,27.269215341378533,24.977916204517456,14.894538197139173,-0.5573249843502452,-0.1654347567319837,7.825393230954864
1018,27.461280790527457,25.47651723431824,15.01152184373872,-1.1735977342181059,0.09622789153536235,7.851808307263943
1019,28.462800982673873,25.97868432743337,15.10879713509528,0.08863001276306193,0.3580191304189458,7.8329198418166825
1020,25.269870246150635,26.483770376657926,15.187028604401487,6.035227961205308,0.6184225476564744,7.768498949693539
1021,28.600703257659276,26.991152901060136,15.246405135897536,4.020035081482476,0.8759190603985151,7.6593110640283815
1022,28.362921505328824,27.50019738571776,15.286985563720243,5.358523084528898,1.1290432852583665,7.506629214346277
1023,27.642634012014128,28.01028527197482,15.309137521006821,5.358793711930176,1.3763610080216002,7.311549872009223
1024,28.30132023192379,28.520806553784883,15.312934626277936,4.024930625939831,1.6164799433923147,7.07529416807814
1025,27.386174966349344,29.03114758039335,15.29828957076905,4.4301854250822,1.8480472858934762,6.798812442222012
1026,26.689559713250574,29.540692525169487,15.264925104970253,4.610197903373603,2.0697341062071155,6.482846806953637
1027,29.20252308399835,30.048809254058032,15.212172647234752,1.5873854977407973,2.2802370730237187,6.128159005452176
1028,27.020728727748022,30.55483736831847,15.1394823825032,6.396620572624428,2.4782780399039273,5.735023782081033
1029,21.631465419928837,31.058108079558245,15.046202935574353,13.617290741985542,2.662571991829121,5.3039207750722905
1030,23.702313753865614,31.557917564023427,14.930407011682298,13.424207179463465,2.83187275824208,4.837061644267178
1031,27.12108849381312,32.05346854700373,14.789524699377097,13.736198128665507,2.9850427681135994,4.33765048808837
1032,29.045005708618106,32.54388587731523,14.621654394824617,14.035858930520533,3.1210494574479712,3.8088611345948653
1033,29.937303027242386,33.028245506658706,14.425542349432874,16.06286578237308,3.238966843753257,3.2539153646583663
1034,31.499998245217945,33.50558870061076,14.200208640788254,16.745707955656655,3.3379771484251957,2.6763431810859273
1035,33.78767203300916,33.97492608271126,13.944895402234714,15.88608294887679,3.417389722492319,2.0800452900587807
1036,36.959981090595285,34.43524839409307,13.659276552541648,14.237814822200392,3.4766468344291144,1.4688695778178573
1037,39.29879229946224,34.885544519547366,13.34369968038338,13.576374103895532,3.5153143610135094,0.846270380372971
1038,39.041222284984556,35.3248283727853,12.999196480076876,15.41972038473773,3.5330648597873124,0.21534401286745553
1039,41.97582097685553,35.75215761821916,12.626975848817068,14.39014142261557,3.5296706285380064,-0.42064584686245743
1040,39.55063232202201,36.166626762706436,12.22851589693196,18.691659433507184,3.5050218033298153,-1.0583166466422167
1041,41.94517647403078,36.567392011347955,11.805245307804988,17.694608552139627,3.4591161854285253,-1.6937951190531253
1042,42.50117053400174,36.9536431165601,11.35846698060135,18.826076538579798,3.3921021287262736,-2.3227061228837753
1043,41.43481100955125,37.324623143388045,10.889805535369561,21.831732331712686,3.304269110569607,-2.940637737351084
1044,48.08999057465289,37.679630152251406,10.400697097507958,15.94413366764583,3.196059612902868,-3.5425398153244703
1045,48.2841289653939,38.018002949888576,9.893300907331621,15.218806947362523,3.0680997895479756,-4.123761609490247
1046,49.18445638104884,38.339183546073514,9.370691607904753,12.24037977764074,2.921142172270185,-4.680600611436915
1047,46.98320391176269,38.64271572374889,8.836008514808604,11.935627387252609,2.7560597487855145,-5.209864188946842
1048,46.72176356278616,38.92825078039409,8.292104596667187,11.214065957977311,2.573817893007062,-5.708801525366269
1049,45.63136998525097,39.19552269686004,7.741379018074213,11.432142835833602,2.3754729804277632,-6.174762771412592
1050,46.25872078346398,39.44434271493237,7.1859477189586585,9.737375275940153,2.162167041579556,-6.605116352998001
1051,48.09779387370926,39.67458587812395,6.6277810395723336,6.531778701717258,1.9351318902278964,-6.997389070008783
1052,44.948444820508314,39.88619478423719,6.06914484546536,7.200704291445774,1.6956744369123038,-7.349770938441825
1053,44.94204960478889,40.079195534488306,5.512044456551912,6.495409863020598,1.4451471609984414,-7.6607598147782605
1054,47.57360164997509,40.253664414673985,4.957955759588799,2.337287848323612,1.1849571159270864,-7.928786101729656
1055,49.387979648659794,40.40972591846089,4.408690364827699,-0.1578896394057523,0.916561420883131,-8.152927458793945
1056,49.91985458598334,40.5475771056625,3.8666718523078814,-0.7429741173385054,0.6414286186741568,-8.333172305077305
1057,47.48461758207574,40.667504041948085,3.3346289899794,1.6617370539657514,0.36101660054464396,-8.469886278029449
1058,46.8277143221211,40.76988570499446,2.8149691790693154,1.1985813500321996,0.07676953347219345,-8.563081821406254
1059,48.36315709706028,40.85516865388604,2.3096069543191433,0.023819129592467903,-0.20985552088243953,-8.61239869885597
1060,50.62097554856404,40.92385950194907,1.8205595852230516,-2.747536843428705,-0.49739037978487116,-8.617635346293874
1061,50.30064338638508,40.97653929290091,1.3503855120336539,-3.01915368101794,-0.7843645439686978,-8.579091617909054
1062,50.40910568002569,41.01388520275131,0.9019132357517279,-3.029790936167231,-1.069329820978808,-8.497434434369017
1063,51.306193713497635,41.036666841951025,0.47792636478387607,-3.591753667351128,-1.3508601729266323,-8.37328763943604
1064,49.77230377034611,41.04574696040357,0.08134909416842362,-0.7180961858375952,-1.6275489969412107,-8.207275984604944
1065,49.07108437543265,41.042090114895586,-0.28499381294569304,-0.2691043304385943,-1.8980119052336286,-7.999597458294826
1066,49.45783849194871,41.02674737287386,-0.6186107659758733,-2.652771413760817,-2.1608554941608658,-7.74987460023567
1067,45.24217896350516,41.00084939716386,-0.9170541107954833,-2.136091653456262,-2.4146702119160066,-7.457938337044682
1068,41.07500978544596,40.96561043215416,-1.178439428091238,-0.23898159204703973,-2.658051383297178,-7.123820392498543
1069,40.87072458273825,40.922286768624446,-1.402119754049842,-2.791783508280261,-2.8895915714159095,-6.747119619825462
1070,42.47298705385977,40.87213578188417,-1.588086488145457,-7.489577026719289,-3.1078593579522087,-6.327461753259332
1071,41.72923474424442,40.816414336081415,-1.7361092473794315,-10.01962827371532,-3.3114223549665316,-5.8654838204206605
1072,39.43748238091971,40.756395165392206,-1.84581424275148,-10.157871795752449,-3.4988916126469194,-5.362834919512882
1073,38.42093972507906,40.693360053231316,-1.9172618611706227,-10.971661718272244,-3.668944682934057,-4.821502783130532
1074,38.61077668685789,40.62857770798083,-1.9509861424736386,-12.630701703157158,-3.820325131522288,-4.243563549095322
1075,37.96575043772576,40.56329431039974,-1.9476250528521888,-12.967882111859566,-3.951848919540412,-3.6314132730256277
1076,37.210772912117875,40.498736037790685,-1.9078649051480312,-12.78597170364214,-4.062419349723997,-2.9877027847566273
1077,36.4564043969321,40.436103316723205,-1.8325808883503925,-12.788983146539344,-4.151029105190854,-2.315070003154358
1078,34.22291843683417,40.376563978567326,-1.7228537212147188,-10.333612339195142,-4.216757349934287,-1.6160966258094156
1079,33.93361607040986,40.32124640197556,-1.5801902563362447,-9.782644072714653,-4.258768880244815,-0.8929767281699519
1080,33.21899208004372,40.27121796147824,-1.406455411479186,-8.119020145608168,-4.276289131812284,-0.14744131469949462
1081,33.680519897901355,40.227482707876945,-1.203647725457344,-8.217957404219327,-4.268598301224781,0.6191167778212847
1082,34.91173056287132,40.19097477978109,-0.9737894302054784,-9.637438326085714,-4.235014679957532,1.405538846925971
1083,35.01800232838926,40.16256341252991,-0.7186391110380796,-9.53363375209178,-4.174895711429716,2.2104342601174753
1084,33.96606351173856,40.14306550571188,-0.43974681277383354,-8.409420686081376,-4.0876523959497,3.03220280687452
1085,33.447034822337834,40.13324695834499,-0.13879607896285506,-7.976360932274666,-3.9727488576380816,3.869404972716035
1086,34.14173477734606,40.133812433781024,0.18230029964026784,-8.393346168958836,-3.8296920644352976,4.720802753638229
1087,34.29721957901943,40.14540031165434,0.521657030972591,-8.300597910422049,-3.6580286740621997,5.585122176637299
1088,35.36984384269096,40.1685895691792,0.8775134402485207,-10.226165871889513,-3.457350585992811,6.46099425424886
1089,37.25392664139426,40.20390120767091,1.248286303999251,-12.158342416190152,-3.2272957237789424,7.346722086258364
1090,34.269088734305306,40.25180865611248,1.6328233689549165,-8.7493671130716,-2.967569113575587,8.239971065580544
1091,34.63292251146933,40.31275609893457,2.029796322047126,-9.098958087894232,-2.677964319406906,9.138553356965023
1092,34.31105021434103,40.38712841091562,2.437470913631934,-9.154437594624468,-2.358332223111252,10.040654376043998
1093,36.376456529866616,40.47525415984337,2.8540990114661113,-11.044404548377521,-2.008587361003973,10.944308708513672
1094,34.28691975308737,40.577401678346696,3.27816758714075,-9.113198812415575,-1.6287116425436738,11.847162109564094
1095,34.96730792488266,40.69379866565275,3.7081317298988736,-9.953996443671699,-1.2187765536997,12.74675797036284
1096,33.426856675228485,40.824610460339954,4.142204487118768,-8.290301620777456,-0.7789277778528179,13.640684381615705
1097,33.80571378705471,40.96994563146067,4.5784342522002675,-8.41858958655805,-0.3093975949253196,14.526525435915822
1098,30.898811626672625,41.12983941048664,5.014655622997353,-5.731987503194716,0.18950725120823697,15.401958317704434
1099,34.09541454867902,41.30425600632716,5.448281882732928,-9.136359122599288,0.717399626254976,16.264896630251815
1100,34.4994540148919,41.493058202668834,5.8767196810734745,-9.679197140907085,1.2738336932250247,17.11299455557234
1101,34.968662992015844,41.69603731839872,6.297857080329834,-10.873487040706998,1.8582659299597986,17.943158074212256
1102,34.572294714747734,41.91291534135749,6.709653738128871,-13.301242634886641,2.4700442315058417,18.7518652020828
1103,31.66005072804334,42.143347567607314,7.110017709921479,-12.279682743948712,3.1083902767653186,19.534877468881035
1104,35.37872635201345,42.38691652201892,7.496298536482762,-16.049521614187697,3.7723693960979108,20.287561403149294
1105,34.01532060459834,42.64310080337283,7.865895191793939,-14.041158035026015,4.460894370308605,21.004681198890506
1106,34.3847349965724,42.911309534805184,8.216482569606036,-14.039715379219068,5.172681476023945,21.68053799391368
1107,35.11155627130924,43.190866308013234,8.54550977627639,-13.75805846880698,5.90626356990285,22.309523559268648
1108,36.12497432135582,43.481010186556944,8.850507476989442,-12.740640981406301,6.659983046641854,22.885856833726443
1109,37.627996192883685,43.78090013981253,9.129180398834364,-11.270192669929479,7.431987358817946,23.403728766226713
1110,37.41918432884644,44.0896222131459,9.379519730101116,-6.966247488431058,8.220231631056969,23.857473378530884
1111,37.71647690425015,44.406201455152605,9.59961860914202,-3.5504473950014983,9.022485584053339,24.242051345843237
1112,37.80278501996566,44.7295967870887,9.787490347799093,-0.1773296373100237,9.836368387446518,24.55333477708706
1113,41.26958217029546,45.058700811672544,9.941110134504001,1.3935286172826125,10.659374569192476,24.787964986125814
1114,40.91264876360237,45.3923374627223,10.058884484734811,6.394018413551535,11.488899386521572,24.94307505858587
1115,42.572002939881386,45.729293110654865,10.139583807032047,10.06781722640882,12.322246239764867,25.016529519972313
1116,42.599461737299904,46.06830971652444,10.182072464343896,14.353750020086622,13.156668021186393,25.00723551028491
1117,44.49549278050052,46.408097941611125,10.185365134055075,16.37843145290799,13.989395273783861,24.9150357994899
1118,45.804850913233885,46.74733405879478,10.148661581192684,18.894126060228317,14.817670407819053,24.740463651951092
1119,48.94381355894769,47.084675380357304,10.071537247286315,19.110379166313862,15.638759517247268,24.484480501792028
1120,53.08542041237705,47.41876987528053,9.95412844113563,18.013134379547523,16.44996910793852,24.14820876589151
1121,55.51577364848829,47.74828394309968,9.797554265550623,19.94802787719503,17.248640101640035,23.732397128828193
1122,52.52027943523205,48.07194015965057,9.603812409367087,24.703172224699202,18.032128916527068,23.23767944245132
1123,55.16445258553689,48.38853810372415,9.374719395618456,24.313195263670423,18.79781873113679,22.665449112309997
1124,56.19163128587207,48.696921452691804,9.111944297726602,25.3987820104675,19.543158857347734,22.017518288227436
1125,57.72164173795816,48.996001056905925,8.81760919171299,25.766463211279913,20.265653283685285,21.295577865096433
1126,56.73788021505778,49.28476206547267,8.494126082555553,28.490887750586808,20.962864048354163,20.501316571720718
1127,57.73781590255326,49.562276129076295,8.143900790449194,28.415928191522582,21.6324077218,19.63667182687189
1128,56.28889220094634,49.82768878483595,7.769257334266513,29.17043438387691,22.271975503478956,18.70377179145196
1129,55.45761796698547,50.080226618027396,7.372372232782958,29.944634160964213,22.87932584123013,17.704651008565904
1130,53.10042151010034,50.31918026702148,6.955005913400036,32.23564161418702,23.452285570716683,16.641385923846972
1131,52.22992069959415,50.54389367892073,6.5183715843287615,33.440905814203305,23.988751569486595,15.516333271651792
1132,50.86000017413119,50.7537383726434,6.063133539061667,36.175193000789946,24.486707788826802,14.332204716043577
1133,50.06651110452219,50.94810258152484,5.589558295240629,37.36048385989763,24.9442318838895,13.092143920752353
1134,52.51472862005516,51.126375592326106,5.097530559486323,37.51704343881842,25.359517383543626,11.799735317941202
1135,52.38568693425516,51.287937952157264,4.5871256884558775,38.431602661901564,25.73088090508558,10.458633087270481
1136,52.82456230459989,51.4321839715565,4.058713371473992,39.689916585489016,26.056759589361658,9.072533709738178
1137,55.202099267013296,51.558518843588864,3.512663896437651,38.8658683430188,26.335716485734793,7.6453530961976846
1138,55.50459904013408,51.66636156465234,2.949726122478147,40.33875306671408,26.566449795774837,6.180981793350124
1139,57.62239317484339,51.755167251754074,2.371012613840371,41.09086408257154,26.7477819386248,4.6833310392810645
1140,57.60472611315468,51.8244290722417,1.7779665961822388,41.72689223991324,26.87867186506024,3.1565816591527884
1141,57.20966817320708,51.87369835816622,1.1723200840707193,42.31868517812569,26.958220715901653,1.6050744695781205
1142,56.3518079316174,51.90258374451308,0.5557260930160979,43.05565955705205,26.985676829698782,0.03330157435719627
1143,55.93609263345182,51.910746764367296,-0.07036029519312592,43.62249549067141,26.9604408208588,-1.5540632437209823
1144,56.023045437062336,51.89789305816687,-0.7046788916887081,44.013245238316614,26.882072613450717,-3.1521526522856647
1145,55.20352878955935,51.86376817158805,-1.3460176978562188,44.742447929267996,26.750297310706422,-4.755941517486271
1146,54.665951980915665,51.80815854497646,-1.9932666632502816,45.4923660151305,26.5650098456183,-6.360206917018019
1147,55.04593728838634,51.73088372737136,-2.6455041967367166,44.25359046898916,26.326283516238554,-7.9594588317806725
1148,56.33928853992704,51.63179159852734,-3.3018123811797295,41.566142757363494,26.03437925683292,-9.548216885082148
1149,56.435772636063646,51.51076290195938,-3.960998244100651,39.63351343401777,25.689735723899744,-11.121505632994335
1150,56.435498411231144,51.36772504892063,-4.621629408682004,37.62867488990533,25.29294554796663,-12.674941991930382
1151,56.072969970879505,51.202654274713915,-5.282219924139184,35.71786791493331,24.844739591104386,-14.204618136238683
1152,53.023056604351886,51.01557705397802,-5.941291972821006,35.55014825050759,24.34597100555072,-15.707082853186893
1153,51.70364256122948,50.806568143192514,-6.597822810098002,35.37667367438546,23.79760073422526,-17.179053194550384
1154,52.996995969529685,50.57572219997149,-7.251380521837234,31.252714806315055,23.200700792580694,-18.61714123644921
1155,52.26709005700996,50.32314277507003,-7.901471661714048,30.313656532455497,22.556457985128645,-20.018427789227022
1156,53.71250450252917,50.048957422523884,-8.54744711090138,28.68709202018657,21.86613893996556,-21.380561985104816
1157,52.715195494821295,49.75331296767661,-9.188473021554273,27.407795144630498,21.131087186121658,-22.701376018013324
1158,51.43680620807104,49.436392554420266,-9.82356417641796,27.10129990066595,20.352713872098004,-23.97892223438026
1159,50.201939785442974,49.09840868924874,-10.45198267016243,27.00041685917411,19.532492370496307,-25.211263741787224
1160,50.144192063795934,48.73959370974277,-11.073266938767503,25.46456792532618,18.671962955978856,-26.396286511064257
1161,50.262655746289695,48.36019089333091,-11.68704401737589,24.24145784236542,17.772739936425356,-27.53186996731973
1162,48.92701764575377,47.96045744191771,-12.292822137767203,23.291032542524988,16.83650495815754,-28.616042120074727
1163,48.537383626828166,47.54066941747976,-12.890174669042729,20.616685361241522,15.865003795087041,-29.646881251767
1164,46.58357995561164,47.10111246398153,-13.478809667593978,21.06833433561779,14.86004620803974,-30.62272097225123
1165,47.45244831896161,46.64208210630683,-14.058655877953825,19.560265960566625,13.823489063603626,-31.541931507779204
1166,47.02684011933123,46.16386873878461,-14.629669755048056,20.19813806579434,12.757250774187794,-32.402736598567145
1167,48.79309754017384,45.66677078930363,-15.191602469567513,18.986627877435367,11.66330662369915,-33.20317669438274
1168,50.03130571130748,45.15109524081344,-15.743860803323706,18.134602791733414,10.543705661228945,-33.94105632204756
1169,52.338458232632014,44.617180069082046,-16.28525416505191,15.579063572332572,9.400569535562646,-34.614157701560835
1170,50.16863415158752,44.06541162980998,-16.813908683205234,16.8534847508068,8.236095147791556,-35.220433291471224
1171,52.21793108136953,43.49625282353503,-17.327768621414705,13.716841756418134,7.052540649464564,-35.757682908437815
1172,51.15436815205619,42.910227055049,-17.824629481420118,13.926828024134721,5.852249620562368,-36.22363412844447
1173,51.43022414124974,42.307944191440356,-18.301968405241027,10.677869401927381,4.637631707568266,-36.61609524480078
1174,50.20072442639363,41.69009582803293,-18.757202964466266,8.093427416373387,3.411176604242316,-36.93296735054081
1175,48.58074075358814,41.05746399380927,-19.18771110335488,5.796895018632782,2.175433884198879,-37.17265598593787
1176,46.97988852224896,40.41091508780927,-19.591108541770872,2.5190890481490555,0.9329995385131247,-37.33392636913391
1177,45.88341518131211,39.75139009102455,-19.96529972835205,-1.1253585298645135,-0.31349454041004865,-37.41600412487345
1178,46.22582387941013,39.079895105919135,-20.308395994191812,-5.835743760450725,-1.5614007364784386,-37.41877412396698
1179,44.30238232160184,38.39749702474509,-20.618422875743043,-9.655858715381513,-2.8080794820078476,-37.342992697581444
1180,42.24054536695597,37.7053335808696,-20.89343968568972,-10.661829698508384,-4.050933582983868,-37.190313731939625
1181,40.14284262284389,37.00460104569911,-21.131893956585515,-12.361351141618414,-5.287433730803823,-36.962738564306306
1182,38.414787450461496,36.296540650430565,-21.332644627532815,-19.620152875354,-6.515116153937622,-36.66230215923497
1183,34.87461832849997,35.582424737196924,-21.49491004611768,-20.241270288838066,-7.731587208086154,-36.29200517554393
1184,32.26537289852412,34.86354664735605,-21.61848047647485,-22.724806190311092,-8.93458316564055,-35.85565658342796
1185,30.09056526407896,34.14119270543193,-21.703847525773163,-22.93401770603846,-10.121964313648018,-35.357167241926604
1186,30.054563752269345,33.416623478971175,-21.75199988667668,-23.546064876801317,-11.291727648435657,-34.8004929732689
1187,29.966366753823348,32.69105937965349,-21.764039843524507,-25.194985425936984,-12.441997178532612,-34.18936120978685
1188,27.180666841564914,31.965687489402875,-21.74087251097225,-25.250309079825065,-13.57101839575478,-33.527490600684054
1189,26.646128892295486,31.241667878922005,-21.68361460137257,-23.74915580694867,-14.677163218578215,-32.81851428436549
1190,29.53843970161989,30.520113182644703,-21.593661026413553,-22.756521107489775,-15.758919348045813,-32.06551802636406
1191,27.48047906588696,29.8020904771611,-21.471841130948572,-17.237504658508882,-16.81486442033582,-31.270891413854393
1192,28.312976494067474,29.08865710724813,-21.318646121353737,-15.731877108621568,-17.843645442302773,-30.435737854596834
1193,28.945827025257,28.380847402404186,-21.134536572372404,-16.38430279220794,-18.843913610642275,-29.55980617119744
1194,29.154682165655956,27.679688002423305,-20.919543815746522,-18.944650907180304,-19.81429918704927,-28.64241658862552
1195,29.841735152459453,26.986211148021084,-20.673364502487388,-23.065209435240483,-20.753408049883976,-27.683074038077997
1196,29.826762250227134,26.30146370225748,-20.395354674169592,-25.477964962761057,-21.65983745625447,-26.68199297117635
1197,28.524080245298567,25.626520836409778,-20.08456548719419,-25.634304987869783,-22.532207581295733,-25.640084923031115
1198,30.731965289386114,24.962492669777866,-19.74004184719668,-29.845502736519144,-23.36917645112321,-24.55837894766466
1199,30.956068314693987,24.310518046596666,-19.360494945751903,-33.71366661407418,-24.169432844473377,-23.438299379625533
1200,28.418199306658362,23.67179300672774,-18.94407863921593,-34.03598747103437,-24.931729743098245,-22.282228514571383
1201,23.903147781328528,23.047579470648937,-18.489098916357527,-34.22033203619829,-25.654914745444803,-21.09293942786067
1202,18.56829999461155,22.439186412303904,-17.994722750132173,-34.50919630275147,-26.337925704955623,-19.87305964249689
1203,17.82592123897693,21.847931287306793,-17.46139852556535,-35.102428133114664,-26.97978538827793,-18.62507794406204
1204,17.312691392425315,21.275093177266214,-16.8902999352688,-35.56199796186427,-27.579597567893092,-17.351417276502712
1205,19.186705933872748,20.721911291622206,-16.282614280408545,-35.92225379132325,-28.136546540044776,-16.054472498313892
1206,16.45344277342185,20.18958555857231,-15.639159068336106,-36.288460966980125,-28.64989573444735,-14.736588364874983
1207,15.579982048296602,19.679300687066466,-14.960718161147568,-36.74145285211411,-29.118985764369775,-13.400058502453245
1208,13.33807763280205,19.19220434782914,-14.24845671072628,-37.051325282761034,-29.543232967944235,-12.047152263113077
1209,9.625079594100669,18.729403573018047,-13.503854818239951,-37.450127905942274,-29.922129248577313,-10.6801195972829
1210,9.648272770969028,18.291947359946477,-12.729136841139557,-37.84817738302694,-30.255240941096428,-9.301196407709238
1211,9.789582601692398,17.88079445027541,-11.92694194932745,-38.22336783721618,-30.542209009091263,-7.912631213664039
1212,9.736599441568158,17.49681789665798,-11.099758660505401,-38.59018810223666,-30.78274968867403,-6.516695309703255
1213,9.63178157811038,17.14081053957505,-10.249944120331325,-38.98427718002168,-30.97665536307148,-5.11569188733997
1214,10.482846529168803,16.81348828863589,-9.379768902473558,-39.42812660530235,-31.123795814496695,-3.711972683915743
1215,10.096741905387715,16.51549261274348,-8.491290999121244,-40.472494384980095,-31.224120208665862,-2.3079633258588217
1216,10.684044503141218,16.24740222202781,-7.586406275475213,-41.09105427075754,-31.277660036220617,-0.9062739424457611
1217,11.553832190832567,16.009732194378465,-6.666896499761599,-41.05997247493266,-31.28453847149558,0.490260935697755
1218,10.25037359068135,15.802942455377035,-5.734251559604955,-41.092653729496945,-31.244975973840766,1.878728402887866
1219,9.430426178553647,15.627448757071468,-4.789959738301057,-41.03924460028317,-31.159289911303055,3.256210455398403
1220,8.691021557847987,15.483611806156965,-3.835768228243417,-40.90577380366629,-31.027895276814206,4.619773547026185
1221,8.483700843502739,15.371730875188574,-2.873608615975547,-40.860698880778386,-30.851305008167976,5.966479640641467
1222,8.608891841128862,15.292037898425262,-1.9055152425052846,-40.77607580926056,-30.63012996743811,7.293371451197697
1223,7.266431621477576,15.244696525688221,-0.9335061742269701,-40.67761480660617,-30.365080244754797,8.597451831396477
1224,6.45149477876541,15.229804153476797,0.04023840192819428,-40.791209002567555,-30.056966512011677,9.87567855619334
1225,6.3543215260008195,15.247379085816767,1.0132267432243847,-40.6588964558518,-29.706701674341907,11.12492191942275
1226,7.776412367084928,15.29735260302509,1.9828310750668798,-40.420409413702416,-29.315305050716827,12.34195709591173
1227,6.250960948274156,15.37956782415456,2.9466105966636924,-40.28422103181424,-28.88390453461446,13.523504112438935
1228,4.574929343615662,15.493793309469336,3.9020894804754125,-40.151530437346594,-28.413738109887564,14.666216359010384
1229,2.7723357846719208,15.63970712285292,4.846286619564415,-40.092683135013786,-27.9061567773471,15.766653143415734
1230,2.1232095559308224,15.816879084106963,5.775664943761116,-39.4465897398102,-27.362627900326515,16.821256862155245
1231,1.507515538781793,16.024751452436995,6.6862747626617125,-39.15325847925713,-26.784739653203417,17.826418435493636
1232,0.7084467477806202,16.262630734951077,7.573921047047776,-38.76869229683789,-26.17420000462694,18.778501720979772
1233,0.28871026763471774,16.52967952224018,8.434132104743934,-38.3254761344045,-25.532839538471432,19.673794659061112
1234,-1.0790200121743,16.824906208600673,9.26217992029784,-37.16636574413241,-24.862613694022865,20.50852212285669
1235,-1.1855054411836532,17.14715818359337,10.052987065958074,-36.48060964181959,-24.165604730280986,21.278952219256286
1236,0.7113296494722113,17.49510534633121,10.801165074009624,-38.04163170931466,-23.44401687940578,21.981424080125294
1237,1.1634344624240027,17.86723585519401,11.501492045803854,-37.92824725840069,-22.700176458272633,22.61193573443874
1238,3.479093743870103,18.261871482718135,12.148988298407986,-35.59843215686767,-21.936554497109864,23.166052031295585
1239,6.218047794514712,18.67716840842121,12.73897170207901,-32.87354290622789,-21.155772989519594,23.639476966153747
1240,10.186466114490699,19.111136262856736,13.26739132127381,-29.268411767350145,-20.360589366032947,24.028436524621508
1241,13.96527829007587,19.561661163172797,13.73106733508127,-22.360908248540383,-19.553877221211494,24.329863631712243
1242,13.08310708980921,20.026540751862154,14.12784042813211,-15.177217625818784,-18.73859845725213,24.542016260657782
1243,18.417979000282674,20.503517191714938,14.455845899668525,-11.84640210314766,-17.917742803834308,24.665006585080782
1244,20.455403352270082,20.990263811840055,14.71374111994713,-10.10415993286098,-17.094264684913412,24.70026701374815
1245,21.888129139998643,21.48443326637808,14.901136429411359,-7.191259040146491,-16.271058336251098,24.64973981488752
1246,25.161033749644258,21.983672907134146,15.018012323573213,-4.22201652204798,-15.450948697254244,24.515814621726353
1247,27.801683061672364,22.485634087949627,15.064901314145338,-2.3091753394462984,-14.636670694802675,24.301511391283714
1248,29.197810817577054,22.9879996614105,15.043066391513982,-0.2467924365480627,-13.83084793783533,24.010333020762573
1249,31.86860417966889,23.488505180717226,14.954221478691192,1.4480219014129574,-13.035981826751836,23.64613261984614
1250,33.665759508086275,23.984947759989915,14.800536130267936,3.7630401727027873,-12.254439096512254,23.21308397617866
1251,36.84707560225131,24.475207589401755,14.584696046937786,4.743016066887293,-11.488442895006592,22.715722733348098
1252,41.418459359942545,24.957260829785767,14.309980515008682,5.119335580640353,-10.740057580955714,22.158844385721768
1253,42.4075119094645,25.429206290402334,13.98067708054569,8.736462777823135,-10.011186602625141,21.547220919884005
1254,43.153082735788665,25.889305968488813,13.601758277920641,11.695096391071075,-9.30357618629678,20.88599848596207
1255,44.74981295204728,26.335990175597043,13.178315986811757,12.4060542388644,-8.618786703561003,20.181087457243564
1256,44.810675271063914,26.767860367609597,12.71565555173746,14.375086769560582,-7.958170355813876,19.438736830856254
1257,44.103554938888365,27.183700545712874,12.219198162053093,16.16993067335764,-7.322870914837253,18.665394059847277
1258,43.75526726724746,27.582473578413136,11.694142850436577,16.641883369796787,-6.713810751824058,17.867873588923917
1259,45.313766878620505,27.963310069075312,11.145410572931418,15.04657059629261,-6.131679342242325,17.05314190162406
1260,45.95984131985226,28.325500949941897,10.577986317192067,14.059589047154034,-5.5769346250491205,16.227821302110684
1261,44.952003266498444,28.668509156888117,9.997072406365621,13.391368472607112,-5.0498245887682796,15.397981044991674
1262,45.20557885446583,28.991972443699606,9.407712503689698,12.871546589839198,-4.550402555383009,14.569283377960645
1263,42.577416092340194,29.29568999046743,8.814739005858936,13.96067463292411,-4.07853903023757,13.747061236174009
1264,43.16695533909214,29.579621710756868,8.222537939474499,11.362509100018329,-3.6339318063047417,12.936587779488775
1265,42.068422371954505,29.843859186432397,7.6351047980837095,10.127396842583238,-3.2160998449383182,12.142775488876524
1266,40.001209452658806,30.088628697295782,7.056277872575851,10.566281093470778,-2.82441344037964,11.369838580945837
1267,40.43512767739651,30.314277711270787,6.489349009285057,8.5789430883746,-2.458110606208596,10.621752493973169
1268,38.84036497688196,30.521251964581452,5.937297227350005,7.266420315350487,-2.1162966074480956,9.902149692636941
1269,35.72903368458534,30.710097526427454,5.402864593438768,5.765781145573769,-1.797967293366133,9.214066645743575
1270,34.42549511563873,30.88144293747737,4.888034507414627,3.080670620878209,-1.5020254977318572,8.560023333287639
1271,36.23073445703127,31.03596649358843,4.394080306156241,-2.9718943278222127,-1.2272990711469571,7.941825960671709
1272,32.828056469636316,31.174381624554453,3.922301473153169,-3.0263936884585974,-0.9725704336870766,7.359896560292549
1273,31.66370508026607,31.297453258465307,3.4737163882572197,-4.523168343503002,-0.7366393004607872,6.813670298218346
1274,29.920750646037018,31.405962717104934,3.048625419402864,-3.765915681899642,-0.5183257471391869,6.302278700071806
1275,29.763778588124147,31.500694953092164,2.6468621745208587,-3.3432020909395277,-0.3164873871226668,5.824675775510588
1276,30.745761541248815,31.582420195406325,2.267947515394262,-4.176913877802079,-0.13001402877181434,5.379928520404791
1277,31.63469621282142,31.65189145411845,1.9114987452529064,-4.174031059780802,0.042174514237652616,4.966985071325525
1278,30.792803688708993,31.709853445089852,1.577388893977627,-2.8374409888399583,0.201118309316554,4.584616684702092
1279,31.336711734986114,31.757050713716957,1.2654790370994284,-2.89395348257527,0.3478156265511254,4.231744559619188
1280,31.57955809427684,31.794218714229814,0.9755703017095563,-2.935601783675324,0.48323461329116657,3.907434796198268
1281,31.11466510557514,31.822088733830928,0.707568261846987,-2.436652649878752,0.60831127963101,3.6106969464448113
1282,29.576988612935082,31.84138993168628,0.4613358013757285,-0.6080641989771891,0.723947743054154,3.3405698277658082
1283,29.0976107887516,31.852844453922643,0.23643100280715146,0.40295072272962784,0.8310159348153972,3.09640257336413
1284,30.9213140817066,31.85715199854009,0.03210743439455044,-1.6974130431678418,0.9303745812784293,2.877933455550682
1285,32.901327320606455,31.854984949548946,-0.15218377504796265,-4.167024594909989,1.0228781651854426,2.6847080616883674
1286,31.722392504509504,31.847006413536892,-0.31642619324303567,-2.322947928041387,1.1093551187243205,2.515563882489691
1287,29.47004516000441,31.83388986999941,-0.46048275696046304,-0.2643858266298338,1.1905824240180887,2.369218775296634
1288,28.737168231986775,31.81630756307286,-0.5847235059579603,0.5742003541257077,1.2673030370774294,2.244945991159782
1289,31.26330884729613,31.794908302935546,-0.6899578250009775,-2.1498274097866243,1.3402454900954075,2.1424261067856065
1290,31.654328297035175,31.770310374739463,-0.7767226395964499,-1.9682532123952114,1.4101314441964699,2.061037073944121
1291,31.28330045642252,31.743126793629116,-0.8451142466695316,-1.877805812344235,1.4776479616916822,1.9997575365432607
1292,31.33881858152494,31.713969424961494,-0.8952182703106004,-1.751351139004683,1.543448613299354,1.95758615667746
1293,31.293556364411145,31.68344557560841,-0.9271588736261194,-1.8358010852822275,1.6081537054701796,1.9335340257166511
1294,30.937871275943525,31.65215883338642,-0.9410498199043715,-1.701712336851429,1.672350881680464,1.9265990747175843
1295,31.480204939533927,31.62070892094812,-0.9370553028753292,-2.144098180345054,1.7365936437846852,1.9357674480697007
1296,31.323813136679863,31.589688479861397,-0.9153024320880121,-1.8963462134090179,1.8014020448851107,1.9599603463193915
1297,30.24505873334568,31.559688758808917,-0.8758516371209346,-0.8541376848302633,1.8672576668726446,1.9980508372722217
1298,29.975233998894442,31.531298370720002,-0.8189379429080645,-0.5043522784989705,1.9346054340365921,2.0490843788963176
1299,30.021100985880917,31.50509289594838,-0.7449882285828835,-0.6287730696866873,2.003863292132399,2.1122936143293938
1300,29.416599851124214,31.481632488814476,-0.6544545577968641,-0.31230356054526,2.0754250083252184,2.186924385383564
1301,29.69063087217457,31.461462592095256,-0.5478646790016128,-0.5430946883943335,2.14965825115797,2.2722301517673404
1302,29.482751469928733,31.445108176881035,-0.42578899441554796,-0.30225899165677106,2.226907018443041,2.3674554337101306
1303,29.66404070245134,31.43307665913422,-0.2887826381000558,-0.34723970966680895,2.307488613405312,2.4718237193550197
1304,28.814501767919726,31.4258560010077,-0.1374004770820214,0.6741342643824453,2.3916952664000424,2.5845641511966666
1305,29.561748699843683,31.42391662732875,0.027706114124548264,-0.16615548696131555,2.4797928901517565,2.705026559338637
1306,29.637670838090596,31.42770307528267,0.2058719120583241,-0.542453691031227,2.5720303703559515,2.8325620794834516
1307,28.940365046085404,31.437641421465973,0.3965538258061585,0.19730145239566355,2.66863036211732,2.9663141215283684
1308,28.820960583842126,31.45413999700308,0.5991143223072548,0.28622687468453023,2.7697846451245094,3.1054520617037684
1309,29.707660537032556,31.477582376286456,0.8127904904959316,-0.6642318911218013,2.875660499564238,3.2492390964908746
1310,29.664163080993852,31.508326029702808,1.0369275786684007,-0.5759198675428081,2.9864005848905677,3.3967795244214916
1311,29.555086045215212,31.546710881531016,1.270988163758986,-0.42970165021793605,3.102112467859004,3.5470172294324565
1312,29.10872665920878,31.593058573953407,1.5144018549354676,-0.04319974459384923,3.222868400186065,3.698897296719119
1313,28.622856418695036,31.64767100519338,1.7665030667071235,0.1285363858324331,3.348705620973612,3.851408864904642
1314,28.0317783973213,31.710825445067215,2.0264725757923685,0.803586708936507,3.4796289911797076,4.003587414952858
1315,28.04773562244546,31.782769176912872,2.293313501907601,0.8364085826532346,3.615611448637136,4.15455616608678
1316,27.64373896292959,31.863713011861055,2.5659233535070314,1.260300429700834,3.7565994022521596,4.303503910284839
1317,27.89102532329241,31.95383073381334,2.843119201904134,1.0281926665021786,3.9025117093227917,4.449646167786174
1318,28.403148130293125,32.053254291988,3.123669377952396,0.2745186788789482,4.053242480104571,4.592184314826609
1319,28.37421464574045,32.16207535901017,3.406426953224866,0.46306579293015204,4.208657330311232,4.730129027997871
1320,28.434280128077692,32.28034942220299,3.690285884229816,0.15132766280255794,4.368584415304429,4.862361423584591
1321,27.547352181092783,32.40809441795882,3.9741109872883484,1.0275164250625721,4.532814758550205,4.987697406971097
1322,28.125469921872646,32.54529015468888,4.256607538668611,1.5615979387221302,4.701097575769169,5.104988615716675
1323,26.569119784566006,32.69186825387006,4.536395496499956,7.180666727482631,4.873147332931317,5.213246952445458
1324,26.482559678354768,32.84771652112221,4.811907155561919,10.901763721327598,5.048647372598866,5.312348699702434
1325,28.5888634649128,33.01266206424086,5.081285534419635,11.59991198395781,5.227303912911479,5.40350736357146
1326,30.81176936203837,33.18646889008352,5.342926289553738,12.0008873879287,5.408881196836964,5.488540938560513
1327,32.005497890050044,33.368857150211106,5.595818468006932,12.673500964646564,5.593206642148846,5.5693772938671815
1328,32.62761500116533,33.55952345461731,5.839406211482654,13.83391447601295,5.780173016428109,5.648049533329895
1329,31.113416981273165,33.75815089764328,6.073348208173286,15.42243204334632,5.969743277704173,5.726808124323068
1330,32.35441813529877,33.9644133351622,6.297112602790698,15.750039707480042,6.161960224716314,5.808256314957938
1331,32.66023857441677,34.177958404495996,6.510066706923148,16.343575775879955,6.356960365368035,5.895225513085283
1332,32.010098155146956,34.39841778229041,6.711745421853124,16.604249952787725,6.554975258921999,5.990626522727078
1333,34.01800959761491,34.625408099286204,6.9015679101569205,13.511971592410674,6.756335466883174,6.0974387287380605
1334,34.44007858030838,34.8585223096342,7.079088701372633,12.96682739181577,6.961471174171203,6.218161061613348
1335,36.7926621330349,35.09734734604438,7.244155250303308,9.606598530310535,7.170879537657397,6.3546911114834215
1336,37.079204433777115,35.34146599298776,7.3969574307347585,7.84665215708398,7.385117248270098,6.508284086452845
1337,36.7571311856541,35.5904778414267,7.5380057459063465,6.837450020908264,7.60476514342092,6.679370815117296
1338,35.36618879011777,35.843999709381514,7.6677320858345155,7.736299158604567,7.830408635944584,6.867905827226517
1339,36.47558644215603,36.10165998048233,7.7862388830380524,4.940955975465613,8.062625531902688,7.073761026878982
1340,37.268480944405475,36.36308230158405,7.893510689649226,2.7207615342771163,8.301992704403183,7.2964582200290895
1341,38.07544825708418,36.62789402645895,7.989737744376235,0.2748393813818666,8.549056079904627,7.534703264491052
1342,36.59829014075778,36.895731484542466,8.075269936948537,0.674766965817966,8.804306255369253,7.78643582197617
1343,38.32848505588141,37.16624535558885,8.15027829190786,-1.7212951134535928,9.068151801369705,8.04921661467385
1344,37.5656512329405,37.43908337066966,8.214891406841396,-0.627003756962182,9.34092069634751,8.320232344014897
1345,37.77606337762838,37.71390478271161,8.269300930521197,-0.927247269773062,9.622833957637365,8.596396339152523
1346,38.56371781440451,37.99037009937107,8.313534927023554,-1.2646158900843858,9.914013785624345,8.874657523491063
1347,38.43635885101905,38.26814044451318,8.347687897659775,0.1064532569672565,10.21447779253677,9.151784785668076
1348,38.5232342489086,38.54688262588172,8.371870115089024,1.2734859281089967,10.52413277133555,9.424612749210226
1349,40.75094594140269,38.82626511885245,8.386103077221208,1.9963977286342356,10.842785309150784,9.690262733309707
1350,40.077657786979024,39.105956164363135,8.39066947213599,5.375982864048069,11.17015028688953,9.946043665596376
1351,41.331653769527215,39.38564308366151,8.385999998841456,5.869963157569103,11.50585488685721,10.18977846046993
1352,41.81849855097432,39.665022830952566,8.372528528147711,6.886533853587181,11.849468850920859,10.419767440753711
1353,41.365055203251934,39.943811652204694,8.350864663503863,8.553276730878096,12.200506049574123,10.634434535523978
1354,41.77520017773741,40.22174714185282,8.321539974228926,9.86739285637799,12.558431153289124,10.832499392721369
1355,40.987678998323936,40.498580983819956,8.284996804832083,11.90967046913876,12.922672675755548,11.013019496768273
1356,40.408619709264414,40.77408026217496,8.241538887548323,13.720067105457645,13.292632453073676,11.17544404796897
1357,39.645178815588466,41.04801690965651,8.191184607564779,15.54979654543041,13.66770227895348,11.319685971025688
1358,39.25197458483639,41.320159236012614,8.133671014637152,16.976263445122683,14.047278184475388,11.44608869842128
1359,40.07990099134725,41.590261643965654,8.068481959369045,16.457787622940145,14.430774858848231,11.555367649206518
1360,40.70766251720789,41.858058033303884,7.995085303501774,16.483790812553536,14.817636027755823,11.648259792159994
1361,40.189508794341926,42.12326733086577,7.913085386219656,16.806815664735765,15.207325511658897,11.7253143101434
1362,39.1503263492579,42.38559705905186,7.822023586427669,18.722417724324544,15.59932364843205,11.787016812382154
1363,39.448240484768846,42.64473556996095,7.7211312570955215,19.105392857328255,15.993126632484374,11.834069558464337
1364,38.043529201456174,42.90033914285823,7.609451979242401,19.23869615897445,16.38826161899634,11.867399761403652
1365,38.47797325157382,43.15203236857711,7.485788207119128,17.690010738536202,16.78428661657795,11.88789408908761
1366,39.46755105448223,43.399391689999504,7.348722677665727,16.391079706485968,17.18078789160218,11.896111091307215
1367,40.316865612448574,43.641947213754825,7.196975672973593,14.714907246826229,17.577360689331766,11.892068019910287
1368,40.01253991622357,43.879190068197744,7.029468071322853,14.887463492516275,17.973592426262865,11.875221789714185
1369,41.75392433878338,44.11057841850968,6.845130444974714,13.27079705035672,18.369042141979378,11.844687832269969
1370,42.956843334403324,44.335532097862725,6.64303737368197,12.59681894359882,18.76323828174753,11.799249111554424
1371,43.18203297935025,44.55344757675515,6.4226334030161425,12.617892824918187,19.15565874941634,11.737230544982378
1372,43.6459154885211,44.7637076580638,6.1835095860200795,13.682882642686735,19.545720318079688,11.656742989772635
1373,43.654777479485,44.965681549156486,5.925295771684738,16.739957635365656,19.932774948734515,11.555942446464229
1374,43.52966586349555,45.15872737617612,5.647630807061823,23.098120087314925,20.316116481177303,11.433482317467671
1375,44.31288399222488,45.342190269627274,5.350077512227607,28.396094980660394,20.69500710323236,11.289301513800929
1376,48.38356794896401,45.515399210324624,5.032240581523695,31.310476401290245,21.068736582097365,11.1249588962799
1377,52.263687848568175,45.67767297506219,4.694393458203194,33.27903737376022,21.43667102965102,10.943122606365474
1378,52.94789748756993,45.82835877420484,4.337942002017918,37.40583827810319,21.798278089188397,10.747076603547168
1379,53.59513651614205,45.96686910853005,3.9649242616192026,40.00311975097941,22.15314280322083,10.54090275765752
1380,53.08133221393331,46.092687058312784,3.577533271106539,42.3135024456126,22.5010049396989,10.329576284616895
1381,53.70209101545822,46.20537132660382,3.177942600393102,41.59240009857753,22.84178122219529,10.118697684597233
1382,54.728380756332676,46.30454989833899,2.7683062579312434,40.27298611034277,23.175584785338714,9.914001385382996
1383,56.165835789959736,46.38992507713257,2.3509916677253173,37.423928411103915,23.50271464788749,9.720818073452389
1384,54.14348567593873,46.461282676187345,1.9287051749447315,37.11014993327221,23.823639323568873,9.54376029117432
1385,55.37561742150352,46.51850542212888,1.5040428429200858,34.0579170823018,24.13896533396578,9.386873892339604
1386,54.541892784036236,46.561552199048684,1.0794641074124556,33.90972675710772,24.449430916391513,9.253609584790219
1387,53.175777259455714,46.59046969595638,0.6574727379557288,33.234291037103446,24.75587263961846,9.146849109065958
1388,53.42788397362803,46.6053837149124,0.24023468132170933,31.794668466038885,25.05922085699591,9.069259994946073
1389,53.94679270276638,46.60648534137783,-0.17025628934835169,30.28450147353847,25.360489972614864,9.023104580750552
1390,53.83074944585522,46.59403329562251,-0.5718941306336234,28.438784516016455,25.66076116237928,9.010116655979896
1391,52.700194329044265,46.56835906600225,-0.9625112042174777,27.474719283204536,25.961164416346858,9.031441531667639
1392,52.68961086525252,46.52986588200801,-1.3401195744799566,24.838906028439553,26.262857264490457,9.087717375775934
1393,52.170801229739666,46.47901776103692,-1.702891453993729,23.206763657661497,26.567012241398587,9.17895751257948
1394,49.114198257670004,46.416339785075095,-2.049064492087531,24.717779907532403,26.87478776532909,9.304450520104517
1395,46.101949691100856,46.34241346156442,-2.377391128906794,25.840279556571204,27.187308942738888,9.463375969101762
1396,46.200238680517586,46.257847043147976,-2.6875059439720417,24.330208072009043,27.50567949660254,9.65521280083916
1397,45.78675525656347,46.16324639863295,-2.979453261323286,24.022983069936714,27.830989796128165,9.879288508612785
1398,44.622982755918365,46.05921682572642,-3.2532976325960306,24.1674260549251,28.16429873051006,10.13456463249291
1399,43.71411613154001,45.946359889793214,-3.5093086143714913,24.508049746388878,28.50662743829436,10.419880568216069
1400,42.601672861910664,45.82526291810166,-3.748031718090381,24.360412338236557,28.858957435057796,10.734047373159878
1401,43.869064284857465,45.69649110858719,-3.9702782393094083,22.901913485622828,29.222230596505018,11.075801504810787
1402,44.34035764816013,45.5605777021477,-4.176799276337988,22.12374546573149,29.597344202045182,11.443534172442238
1403,43.89433568847949,45.41803782349799,-4.368048021566402,22.26136373798333,29.985132874667833,11.835194187725175
1404,44.21520069823277,45.26937450070994,-4.544432502796916,21.16027586890678,30.386357147893527,12.24852166565178
1405,44.118266006345586,45.11507565664486,-4.70633605635669,21.026281310640513,30.801700985711285,12.680996122861732
1406,43.91247922646556,44.95561876361949,-4.854063668398112,21.2051957777265,31.231756889417642,13.129791990644772
1407,43.96219931860231,44.79147141208499,-4.987918684252541,20.62060786308237,31.67702045175427,13.591964667022172
1408,43.36485996479963,44.62309085133599,-5.108179536014639,21.104886449505756,32.13788786721912,14.064379063300425
1409,43.37617285782355,44.45092610968401,-5.215156640377394,20.97875338276299,32.614645722640965,14.54375043070197
1410,41.918676427941755,44.275413741977495,-5.309196917670285,22.041768194169208,33.10747122926592,15.02670785042202
1411,42.99121726928038,44.09697964850599,-5.390810638760577,20.865258362140764,33.61642624600243,15.509875540846494
1412,42.24884651416212,43.91602636606012,-5.460512685646641,22.949901631117683,34.14146293198902,15.989711876216646
1413,40.182745911028405,43.732945469462884,-5.518715401480421,26.663498106872737,34.68240703775021,16.46265651534815
1414,44.264520905333995,43.54811200596143,-5.56619462307836,25.03897493643241,35.23897336634556,16.925852815298974
1415,43.951323598186995,43.361865827924326,-5.603371741899039,27.88081599226166,35.81079722543681,17.376591580901604
1416,43.80400001838478,43.174553889834826,-5.630052572439794,30.24329439706537,36.397412805072335,17.812176840750134
1417,43.05396212475443,42.98652898976167,-5.646055860770893,34.249020987494745,36.99827568148682,18.230514255489503
1418,43.44514831533833,42.79815016578343,-5.651277979276301,37.21268701048663,37.61278042210497,18.630279872211553
1419,45.671475411201534,42.60977712447659,-5.6456126903117365,36.49457375775292,38.240294339634254,19.01100537530919
1420,44.99958940609154,42.42177598642932,-5.628508501832101,39.76379228813184,38.880180780458915,19.37237167710208
1421,45.10776099704093,42.23454322435445,-5.5991268049371,41.38641635281127,39.53178578477439,19.71425057990608
1422,45.70865035654947,42.04850086610018,-5.556657018230062,42.25962102552323,40.19446415245265,20.037049266877602
1423,44.26808834735181,41.86409942313911,-5.500127614347576,44.89683156024094,40.8675890692329,20.34135061979928
1424,45.30506344149694,41.68182569181034,-5.428636841380339,44.782230309997246,41.550554193772605,20.628060890456403
1425,44.95318564026303,41.50219030038042,-5.3412884362828095,45.00304471796686,42.24279312859666,20.89825979484015
1426,44.46648423910484,41.32573979605815,-5.237030443647299,45.42740163846473,42.943771513428615,21.152838346954752
1427,44.320676181435786,41.1530549374706,-5.114882655977304,44.33361940487477,43.652982351726976,21.39257632457376
1428,45.264435798617086,40.984747618993,-4.973907004183111,42.557905837837026,44.3699432684002,21.617944261806663
1429,45.24032394150399,40.821461137191726,-4.8129960555130324,41.23244509464013,45.09417863584742,21.828773916707114
1430,43.39942757872564,40.66388121529213,-4.630856314598439,42.6927704845793,45.82519486284734,22.024221585940076
1431,43.61182805007924,40.51273738288516,-4.426423903657515,41.79037456887866,46.56246007491009,22.20324722146863
1432,42.96381617919515,40.36878628838163,-4.198831198186177,42.33813880615645,47.30541134427858,22.364675403738445
1433,42.848349855819905,40.232815303006085,-3.9472314688172716,42.55150731686648,48.05343843515932,22.507057866877922
1434,40.08983512490274,40.10563752379381,-3.6708498921364097,44.46327643387782,48.80588186873711,22.62883781522401
1435,39.13550870156625,39.98809197686366,-3.3692998817440056,46.32515177143733,49.56202762284092,22.728551342608903
1436,40.00054949680703,39.88101753167754,-3.0427105686693423,46.188984555106586,50.32111862491104,22.805071362009635
1437,38.80231749205592,39.785244605619035,-2.6911909593974315,48.35419143719798,51.082365713641565,22.85730208399933
1438,36.953727420810175,39.70160480105105,-2.314869442854963,49.86403037668421,51.844938763844326,22.884223364293312
1439,37.26581654890151,39.63091997609537,-1.914300798607158,49.77441699060377,52.60798060459445,22.88513495101899
1440,36.088355446357724,39.57398474781057,-1.4902453391478332,51.50715431421267,53.37061442724559,22.85932092065739
1441,33.382719433876275,39.53157028681885,-1.043573082449214,54.081164742475266,54.13193533263828,22.806082814529134
1442,34.72252848352875,39.50441320898062,-0.5757166987890727,52.39344501782374,54.8910199482142,22.72513598194326
1443,33.42794704440433,39.49318917356624,-0.08830161473206033,54.545221601982746,55.64694439810116,22.61610147781731
1444,33.98605459118097,39.49852643466515,0.41705917597493425,55.32576154074704,56.398760046735354,22.47844407795842
1445,33.13067068651974,39.52099311863124,0.9386440395304163,57.40449322241358,57.145507336631724,22.311840396099925
1446,34.18415445175225,39.56110270396718,1.4746830019122115,57.46808229404559,57.886216073142016,22.11616938661507
1447,35.85266712453368,39.61930531875872,2.023426241781081,58.548427341316966,58.61991862907273,21.89140738383113
1448,36.69158711457747,39.695997786752585,2.5835140859299344,58.38326724001212,59.34564323206409,21.63748157932897
1449,35.929686059562805,39.79153959115405,3.1539396631728778,60.86992761120038,60.06241740102799,21.354238234567866
1450,37.022570074882694,39.90626043096411,3.7336819435747515,61.798714810888384,60.769259114368616,21.041654320635494
1451,36.874996470342126,40.0404517207257,4.321737848600868,62.97010883726156,61.465194355737026,20.700002998763516
1452,36.87773050436765,40.1943762875375,4.917207855809416,64.74421193844358,62.149259314286184,20.32966113586891
1453,36.47397907402553,40.36826557777966,5.5191280612489635,65.54815313776976,62.82050509812829,19.931238392012034
1454,34.32653444681708,40.56231815828743,6.126426182014484,68.53825635352891,63.47800854042032,19.505526250662264
1455,34.343247424429975,40.77669398991396,6.737595852398712,69.40724719012658,64.1208735148391,19.05368279058891
1456,31.865298643074656,41.01149121511401,7.350753127510359,72.66857502114351,64.74825405979291,18.57724657919313
1457,32.19445488283238,41.26674419841465,7.963581277688405,73.53828111653397,65.35935662011865,18.0781814836039
1458,32.567865917111284,41.54239663362657,8.573371171032917,74.09546087597087,65.95346615869984,17.558881500186203
1459,34.13366820755738,41.83830227648351,9.177439202173865,73.15039845916058,66.52994872013106,17.021773588723477
1460,34.605430620113836,42.1542259137715,9.773305139352821,73.46528915176461,67.08825106461474,16.46905296006956
1461,34.58525552932362,42.489855952440365,10.358700761083952,74.05766795890707,67.6278855841357,15.90265237180084
1462,35.5163639326977,42.84480596451043,10.931328110406113,73.72617712948048,68.14842788940146,15.324476228799426
1463,34.9420471657179,43.21861115980077,11.488921997416028,75.4448000516864,68.64951733272233,14.736310079781347
1464,38.03875612560192,43.6107340976715,12.029161920336193,74.11830864121981,69.13084856138688,14.139993824238886
1465,39.08785762500218,44.020555287823186,12.549988567801975,75.45812791395548,69.59218358767158,13.53727958425253
1466,36.8339497698331,44.44740000219163,13.049839869383462,78.75904069596587,70.03333386700372,12.929781287058404
1467,37.73258687160314,44.89054461244875,13.526850182834949,78.88231362445643,70.45416900680881,12.319668746138461
1468,40.821305329417704,45.349190014380625,13.978822964406241,77.65538502017463,70.85464511674628,11.709492780295605
1469,45.93469603377621,45.822466143409166,14.404020501335708,74.53263560268084,71.23480185882852,11.101517961139962
1470,49.06917596014323,46.309458047803005,14.80178617517776,72.86336903817528,71.59474631415561,10.49724597076434
1471,48.65918780305159,46.80925188842102,15.17254705145092,75.00009124025263,71.93461825687947,9.897355852184901
1472,50.31937553361272,47.3209611845664,15.516988596721788,75.07034466209251,72.25457003763461,9.302492095815964
1473,50.32198678609541,47.843717794869136,15.835831772288707,76.23487722362881,72.55478439660054,8.713529257265193
1474,51.515254415350434,48.37668330271898,16.129890974084233,75.42969505774036,72.83547198811895,8.131433287584642
1475,49.52666868665484,48.919043859808085,16.400001439687735,78.60668716981726,73.09687994910618,7.557137192578551
1476,51.30117514680399,49.470016732031496,16.64672023740973,78.34893634153991,73.33928113429086,6.99184606096523
1477,51.10692656604489,50.02882520896873,16.870410020160804,78.79238766006691,73.5630030198372,6.437124162008345
1478,53.251424646263686,50.59471073337555,17.071503401838726,77.64850368226561,73.76842274509141,5.89449406546116
1479,54.72297662806502,51.16692543575798,17.250555758421235,77.19510814974115,73.95596929086794,5.3653103706768945
1480,55.689138650477915,51.744747783936965,17.408490942962338,77.02028401528986,74.12611010313654,4.850631722693635
1481,57.21577524817423,52.32749149862214,17.546424289163802,74.91640682403778,74.27934473904752,4.351370159814394
1482,56.98819927018088,52.91450940321455,17.66566923690057,75.17432644357703,74.41620144712417,3.868050785291146
1483,57.40378771724506,53.505202781082176,17.767558453117864,74.87318928160926,74.53721479140026,3.400881066784862
1484,57.613181050970866,54.09901330008908,17.85327743417703,74.7401709088,74.64292685157649,2.9500236995113482
1485,58.09429143567343,54.69542127669398,17.923928474161066,74.07363525279851,74.73388303803435,2.515543104107749
1486,57.763695852744505,55.29394186503315,17.98053955836771,74.60287517220473,74.81062972518367,2.097355560571401
1487,57.9123689425901,55.89412391391849,18.023983365266076,74.35380962206224,74.87370674207244,1.6953319948755308
1488,58.45129412071195,56.495540756050886,18.05492727106156,73.7466087249087,74.92365185817538,1.309364203474388
1489,57.479098639521986,57.09778573198926,18.073962218835504,74.14676261469316,74.96099768897074,0.9391998472873553
1490,56.913020841784835,57.70047157063992,18.08143573594169,74.02601148958985,74.98626518132787,0.5845428184758106
1491,55.733930720015756,58.30321478105204,18.077287428713085,74.79394986557548,74.99996721020246,0.24512924631054034
1492,55.343112793079655,58.90562406588746,18.061018142645935,75.03740240105273,75.0026071310819,-0.0792142965057252
1493,55.71718254520647,59.50728265722844,18.031716065086698,74.97709314445814,74.99468625710207,-0.3885132711040029
1494,56.19775138764616,60.10773847022657,17.988287845109845,74.26788911189911,74.97670624634164,-0.6827651194803508
1495,56.51935939034889,60.70650184690243,17.92958846130425,74.08012611648314,74.94916858247005,-0.9620778605791713
1496,57.90667909284433,61.303044367646855,17.854413851111133,72.99187763766307,74.91256772230302,-1.2266861259023187
1497,58.46230968308291,61.89679610364317,17.76163632876525,73.08170745759841,74.8673895074099,-1.4770047553617616
1498,59.29853704639487,62.487153456231205,17.650240130256734,73.19527434548115,74.81410073861224,-1.71358489537198
1499,63.251744142854406,63.07347877899362,17.519240384329784,70.01223610850036,74.7531505143851,-1.9369328044929546
1500,65.64757008917312,63.655102815186524,17.36818944457262,70.26569958378693,74.68497188497938,-2.1479941914159895
1501,65.43238660519762,64.23135807529846,17.19741010412818,71.27712608783114,74.60995090162403,-2.3481311978478203
1502,65.98049485653164,64.8015968221284,17.00737724347306,71.45916704279793,74.52842980512285,-2.538496579199361
1503,67.98679724673812,65.36518322486333,16.798444763388787,71.57956788198504,74.44071779634407,-2.7200423412295294
1504,68.08213572868942,65.92149313968766,16.571177809122233,72.76122527247611,74.34709364904089,-2.8936503505091338
1505,70.73209570991776,66.46992841213815,16.326287513688058,71.07821600231912,74.2478077729768,-3.059981889309782
1506,71.75900086572916,67.00991230726686,16.064728964303683,70.56510717850168,74.14309485642023,-3.2197441059466314
1507,72.27221460768226,67.54091034309172,15.787842156301934,70.73421096641647,74.03315816591369,-3.3739403816467473
1508,71.61837459264105,68.06243511768699,15.497036846806012,70.83357513897678,73.91816549764378,-3.523593333099697
1509,71.2790916914367,68.57404613287879,15.193545368812948,70.9560906330181,73.79825194370704,-3.669652207631131
1510,71.3276625715036,69.07533814227452,14.87829874579674,69.99334552877366,73.67352201713504,-3.812998327410213
1511,70.78017993634771,69.56593271593191,14.552034150550597,70.4409091872107,73.54405205521303,-3.9546015796916123
1512,72.41738434489234,70.04547375231122,14.215267070583835,69.57953103805085,73.40988191182227,-4.0954706603123725
1513,72.98548004999543,70.51361718730416,13.86853077615406,69.0831854795602,73.27102067785887,-4.236636596400913
1514,73.62315036073012,70.9700424707215,13.51254554797805,68.96962100108794,73.1274394720622,-4.379291711432813
1515,73.99413528512638,71.41445355716937,13.148073481484488,69.00974804187703,72.97906789709668,-4.52467702410047
1516,75.43395577884598,71.84658070282046,12.77589270502446,68.25525709652283,72.82579433712218,-4.674001059341606
1517,76.16854657810413,72.26617973750433,12.396920274717331,68.76436040285199,72.66746782647391,-4.828533714363772
1518,76.43111721278846,72.67304205446828,12.012269933128152,69.27509699226249,72.50389208949792,-4.989535040427739
1519,77.37028974432083,73.06699773304621,11.623080806333164,69.10650438412824,72.33483215711206,-5.15806556852219
1520,77.20883310142085,73.44791410822383,11.230551638941648,69.53002207549315,72.16002105159644,-5.335085488285856
1521,75.93288676981328,73.81570117564232,10.835881598449362,71.49315961120638,71.97915979122634,-5.5214659469383776
1522,76.42535240429999,74.17030621478712,10.439944773090843,71.30387372674863,71.79192332180055,-5.717670301017321
1523,77.56123414909305,74.51169749384837,10.043391324206965,70.7186710695311,71.59798177115852,-5.9238433940569735
1524,77.97061988789729,74.83986563640092,9.64701005597469,71.08635163002396,71.39700042886342,-6.140188555808237
1525,78.36346099455646,75.15483149758002,9.251719992457268,70.45836948519928,71.18863586743797,-6.366882736098489
1526,78.91494593457291,75.4566469692314,8.858463815205013,69.97817201802025,70.97254157979019,-6.604080721507657
1527,78.35442203775119,75.74539575192702,8.468232912452152,68.92032619442426,70.74836381933746,-6.852038969531407
1528,78.3915104224336,76.02119583006154,8.081929509998247,67.39575345621546,70.51573898182143,-7.111177178879018
1529,78.11381796515364,76.28419105259357,7.700294047760252,66.66311336120728,70.27428534074552,-7.382231132445369
1530,78.1682861208639,76.5345487665789,7.323951067101646,67.29547045092184,70.0235902396584,-7.666201769475336
1531,77.57345440343141,76.77245445706701,6.953415578586544,67.37388620713367,69.7632052227805,-7.964031757839507
1532,76.91487715703036,76.99810980515133,6.589049633485828,67.44903994882091,69.49265478913577,-8.27648207294601
1533,77.4028344710024,77.21172443263274,6.230959965517258,66.99361344258222,69.21143975125077,-8.60421190267715
1534,77.82751273753678,77.41350713618581,5.879162616307738,66.63989521671328,68.91904066229063,-8.947854933538864
1535,77.24003382795172,77.60366860705325,5.533747568003804,67.38371169415726,68.61491608901484,-9.308079876002893
1536,77.79682650813864,77.7824236407194,5.194722310868798,66.9198671540122,68.29850200389043,-9.685408727497986
1537,77.27326517440142,77.94998342777784,4.862034913282756,67.49744510161315,67.96922217384831,-10.080229577370403
1538,77.47864193732174,78.10655930160492,4.535586887362655,66.7832330727787,67.6264866987324,-10.492817586304568
1539,77.06106242187343,78.25235588693535,4.21518423066793,67.19740015755681,67.269701001428,-10.92336830251405
1540,77.27933312712325,78.38757158364945,3.900556422191599,67.21505363569673,66.89826214523147,-11.372017871140514
1541,79.17805525317546,78.51239298174812,3.591361516030389,65.84200113201018,66.5115664766853,-11.838729935837762
1542,77.5821970925641,78.62699568471814,3.287533700046694,68.16810041451441,66.10901348284229,-12.323556954921884
1543,77.03833692825971,78.73156189508457,2.9890165957610293,68.60213540918173,65.68999601302384,-12.826292303204454
1544,76.36687009868085,78.82626345776887,2.6954030525116224,68.79067388089072,65.25392732929532,-13.346196747421857
1545,76.78556352727195,78.91125543191868,2.4060755660069333,69.12130903770736,64.80024956319572,-13.882311322784275
1546,77.74139050607923,78.98666849550267,2.1203523230855126,68.95721159879838,64.32843990777637,-14.43346755471147
1547,78.03663275312084,79.05261225345771,1.8377320524502494,69.03973510596768,63.83801839288162,-14.998334581868704
1548,78.05415692074537,79.10918396566602,1.5578784996963435,69.69448654138296,63.32855093565179,-15.575450587080617
1549,78.3820817385879,79.15647082010413,1.2804837011901071,70.07677934318258,62.79965502040958,-16.16309543273683
1550,78.44541100253139,79.19454954574536,1.0052756183723943,70.64078321031528,62.251011240136,-16.75924036314271
1551,77.80201456680018,79.22348919466229,0.7320276990368768,71.65195447436943,61.6823723295334,-17.36155567328833
1552,78.41821581126138,79.24335139234782,0.46041716780507613,71.35899594917268,61.09357419525011,-17.96731128323696
1553,78.58044850630817,79.25418367251596,0.19010994835689132,70.66992715074744,60.4845515773176,-18.57349819943625
1554,78.70997111149671,79.25602538890494,-0.0791168449774915,70.38251313847351,59.85534098195436,-19.17707533933317
1555,78.31987548536566,79.24890921618413,-0.34744459781073544,69.49944697646336,59.206079888028725,-19.77496269746286
1556,78.05427763077388,79.23286241571756,-0.6150926592628281,68.75498835601624,58.53701013545684,-20.364064209763875
1557,77.5316303482806,79.20790303889994,-0.882374437255038,67.85814682757879,57.8484756073778,-20.941329790053658
1558,78.08495153001621,79.1740374532339,-1.1497144559331218,65.22249887371626,57.140921482786595,-21.50375153840468
1559,78.72372816973058,79.1312554085044,-1.4175239307468246,62.13961737778942,56.414892171484155,-22.04863924281007
1560,79.4828811547158,79.07953585785077,-1.6860254116586049,60.62795308714257,55.67101219993259,-22.5739398730002
1561,78.26322671440596,79.01885371439383,-1.9552195205319833,61.01569656937454,54.909962846617475,-23.078065039638318
1562,79.73235491473477,78.9491878898153,-2.225158642498286,58.71512795630193,54.13247453062337,-23.559369696508483
1563,80.14783717084505,78.87050980489394,-2.495838682290241,56.27420594082079,53.339338200183576,-24.016264454837355
1564,80.7946048831606,78.78279864432929,-2.7669532394548924,53.85121863810251,52.53139023363421,-24.44763144121808
1565,80.8732730593894,78.68604625559695,-3.038013211945483,52.878724932950746,51.70949610410237,-24.852837972141444
1566,79.84498733494604,78.58026443019959,-3.308394193490045,52.82963958315413,50.87453436882478,-25.231513918834594
1567,80.59837890401323,78.46548664269761,-3.5775828708965207,51.50109924142588,50.027395176180065,-25.58319468534073
1568,79.03276680107207,78.34175890547316,-3.8450740106503645,52.6830824450643,49.168988056468734,-25.907370399506178
1569,78.01870824366026,78.20914837532092,-4.110447692033858,54.441547440962594,48.30023714954632,-26.203299363751853
1570,79.23060049719564,78.06772905933757,-4.373629479420487,55.1839007341739,47.42210143221861,-26.4695457962722
1571,78.72083784068984,77.91757307669289,-4.634474769945527,57.02900092155079,46.53560076312817,-26.704042271365438
1572,79.81047603089094,77.75876407467453,-4.892691194446286,56.017606368252686,45.641831947460915,-26.9040741971412
1573,80.49651811695502,77.5913936637298,-5.147854211045058,54.380003917425896,44.74199581665209,-27.066538277347405
1574,80.74287736775135,77.4155737939382,-5.3992267262927385,52.327008398675275,43.83739606230442,-27.1884584145797
1575,78.62023512964487,77.23144521531029,-5.6458819632116075,49.80690650009096,42.92943192234678,-27.267138988253308
1576,78.6394275402217,77.03918166305742,-5.887118627402685,47.24058113920124,42.01958679642087,-27.30029487573269
1577,77.90701884646198,76.83897064015011,-6.122492242082913,44.44033765250302,41.1094122639646,-27.286127005707996
1578,78.09665410937119,76.63101551358523,-6.351606025529293,39.709201275926745,40.200511662707,-27.223363687227646
1579,76.64160247195541,76.41553023844816,-6.574083212444037,36.95919052728108,39.29452135148276,-27.111582662738343
1580,76.06371585213077,76.19274329942229,-6.789672241374518,34.08661793877292,38.393072818524445,-26.951204260559543
1581,75.97395862085443,75.96288542235652,-6.998358681527961,31.750388161609166,37.49777440077879,-26.7432161301355
1582,75.28470438446479,75.72618605398709,-7.2001600729825554,30.49723557693585,36.61019174318208,-26.489113301724103
1583,75.29819953157157,75.48287475082435,-7.395140418507893,29.524711827882143,35.73183351399718,-26.190659436651877
1584,76.11957837694678,75.23317669275323,-7.583392829131768,27.66296986322716,34.86414778073862,-25.849686560007683
1585,76.4040866875338,74.97731522888223,-7.764812956446292,26.616480248817297,34.008521076663335,-25.46818851806158
1586,77.04066847457736,74.71552249565681,-7.939056826063506,24.86562430866593,33.16626854620118,-25.04833535739877
1587,77.27163792131236,74.44804477381133,-8.10556651887218,24.014857364375374,32.33863205283675,-24.59246061788022
1588,77.64831302706152,74.17515139439867,-8.263576405029909,23.87254705502545,31.526771171675833,-24.103036390423824
1589,77.5633678158727,73.89713968014267,-8.412150142016586,23.951715020970894,30.73176296014183,-23.582438641727208
1590,78.7776717106531,73.6143413849309,-8.550226085470669,22.53006866249551,29.954608595560686,-23.032813782622164
1591,78.65762099594434,73.32712460777796,-8.676491258897698,21.11498923433639,29.19624204130035,-22.456274069352578
1592,78.9582068471651,73.03590863433772,-8.78938520512662,19.23287666595428,28.457523657603847,-21.855125250442935
1593,75.83187411581665,72.74116559410285,-8.88723460664366,19.93460628433941,27.739233691270822,-21.23194075464914
1594,75.19445207227119,72.44342632722814,-8.968699207756572,17.907188477166684,27.042060940627238,-20.589252875868063
1595,72.18540542325933,72.14325231358575,-9.032910328584478,19.11730954746328,26.366616832879618,-19.929580558308704
1596,68.70305590593293,71.8412323053225,-9.079452616739587,21.123719770832864,25.71342223673999,-19.255360168747657
1597,71.96241866540703,71.53795547246978,-9.108786458301878,16.04513725688524,25.082926154963108,-18.568352196295255
1598,69.76350489723175,71.23397987476905,-9.121315388925098,16.23838730678787,24.475532090320307,-17.87058308156185
1599,69.5460399644809,70.92986777987477,-9.117194953066772,13.588144083001524,23.89155394952565,-17.164621648568037
1600,68.05790037355028,70.62616687789793,-9.096849592389304,12.871151256264724,23.33122398041577,-16.453224922204175
1601,67.4492015568577,70.32341114038215,-9.060866992784327,11.666484493122852,22.794672288045373,-15.73948048207015
1602,67.07612983266367,70.02210907837897,-9.010056463482883,11.549846428120631,22.281925281611095,-15.026598554219692
1603,66.54795326439307,69.72274070948329,-8.945283480505424,11.989376306597094,21.792899051097393,-14.317829812669487
1604,64.65555107233442,69.42575684634528,-8.86745821652049,13.929796864779746,21.327403294099796,-13.616227950570199
1605,64.01101655044627,69.13157682838192,-8.777762111051786,14.596631516890895,20.88515052105938,-12.924350817035517
1606,63.4421335734693,68.8405727056085,-8.677665944704458,15.51253513935714,20.465779906297428,-12.244233571702416
1607,63.23096830127687,68.55306576540163,-8.568733917888665,15.884089111345133,20.068868282945886,-11.577547891773161
1608,63.66822330932051,68.26932377774925,-8.45256020007561,14.894270374806268,19.693943380179217,-10.9256526232973
1609,63.67827383132607,67.98956175206325,-8.330620394568413,15.486273643337256,19.340491441392732,-10.28988377583568
1610,65.11050284371169,67.71394908477802,-8.20423979487039,15.540067798357114,19.00795112845684,-9.671528203681188
1611,64.64375898484639,67.44261243240523,-8.07444663851399,16.12609391848055,18.695722894480653,-9.071674720811416
1612,62.54570148072262,67.17565264221042,-7.9420442604026675,17.60984082358597,18.403172813736077,-8.49122111976886
1613,62.79940160076961,66.91314281504505,-7.808137341577037,17.174171218121884,18.129641486496062,-7.930667480905207
1614,63.304521287296026,66.65511015277195,-7.674026090039803,17.596721015494865,17.874461648342397,-7.390273855305658
1615,64.36137630034307,66.40154107570906,-7.540820469554319,16.803697482955528,17.63695656280902,-6.870223624385332
1616,65.14758522847492,66.152388788135,-7.409322098099835,16.409492493428033,17.41644674005004,-6.3706819964627215
1617,64.73426962255634,65.90758626916907,-7.279983769761245,17.045989294415833,17.212244429711504,-5.891922615667422
1618,65.39792008275928,65.66705653681758,-7.153129376229614,16.675015949829913,17.023651899005547,-5.4341199410446706
1619,64.30326026621188,65.43071097742043,-7.028973413736068,18.973597363564906,16.849969766975192,-4.997350538132057
1620,62.14341715843367,65.19845830923518,-6.907723558137064,23.340424104832607,16.69049519646341,-4.581350461419547
1621,62.49493582781317,64.97019607354463,-6.7900017559906445,24.547107600267495,16.544546402880556,-4.184815062037508
1622,61.70501747378057,64.74579152550247,-6.6766303763624535,26.719579399068962,16.41150752566091,-3.805565479607047
1623,61.7157205144757,64.52508738178713,-6.568429666766562,26.655785775921245,16.29084203757342,-3.440878879127389
1624,62.48975777597302,64.3078962143847,-6.466269557171032,24.68275587113611,16.18211560038575,-3.087681133654705
1625,62.45386111141091,64.0940027446424,-6.370838168699677,24.06343317582092,16.084996628663106,-2.7431668856541602
1626,63.197295348230995,63.88317366980472,-6.282649755883085,21.72478889873777,15.999237808008806,-2.4048856569271315
1627,61.90386146101661,63.67515942758352,-6.202050203460452,22.304357872496198,15.924670918201297,-2.070799631683906
1628,63.869563159137,63.46970365624069,-6.129404899432167,19.368152580454733,15.861184499229878,-1.7391087320289955
1629,63.64203783229479,63.266532434288045,-6.06491777998265,19.18733164260641,15.80873033606603,-1.40834278867489
1630,63.79637874098289,63.065375804241846,-6.008473546492397,18.773252777660588,15.767294979984886,-1.0774779009586677
1631,64.58599223256796,62.86596753118855,-5.959907658520613,17.59470264584013,15.73689847600212,-0.7455646696468854
1632,64.1753313824896,62.66804862700714,-5.918855642386198,17.75734804079066,15.717590668675093,-0.4118798416837244
1633,64.53745610946352,62.47137715502947,-5.884837589739504,16.47911192653612,15.709439819889871,-0.07584384033122227
1634,63.85223669378982,62.275726121024505,-5.857322133134275,16.892420343018614,15.712534412653012,0.26296110330391365
1635,64.29697815240702,62.08088901282052,-5.835767610780209,16.12333607417527,15.726970560110132,0.6048248931717826
1636,63.03004622441381,61.88667494697249,-5.819610054013324,17.230830351172017,15.752856072197797,0.9499819216380079
1637,62.7144515483007,61.69291500921963,-5.80834990302197,17.496529067455043,15.790302688219333,1.2987109075198688
1638,63.3477146143166,61.49945162010436,-5.801665230827737,16.31627977919517,15.839436799365789,1.651485349083055
1639,63.67248300291127,61.30613732716445,-5.799129291365368,15.834325239234872,15.900401711491536,2.0086298739708397
1640,63.22492121772233,61.11284300068,-5.800115362228944,16.02682036420356,15.973345457630511,2.3702055641470565
1641,62.08518377233285,60.91946296968252,-5.803957491056622,16.885876350250925,16.058415415768007,2.73621054572887
1642,61.846870727796684,60.72591250127623,-5.810168261281454,16.56104571361415,16.155759494012436,3.1067758159863246
1643,62.468826842423695,60.53211841893042,-5.818407638253724,15.28000105534548,16.26553380350043,3.4820846873744493
1644,61.8168371419779,60.33801865872598,-5.828220939617026,15.904525479318878,16.387898473170733,3.862050875844645
1645,61.64937702149197,60.14357035628929,-5.839100268337596,15.679533436952156,16.52300386189007,4.2464559515945055
1646,61.8033641548684,59.94874530750347,-5.85060180350613,15.481034652715465,16.670995536610366,4.635102609829289
1647,61.91460385270793,59.753530236055546,-5.862225841798576,15.304167509571158,16.832010702545357,5.027688474442336
1648,61.20099522734162,59.55793025138357,-5.873375240125291,15.765654697433462,17.006174768239855,5.423809401457067
1649,59.958560169060966,59.36197188671386,-5.883484313963905,15.966410868547982,17.19359799597583,5.823053728624821
1650,59.56176177174716,59.16569796378597,-5.892220021508443,13.691425850544306,17.394378350148177,6.225054501974174
1651,59.00144149343261,58.9691572186133,-5.899434753013999,11.646768418854748,17.608601629440773,6.629078597932718
1652,57.3062205261391,58.77240231358504,-5.905064812093634,11.665595425739369,17.83631692334369,7.033688839713594
1653,58.15177836454625,58.57548623114039,-5.909323422741863,9.00514827868966,18.077514218755013,7.43708108736822
1654,58.22195167739678,58.37844741873558,-5.912491616077489,7.173035322564786,18.33212232916824,7.836988657279793
1655,56.546298505953615,58.18132012340189,-5.914655669766695,7.182441660611943,18.599980129240333,8.2304030839307
1656,56.568594017760354,57.984137040751136,-5.916081986731712,6.096766541533185,18.880815868096953,8.613967169030428
1657,57.38070919668111,57.786914657619775,-5.917224193241886,4.950120292306963,19.174244607175694,8.984082078498954
1658,56.876215619280345,57.589655427868344,-5.918353187661012,3.687260454067257,19.479754673330216,9.336731632217514
1659,57.0007427967846,57.392357778442374,-5.919635463922077,2.3135357923219146,19.796693382656862,9.667452287105256
1660,57.03749730259224,57.19501306360687,-5.921235346318028,1.5285387571585005,20.124251492470567,9.97129587402668
1661,56.61782349423135,56.997608755354506,-5.9232344919042745,1.0042622778659904,20.461446440925307,10.242897378537723
1662,56.83702331385901,56.80013076414659,-5.925712798629661,3.5983645989128803,20.807111317706415,10.47659824371376
1663,54.66180233716805,56.60256123544586,-5.928721255462008,9.576391817603977,21.159886323839558,10.66694615779916
1664,54.85855643130407,56.40488268044912,-5.932542971887038,14.30411310467575,21.518241061559692,10.80965964555217
1665,55.37977590520349,56.20705837065339,-5.937696485818371,18.500262074665457,21.880530300209703,10.90194345548321
1666,56.29135255040838,56.00903624806123,-5.944534758557687,24.068184316387573,22.24503729192524,10.942222175501044
1667,52.271718470246356,55.81075605341621,-5.95313882787849,33.017761096491924,22.61001177857644,10.930264257952942
1668,54.008368675728406,55.61216032620266,-5.963992976036465,35.850256183026175,22.97372157578877,10.86788846642456
1669,55.89330248253353,55.41315652168045,-5.9778619540580635,38.642055246143784,23.334537676338076,10.758557229713333
1670,55.82936497132279,55.213636195932125,-5.994912850748371,41.78781233215092,23.690958724436324,10.606461583893179
1671,55.95637840897008,55.01349566496389,-6.014982706908825,41.12022066380682,24.041635115264288,10.416568838978666
1672,55.46790838528235,54.81263734880487,-6.037839753272287,40.28060495703869,24.385396647034902,10.194109667035463
1673,54.91223029371409,54.61097301474574,-6.0632463405423564,39.52045188508977,24.721242426399986,9.943987350199617
1674,54.41773536634188,54.408420926102046,-6.091060230666443,38.858490775556575,25.04832913704821,9.670766221922324
1675,53.97498011114255,54.20490233270131,-6.12123524088517,38.08748412577643,25.36596017452814,9.378700564219962
1676,53.96133082893096,54.0003385767097,-6.153804176103463,37.310781938219904,25.67357584132954,9.07173570229677
1677,53.99034443570154,53.79464872096108,-6.188807026850931,35.60483100083661,25.97074255468126,8.753493837662951
1678,53.63283092697726,53.587751441586306,-6.226220493250452,34.005079703723936,26.257142097173737,8.427138062773025
1679,53.93442131426173,53.37956735474438,-6.266008771452434,32.375486759095025,26.532551758866127,8.095253126540136
1680,54.17187362840966,53.17001752348948,-6.308082649915576,30.898500804929157,26.79682563894308,7.759860024278105
1681,53.63539499779219,52.959028511416676,-6.352210642123737,30.736252056329022,27.049875760484667,7.422437543341314
1682,54.63307742306705,52.74653681401456,-6.398143192357253,29.046249439286626,27.291654808499167,7.084143785638695
1683,54.72269388168195,52.53248563192619,-6.4454991901911995,28.439234263640984,27.52215201286058,6.745787836581023
1684,55.74867564624031,52.316836868001815,-6.493672413303955,27.90730832459772,27.74137399760457,6.407766980920968
1685,53.355365591863425,52.09957413770593,-6.54182684983418,33.404876771903886,27.94933647825531,6.070242265818138
1686,51.499042776375354,51.88071507801287,-6.58926543793747,37.70124727287238,28.146056815325778,5.734049618014652
1687,52.57543912173183,51.660289775176764,-6.635858194002111,38.54214619552545,28.33160645278962,5.401421169131702
1688,50.769599637312275,51.43832453174606,-6.681525788713145,41.759743462246206,28.50615155993456,5.0752961305992095
1689,50.55168682976748,51.21485472259589,-6.726231578163677,42.643596341071515,28.669959528162902,4.759163675001368
1690,52.75098825008377,50.98990909320182,-6.77017361800111,40.49564249780052,28.823429138267983,4.457072556471626
1691,52.2342810355784,50.76350981472915,-6.813188646189765,40.74475267698217,28.967097698594344,4.172836374365598
1692,51.26835847962119,50.535696516789166,-6.854796078836642,41.07636427085998,29.101618229892356,3.9099421802793977
1693,50.06617309781605,50.30652340947337,-6.894668260149537,41.28208025215136,29.22776051061297,3.6719220131434227
1694,51.203362367313254,50.07605196611253,-6.93273198220659,38.525051908708974,29.346413030768584,3.462349052601308
1695,51.595639237261054,49.844341277326265,-6.96885535191722,36.18464439782558,29.45858378078639,3.2843806904636175
1696,48.551833115517574,49.61146160931805,-7.002610313322215,35.62312947007548,29.56537174346616,3.140381993645036
1697,46.631044671843824,49.37750058977145,-7.033894013515223,34.946103624104595,29.667942580362727,3.0322539465569953
1698,47.02068980945283,49.14253534175037,-7.063272426365188,30.947951093037048,29.76752200656996,2.9616822274760324
1699,48.3065141582663,48.906615761347105,-7.091469479959507,26.80172273248961,29.865388062194462,2.929627244226456
1700,49.10433255343585,48.66977070975307,-7.118889934357249,23.303848171600393,29.96283048951839,2.9358089550678024
1701,45.530117273785265,48.43202309905662,-7.145558405716592,25.188962772138353,30.061108659198982,2.9787815790045613
1702,45.08465781927195,48.19340014937196,-7.1718417939976575,24.73953067432072,30.161415928118693,3.0568304096501464
1703,47.30090803109318,47.95390031279011,-7.198633896979594,21.12310897631926,30.26489735317566,3.168424699914567
1704,50.181807795850794,47.713491222906654,-7.226494093609936,18.635599528047166,30.37264424144633,3.3113987966417646
1705,44.46910429787821,47.47213403988278,-7.25515244081727,23.635076599101566,30.485657272951777,3.48264796733627
1706,42.28139636220883,47.229814393518836,-7.284688451730261,25.672504945856105,30.604820772602082,3.6794081875767404
1707,40.54789251794397,46.986488143100765,-7.31628452568053,28.616591295620395,30.73095115212356,3.8999273124274225
1708,44.55149826619992,46.7420620918068,-7.351633938876496,26.134699248034593,30.86481592676391,4.143157484333777
1709,46.54364501239532,46.49637921384233,-7.392019867999657,25.513829123871176,31.007161651079144,4.408080913239143
1710,46.53100960543398,46.24926076727349,-7.4377610266013505,26.43856475559612,31.15868798764652,4.693177347756077
1711,46.61802529377413,46.000528478735575,-7.4888084894166695,27.849191293667005,31.32004014092955,4.996928022546818
1712,45.390397692906866,45.750006867979046,-7.5450285364627945,29.49753230511584,31.491816522482974,5.31811492044163
1713,44.442157205732144,45.49752657630472,-7.606382819229971,30.248352491317704,31.674581135625658,5.655925363062213
1714,45.407960216717186,45.24291468003038,-7.67308174841677,28.026070825246208,31.86887821335379,6.00985071195268
1715,44.48777923314493,44.98598779307694,-7.745257717309393,27.767843265690047,32.07523784975584,6.379107448833388
1716,44.468036915250714,44.72656416554309,-7.8229602680472965,27.27343745727582,32.294152043276014,6.762483619147197
1717,44.835817883772464,44.46445710854045,-7.906301929058124,26.473215463729446,32.52607009103232,7.158592110715283
1718,43.81831591669778,44.19947737027255,-7.995265921726258,27.260189685772716,32.7713915173237,7.565786257269025
1719,44.34598648884793,43.93143938042537,-8.089853703436098,26.30891303508507,33.03045584151692,7.9823464559110135
1720,41.20972630241904,43.66015379004347,-8.190060309661042,28.78630620386413,33.30354794771777,8.406453668209899
1721,40.407267655318705,43.3854353597813,-8.296188480689928,28.822560503008702,33.590886086064245,8.836436659980613
1722,43.82007888033518,43.10707455799748,-8.40904546163138,25.281602767524888,33.89264372504981,9.270914645118715
1723,43.54874432356149,42.82483232900587,-8.528968087706232,25.504396136636075,34.20894706240549,9.707898079769528
1724,42.93153915323069,42.53847668548373,-8.655742686015593,25.669068163983056,34.53983693036778,10.144812093940416
1725,43.069291164129595,42.24778281660483,-8.78920315978089,25.4646071001511,34.88526786866819,10.57904319549209
1726,43.143210721419024,41.952529808165,-8.929168899412225,24.85283091511458,35.245106476733916,11.007871405035523
1727,42.559488920333244,41.65250488997735,-9.075340687545648,25.047279357119194,35.61912596233722,11.428350491476529
1728,41.778323720961346,41.34750709566196,-9.227406596378636,25.703781209614945,36.00699650949902,11.83736303963002
1729,41.36648748724945,41.037344450218775,-9.385167691749139,26.445252103549606,36.40828349831256,12.23180487778432
1730,40.75336370282168,40.72182924954535,-9.548510965834858,27.173757006374558,36.82245016801797,12.608662366507879
1731,40.49251070743756,40.40077705249645,-9.71738278502869,27.716437480219952,37.24886098941308,12.965019195379277
1732,40.547405056102065,40.07400373054344,-9.891764819067781,28.75897422230011,37.68678478104326,13.298023086401365
1733,39.45627365157059,39.7413260645586,-10.07157303102666,31.208498268030098,38.13539586183984,13.604928958546907
1734,39.20973885800946,39.402565528474994,-10.256779412970474,32.683957861611475,38.593780044946385,13.883379178733648
1735,39.4112121722489,39.05754077036057,-10.447455026663377,35.35180594855488,39.060954473755416,14.131464895980415
1736,40.32154635747005,38.706068526697436,-10.64357595410808,37.776436664590946,39.53587770467841,14.347755746301125
1737,40.3907762552119,38.347969040086696,-10.844849378096235,40.64881493710179,40.017471523508824,14.531438537328043
1738,39.702708990581804,37.98307856815769,-11.050731302878063,43.39984343385103,40.504640273833616,14.68234551824164
1739,38.651439487107695,37.611253619894825,-11.260662244963946,45.80309261624579,40.99629455805827,14.801001094964974
1740,39.01763469331174,37.23236775182676,-11.47423181306003,46.32475196499607,41.491373680164614,14.888550573530033
1741,38.93535099473933,36.84630483235749,-11.69101985556459,46.931342688659186,41.9888645962936,14.946427471252974
1742,38.37735843726845,36.45296642812245,-11.910450252837634,47.268709781235955,42.487802178248145,14.976085481395565
1743,39.53052591433492,36.05227481550165,-12.131926197008838,45.4120529952112,42.98727029505331,14.978970494703283
1744,39.66876206122434,35.64417134832186,-12.35464430210616,44.97179817751102,43.486400211228364,14.956154014585437
1745,38.94587734257724,35.2286318620279,-12.577488877578773,45.061615532795784,43.984347229359,14.908217494274147
1746,38.24931100434545,34.80567208981661,-12.799308693838647,45.49533428254543,44.48028137751331,14.835542008382774
1747,37.78835319825801,34.37534461577199,-13.019038910222136,45.91203127681223,44.97338336325119,14.738438690087605
1748,36.099390510331745,33.93773616246847,-13.235659926820631,47.67911096114284,45.46284395685248,14.617198059381025
1749,35.63689172147379,33.492967287317285,-13.448342777902553,48.774021791534196,45.94786323387659,14.472289259668969
1750,33.65190743119857,33.041179977274965,-13.656447213589082,51.22693268466142,46.42766324083041,14.304462111711693
1751,33.18717334573517,32.58253747307801,-13.859563610545074,51.87022826068632,46.901494041324035,14.114850534920151
1752,32.21597304288764,32.11720906990529,-14.057511241332072,53.032623362746364,47.368653276491756,13.904907054839093
1753,29.829476050316526,31.645370056989208,-14.25018550870849,55.80635939335214,47.828487844979975,13.676212780070003
1754,27.17586018636982,31.16719670265806,-14.437841754024312,57.90842006223488,48.28040079516309,13.43079628514289
1755,26.679093582560654,30.682847273387587,-14.621343526369213,57.536804332724415,48.7238742639895,13.171275608197313
1756,26.21405037845112,30.19244046756678,-14.801879714809054,57.042225663324146,49.15848583570958,12.900392962575324
1757,25.66417918059207,29.696055292400317,-14.98063728324519,57.71878406007312,49.58390046149452,12.620631183087312
1758,25.432791871518134,29.193731315350433,-15.158807377449932,57.8535616859584,49.9998612479154,12.33437227741046
1759,25.088758043527328,28.685468133903655,-15.337548807763337,57.60192734332719,50.40619194665522,12.043993786292724
1760,27.059971048277035,28.171228061499544,-15.517955674296342,54.57657450800603,50.80279416700158,11.751733596893743
1761,26.2446791567377,27.65093775561723,-15.700728063035303,54.82351330902509,51.1896408531148,11.459222902481656
1762,26.25341339450681,27.12451285729719,-15.886240334581938,54.39641988800831,51.566742360500356,11.167563238773077
1763,26.18063954876245,26.591855066645103,-16.07483113753501,54.772560833697725,51.93414506903301,10.877715751134609
1764,25.8099042624739,26.05285744812819,-16.26669115520409,54.88155312338105,52.291923410576,10.590523298616752
1765,25.66369741337329,25.507408989631497,-16.461917664042467,54.29165813589147,52.64017995560746,10.306793044584985
1766,25.679516008293515,24.95539627052536,-16.66052355130759,53.45876349738796,52.97904294688166,10.027155651943076
1767,24.869245455956115,24.396707419544324,-16.862377898196623,53.992695024228894,53.30865699907033,9.751928035048074
1768,24.159679141274992,23.831237743978917,-17.067302758831424,54.1606443694032,53.629171482551534,9.481283247588905
1769,24.35508312029455,23.25888723562223,-17.275179025651006,53.08977580125898,53.94074254890959,9.215402038950948
1770,23.577357379222228,22.67955914226885,-17.485794851678875,53.69921218319192,54.2435316184816,8.954236899631951
1771,22.540209967359097,22.093167578843637,-17.69885372521232,54.65239527674346,54.53769167555172,8.69758034723425
1772,22.2134238896957,21.49963556058803,-17.9141556652284,55.27354725775689,54.823370308297214,8.445368496855039
1773,23.037620380635047,20.898890534495077,-18.131528053418347,54.18289153327484,55.10071624200872,8.197685347586159
1774,22.60086323843602,20.290867023693473,-18.350546713496012,53.29819661751095,55.36988266480296,7.954461359086125
1775,22.570202026473012,19.675520753595343,-18.570550109239008,51.783834660243286,55.6310136659478,7.71525198394496
1776,21.52456420365963,19.052830349744205,-18.790764292636855,52.57109904785965,55.884232797065955,7.479177072751071
1777,19.077542058441246,18.42280313408622,-19.01039126490474,54.529636665394236,56.12962547079787,7.245171869845564
1778,18.633934203418924,17.78547093208389,-19.2289661120512,54.112870585719946,56.36724425505566,7.012505782135321
1779,20.2296164573782,17.140872059949473,-19.44626530430874,52.063717352815104,56.59712585627356,6.780605656686696
1780,19.832620812644716,16.489053245129973,-19.661703369465204,52.201414886393806,56.819284632168106,6.548462134031148
1781,20.44166250322632,15.83009183531846,-19.874323807322646,51.176420546537784,57.0336899985423,6.31471439717199
1782,19.624571063069748,15.164098324641797,-20.082943669768795,52.19970250651005,57.24026559197957,6.077804767817057
1783,17.698321307459878,14.49122892400054,-20.286213922216945,54.005626212869245,57.43887698306344,5.836112712162773
1784,16.92901801418848,13.811684063160667,-20.48299437936543,54.45383266595179,57.62933977279042,5.588378153790892
1785,16.463604854136268,13.125695965376178,-20.672344583867826,54.90233415954569,57.8114355266495,5.333618354574483
1786,14.869427817411376,12.433527757569479,-20.853304625650253,56.72156330795197,57.984914329762056,5.070928518658029
1787,13.991000845192593,11.735475656999494,-21.025015925490695,57.66563626539221,58.149497427893365,4.799688192377083
1788,12.476143280105875,11.031860029203433,-21.1867808572163,58.85138591990287,58.304893542587195,4.519637561095067
1789,12.49667682936383,10.32302359985174,-21.33804925044906,58.499639751047226,58.45080659863304,4.230785938224315
1790,13.675273611513402,9.609323412506829,-21.47828310936749,57.08549663793022,58.586945938468816,3.9332218500978655
1791,9.685130011289477,8.891138059227242,-21.606554589994815,61.38865230099887,58.71302138863956,3.626729289215085
1792,4.845697208702389,8.168886439840508,-21.72214100729093,65.92301308038509,58.828727891083155,3.311482859195003
1793,2.2991529374985773,7.442995325407846,-21.82541845894985,67.9848778416569,58.933786912585894,2.988935369966512
1794,2.2198177753505397,6.713858542577184,-21.917646012856146,67.34234262883973,59.02799024908092,2.6614876776347884
1795,0.7941467151867072,5.98181892455077,-22.000256845322625,68.17929483977679,59.111219424428214,2.3317220652183934
1796,0.4246878410124785,5.247174752889009,-22.07469065026148,67.1354237600672,59.18343838676215,2.0022233413700974
1797,-0.4905230978227738,4.510172881200004,-22.14243596231333,66.39149268666628,59.24470098051955,1.675522429901548
1798,-0.5966539030961706,3.771012355401454,-22.204953512305465,65.12697443580021,59.29513988208892,1.353864555134514
1799,-1.3331269850481564,3.0298426470463067,-22.26363639814455,64.31971088877776,59.33495861752852,1.0391796698845823
1800,-2.538260568405403,2.286769928858484,-22.319782886301695,65.27461899147818,59.36441852674789,0.7330762265245383
1801,-2.994810597543973,1.5418571212928605,-22.374759254405895,65.16203714828245,59.38383036596349,0.4371743306258935
1802,-1.486384617520909,0.795119311898091,-22.42995760940773,63.074720525319066,59.39356348212295,0.15321207634684697
1803,-2.0907578362447885,0.0465266139990117,-22.486391829764145,63.08874896661865,59.39404450438661,-0.11740390625110564
1804,-1.9499056934103043,-0.7039734767528518,-22.544718999892417,61.86680550369675,59.38573655503954,-0.37357680889250844
1805,-3.6809152087561223,-1.456454652660483,-22.60544221221543,62.75848620298149,59.36913938379378,-0.6143882792761701
1806,-4.629427120688294,-2.2110029575672137,-22.66907752245178,62.49138721242872,59.34477733642113,-0.8389653725144086
1807,-4.989170920536981,-2.9677264874906015,-22.736315338681248,61.18927599151513,59.313208358959486,-1.0463361761891576
1808,-4.424464162098787,-3.726757313479297,-22.80781587999968,58.920892373053164,59.275021591341854,-1.2357538061222328
1809,-6.901036967681574,-4.488247546157247,-22.883983490716417,59.21581852851068,59.23082477188467,-1.4069919464253644
1810,-7.01254008816505,-5.252356212860391,-22.96528070907818,57.518900922775316,59.18122212824683,-1.5601054884259824
1811,-6.341678814031229,-6.019266260095792,-23.05232806621063,55.53802709155627,59.12681773932294,-1.6953438547334798
1812,-4.346563589823396,-6.7891780839411,-23.145435249192037,51.768150448881556,59.06819920459793,-1.813487898258721
1813,-5.275006138298782,-7.5622952767085945,-23.244286978915177,51.0261280937179,59.00591854610569,-1.9161568155042374
1814,-8.086280388084571,-8.338797215868778,-23.348179907379276,52.55888771328803,58.94045541689765,-2.005622755162584
1815,-10.951077879191532,-9.118840603867213,-23.456736359353094,54.78465080674354,58.872210362428184,-2.084021285594204
1816,-11.36821071035361,-9.902579639825651,-23.57019124305145,54.49648559124314,58.8015206645247,-2.152909191101209
1817,-13.553079259926779,-10.69018668673731,-23.689034959397492,56.345389351473784,58.72868308302144,-2.2135344706090265
1818,-13.009580165234427,-11.481848637118818,-23.81391117022612,55.01827660348559,58.65395169981743,-2.266891694632349
1819,-14.345304103856549,-12.277780764752384,-23.945472771858924,55.61100103829018,58.57755697004595,-2.313875898254558
1820,-14.792961990699512,-13.078213488576079,-24.084254387307283,55.44695662188005,58.49969330660046,-2.3554688490447617
1821,-13.20961214507036,-13.883397723906203,-24.230818449454567,53.15291973880775,58.42052571344296,-2.392565630233321
1822,-14.33662276307823,-14.693601385206383,-24.3853197519812,54.15918027609179,58.340188931251575,-2.426403496704701
1823,-13.954493745000034,-15.509085707371616,-24.547605017781564,53.14298505345846,58.258765480329316,-2.4583874800876515
1824,-14.261083231675391,-16.33010838639182,-24.717389991730776,53.256273732745086,58.176296432579065,-2.4899000351882705
1825,-15.726015045631849,-17.156911706820335,-24.894135833283357,53.8872812748577,58.0927721446501,-2.5224335099714423
1826,-15.37980799302008,-17.989717441944045,-25.07732209568129,52.81599402019475,58.00813419858097,-2.5573448901646856
1827,-16.144103333571717,-18.828733179865754,-25.26634790137635,53.1321071736902,57.922282485305786,-2.5960316260168526
1828,-16.039707710780284,-19.674140635369135,-25.46042593969231,53.6119899126722,57.83506542351318,-2.6399781117536136
1829,-15.975709541361557,-20.526094909178575,-25.65861655085806,53.25655375720048,57.74628394452221,-2.690524639362657
1830,-19.142510395377396,-21.384715072093005,-25.85970263278707,56.09507416151247,57.655697114222335,-2.7489668239219256
1831,-19.23735282624989,-22.250075084697713,-26.06267411106824,56.192468208709755,57.56301948959408,-2.8162043674362636
1832,-18.51007522897258,-23.122226679497555,-26.266749565478218,54.93429780697414,57.46795015639325,-2.8926731425359264
1833,-18.976666174852667,-24.00119172239626,-26.470795159030995,55.31753799022589,57.37017461342502,-2.9789537136533895
1834,-18.98565952566366,-24.886946356766288,-26.6733778947723,55.09079608479303,57.26935324214969,-3.0757280729452674
1835,-20.485685956938575,-25.77941691538108,-26.87287307822862,56.46848520321578,57.16512607522867,-3.1836254090625005
1836,-20.143286166250395,-26.678471228648196,-27.067615983437054,55.67608312983748,57.05711154821219,-3.3030732708393984
1837,-21.25370638062624,-27.583924647610218,-27.255847622249245,56.111546770509605,56.944921190506044,-3.4343806126762644
1838,-22.386927782534304,-28.495527736798145,-27.43565487837138,56.07460689846651,56.82815284070044,-3.5778767215788676
1839,-23.18679813835503,-29.41296830616831,-27.605188069736855,55.990543417672484,56.70639607573412,-3.7337975764062747
1840,-24.961976566630312,-30.335873608113936,-27.76261298648066,56.86998130200847,56.579233002273355,-3.9023616802498395
1841,-25.204853588586104,-31.263809171933687,-27.906204670821495,55.81090035072583,56.44623863038413,-4.083632247144955
1842,-25.597879863146737,-32.19628725283537,-28.03426303018682,54.153805138968195,56.30699085246369,-4.277660518446567
1843,-27.301502814985387,-33.13276004061281,-28.1449058843819,55.06997256639616,56.16106126248769,-4.48486115435216
1844,-27.816580023880064,-34.07261431179416,-28.23628491250325,53.73454713589416,56.008000108840214,-4.705716586237543
1845,-28.708447558548837,-35.01517903477969,-28.30660270534807,53.27595531706265,55.84734682340519,-4.94072712950814
1846,-30.619186516628723,-35.959721158817366,-28.353991149553472,53.1650327875694,55.67861830020634,-5.190613224143519
1847,-32.018315715995264,-36.90544511141659,-28.37671826874658,53.517087425117865,55.50130594179562,-5.456131018407255
1848,-32.867199849808564,-37.851502376733805,-28.37326318478482,52.95051430696316,55.31487623231252,-5.737949346532574
1849,-34.80118239701814,-38.796995990402245,-28.342157992094883,51.76985707074384,55.11877598536012,-6.036714852847318
1850,-36.27929171426338,-39.7409795762068,-28.282067325898446,50.87000714856161,54.91242857545603,-6.353277115897882
1851,-37.51624602219874,-40.68246714546214,-28.19188223786501,49.40638269913681,54.69522417763359,-6.688735245698041
1852,-41.18462984859899,-41.620438392064464,-28.070617142052008,50.92171165329118,54.4665128924095,-7.044476823394312
1853,-45.88339646937137,-42.55384162159894,-27.917736408019387,52.91562108766355,54.2255923894073,-7.421815432820189
1854,-47.457615691208815,-43.48162081926576,-27.733670342774346,52.52163083854377,53.97172519688815,-7.821472990281926
1855,-52.71298324629945,-44.4027529777839,-27.51950529906086,55.66600825008649,53.70416085672184,-8.243859924154222
1856,-51.786127482062206,-45.316254505869814,-27.277068267989435,55.11317715183695,53.42213453527787,-8.688900135534965
1857,-54.04117335608191,-46.22122419564986,-27.00855708631927,57.107454321265934,53.12490084768618,-9.156050430928637
1858,-53.26440099215266,-47.1168249782911,-26.716096684833808,56.379544794469865,52.81173117321596,-9.644467133004682
1859,-53.76601755969333,-48.002297307972114,-26.40176406798531,56.55042217113103,52.48193637215253,-10.153027484089705
1860,-52.25585234149149,-48.87694258282345,-26.067330474062302,55.21757275922765,52.13486267427665,-10.680595948166705
1861,-52.147905187332825,-49.74011933957627,-25.714155434049317,55.245735529477855,51.76989664227475,-11.226109125276338
1862,-52.41192860232754,-50.591219611760074,-25.343099443445638,55.17621990183433,51.386455399258224,-11.788591743474974
1863,-53.132821815457014,-51.42965930247264,-24.954791289563616,55.03697927593673,50.98399052604309,-12.366963390132852
1864,-52.65099795486426,-52.25487236439765,-24.549754980537628,54.012970909949004,50.56199117324937,-12.96005782905361
1865,-53.64131578624396,-53.066309634508485,-24.128302685537655,54.22844714958363,50.119986670772846,-13.566759202147267
1866,-54.920782494515336,-53.863425876766826,-23.69057881418108,53.306381951920486,49.65754055977288,-14.185943402544368
1867,-55.80483496756871,-54.64568155545389,-23.23682610272268,51.93176461161164,49.17425711060322,-14.81645690087337
1868,-57.51379857583084,-55.41254761694834,-22.76737415151331,51.409017951086625,48.669776766381325,-15.457347057707516
1869,-57.66131602973233,-56.16350649888811,-22.282707790493532,48.99941246055124,48.143767306756054,-16.107796493349973
1870,-60.53558889710766,-56.89806146964791,-21.783362208580428,49.47992618681617,47.59592366682466,-16.76727063959003
1871,-62.248061006895824,-57.615730646126806,-21.270101042682263,48.91364583718723,47.02594926411672,-17.43536210425532
1872,-63.7268825578368,-58.316068205826724,-20.74415404046242,47.86276020583318,46.43356619320764,-18.11151002665568
1873,-65.57229329690297,-58.9986742488243,-20.2070146415981,47.69541529031932,45.81851526233967,-18.795221177215424
1874,-65.10461798754075,-59.6632025152666,-19.66046496004534,46.13885125827849,45.180551448059944,-19.486003931830354
1875,-65.81361888243295,-60.309371912827324,-19.10629166021991,46.18031686680246,44.51944833355098,-20.183436689491963
1876,-65.42243633131372,-60.93695529261459,-18.54612238834825,45.21780241390151,43.83498900209381,-20.887129973593233
1877,-64.91751335318926,-61.54578007205054,-17.981442640916505,44.98971781213372,43.1269730019781,-21.596631181337216
1878,-65.42137669081318,-62.13571813534236,-17.413420804516093,45.88375822734177,42.395213590004666,-22.31145769044108
1879,-65.74722058211093,-62.70667479235161,-16.843046849261114,46.39623963818535,41.63954248928203,-23.030813751345036
1880,-65.69585523327966,-63.2585879252931,-16.2712614968925,46.864552295539454,40.85982600658166,-23.753473276843877
1881,-66.23277483544727,-63.79142555881111,-15.69887931134005,47.79659917369558,40.055977604159104,-24.477836017492862
1882,-66.53474464879282,-64.30517987938244,-15.12662575457746,48.3546835606527,39.22797027208214,-25.201858007138007
1883,-66.3883922776634,-64.79986727578294,-14.555195402713466,48.1398333071522,38.37585373701657,-25.92303103267991
1884,-67.17312910949542,-65.27552623956333,-13.985156014843696,48.76563238918163,37.49976820323681,-26.63854600283738
1885,-67.7644710826996,-65.73221101010586,-13.417025986534412,48.89273499193102,36.599950670160744,-27.345275729466252
1886,-68.8943095287392,-66.16999463866563,-12.851389697819258,48.27171071890098,35.676749821272395,-28.039716985098515
1887,-68.37824116013088,-66.58897032329381,-12.28895446278969,44.78253129028765,34.73063620448751,-28.71816890240126
1888,-70.13123853826242,-66.98925826951827,-11.730391462456637,41.65575913760951,33.76220522777898,-29.377263839638665
1889,-68.19955343368711,-67.37099642079092,-11.176433985673313,35.48543287508991,32.7721519485116,-30.01433326555631
1890,-69.04658772153508,-67.73435386856316,-10.627672460845616,31.721669801383158,31.76124967674189,-30.62779991840472
1891,-72.53123614164579,-68.07950791818062,-10.084425228704816,32.89257866753127,30.73029862061795,-31.217266212432158
1892,-73.66420407602433,-68.40664888381015,-9.547549404220419,31.508746713072583,29.68009859591308,-31.782416497037822
1893,-73.06968970917494,-68.71601121179532,-9.01848878109611,29.368811294816567,28.611470854148763,-32.32265731164279
1894,-74.26822988359453,-69.00788146921656,-8.498672572806711,30.02898040538217,27.525254775136894,-32.83760411355317
1895,-75.07959218092067,-69.28258938331577,-7.989530408185246,30.650703094935437,26.42229724657855,-33.326771974432
1896,-74.82445124891602,-69.54051682976224,-7.492706541844925,30.30274892414667,25.303469976841427,-33.78915981020146
1897,-73.94068883014164,-69.7821031527721,-7.0098487356943195,29.345031374984373,24.16968659256512,-34.223395442027424
1898,-74.20548005127826,-70.00784007880853,-6.542361115092561,29.043388566769664,23.021910280706265,-34.62796587898758
1899,-72.22327565521664,-70.21826056044493,-6.091486270812538,25.281460797635006,21.86115553396595,-35.00120612666908
1900,-71.80534619890693,-70.41393916352936,-5.658146552521401,21.194823089928562,20.688496538928327,-35.34171216924001
1901,-71.55358664489587,-70.59547033061303,-5.24284701632638,19.14657799899284,19.505041389349948,-35.64890010714329
1902,-71.57567608282103,-70.76346229795112,-4.845937041978843,17.21829013990805,18.311903198452107,-35.92274795277252
1903,-73.29039558619998,-70.91853280007828,-4.4676798818068875,17.684506778045673,17.11019152583178,-36.163471633373725
1904,-73.46567125982358,-71.06130762340491,-4.108549015625655,16.387224299979138,15.901005089560526,-36.37114836977432
1905,-74.31470225199028,-71.19243606778666,-3.769254679745444,16.100583732337626,14.685448301180159,-36.54562045795907
1906,-75.47860458460313,-71.31259126872128,-3.4506186972607367,16.10232757768044,13.464630392363254,-36.68660516193792
1907,-75.30664145556392,-71.42247731427071,-3.153724852792834,15.681420901431252,12.239674623717631,-36.79349981579204
1908,-76.01127403197066,-71.5228395922408,-2.879770227014191,15.216407014207803,11.011730404643785,-36.865400391715085
1909,-77.11089325134036,-71.61446199607165,-2.6299998453916373,15.388902114492623,9.781981264269959,-36.901169848306665
1910,-76.74251817492713,-71.69817291526691,-2.405898481373683,14.06472421862216,8.551652414756674,-36.899349177520676
1911,-74.37189380678156,-71.77485522816323,-2.209033573679946,10.715331544779673,7.322024652435247,-36.85828480981121
1912,-74.88582475270843,-71.8454418201789,-2.040541414392507,11.033042637185588,6.094433427435927,-36.7766523453306
1913,-73.20836336303972,-71.91089132245607,-1.9012603015951157,8.768820977202111,4.870247829413207,-36.65321280819525
1914,-71.49687768731687,-71.97219250695191,-1.7918352847130592,5.143298044912612,3.6508859068895774,-36.48665208821912
1915,-71.8037048557392,-72.0303470081036,-1.7123886204942096,3.797440886955897,2.437804356865266,-36.27616853297606
1916,-69.79328365555207,-72.0863517483182,-1.6628159262553766,1.4509765277526157,1.2324746713578403,-36.02133803599699
1917,-72.04532896365001,-72.1412014031873,-1.6427425150469332,2.6568815523388736,0.036381821132133396,-35.721925924323386
1918,-72.05920949829155,-72.19586791598799,-1.6518131456899,2.301567532428564,-1.1489870569303857,-35.3775100316183
1919,-70.72861444019217,-72.25132227956662,-1.6899932402889561,-0.39499418788156504,-2.32211884764242,-34.98718757756106
1920,-69.1569299588599,-72.30853413200725,-1.757036047106979,-3.003769054745419,-3.4814662287677898,-34.55015888836523
1921,-69.04363907002737,-72.36845801604042,-1.8522464847509923,-4.426575103501193,-4.625462773533435,-34.06606636126341
1922,-66.62068908110201,-72.43201723099065,-1.974661493589167,-7.819887409185114,-5.752537319518684,-33.53480938646848
1923,-64.97896626927765,-72.50010211561303,-2.122922506663798,-11.986868139144448,-6.861116732631334,-32.95666580881834
1924,-64.6028768663787,-72.57354539810157,-2.295046954641009,-15.015597153007512,-7.949648373439906,-32.33270525973657
1925,-65.18052130016422,-72.65310524592243,-2.4887311690995517,-17.672418247126004,-9.016630416613772,-31.66474067424586
1926,-65.64223767983762,-72.73946080937488,-2.701678701402628,-19.74811473879442,-10.060631085056297,-30.955109912242023
1927,-66.0614954774056,-72.83321715934927,-2.9317229863364958,-21.901104849320674,-11.08030441076324,-30.206540662136383
1928,-65.25925883377997,-72.93490900846398,-3.1768016785839137,-23.75729528681284,-12.074400462532056,-29.422082554900754
1929,-66.30857300366274,-73.04500393792154,-3.434766419342239,-25.66723977601609,-13.041776581089957,-28.60508194392815
1930,-67.36182802455542,-73.16389343642012,-3.703474097627222,-26.485377845598535,-13.9814059254606,-27.75915354028686
1931,-67.66124773671999,-73.29190221109668,-3.981060208995757,-27.845711896819914,-14.892386817109081,-26.888034151176228
1932,-67.57066835887375,-73.42929745035318,-4.265824680614401,-29.69564047420947,-15.773941535539015,-25.99550933764327
1933,-66.62477959863605,-73.57629052313764,-4.556059028495483,-30.369585911351685,-16.625420772951966,-25.08557548013905
1934,-65.44608346222483,-73.73303471891954,-4.84985835413319,-31.159799724164486,-17.44631323421495,-24.162346558925893
1935,-68.29479790217809,-73.89961441341319,-5.144956661698146,-31.917479373211677,-18.23624387688036,-23.22990559257608
1936,-72.51426878145078,-74.07603182969942,-5.43928821204581,-32.436463032120606,-18.994973607053357,-22.29232624187322
1937,-73.76093146111671,-74.26223362754958,-5.731787317628374,-33.080475956996324,-19.722398959671906,-21.35364172098587
1938,-74.00201274891238,-74.45815098420798,-6.0221471957077455,-33.70479686705299,-20.418549721785748,-20.417837189639823
1939,-76.94445243877742,-74.66371010726343,-6.310225472603079,-34.28837751403369,-21.083588105647895,-19.48887472266197
1940,-74.86988602259703,-74.87883268238151,-6.596293471314922,-35.293750454266146,-21.71780803662988,-18.57069360064747
1941,-76.11445394923899,-75.10346300535109,-6.8806890133041065,-36.006887092916095,-22.32163434569106,-17.667276182572724
1942,-76.98163041953511,-75.33754528326845,-7.163561104956742,-36.47635604843486,-22.895626448801394,-16.782676273463366
1943,-80.6364749298898,-75.58103374568154,-7.445304562445969,-33.478263842739324,-23.440479430588617,-15.920948390210157
1944,-81.83065027847823,-75.83389892076485,-7.72691562138526,-33.79963030487109,-23.957023008148738,-15.085604662425087
1945,-82.4994833301267,-76.09616145377389,-8.010037769281766,-34.54406361931171,-24.446186408083623,-14.279601351979139
1946,-81.15926372849307,-76.36790143871697,-8.296514926731433,-38.08032113749063,-24.908996431614014,-13.505903656686531
1947,-81.24617624836337,-76.64926244888932,-8.588011770088144,-40.30270792975041,-25.34657998519606,-12.767971762614536
1948,-81.6968215272544,-76.94043555672285,-8.88592435849688,-40.896756632928835,-25.76019454912165,-12.069988289352072
1949,-82.9743384871612,-77.24165740612244,-9.191643550039785,-38.20403255593258,-26.151245871152863,-11.416428091993449
1950,-82.2412696765178,-77.55321179339217,-9.506729094114448,-36.79046823466317,-26.521289755254546,-10.81133429183291
1951,-80.7069334438932,-77.87543934573007,-9.832730579568505,-32.234187585218216,-26.87200149060839,-10.258026218563163
1952,-79.66522136654326,-78.2087271653634,-10.170766181796154,-24.983797799266405,-27.205158169825424,-9.758828293541892
1953,-77.65081674186749,-78.55349042451648,-10.521473534930195,-18.643762993650654,-27.522590043511183,-9.314207565078192
1954,-79.2989196803508,-78.91015873435875,-10.884934993408564,-11.095401123874801,-27.826105340830637,-8.92251340871228
1955,-78.2099842060267,-79.27915275741039,-11.261074137178255,-8.38663846803474,-28.11742427075867,-8.579937625797651
1956,-75.87424365266672,-79.66089701017063,-11.649789787999296,-10.184541100716622,-28.39810118255048,-8.281058305424995
1957,-76.73051425216306,-80.05580540994367,-12.050359873521828,-10.261974221121392,-28.66949482445367,-8.02023303246564
1958,-75.39782938191355,-80.46425433507208,-12.461726830560451,-12.430908666317038,-28.932783384714856,-7.7920161644956565
1959,-75.66851674283829,-80.8865871986477,-12.882642790827745,-12.658624647230518,-29.18896256875338,-7.591216590805221
1960,-75.06643028810092,-81.32309718779393,-13.31157842522046,-14.796100321684207,-29.438864490768538,-7.4129223422464285
1961,-73.9805750718043,-81.77402576032907,-13.746827412806581,-19.31440552075516,-29.683157391569807,-7.25249790386302
1962,-74.14743048578151,-82.2395523486477,-14.186300467444468,-21.7707613942139,-29.922364351026072,-7.106224003304842
1963,-75.060728844799,-82.71977912482537,-14.627635366441893,-23.467003253131324,-30.156905658456797,-6.971346619443786
1964,-75.77671470473646,-83.21472803974383,-15.068489872769462,-23.953085324135323,-30.387120792322325,-6.845658784879447
1965,-77.358199328847,-83.72434511634333,-15.506619016902548,-25.406896003660982,-30.613282910782093,-6.727208938611451
1966,-79.1540121606445,-84.24850264087067,-15.939970087311863,-25.911495425618256,-30.835601388229755,-6.614266121948216
1967,-80.03843797574284,-84.78700978883079,-16.36683885993122,-26.27692707998613,-31.05423398557864,-6.505323906332698
1968,-79.71118484216039,-85.33962523153275,-16.78576164782065,-26.969209299656377,-31.269289648651934,-6.3989396684321065
1969,-79.086216921544,-85.90606056535216,-17.195195364407923,-28.881762100798618,-31.480829963474115,-6.293763579017035
1970,-77.6339667687385,-86.48597158915994,-17.593288920037935,-31.286958630875226,-31.68887388725307,-6.188769718221678
1971,-76.58853948452679,-87.07894649335469,-17.97771187330369,-34.48258142368557,-31.89341461135556,-6.083511832667998
1972,-77.54262157983916,-87.68448571404686,-18.345587961231686,-35.1006170215549,-32.09444134276427,-5.978315171902011
1973,-81.01319934330701,-88.30198569077014,-18.693849115679555,-34.48254667417177,-32.29196895614903,-5.874011776756056
1974,-83.83398685262885,-88.93074232175883,-19.019903357165475,-34.16177624361759,-32.48604212788134,-5.77137441690958
1975,-82.91657514207687,-89.5699792479145,-19.321908925952513,-34.30519130013532,-32.676727250609666,-5.6709780221940065
1976,-83.96919926851717,-90.218869583489,-19.598118545165164,-34.357146587773705,-32.86410732936094,-5.5733139347917415
1977,-85.77291457146227,-90.87652048425885,-19.846613496728125,-34.49127577072224,-33.048281512929115,-5.478846329722806
1978,-89.63704561950017,-91.54197714993754,-20.06570552127016,-34.510083471361575,-33.22936375134246,-5.38801180220478
1979,-93.58195481652415,-92.21423418567686,-20.25435243248495,-34.34783323025733,-33.40748229974277,-5.301215375030779
1980,-94.59082685013779,-92.8922673121032,-20.412474345827434,-34.25065794462765,-33.58277810967785,-5.218787326727998
1981,-97.94165190616211,-93.57506580873202,-20.54052722450571,-29.618723885487604,-33.75540145485797,-5.140966805064373
1982,-100.48145124345847,-94.26163579373691,-20.639412970205697,-25.906727916617626,-33.92550923001547,-5.067237991507483
1983,-103.2044189126685,-94.9510266734124,-20.71070580619839,-24.548227629684455,-34.093217320958466,-4.995793340203534
1984,-104.67362341468225,-95.64234951415014,-20.756557933138282,-24.309961377640974,-34.258562119362374,-4.924021076330192
1985,-106.0909608003452,-96.33479720228829,-20.779539622286052,-24.32972945646732,-34.42148539271381,-4.849022456292857
1986,-105.68705550875299,-97.02765215563588,-20.78244461060187,-25.660984671115983,-34.58183028311523,-4.767817431046346
1987,-106.79731712979769,-97.72029350966174,-20.76801133700542,-26.25956392867748,-34.7393398881169,-4.677578781195741
1988,-107.02295004060379,-98.41218624476957,-20.738877250674577,-27.272283460744546,-34.89366886852828,-4.575718992630016
1989,-106.9132813112924,-99.10288532637338,-20.69767256797043,-28.233601209941355,-35.0443878209589,-4.459843784083546
1990,-106.12239022809351,-99.79203108263427,-20.64683915469118,-29.72950696179636,-35.19099178746718,-4.327807057005089
1991,-104.79847887587134,-100.47934127001946,-20.588479774998447,-31.82518513162011,-35.33290829142591,-4.177783895233738
1992,-103.97309230866415,-101.1645964009675,-20.524178034571037,-33.40430125899746,-35.4695107138161,-4.008440556056527
1993,-103.1843618430429,-101.84761980565753,-20.45499382958745,-35.28084500915232,-35.60013766182968,-3.8189483310438987
1994,-104.55974175269347,-102.52826265627333,-20.381543566860856,-34.75932561393485,-35.724107269219026,-3.6089526390208704
1995,-104.09334846766079,-103.20638937678159,-20.304328108943963,-35.98898317731752,-35.84073450443107,-3.378262535062291
1996,-106.2855584941467,-103.88188453020292,-20.223781434588375,-34.4445943572978,-35.94932477155651,-3.12675659875822
1997,-105.31429808869477,-104.55464147242081,-20.14039286881257,-36.04862373445135,-36.04918494434828,-2.854233118024503
1998,-104.1652479117206,-105.22457738812376,-20.054632806451522,-37.02898285965258,-36.13960697942481,-2.560468252390713
1999,-103.31207305462657,-105.89161699285091,-19.96645668543472,-38.664790209413724,-36.219882827841,-2.2455941707281113
2000,-103.75253057745059,-106.55567450048608,-19.875323396568874,-38.964511101764884,-36.28931325747335,-1.910106688945028
2001,-105.2512693615022,-107.21663855262217,-19.780432521274776,-37.84354416847623,-36.347223273770666,-1.5547671789538597
2002,-104.38864031687841,-107.8743700019044,-19.6810749702297,-39.81100653763785,-36.39296440273694,-1.1801959555839758
2003,-105.8733910978638,-108.52871021730415,-19.576440151972605,-39.390571893833624,-36.42590300414293,-0.7871237963902189
2004,-105.1240393913363,-109.1794660120359,-19.46561487783555,-41.31038306356032,-36.44543932249629,-0.37649982579218033
2005,-104.89775474978613,-109.82641787582652,-19.347601243851713,-43.0785794290568,-36.45100299252908,0.050511674056039624
2006,-108.5984307186417,-110.46930609495935,-19.22106329435522,-40.62511510654301,-36.44207187755922,0.4922017378735788
2007,-107.80675751921169,-111.1078220954502,-19.08498992168319,-41.952690726548155,-36.418189543337505,0.9469628006189268
2008,-105.9277241607704,-111.7416387564049,-18.938612045975773,-43.88160080055644,-36.37894102418463,1.4133498401594125
2009,-108.84155162443672,-112.37039623184859,-18.780574247995432,-42.179087634561114,-36.32396622066021,1.889424199429648
2010,-112.5690314416022,-112.99367703960459,-18.609487237068834,-39.53364164317824,-36.25297941088932,2.373199544367708
2011,-111.69378863586425,-113.61102871431984,-18.424763119733,-40.52543229424106,-36.16575291770236,2.863317362060336
2012,-112.19722994692661,-114.22199458092012,-18.22605365197873,-41.0622690815017,-36.06209158675196,3.358641515407399
2013,-113.59832945375939,-114.82609895778509,-18.012772648263038,-40.733797906126355,-35.94184348334187,3.8577801712702353
2014,-115.55700085001935,-115.42284609080433,-17.784436448969245,-40.442001429843685,-35.80490624200061,4.359277216175208
2015,-118.3894525299377,-116.01172805438304,-17.540882430964686,-38.81535001609384,-35.65122500226352,4.861730527857944
2016,-117.75915416629026,-116.59223825286864,-17.282484116708616,-40.33287380045838,-35.48079087347675,5.363980046186967
2017,-115.57341774277161,-117.16389366216362,-17.009768602718935,-43.56390353802537,-35.293626332517725,5.864833741838389
2018,-115.79848990299449,-117.72622282638324,-16.72267290460738,-44.07317481413578,-35.08980195735419,6.362340288425656
2019,-119.39451338213821,-118.27873852247077,-16.420673856290904,-41.207370695845,-34.86947031328935,6.853934026853672
2020,-122.18808711313216,-118.82093441680263,-16.10365071766104,-39.236178146523784,-34.63287302223061,7.33733664708943
2021,-124.50163242780634,-119.35231523698151,-15.772270110784348,-38.34321756772117,-34.38031453681672,7.810921165664126
2022,-123.86896014699911,-119.87241909085492,-15.427798455135928,-39.72996696178973,-34.11214494451967,8.27341376690434
2023,-123.72188979543556,-120.38083513399057,-15.07159576174864,-39.71581384770794,-33.8287536190231,8.723389774044286
2024,-125.15646402969784,-120.87719214163816,-14.704753148683452,-39.55239508812623,-33.53058562625005,9.159138383533723
2025,-124.29590828149115,-121.36115201056947,-14.328403776752694,-40.51715379809988,-33.21814439345418,9.578888717921785
2026,-123.09408530269992,-121.83241906008834,-13.943620389226155,-41.76056809932885,-32.891993045055266,9.980659939532721
2027,-122.65176733706907,-122.29072670318455,-13.551027004185414,-41.84682309110693,-32.552767064152,10.362047889827508
2028,-126.51924317650104,-122.73582086036737,-13.15086492203072,-37.30164942939884,-32.2011898524001,10.72035174205574
2029,-129.1494425908532,-123.16745103131993,-12.743750434331957,-33.8190234567684,-31.83807694801495,11.05343099726456
2030,-128.93877465463623,-123.58540422265617,-12.331135681525822,-32.83282673269387,-31.46429445258246,11.360232633405474
2031,-128.52101057555407,-123.98952674342165,-11.914706259095027,-32.10657531811288,-31.08072810578792,11.640258574958668
2032,-128.0960233239764,-124.3797179732625,-11.495932068550374,-31.54332130367812,-30.688277214251883,11.89315277195714
2033,-128.3902636977966,-124.75592221465834,-11.076039575902854,-29.986205780767598,-30.28785125432411,12.118635531358244
2034,-128.98113754024112,-125.11812061165602,-10.656121839946238,-26.642581697878484,-29.880368178828,12.316624561461644
2035,-128.65410958251837,-125.46633033732142,-10.237293735838477,-23.64151948967426,-29.466742950226667,12.48764618427721
2036,-128.978958394693,-125.80060686071192,-9.820603733861688,-18.253451847305115,-29.04785843320952,12.633048091093588
2037,-128.56931218163692,-126.1210372529122,-9.406998492913061,-14.912494476891574,-28.62453974415376,12.755301660710998
2038,-126.3063913786799,-126.4277400935728,-8.997314705827932,-11.667901405103073,-28.19750498916212,12.858051061224725
2039,-125.94587762461866,-126.72085823330073,-8.59189839211055,-10.679791651776704,-27.767336340072113,12.945793298262647
2040,-127.5441958299331,-127.0005333197135,-8.19061626544368,-8.832130412296443,-27.334452102611277,13.023527322302915
2041,-128.47477739917116,-127.26689931766364,-7.7934339282728615,-8.976579284840298,-26.89910118525192,13.09654543173151
2042,-129.38761164551326,-127.52009558159835,-7.40061183888173,-8.21088183714837,-26.461349073829176,13.170264088045993
2043,-127.86099265769111,-127.76027344025576,-7.012607315746919,-10.87485108253778,-26.021083579382186,13.250062301383405
2044,-128.65129843109875,-127.98760273598148,-6.629713040170344,-12.41500011565239,-25.578011587070282,13.340906240996055
2045,-127.86401075449776,-128.20225430960045,-6.252042682479981,-16.628788275690738,-25.13168982998245,13.447005559276963
2046,-127.82536516817221,-128.40440558148015,-5.879644638187642,-19.529315901630376,-24.68154454978515,13.571582029393952
2047,-128.22173397800745,-128.59423061881296,-5.512382504971356,-21.789711100021165,-24.22691769468952,13.716666201918759
2048,-127.91793493663538,-128.77189774847824,-5.150114786994635,-25.848741814630593,-23.7671001363239,13.883386644052145
2049,-128.03164018650318,-128.9375716046126,-4.79265910680013,-27.86384435966596,-23.301358585086042,14.071796229148816
2050,-127.82375080032692,-129.09140835559825,-4.439753763900001,-29.67477309811148,-22.82898038771398,14.28090695954035
2051,-128.80203544852895,-129.2335551888726,-4.091075540410003,-30.586123614951816,-22.349298121116686,14.509022396887179
2052,-128.3695184290374,-129.3641467249589,-3.7463717645982797,-32.940578783020875,-21.8617122279215,14.753899719731312
2053,-129.63995145388398,-129.48331330651249,-3.4054303648356665,-32.86857548574234,-21.36570480646793,15.012666638394165
2054,-130.16581669494354,-129.59117541594796,-3.068126729981344,-33.311353222093594,-20.86086778536189,15.281965194454017
2055,-129.44608354415493,-129.68785508851124,-2.734569603039887,-34.681559003365166,-20.346907126837664,15.558233466475677
2056,-130.21314484327286,-129.77348005615062,-2.404808482539238,-34.74220424654167,-19.823652220930178,15.837488440376646
2057,-130.74448251499447,-129.84817565401386,-2.078872795679274,-34.785393585165515,-19.291074564145887,16.115380094660363
2058,-131.05297581099276,-129.91207157586257,-1.7569612046449379,-34.740581927386096,-18.74929354795282,16.387385962548002
2059,-131.15802289346075,-129.9653064009902,-1.4393766476061387,-32.1425377481597,-18.198582166642687,16.648824058795046
2060,-131.12439045367466,-130.0080300190363,-1.1264661395560438,-28.382487085019946,-17.63937194403315,16.89524294091429
2061,-131.9718404238252,-130.04040414362726,-0.8185730457660156,-24.406238341675795,-17.0722326372484,17.122971582351312
2062,-131.2833809651368,-130.0626015554207,-0.5161505809084588,-21.222767056327378,-16.49784050520973,17.329321871932592
2063,-132.10857653194253,-130.0748141823545,-0.21966748700947392,-17.12343386737585,-15.916944512452895,17.512500617544102
2064,-131.44078598818064,-130.07724605455468,0.0703922777726973,-15.116102880864617,-15.330340464040123,17.671625803431603
2065,-131.35006023052003,-130.0701213638363,0.3535235264494929,-13.798679435896844,-14.738836125557455,17.80654987937968
2066,-131.56287724803002,-130.05367781945804,0.6293331673889213,-11.615367951150454,-14.143237138748145,17.917444506581866
2067,-131.75585490452087,-130.0281658193437,0.8974064490443823,-9.928344253168603,-13.544339825118664,18.004825388793595
2068,-132.12771781392973,-129.9938507228551,1.1572620383381604,-8.063814220591937,-12.942915446161905,18.069606133422134
2069,-132.03244061164906,-129.95101501678784,1.4083257126138449,-6.32890315885858,-12.339699416223855,18.1130499817111
2070,-131.89449560269233,-129.89996234201416,1.6499706477496545,-4.217734474125095,-11.735378780714498,18.136776287502812
2071,-131.27097344690182,-129.84101697360452,1.8815907388986375,-2.496359939428018,-11.130580997057,18.14279676231651
2072,-129.804081409736,-129.77452295942092,2.1026767562347004,-3.381986757380062,-10.525858996560064,18.133513227223766
2073,-129.2743980337784,-129.70083852318888,2.313011666391418,-4.715623038636934,-9.921680115242083,18.111271922494225
2074,-129.7538059160565,-129.6203221816615,2.512654486677377,-6.043688950508994,-9.318440868393782,18.077909312201392
2075,-128.85604041333812,-129.53332822407705,2.7016487804645806,-9.37923657821532,-8.716486161095323,18.034686512958615
2076,-127.78791598605041,-129.44021226296385,2.8800754127185257,-12.363988067047636,-8.116128434196542,17.981991935645926
2077,-127.57911752628377,-129.34132319656248,3.04828079817014,-13.082274649453936,-7.517686698718928,17.919095360785285
2078,-127.98159392508839,-129.23699354308584,3.2067726814386788,-12.48266336320097,-6.921522076810856,17.84453765391522
2079,-128.0302588009974,-129.12753835113324,3.35599978765714,-11.34071690110568,-6.32805085512458,17.756664392446382
2080,-128.25424301082495,-129.0132602239087,3.496311965851646,-9.745857005198637,-5.737744450647764,17.653903225898773
2081,-128.15277544213671,-128.89445088674313,3.6279852517967015,-7.90942754576529,-5.151123973397995,17.534912742885073
2082,-127.60697944182503,-128.7713945404556,3.751242802083965,-6.780105953764291,-4.568750267788759,17.398686761118135
2083,-127.40275204543815,-128.64436803327087,3.866368056941525,-5.619904880089962,-3.991211522656786,17.244486280361432
2084,-128.24300318695066,-128.51363666999282,3.973718798954593,-2.993624796407474,-3.4191178490979968,17.071740276123293
2085,-128.59414119205084,-128.3794534466739,4.073519903241163,-2.1700139230411395,-2.8530955042485666,16.880269829636113
2086,-127.06152410261502,-128.2420686764434,4.165779689064806,-3.3751650459555123,-2.293766527122256,16.670239788603528
2087,-127.55206904580204,-128.10173480073624,4.250641781648596,-2.600159886438391,-1.7417461850083313,16.44159092234269
2088,-127.45993778319776,-127.95869255766684,4.328363467412544,-2.113436180865918,-1.197660465632743,16.194034776129605
2089,-127.02663072190123,-127.81317723624207,4.399100649000829,-0.5128822068217431,-0.662143866599691,15.927307523747917
2090,-127.14844227036606,-127.66541918106678,4.463044453793614,2.2907577732568427,-0.13583996404954846,15.641295182721429
2091,-127.68945164890569,-127.5156409393225,4.5203887188458935,5.009923129476064,0.38060914558173753,15.336380789513031
2092,-127.01770216820303,-127.36405993314372,4.571184473792798,6.5726095608601725,0.886585421917987,15.013613575098187
2093,-126.93628999576895,-127.21089530773631,4.615457376793017,8.900640353429495,1.38151671725495,14.674527454966233
2094,-127.33077895271873,-127.05636277469085,4.653299766543029,11.867101760592007,1.8648872522490691,14.321086066224428
2095,-126.78794465414177,-126.9006753233001,4.684711671167321,12.984348739421762,2.3362557883365787,13.955894873827429
2096,-126.27484152211507,-126.7440486632797,4.709669047641256,13.099660065511571,2.7952802438375643,13.582024627962412
2097,-124.57363414757155,-126.58669738679069,4.728258431509431,12.512858439929829,3.241724096867406,13.202591011522532
2098,-124.60875549078703,-126.4288314345124,4.740848942321918,12.563067229433244,3.6754529779390666,12.820504950357368
2099,-126.7346666334254,-126.2706407906359,4.74801057705676,14.3684207447602,4.096424426891231,12.438466693882315
2100,-125.89223421541155,-126.11229739604195,4.749944983612551,13.191524635157776,4.504684090864554,12.05932532208604
2101,-124.97397966506028,-125.95397779172839,4.746615884155858,11.648252454579136,4.900379448363633,11.685900059425949
2102,-124.98462513893838,-125.79585633709823,4.738201730678426,12.155856904104397,5.283744094826284,11.320486084780965
2103,-124.69406168744256,-125.63809767634983,4.724968883271998,13.135943084281294,5.655078520682364,10.965108722668507
2104,-124.80823614537799,-125.48085841154676,4.707178354370001,14.192408893889407,6.014751343004185,10.621902295206374
2105,-124.83558871178609,-125.3242857860585,4.685070544925765,14.631782329725525,6.363205340362789,10.293195262143167
2106,-125.17140932610751,-125.16852037521838,4.658818145906096,14.852290359067695,6.700964360480396,9.981433217952045
2107,-125.28995293513435,-125.01369790966476,4.6284933981417,14.345699855826638,7.028634221559592,9.68905784154099
2108,-124.9697674272324,-124.8599541486756,4.594054792255733,13.844365316681944,7.346901549916462,9.41836931980025
2109,-124.07258487558737,-124.70742759018104,4.5554449189657475,12.843822772063618,7.656525509546276,9.171421906344616
2110,-124.4095709131607,-124.55625782074455,4.5127418514041295,12.684576885660917,7.958329677006103,8.94995315313019
2111,-123.89655888036205,-124.40657813342077,4.4660618048956024,11.848287075802475,8.253189053088288,8.755437227967938
2112,-122.9688223355218,-124.25852036708484,4.4155024332162185,10.06176761605208,8.542025492203965,8.58911153482774
2113,-122.54692544469104,-124.11221130453968,4.361331358636562,9.720530343544809,8.825796488743471,8.451736662692095
2114,-121.09132969401574,-123.96776494317574,4.303973124098874,8.212334719643792,9.105474603050105,8.343671649923072
2115,-120.5863951164796,-123.82527976293309,4.244088224169715,7.959508798743087,9.38204126540501,8.264916733548215
2116,-120.98362873356777,-123.68482572823109,4.182586021564987,8.100597567774884,9.65646905195332,8.215127567541964
2117,-121.2541773326111,-123.54644069482876,4.120349820652791,8.19664063635581,9.929716436574473,8.193861256102126
2118,-120.41716774793039,-123.41013574018757,4.0581221609490825,7.196688353008284,10.202726469026794,8.200628724888928
2119,-120.86733367102907,-123.27589921743215,3.9966889690163043,7.617880843109887,10.476425018233735,8.23472525631054
2120,-119.6505595265803,-123.14368980891982,3.9368534658300547,6.411207264638975,10.75170815278083,8.295278772931711
2121,-120.96004647858413,-123.01344231971015,3.879493247696999,7.8252161463084065,11.02944360309585,8.381218759506206
2122,-120.40286920032148,-122.88505692574002,3.8254330963384575,6.906022614961373,11.310456070081244,8.491423296855718
2123,-121.23056356856715,-122.75841344662092,3.775347463894647,7.389480668308863,11.595538489552897,8.624760958876134
2124,-122.07137893591546,-122.6333670948137,3.7298326525623082,8.215717966138143,11.88544013400632,8.779951344888266
2125,-120.3896703321963,-122.5097579364501,3.6891994262635563,6.723140272746548,12.180868579212115,8.955823307541309
2126,-121.44487303361333,-122.38742046639614,3.653846616087293,7.815634288875287,12.48249502117574,9.15101957308507
2127,-122.03163155892959,-122.26616816204428,3.6242296431984045,8.302271462771756,12.79093655075112,9.364034590876145
2128,-121.00378675131013,-122.14580515684958,3.600523542812013,7.487717819460499,13.106763993900817,9.59350691229301
2129,-120.67644141620355,-122.02613325919015,3.5829330119548075,7.2422872042252635,13.43050367823732,9.837933496457936
2130,-119.90097079632139,-121.90694295605259,3.5718285739088174,6.25960102279123,13.762626226998012,10.095558575130763
2131,-120.15975801506018,-121.78801135426289,3.5677092239481567,6.756346945354011,14.103540916579371,10.364346227876693
2132,-120.38925908262199,-121.66909567445605,3.571115380109333,7.226911900401021,14.453582642189792,10.642088191530759
2133,-120.13335174081269,-121.54993699558894,3.582479482330072,6.637049277657212,14.813013462681422,10.926617297498487
2134,-120.25617861598876,-121.43026370896737,3.6022024949961207,6.89016467428587,15.182023795356358,11.215643137069398
2135,-120.48333966353829,-121.3097901625892,3.6306696569936037,7.126644747676252,15.560723005152715,11.506716905469148
2136,-121.53780210098415,-121.1882190651678,3.668178452756834,8.167163214108456,15.949138255720968,11.797351415742545
2137,-120.480968817199,-121.0652449324054,3.714799793618724,6.999407121014457,16.34721309953555,12.08513530191853
2138,-121.59227190093178,-120.94056574559322,3.7705685790015053,8.423211475226807,16.754813942515536,12.367521324525033
2139,-121.12096670312482,-120.8138736938053,3.83547478189449,7.5977006484382485,17.171714521170554,12.641880513175465
2140,-120.86021001652558,-120.68486742680025,3.9093758265649114,7.61210188535874,17.597605976727234,12.905550259827141
2141,-120.61537890170554,-120.55324863870098,3.9921999736823466,7.370657519363917,18.032084538492363,13.15562201730378
2142,-120.92126728905544,-120.4187207618881,4.083911910462419,7.6199938090949075,18.474647444547486,13.38902553748996
2143,-120.17514473708586,-120.28098784467015,4.184427668112463,6.762276160283946,18.924686240991694,13.602561327650715
2144,-120.75548026351927,-120.13975891734727,4.29368825588206,7.596614436920078,19.381484866390867,13.792806695274074
2145,-120.57307060483642,-119.99474196094468,4.4116178536562245,7.392827828091669,19.8442066873433,13.956200622382369
2146,-121.08520997887265,-119.84565106043685,4.538038903341075,8.085486104512256,20.31189824121636,14.089139120648149
2147,-121.73809582703147,-119.69220603405527,4.67268108069959,8.765980507815044,20.78348262871984,14.187952543434932
2148,-121.81473788760206,-119.53413898839021,4.815055831636883,8.918997527871781,21.25776174411202,14.249035762616451
2149,-121.13091715339304,-119.37120231194615,4.964519796918907,8.061631028703758,21.733418346227605,14.268766943042941
2150,-120.4804270946686,-119.20317100192895,5.120472172211805,7.555299316201896,22.209012873648216,14.24327825339315
2151,-122.59792868529254,-119.02983750046536,5.282461352662011,9.68188498768906,22.68297022978715,14.168357623833305
2152,-121.89372019168992,-118.85100691175148,5.4497668235215,9.687826235923666,23.153570048570437,14.039892719534954
2153,-120.92152973374915,-118.6665197122306,5.621405542329825,11.343893918875011,23.618963077756145,13.85394785961621
2154,-121.17723466690532,-118.47624654226283,5.796589724942294,14.891413256830973,24.07716657254485,13.606695323525777
2155,-122.09854182583626,-118.28008039723444,5.9745824025614525,19.951157132639608,24.52607609932453,13.294943835552235
2156,-122.3174889800117,-118.07794104875873,6.154414117419904,23.69214944189285,24.963496161581666,12.916647150763847
2157,-122.72541141917945,-117.86978612273978,6.334886624221383,27.430239216512717,25.387185909375454,12.4709359154485
2158,-122.99056890680043,-117.65561527381064,6.514647448919106,30.09806350939043,25.794891889278233,11.957924884224322
2159,-122.6812771303081,-117.43547629281184,6.692181228014391,31.86933980794305,26.184380901657075,11.37855775594062
2160,-122.24972227211795,-117.20946985860968,6.865914577969434,33.45160089326572,26.55346240634094,10.734319789533604
2161,-121.80314666944811,-116.97774865428055,7.03431793802352,35.17572471737209,26.900002220959315,10.027082121729052
2162,-121.85427049763082,-116.74051532940811,7.195924262322464,36.32583631546707,27.221934547789544,9.259101142004624
2163,-121.04230411499441,-116.49802037012572,7.349255574977818,36.68876516409931,27.51727563042629,8.43296124212145
2164,-121.58747103571412,-116.25056495774292,7.49287570246814,37.720325464068836,27.784131963930975,7.551380016544833
2165,-121.6958778064863,-115.9984953232945,7.6253152881962905,39.52344026196927,28.020700964862613,6.617198823514769
2166,-121.3787264502045,-115.7422106051965,7.744933507019525,40.54911552856733,28.225278552165292,5.63360568369605
2167,-119.76920045289684,-115.48216642282654,7.8500449811058814,40.91062190686094,28.396274677109016,4.604143666057716
2168,-123.06020795207745,-115.21887427312278,7.939174054816931,45.890035361206856,28.532221463235807,3.5325062680913533
2169,-121.86797530861676,-114.95288815250541,8.01051721081997,46.37928529469821,28.631775094981773,2.4231355517157915
2170,-121.93658831804328,-114.68483979240145,8.061880133988168,48.36387328129459,28.693763833350193,1.2812517627192044
2171,-118.94070859230412,-114.4154294769062,8.091156181920098,47.966539861694145,28.717191879163053,0.11241899077704787
2172,-116.31017346159454,-114.14542938027344,8.09659408239284,47.78511579385798,28.70125843273533,-1.0775753475587102
2173,-113.68232822608553,-113.87565653808001,8.077199012929626,47.11347438649695,28.64535352265914,-2.2830310128258624
2174,-113.0215083786613,-113.60694944607813,8.032677819283123,48.562226595805726,28.549056365213605,-3.4983639359063723
2175,-112.78289950802093,-113.34014468346113,7.963146306325157,50.92940494172517,28.41212926026538,-4.717851856632187
2176,-108.7899062036999,-113.07607302565646,7.868774394236695,49.27032150603792,28.234532908104793,-5.935170395814211
2177,-107.96831125546363,-112.81555972384535,7.750282309984229,48.67361631170097,28.016451233877767,-7.143843108462384
2178,-106.71401882278539,-112.55938753832417,7.6090282142993715,47.00153506201613,27.758276700873967,-8.337670152489096
2179,-104.16328953740305,-112.3082911762254,7.446602124970596,43.861364580127116,27.46060655704516,-9.510718239347202
2180,-102.2585557386094,-112.06294739665947,7.265084443583305,40.4801823355763,27.12422881825082,-10.657687018414723
2181,-99.44185500820873,-111.82395221331984,7.067144287918694,37.39095529168462,26.750094089150846,-11.774151595403293
2182,-97.66381321821449,-111.59180444413155,6.856080842018244,35.321472769899785,26.339285378557268,-12.856543586479638
2183,-98.9657339532532,-111.36688015718529,6.635806479057678,35.17239769122261,25.892991183385536,-13.901944997310505
2184,-102.26175268109556,-111.14941734552771,6.410236404843062,37.377945887263266,25.412489045403234,-14.907640285137127
2185,-103.09383747621936,-110.93953106352909,6.182536316546319,36.119726082883034,24.899148497709728,-15.87047028788687
2186,-103.00497477291547,-110.73724825775795,5.955194504623904,32.60918739197909,24.354457692877443,-16.786987186698017
2187,-103.33768324871096,-110.54251809655416,5.730527450095195,28.515212389659155,23.780016018596527,-17.654294956723913
2188,-102.55222295442043,-110.35521309441827,5.510756336750475,24.506120206265763,23.177504695762515,-18.470461964840226
2189,-101.84325874978792,-110.1751343407708,5.298112864115936,20.298652802995832,22.54865188760718,-19.234586507694278
2190,-100.74069220613306,-110.00200557014388,5.094996325376826,18.114152908538117,21.895198928582897,-19.946805597230632
2191,-98.97840139023643,-109.83546791907901,4.904022869875533,14.218520670772989,21.218864847791803,-20.60801606430367
2192,-98.08751738939296,-109.67507071215218,4.728184148894599,11.410463174654424,20.521331190962652,-21.2198211274624
2193,-98.24990930443398,-109.52025564248603,4.57081773117018,9.153612642045843,19.804210105960976,-21.784616562554238
2194,-100.176690696029,-109.37034953007417,4.435322641136992,9.768086354025044,19.069023420125703,-22.305340946834367
2195,-100.926651993713,-109.22456746641024,4.324741925384998,9.860266393664332,18.31718737617202,-22.784961121281224
2196,-102.96734544091892,-109.08203340171517,4.241676622914383,11.234249582232621,17.550026012040288,-23.226117721925874
2197,-105.88524176789008,-108.94178902488261,4.188269922381025,16.69747396593999,16.768779528043627,-23.631007484261453
2198,-102.65381127442667,-108.80281540688976,4.165885608430884,14.885355402613925,15.974625513089524,-24.000580182680267
2199,-103.13245928976872,-108.66406331765388,4.175892568607011,15.814759361014012,15.168740849198276,-24.335008397565048
2200,-104.40924572199313,-108.52442256898263,4.220027737322667,17.966635261603457,14.352291619918521,-24.634358041490128
2201,-104.79064589288637,-108.3827281351657,4.299725614002057,16.88104653209767,13.526450313098934,-24.897995588397386
2202,-107.79357637717908,-108.23777419471583,4.41613228653452,19.778023478418547,12.692425247358695,-25.12488474023545
2203,-109.2702277029412,-108.0883193160634,4.569847959433986,20.849922485096215,11.851457997083237,-25.313473015080028
2204,-111.83571184681867,-107.9331176640869,4.760762933371581,21.858486846361785,11.004860379686694,-25.461368674275295
2205,-112.97535615294113,-107.7709351205053,4.9881211306355056,21.74790544336571,10.154033418798218,-25.565619664340524
2206,-112.59193796256257,-107.60057625537786,5.2505683162473105,19.698545934434947,9.300485735397325,-25.622887988477032
2207,-111.79387232029337,-107.42089723275548,5.546588352889117,16.7107783843649,8.445840886233082,-25.62990339368131
2208,-111.72641061205138,-107.23080369851859,5.874788741246988,15.3295894317734,7.591825509151905,-25.583890647488374
2209,-110.61824181924537,-107.02924465000568,6.233850701931871,11.848071147993977,6.740248176400524,-25.482470109862362
2210,-112.31229237958034,-106.81521365172313,6.622572034949172,11.010389864037023,5.892994168494414,-25.32373161126039
2211,-114.76706154166678,-106.58773984767573,7.039601619046891,11.636076720929708,5.051999402316498,-25.106154637172033
2212,-115.10566123753419,-106.34590687712,7.482905740718948,9.756381952241966,4.219250526016278,-24.827999150529184
2213,-113.81882766136674,-106.08887946496114,7.94996551877702,6.354194705254102,3.3967994589478856,-24.48746269855507
2214,-114.39010670159749,-105.8159091758682,8.4383288949482,4.522743431275558,2.5867530127792735,-24.083282124784752
2215,-113.5313229590121,-105.52632420529793,8.945571403706012,-0.012952805195581618,1.7912473172955687,-23.61472977104787
2216,-112.3896913758756,-105.21953774895447,9.469227678847432,-4.279121535069635,1.0124376947094156,-23.08178603981178
2217,-111.80524000876756,-104.89504236004143,10.007041138859236,-8.777393080899579,0.2524615813081166,-22.485506087490002
2218,-109.88903258639215,-104.55240167303052,10.556918001777404,-12.672072506702726,-0.48659604445658466,-21.82801954263537
2219,-110.53792398943243,-104.1912478265896,11.117037134857597,-14.195556365324158,-1.2027397215342415,-21.11248117580759
2220,-110.89577514676807,-103.81126586404001,11.685661202348925,-14.573942114757052,-1.894094789510424,-20.342635059506247
2221,-109.9851309647898,-103.41220374643301,12.260792954799058,-16.555068431791184,-2.5589153921679912,-19.522298780362593
2222,-109.58940220266432,-102.9938796670534,12.84040149868126,-17.341674054223795,-3.1955813748679303,-18.655439123533366
2223,-107.82023738921443,-102.55617697985426,13.422528653969508,-19.255418071576827,-3.8026113337368823,-17.74624090837191
2224,-107.04314115569407,-102.09904442345544,14.005410872267419,-19.420849065933744,-4.378664102092724,-16.799105562125636
2225,-108.8553073716805,-101.6224829217031,14.587530176151233,-16.766207912694874,-4.922551704545258,-15.818567763111542
2226,-106.99755532799566,-101.12654241171202,15.16707582826804,-17.70738170778992,-5.43323528630016,-14.808625500317177
2227,-105.6868269092023,-100.6113445331519,15.74209925661009,-18.379891743032694,-5.909793404566403,-13.772865148767748
2228,-103.26541541809938,-100.07706912793802,16.310972691103558,-20.20268988759674,-6.35142629621801,-12.714966236934275
2229,-105.17227541261228,-99.52394635374499,16.872467280627106,-17.25331348696144,-6.7574578203620215,-11.638842814388823
2230,-104.0152360649947,-98.95223797589621,17.425268990386797,-16.81411261906714,-7.127349150510598,-10.548115356088758
2231,-102.60947256485345,-98.36226175438587,17.96778502037597,-16.27611615992646,-7.460665510767939,-9.445785065847137
2232,-102.39178674107944,-97.75438564120448,18.498630920227583,-14.888353114116846,-7.7570681549004075,-8.334603267225509
2233,-101.15319821996295,-97.12901969303736,19.016485526867015,-16.507013131543466,-8.016305728582973,-7.216941278009301
2234,-99.40567810340046,-96.48661993941334,19.52006084265527,-18.39378090746188,-8.23819757343436,-6.095122125885339
2235,-98.03191031812474,-95.82768230352701,20.008324391663592,-19.730896875524436,-8.422647203641995,-4.971918558953545
2236,-96.20910381835472,-95.15273164663577,20.48051432896287,-20.078174148948072,-8.56965881069793,-3.8505223005987066
2237,-95.14523117525674,-94.46231468159615,20.936145795493744,-19.665325074414618,-8.679348690348576,-2.73432625843566
2238,-92.31742170625735,-93.75698859360286,21.37496015486434,-20.33077099114398,-8.751947227926975,-1.6266754172692544
2239,-90.05290986090222,-93.03731733793853,21.797069922799608,-20.44307942338319,-8.787793718166526,-0.5309252169355805
2240,-88.42535125783849,-92.30385059874955,22.20313295488438,-19.315185424535194,-8.787342242389347,0.5494693748298829
2241,-90.86334768715088,-91.55710847427957,22.59416978180198,-14.886105975186162,-8.7511624265112,1.6112096736217207
2242,-90.80947736712287,-90.79757261329608,22.970860309585106,-13.764988708722392,-8.679928264147899,2.651817883137131
2243,-87.56663906239494,-90.0257177869739,23.33330593185792,-15.55494226427465,-8.574374567635392,3.6696255619045726
2244,-87.5006479741124,-89.24201888450555,23.681870549250164,-15.170976136217426,-8.435286560020927,4.662838522116015
2245,-89.24507639810369,-88.44692641702389,24.017178778683856,-11.385170949220559,-8.26351866616099,5.629417123457561
2246,-89.32210268371445,-87.6408736325933,24.339370879371245,-9.513585738863334,-8.059992085123756,6.567895555581442
2247,-89.68914442115123,-86.82430169173247,24.648078161711027,-8.091543238348251,-7.825658962455561,7.47759346845684
2248,-88.47315827401492,-85.99766842181256,24.94262461393909,-8.322325976734575,-7.5614858538933,8.358255171596571
2249,-86.8160099444602,-85.1614600508032,25.222216115805978,-8.655387482272417,-7.26844195101579,9.209727988622909
2250,-84.7122335610982,-84.3161873474255,25.486238520507456,-9.215456291254064,-6.947503987985106,10.031692538663997
2251,-83.18526193003191,-83.46237748276937,25.73438689949029,-9.551955408478307,-6.59966244843819,10.82360532965648
2252,-81.07280094383242,-82.60056155412614,25.96664356747958,-9.398421308139142,-6.225930299341341,11.584690098624527
2253,-77.85070659331683,-81.73126791160406,26.183276913883944,-10.76839289557936,-5.827349775196555,12.314036075520015
2254,-75.37464373859699,-80.85500975986722,26.38509116913049,-11.320338453862504,-5.40499456097334,13.010436758381946
2255,-74.7825747745796,-79.97226183366203,26.573478325538815,-11.277828827174076,-4.959987324637758,13.672277776454864
2256,-73.60542282599458,-79.08344453816463,26.750025045560903,-11.018777131623608,-4.493509375876349,14.297740025765764
2257,-73.40830103003412,-78.18892683062464,26.916317643045033,-9.909398070545116,-4.006804656253374,14.884913705202166
2258,-75.19339896453673,-77.28902336196163,27.07388160345161,-5.90448503982131,-3.501181795529538,15.43195076203708
2259,-73.63730712774586,-76.38400139039453,27.22373944165703,-4.854453785311463,-2.9780079387842355,15.93761608954058
2260,-71.42808520503038,-75.47410739918449,27.366611222045947,-6.379803196482484,-2.4386740562268328,16.401273278770667
2261,-69.52177750517563,-74.55956064225813,27.503507037828285,-8.371710256523066,-1.8845897201995243,16.822057242390784
2262,-70.34863190747296,-73.64054026332927,27.635777672615944,-6.979976187058199,-1.3172035734007805,17.198417274693085
2263,-72.80117172958357,-72.71717546408374,27.764661771487056,-4.385482152140213,-0.7380285685533186,17.528546657461014
2264,-71.1197390710115,-71.7895628118968,27.890636358653325,-6.124068277281069,-0.14863379623671302,17.81106093775632
2265,-69.15923415756431,-70.85779970684018,28.01378854806238,-7.1179936990439145,0.4493754939637695,18.04452916907211
2266,-68.7975330643788,-69.92197690869264,28.134470524874615,-6.98611664401399,1.054334815034761,18.226937504060174
2267,-68.20293411573104,-68.98216833851521,28.253102077349013,-4.690410295929837,1.6645046609011145,18.35596502240095
2268,-66.346305608354,-68.03843677020271,28.36996628697449,-3.795186151784449,2.2780658165281578,18.429471098624237
2269,-65.78242941055642,-67.09083725271691,28.48543065170375,-2.6955345055419286,2.8931360674760636,18.445607634536522
2270,-66.97551140734562,-66.13940806008912,28.599941358873906,1.5859900807271288,3.507772992163926,18.402640474319757
2271,-64.55949925296996,-65.18417449545865,28.713568641294174,1.0676092560458983,4.119978765764047,18.29945279554956
2272,-62.7140198813793,-64.22517015066951,28.826281059098378,1.856649361653183,4.72773651186723,18.1353049298453
2273,-62.580478960381505,-63.26242242485209,28.93839621465567,3.8814872754783494,5.328999094420401,17.909316045012034
2274,-62.820978805253546,-62.295943736359135,29.05024022625703,7.287350292295187,5.921690914868032,17.620843955037884
2275,-61.11676612201736,-61.32573974310162,29.161836426555716,9.032839284635884,6.50372202475626,17.269876488268828
2276,-61.321316478994085,-60.35182130792209,29.273137816455908,13.38265260218435,7.073016014085954,16.856992807320896
2277,-60.46490427580031,-59.37419722200456,29.384031304580596,14.998661454000228,7.62752154524432,16.383507256064714
2278,-60.4647205425512,-58.392885887616714,29.49421053392335,18.153062190729116,8.165249831156935,15.851454198737812
2279,-60.83770829868205,-57.407916519743004,29.603205226955893,21.69865630060592,8.684285158493507,15.263414953125958
2280,-59.14748545542855,-56.41933887248632,29.710197278648316,22.508414101243346,9.182810828031998,14.622809999017887
2281,-57.37655501375868,-55.42723670116645,29.81427098881369,24.39619418136658,9.659139158428033,13.933556153706892
2282,-57.457455430498754,-54.43172080656541,29.914730807216365,29.54383766188107,10.111714571612458,13.199826401705899
2283,-55.02146324619387,-53.43292131401869,30.010836931565876,32.40896320719237,10.539127585208426,12.426701781653007
2284,-53.739067397019,-52.43099834446102,30.101903207883254,35.04102610436473,10.940161357055992,11.62032399374791
2285,-50.595270737155545,-51.426127766826475,30.187498903176184,35.11384447237755,11.313815851458287,10.787528991258508
2286,-46.439766904906705,-50.418498417582605,30.26755305487338,33.64167244027837,11.659329956473226,9.935439751775572
2287,-46.35579702591443,-49.40829089650158,30.342780860312253,36.713452185193574,11.976178501576658,9.070864223554347
2288,-48.226544661145795,-48.395646360228454,30.41422787955021,40.43202574906057,12.264054238043515,8.200749725436083
2289,-47.733399040545756,-47.38067570453157,30.482373171564916,41.90183101065925,12.522895149939064,7.332963394116234
2290,-48.47872725189573,-46.36348814879079,30.547189431378357,43.577806728774476,12.752918464317931,6.476062592575209
2291,-47.22966694662107,-45.344196409106345,30.608309667063338,41.798660815442986,12.954632656110745,5.638999773679103
2292,-44.63902283368941,-44.32293417098657,30.66513896351207,37.261896932405506,13.128851782563205,4.830647848237444
2293,-42.42761866954234,-43.299853811538874,30.71734994359712,32.67989429032389,13.27667584599324,4.058884633958346
2294,-41.16670752395617,-42.27511084141343,30.76502530763154,29.451154720781204,13.399444091493761,3.3301840775297986
2295,-40.29992565670805,-41.24885212436344,30.808459581298102,27.228737351687712,13.49868811782856,2.6498184118376944
2296,-40.20034257845841,-40.221213535993556,30.847958694464275,26.55293825430627,13.57609865228294,2.0222162559161383
2297,-39.55151624546231,-39.192321544732486,30.883666858330372,26.06927523775164,13.633502534889637,1.451348988111496
2298,-38.515209860197004,-38.162302412104864,30.91553376334531,24.56405298694324,13.672855251490374,0.9409955247494928
2299,-36.01955029789057,-37.131285960509466,30.94345351821378,21.743975579729195,13.696235569872936,0.4946246422142053
2300,-34.94177073000498,-36.09940551089061,30.967538962508563,20.721595126896815,13.705830227637987,0.11505260591682998
2301,-36.13306041935021,-35.066783363008895,30.988127557050866,21.358317439034323,13.703905743600725,-0.19548060487786678
2302,-35.40615103204716,-34.033530340420555,31.00523288695303,19.58321266623794,13.692798187312796,-0.43479349976777826
2303,-35.375732747098965,-32.999767837212026,31.018492282277244,18.74569250654038,13.674919510282873,-0.6008719306539323
2304,-34.1710223639579,-31.965630854935405,31.02734831936475,16.364082974266992,13.652740058602534,-0.6920859427010662
2305,-36.14404378095929,-30.931277949254376,31.031119739541015,17.26846830197431,13.628780447436135,-0.7072783166309371
2306,-33.441841733113826,-29.896889538966004,31.028703445038985,15.028320245484139,13.605588170827138,-0.6455046389540264
2307,-31.978677821802698,-28.86269771958511,31.018797142208943,13.521999131355443,13.5857468048392,-0.5060121156996811
2308,-30.120428197487215,-27.828969729485408,31.000410334461765,12.933460636426759,13.571854029780493,-0.28859866263188927
2309,-29.262534405719627,-26.79600369728766,30.972738922728205,12.378256543368181,13.566506893997074,0.006631310190936546
2310,-26.72078380116675,-25.764120467970194,30.935075382619317,9.586998846148987,13.572296117126555,0.3794061764685974
2311,-23.886530880561622,-24.73366533844637,30.88691067698022,6.87193170456419,13.59180063909498,0.8289566172766882
2312,-24.613386585742578,-23.704993089504846,30.8282285186044,7.244895530681546,13.627559891611668,1.353690748756371
2313,-24.438472655502853,-22.678450103872745,30.7590197981259,6.928855141249315,13.682046689012072,1.9516601928196042
2314,-21.11735700055687,-21.654391769629786,30.678887715685992,3.1897680895371536,13.757670571132975,2.6209116162258983
2315,-20.349054991058722,-20.633190922827012,30.58765041007133,1.2173562768054325,13.856774130093799,3.358869330800456
2316,-20.991371395848972,-19.61521507562503,30.485429991331934,0.5713219776637857,13.981595193186338,4.162082352416414
2317,-20.582330934884872,-18.600828923404883,30.372064073419995,-1.5311225484817612,14.13424628692156,5.026677029609754
2318,-19.58283813767761,-17.590410804063698,30.247053364498466,-4.91610887734538,14.316706995160322,5.948329744756524
2319,-18.17450311894303,-16.584358699104985,30.109806931754264,-6.662550160737851,14.530801603238661,6.921851054191803
2320,-17.30417699056067,-15.583090341946747,29.959792038185462,-6.340896528165786,14.778163732106442,7.94122948994703
2321,-15.37292501145508,-14.587039229892621,29.79651629579984,-5.591142013570234,15.060216902568463,9.000173094994759
2322,-13.394770224225201,-13.596655922226757,29.6196069117915,-4.030458051843709,15.37817527177276,10.092470507942268
2323,-13.919439143040938,-12.612398769106521,29.428977043948905,0.25331721724084844,15.733048269764614,11.212164711979673
2324,-9.917437989222375,-11.63472411929683,29.224462353124004,-0.1069933962742482,16.12565291923807,12.354067723749234
2325,-7.6207521758794385,-10.664101278898254,29.0061238438432,0.8444226171577611,16.55665278468123,13.513463836769297
2326,-5.298977484958201,-9.700982529707284,28.774669433969606,1.8087001210176794,17.026550508356024,14.685602771382875
2327,-4.9490293199648585,-8.74578998330028,28.53120626550038,5.442216600008408,17.53569296944009,15.865885150518473
2328,-1.1395736530362632,-7.798902112007259,28.276953514536398,4.778059245794097,18.084276185057256,17.05024971446308
2329,-3.818320392659227,-6.860659748997854,28.013466026577554,9.186469578529838,18.672376283737627,18.23491946797688
2330,-4.201084374963534,-5.931337710235422,27.742186462868315,11.293460900479616,19.29993748292238,19.41650516767547
2331,-4.445342601046109,-5.0111806514733,27.463824519374704,13.622479245031883,19.96680996158266,20.592405654260926
2332,-3.012950437942297,-4.1004160756104415,27.17872163038617,13.544749900592691,20.672764526539776,21.76048692831058
2333,0.7424601536093722,-3.1992658761142216,26.887123646121466,10.091105225863046,21.417509090136697,22.91874561979899
2334,1.4931045278165682,-2.3079411658690105,26.589778419428978,9.857277348844562,22.200680901193042,24.064437512489025
2335,2.36786035131161,-1.4266139814856231,26.287837319011942,9.85111097143593,23.021804924302632,25.194042849316904
2336,4.609456686786574,-0.5554186779348811,25.982429816893227,8.445526514362541,23.88028375781417,26.30376762286474
2337,5.984849229481511,0.30554800630725865,25.674888189834917,7.680757057670718,24.775389432493615,27.389358134015218
2338,5.806441271278012,1.15624053472078,25.366824992872967,9.555805067087519,25.706240966748517,28.445977184607703
2339,5.365028290824373,1.9966696724987898,25.059776247693193,11.306955227975862,26.67178791146746,29.46868115335125
2340,10.435650892365514,2.826892284566993,24.75493433328019,7.569943284814983,27.670819710305267,30.452783644312724
2341,11.515337761183645,3.6469986280508024,24.453931573261563,9.662273577255931,28.701973487754977,31.393010821589158
2342,12.09411808615221,4.457154389451097,24.15906944914743,13.165250726844832,29.76368709841121,32.283542387718214
2343,15.304571207430062,5.257603257993964,23.87265363661243,15.288805056043529,30.85420964693619,33.11907886646413
2344,22.28700288751469,6.048664631891926,23.59731377865472,18.300435484932734,31.97162568950882,33.89483741762781
2345,25.064492428930095,6.830757509904279,23.336958563273626,23.307326294521587,33.113865474778045,34.60647048952719
2346,24.643101251188163,7.604461869443501,23.096714070328375,27.2731800723666,34.278723722143965,35.25048688756218
2347,25.619824107009944,8.37053844792617,22.881825386372732,29.181275011420396,35.46389793394886,35.82438661474278
2348,22.13601642521487,9.129916895201683,22.69739120799729,34.047617115231475,36.66701616312682,36.326193688868074
2349,20.654055521279933,9.883697861792657,22.547910583456652,36.23470384444218,37.885644179873395,36.75458435794674
2350,17.819290599614874,10.633110934098793,22.43691912889159,38.96789279447523,39.11732178698993,37.108923612282965
2351,16.55413927013448,11.37949247038543,22.367087024417415,39.117453402974675,40.35957242069226,37.38894373264511
2352,16.841935368323718,12.124250069059954,22.340252354540002,42.41215549017562,41.60991803583294,37.59443779251118
2353,15.821528414424987,12.868842627354763,22.357886132739715,45.6030500764349,42.86586827352634,37.72534038043904
2354,14.35768997418458,13.614775811242602,22.421128961571544,48.986307910673986,44.12494072786221,37.78217781655101
2355,10.013869630833883,14.363584558126199,22.53053038560089,53.92986959544095,45.38468012796307,37.76608002328398
2356,10.133440606595405,15.116811170282661,22.685554064914363,55.342637283487406,46.64267939608114,37.67904058772803
2357,10.788157716596421,15.87595482912049,22.884812147342267,55.557311380101225,47.89661616714494,37.523623904607035
2358,12.93851140992519,16.642465313438812,23.126807026125633,54.402299785212065,49.144254323054945,37.30226284222898
2359,12.573950412051444,17.417741964195532,23.410231346827715,55.22407323485659,50.383433689960206,37.01687844827873
2360,9.842886845429467,18.203147403227327,23.73381403922318,59.576774315906334,51.61204621960686,36.668972421408874
2361,8.835642289142996,18.999996233477077,24.095591629133022,61.113903095000694,52.828031851387465,36.26044895046377
2362,6.1347844874197,19.80952017850286,24.492809462005365,65.50449528118844,54.02940948297111,35.79372453849441
2363,7.4131352472935,20.632850197610768,24.921922608105067,65.42703326918667,55.21428015395376,35.27173768715091
2364,7.039191015811943,21.470981685709866,25.378931798196085,65.93194538327364,56.380858662114505,34.697713430033765
2365,7.284960167490574,22.324778984157174,25.859725187153444,65.66717833051655,57.52746104928934,34.07459069747141
2366,10.362731577574813,23.19496336485343,26.359920276047415,63.21680358476323,58.65249804194593,33.405000154398365
2367,10.370103316315014,24.082107002560335,26.875372424186015,64.66820775034014,59.75446105958257,32.69083091944182
2368,10.90829141345692,24.986654859799163,27.40213444016746,67.21534361378974,60.83188676990872,31.933492401673576
2369,8.849038449366018,25.908915965238165,27.936073829827333,71.40787706014297,61.88336055302747,31.134664522322524
2370,9.107816692024745,26.849059781787652,28.472560262143034,73.23782885822357,62.90753107139689,30.296712835134514
2371,9.737604529547736,27.807086649381034,29.006418727114518,75.84544448861271,63.90314140870311,29.422589798557723
2372,14.566173584570027,28.782821030261953,29.532324084118446,73.66876080400255,64.8690370579674,28.515607401695604
2373,17.14359617466899,29.77590825498893,30.045475308347083,75.01760188608688,65.80418190214948,27.578850033625102
2374,19.77733917734236,30.785852717485092,30.541879895202033,76.4584346965149,66.70762706020908,26.614996291969604
2375,22.765427761918883,31.812033581335733,31.01802239728169,76.86999699182746,67.57851498828079,25.626866202805232
2376,26.085987295818224,32.85372087730387,31.470920570295604,76.37137176422598,68.41608480706276,24.617291400217596
2377,26.96667218029942,33.91009495268877,31.89822278409146,78.4296322161808,69.2196677482953,23.588836520066323
2378,29.324595380887768,34.98026906290997,32.29789015687455,78.29562832977786,69.98867390840051,22.54405407635808
2379,30.037585738834515,36.06328762981374,32.66804917282123,79.63288569913774,70.72260468671917,21.485548876894
2380,30.89667250462543,37.15813900776472,33.0069627834013,81.11266041875592,71.42104383352678,20.415881165827514
2381,33.46144300411016,38.26375181537383,33.312803857240674,81.39856235255442,72.08366343110767,19.33781708989322
2382,33.97129699913406,39.37899259824743,33.583927184446765,83.95263189184215,72.71023163951966,18.254182963477277
2383,35.70164084297806,40.50268029433695,33.81881451290621,84.66791160389741,73.30060896200615,17.16803570621252
2384,38.644080011749516,41.633580232441176,34.01594777926228,83.85598297267805,73.85476735326716,16.08273743508164
2385,42.67436928986515,42.770410146287766,34.174168511604144,82.7295152116057,74.37279145767826,15.001465699939018
2386,46.39930626545679,43.911858133214785,34.29301788258215,80.62787062175482,74.85486506659643,13.92695037034727
2387,48.88733727343608,45.05661133845991,34.37285150018681,80.39266841483166,75.30125481570141,12.861292570902307
2388,47.871478336270876,46.20338156656057,34.414608892038316,83.00778493495133,75.71228457132325,11.806107866759064
2389,49.05382229207569,47.35091859792913,34.41910774624599,83.62420949504059,76.08832867348535,10.763238221698614
2390,50.81834005708504,48.49798874964364,34.38684933865446,82.92124006054217,76.42983378610316,9.734889097632617
2391,50.46787740734572,49.643375220506094,34.31843193692014,84.60635530999485,76.73732127999419,8.72314638575439
2392,49.22496704379346,50.78588421210498,34.21432318829133,87.04018756546441,77.01137687848679,7.730145517937714
2393,50.372460861985054,51.924330099725516,34.074413586097414,87.17021659471737,77.25266431452337,6.758547946568001
2394,56.35066602917004,53.057511784511476,33.898240251544216,82.76489599920623,77.46194674159132,5.811319743602255
2395,58.6627980360646,54.1842127831618,33.68606211788418,81.05479464173294,77.64008563076352,4.890724234081247
2396,61.648535885100266,55.30324925903709,33.43903486139837,79.85561770739761,77.7879950238634,3.99805775467307
2397,60.787820069569676,56.41348177392169,33.158768017764864,81.24916658624082,77.9066228144084,3.1341355412354233
2398,63.31677755281726,57.513833793554745,32.846855620889706,79.92550791898873,77.9969373932791,2.2997620984820344
2399,61.69674599981713,58.60327214864767,32.50481105699457,83.43357335633345,78.05994028764053,1.4957212537365905
2400,64.20913438151264,59.68082119735438,32.13395724469038,81.77969070164337,78.0966521435282,0.7230988621674328
2401,65.86799746799757,60.74553596496036,31.735427561968272,80.97827369305818,78.10814687845169,-0.016758327458745725
2402,68.12166711822863,61.79651636815227,31.310657102142194,78.79171834246031,78.09553492169762,-0.7228758437534566
2403,66.88716034723973,62.832913105103174,30.861348152576547,81.06023957146371,78.0599551555348,-1.3947233678418058
2404,67.22882626519403,63.85393957832404,30.38904415461694,80.07593981889764,78.0025533638415,-2.0317512261019743
2405,72.62957555738676,64.85884938207764,29.894849838276123,75.99888447448026,77.92450507379466,-2.633204951520298
2406,75.74979578496428,65.84692956754245,29.38042258288654,74.02829023343921,77.82700636707348,-3.1990625709585885
2407,76.7014379723224,66.81754422093674,28.848390493974136,74.24207271306233,77.71123423573076,-3.7301753070023835
2408,78.51113176791027,67.77015560047406,28.301695910146023,71.92876434278415,77.57832801327332,-4.227623910469163
2409,78.89053662028627,68.70432394827981,27.743405798965952,70.62322168779562,77.42939264169948,-4.692764357638666
2410,78.51128915926738,69.61971598707179,27.17663208354523,70.6110778179605,77.26547705609741,-5.127448846088072
2411,77.44938130987799,70.51609942051616,26.604211676340057,71.57867481799803,77.08756271862694,-5.533678994849609
2412,77.36342095600317,71.39333009882779,26.028497771206318,71.50560094904756,76.89656512310744,-5.913263513857956
2413,77.50309075509253,72.25133260526324,25.451409130581695,71.46417267252966,76.69334515103641,-6.267823237227077
2414,76.93182837057293,73.09009070753324,24.874614470296237,72.34369411440673,76.47871024062563,-6.598937404717589
2415,76.69219855701091,73.90964023661633,24.29946601496127,73.5743080581693,76.2534159907219,-6.907998493606229
2416,76.94249574547074,74.71005510853065,23.72694881325856,74.59986392247683,76.01817700771855,-7.196019780463274
2417,77.76501727688103,75.4914368241669,23.15780860754728,74.24886092537497,75.77368133869102,-7.463610561608789
2418,78.8322137694819,76.25390901570047,22.59271545395812,74.22786570100118,75.52060297027796,-7.7112084880434395
2419,80.81791640742576,76.99761785443077,22.032390839444034,73.38152194237526,75.25960077282146,-7.939232537344552
2420,82.88644031374032,77.72273507166341,21.477786251644417,72.71679713068124,74.99132080112166,-8.148154217462036
2421,82.48805256647795,78.42947027120707,20.930237633445188,73.64891600182415,74.71639049165732,-8.338591030334968
2422,82.40775897611394,79.11808424722642,20.39111636109581,73.70141288713879,74.43541473243266,-8.511039939094687
2423,81.87697331071845,79.78887802861345,19.861515138018433,73.87664974316422,74.14898782905101,-8.665768827588138
2424,82.13377564178613,80.44218525642765,19.3422336514967,73.87506989030635,73.85769681059345,-8.802927340973241
2425,81.83455550791247,81.07836027204657,18.83383394984527,74.63304978578489,73.56212600631946,-8.92255339315561
2426,82.78233876566188,81.69777418641733,18.336680024650676,73.95359369072091,73.26285991771641,-9.024485151784418
2427,82.7648687186935,82.30080560702328,17.85104560130769,74.65551381425843,72.96049366286717,-9.108460654160666
2428,82.48383101675704,82.88784389317118,17.37716096446526,75.48818064099706,72.65562920743903,-9.174125132959716
2429,83.00217666603383,83.4592830046543,16.91503504373756,75.13709576290347,72.34888532066985,-9.220805327440544
2430,82.90265011667697,84.01551289608702,16.46453978863555,74.73013990012689,72.04090885227633,-9.247665416846544
2431,83.23563083749069,84.55691899056333,16.025441740992505,72.55368821796776,71.73237429288008,-9.25389089250558
2432,83.22919272787082,85.08387567881985,15.597378936734998,71.1105451343627,71.42398279277596,-9.238959727969558
2433,83.64971825985329,85.59674425301233,15.1798791013519,70.52888246686271,71.11644364434878,-9.202796400820503
2434,85.02998000451676,86.09586761890998,14.772376911616263,69.84493297972475,70.81046303272126,-9.145534891744163
2435,87.72449597414503,86.58156938045342,14.374424340058027,67.83023576264651,70.5067413182325,-9.067406149125858
2436,88.85225119192853,87.05416257491385,13.986032842558558,67.00618069701065,70.2059692894462,-8.968951752384982
2437,88.22121992720558,87.51397156995732,13.607639755125263,67.39930244244013,69.90881120140683,-8.851045520537824
2438,88.99810256894057,87.96133855858886,13.239617627367863,65.90039259277702,69.61589958807701,-8.714536439776666
2439,88.80387820268359,88.39661274511518,12.882225798103875,65.60193971276362,69.32784210542172,-8.560350184856063
2440,89.05932916064849,88.82015361179579,12.53567899797467,66.01251160265815,69.04520957575328,-8.38959331117735
2441,88.98820425452112,89.23232467831349,12.200073354307577,65.52462636249226,68.76853588467657,-8.203270838804286
2442,88.23503768727302,89.6334918354163,11.875408131788916,65.2704534395379,68.49832485316632,-8.002316114306183
2443,90.5319443657474,90.02401855376608,11.561439075645694,59.85040320304378,68.23504814372282,-7.787691507011161
2444,93.52129458286132,90.40425444045934,11.258033762182649,53.61556365267418,67.97914541936558,-7.5611238259175195
2445,93.73965592719627,90.7745541379116,10.965731232521918,49.10905292393049,67.73097322199499,-7.325995786829154
2446,93.36997481082022,91.13530318929413,10.685435915739347,48.471625472182936,67.49074570024364,-7.087212412919612
2447,93.00197947195373,91.48691653229422,10.417921030597768,50.336833501254986,67.25849239446701,-6.850371017083674
2448,93.0794060467058,91.82983125800065,10.163744171609821,52.36519000392482,67.03405429910472,-6.620816079272416
2449,92.89705835322827,92.1644994770682,9.923316447029507,53.747151535115265,66.81710465584885,-6.403245185957971
2450,92.13901078369666,92.49138568780262,9.696932604882065,55.473105234925356,66.60717128670753,-6.20178316573849
2451,90.36401620134947,92.81096165072701,9.484649179435962,58.49777022179575,66.40365244479962,-6.020029214245213
2452,88.2888075750987,93.12369563309835,9.28604990504887,62.46311976743931,66.20583600575785,-5.860814617396599
2453,88.70348190931955,93.43003164439693,9.100051955635564,62.766377273135504,66.01293147030651,-5.725871549688009
2454,90.48919568928233,93.73036576347405,8.925233522494338,61.23821335881138,65.82411123577864,-5.616239332373993
2455,87.84905883206821,94.02504721256322,8.76040978660491,65.22451109661654,65.63851551481491,-5.533082669839118
2456,89.89257053930665,94.31439308258105,8.604180393947445,65.0325033015535,65.45523905778937,-5.477145059531097
2457,91.84715289330433,94.59865923882639,8.454969424652248,64.02384660442334,65.27337251084617,-5.448550926717033
2458,91.72522232094913,94.8780577108912,8.31171018753146,64.93144431115849,65.09200232934157,-5.447548940710547
2459,90.2282415643213,95.15277325132848,8.17352469282568,67.20748528633075,64.91020258146547,-5.474348784368317
2460,89.0614185635457,95.42295935707958,8.039211816702618,69.12887549959376,64.72704574371701,-5.528632721610123
2461,88.47312882282549,95.68872070577532,7.907093293151206,70.42944751407882,64.54162706669146,-5.609404578364092
2462,89.64035191865933,95.95009890995632,7.775150170020169,69.78842645281321,64.35308543849274,-5.715134258995178
2463,91.11603062500973,96.20706405044334,7.641371197020206,68.78566187404024,64.16061811609178,-5.844137982268407
2464,91.72373781813369,96.45952365642434,7.504061050794206,68.11400656215775,63.96347623967485,-5.994919744867673
2465,91.30267536227733,96.70733478716295,7.361758459777832,68.55479591532844,63.76095679976727,-6.166174597905254
2466,92.72640813040692,96.95030755374286,7.212955515468593,67.02705021450632,63.55239793314783,-6.356572492219463
2467,93.96512555200718,97.18819848819419,7.056220428100914,65.59073348232278,63.337185300285974,-6.564883883331589
2468,94.3019740741821,97.42072224894959,6.890445815047173,65.09618053256258,63.11473900759239,-6.790256974110456
2469,95.12459320260925,97.64756154253067,6.7146886323167365,63.53083777683557,62.88450150201194,-7.032062011441447
2470,95.49089963163917,97.8683681577707,6.5281099431503975,62.701249207205365,62.645934873496294,-7.289908238469529
2471,95.24025970559443,98.08276887207403,6.329981040847841,61.98635168454703,62.39850761944731,-7.5636913180681375
2472,95.19710956779123,98.29036689382723,6.11952570222094,62.72768864767062,62.141688785625085,-7.853464313438785
2473,95.57150857869178,98.49073725222209,5.8958612645739095,63.60901756480729,61.87494333188472,-8.159201373572564
2474,96.24838707631368,98.68342431146549,5.658093656835916,64.33055866822463,61.597742027386914,-8.480557497893635
2475,97.71588038698488,98.86794349601115,5.405426686840684,63.522867819071166,61.30957283202515,-8.816868449028519
2476,98.02430711684137,99.0437860905882,5.137326944174987,63.61163069967611,61.00995079745168,-9.16739872832867
2477,99.07485724594268,99.21043195895615,4.8534715153297725,62.97095692446618,60.698412916803235,-9.531432337493442
2478,99.83409383433222,99.36735085827685,4.553688641055871,62.64821863536946,60.37452197495212,-9.908244467750897
2479,100.64770888127251,99.51401120169321,4.238027566868254,61.8774130545913,60.03786328561984,-10.29715908222272
2480,101.50221021875062,99.6498860294014,3.9067262821274085,59.44198107596043,59.688044702803936,-10.69756453131074
2481,100.99702516293151,99.7744596205017,3.5602288154398565,57.399034649385754,59.32469231686579,-11.109223859807287
2482,99.81193845189739,99.88723461709739,3.198992410275139,54.48296334496612,58.94742977881678,-11.532460007870924
2483,100.81540576697695,99.98772578118671,2.8231876683381785,48.21768958368524,58.5558616496744,-11.968223202263246
2484,100.95335775849138,100.07544712831994,2.4329264709054854,46.56777831622499,58.14954823199923,-12.418714630788763
2485,100.51446577565267,100.14992087924708,2.028462443387653,48.55929779427916,57.72794734095515,-12.88719384132932
2486,100.41674020365228,100.21067795787911,1.6099803418986625,49.8851468788733,57.29040197591061,-13.376746470966445
2487,99.32336852602914,100.25725290204032,1.177565017087474,51.40141688974175,56.83616424289072,-13.889837099023268
2488,99.5934797889621,100.28918229235161,0.7311082400598679,51.55835898395797,56.36441283597573,-14.428375064622543
2489,98.58106167116426,100.30599345137765,0.27036768734383543,54.064845662761286,55.87427257191588,-14.993883199434741
2490,98.59759330882962,100.3072068048412,-0.20501659517620396,55.16681929894038,55.36482062268008,-15.587345241295907
2491,98.67942126270417,100.2923256783659,-0.6955553326098141,54.71342959191807,54.835116222496154,-16.209059699592956
2492,97.90478995829686,100.26083644933388,-1.2017425913292357,54.40289675905149,54.284216642707214,-16.859074112690386
2493,99.00823020382991,100.21220950561062,-1.724168563840749,53.0972307468152,53.711177948316795,-17.537388927663642
2494,98.07847329066708,100.14589187841116,-2.2633626345068336,53.93017198508872,53.11505738086297,-18.244077791913966
2495,97.38465242129465,100.06131866331016,-2.8198112680293974,55.60518125836802,52.49490609552253,-18.979110791365983
2496,97.70880557938264,99.95790446054254,-3.394219921185382,56.04509217261868,51.84978332810524,-19.741904211157006
2497,98.1243519633496,99.83503733523114,-3.9873210670457837,57.49679310864832,51.17877914811206,-20.531371693443567
2498,98.0159440481116,99.69208305607282,-4.599703535012054,59.221702484457296,50.481025215209,-21.34594988193836
2499,98.92714916222668,99.528390432897,-5.231870953981712,59.39603330709926,49.755715822649506,-22.1833995131815
2500,98.4622726871852,99.3432916591407,-5.884161975856799,61.431735064234886,49.002131914330235,-23.040987289221277
2501,99.77816514656358,99.13611296783988,-6.556797016285714,60.250334153775725,48.21965000336809,-23.915431359990365
2502,100.18214488343348,98.90617185805499,-7.249811610201959,60.72776574752578,47.40776982366421,-24.803094422171874
2503,99.87376635727013,98.65279219382641,-7.962920542662459,61.99707376995835,46.566110375223296,-25.70020676891076
2504,99.5271791839853,98.37531048854416,-8.695752511639157,62.92015735617633,45.69442270573683,-26.60249306368339
2505,100.21284755210706,98.07307535971714,-9.447954669712928,62.803915266853465,44.7926108376444,-27.505097177260787
2506,101.45642891324154,97.74544684389663,-10.219037541997551,62.35838779201973,43.86074956058611,-28.402779277520835
2507,101.06788688479911,97.39180619025063,-11.008131107318562,62.44236945461029,42.899092219143014,-29.290110397232247
2508,101.10650289409138,97.01157143674206,-11.814136891747182,60.91847522729472,41.90807553410396,-30.161433761137744
2509,102.0378443813864,96.60419706413415,-12.635899327160729,57.14912964506293,40.8883299684005,-31.01101634512247
2510,101.83784386160454,96.16917814826468,-13.47200149106989,53.858405637256965,39.840674444429126,-31.833613237347507
2511,102.74380286119917,95.70606363139616,-14.320792442930923,52.604914379683294,38.766089085910664,-32.62472194773981
2512,102.9730196040098,95.21445865206928,-15.180382709890026,51.90493649550483,37.66569298124647,-33.38020013961941
2513,101.86175798857882,94.6940381174035,-16.048572046666294,52.48160441615154,36.54074240993604,-34.09587253689377
2514,101.61385313719026,94.1445538489582,-16.923140879545997,50.51228075807403,35.39263481212022,-34.76725128557536
2515,101.30278381521819,93.56582872543376,-17.801912648716325,48.32709443785005,34.222925657564346,-35.38971761372572
2516,100.35758791935064,92.95775967237711,-18.68262614772192,43.99809702821324,33.033320304538506,-35.95892587008825
2517,100.26102954142956,92.32032031558563,-19.56303050061848,39.53011189474155,31.825663932891796,-36.471148242413065
2518,96.98219798360707,91.65355763900254,-20.440844532734133,35.45915965411183,30.60191042171097,-36.92360857226696
2519,94.54668241669789,90.95759734673669,-21.31409505999983,31.14576856149472,29.364090028074,-37.31443890518463
2520,92.25815443605697,90.23261796833589,-22.181455995281922,29.810046926269635,28.114281161365327,-37.64265201670342
2521,93.21426500292488,89.4788336137179,-23.042092430905896,28.00500759338553,26.854579893627104,-37.90773080252567
2522,92.6595006386772,88.69647847294216,-23.895147697150136,26.52599152119356,25.587099107863615,-38.10925202686484
2523,89.84028129731229,87.88582376724122,-24.73947701553037,24.98455072129846,24.313963091836115,-38.24690500281534
2524,87.5680518402095,87.04718000524014,-25.5742004426412,23.433350699454508,23.03730544100926,-38.32045039683944
2525,87.39979736458326,86.18087707106514,-26.398949891075034,21.853172008720847,21.759266398713486,-38.32972959807137
2526,88.20847191695212,85.2872500125018,-27.213466649573803,20.53043092241836,20.481990134471168,-38.27466974964295
2527,87.89739222847723,84.36664596109355,-28.017135069074257,19.315768430736284,19.20762174873729,-38.15524968430368
2528,87.24626094905175,83.41944100789685,-28.808995726452835,18.911755549644667,17.938306822184256,-37.9714461171215
2529,88.89528108892813,82.4460462459967,-29.58795453398885,15.286566936804164,16.676192007595855,-37.723098212267885
2530,87.7035745164299,81.44691070563093,-30.35248341771883,14.038413338245306,15.423433608033063,-37.41026785616194
2531,86.82858612804021,80.42254735148211,-31.10069298007467,11.365354344859114,14.182174150518392,-37.03336764521233
2532,84.37354304586151,79.37353117362595,-31.830700246846746,9.753994794481613,12.954542431685574,-36.59302240310356
2533,82.02838160054908,78.30050066835899,-32.54080911097908,8.99943324628201,11.742639323644822,-36.09012692678877
2534,81.2817548874042,77.20414389956068,-33.22972171390397,6.4381708524010435,10.548533969899657,-35.52556506668356
2535,81.23794615032755,76.08518588743206,-33.89627736027485,3.3348441452809254,9.37426831919925,-34.900355964945035
2536,81.0928490197583,74.94439207554235,-34.539103471774695,0.1582602055045612,8.221843572236654,-34.216008919257106
2537,80.33972683222936,73.78257898931375,-35.15651953033213,-1.6013738031530238,7.093201057915444,-33.47462108062496
2538,78.7253057016115,72.60062410685354,-35.74663618207936,-1.7750705579811097,5.990202166861657,-32.6786844273214
2539,78.2302981650103,71.39946991050846,-36.30756760859995,-2.536556743713561,4.914622096094017,-31.83064657811211
2540,78.40019231444468,70.18011959961355,-36.837387294543475,-4.224415120932335,3.868159061654183,-30.932770255795763
2541,77.21285924221394,68.94364409087223,-37.33385713488083,-6.351320554347765,2.8524374123742993,-29.987366853681824
2542,74.48024910032478,67.69119579062149,-37.79452513300605,-5.753745380388111,1.869001271408728,-28.99700837779437
2543,72.57688099978799,66.42400908200516,-38.2171520883265,-6.366468995574593,0.9193035205213413,-27.96419696967818
2544,69.47164925168417,65.14338565139973,-38.599813505558096,-7.122760127820449,0.004721473430182588,-26.89114956184695
2545,67.9389471111983,63.85068818163462,-38.94095081474049,-9.109157033105369,-0.8734397836017886,-25.780009439714934
2546,66.26720541770258,62.54732226375036,-39.23931245881089,-10.789343354513008,-1.713945822550813,-24.633061147753878
2547,64.6024802298647,61.23473401771389,-39.49373734833692,-12.188612569497842,-2.515643860118714,-23.4528788902007
2548,63.408963490708416,59.9144064405279,-39.70317153585231,-14.962182048026534,-3.2774710818975263,-22.242250594027333
2549,61.19091358254058,58.587855915323736,-39.86659458042212,-15.654405428621615,-3.9984605663872026,-21.004352197364
2550,59.64047282333779,57.25663346849976,-39.98309975213022,-16.763872544927345,-4.6777612283884595,-19.742654511645053
2551,59.32065622721585,55.92231593184839,-40.05194548744253,-17.63153628382173,-5.314637533830206,-18.460688037498592
2552,58.05576794156984,54.58650376933692,-40.07227196239331,-17.517690713949833,-5.908473764221699,-17.162081560979146
2553,54.48481760518659,53.2508311343555,-40.04305794774613,-14.158732495508964,-6.458776304562149,-15.850392952806374
2554,54.88916468353383,51.91696657282051,-39.963604058863744,-14.825681885560819,-6.965166627742124,-14.528493533281509
2555,54.217533503930014,50.586590863764584,-39.83328482602289,-13.429949180447721,-7.42734254011425,-13.198697181784276
2556,51.60711120731214,49.261414251085654,-39.651118346375576,-11.866900872598023,-7.845079773194409,-11.863065377750246
2557,49.71913565933359,47.94318297400621,-39.41621587929703,-13.986245729603212,-8.2182135652976,-10.523088777597906
2558,48.588638048429985,46.633666525799185,-39.12796452561199,-17.30991989897192,-8.54661902503427,-9.180223155959233
2559,45.82418993416182,45.33465200563208,-38.78580948795275,-17.219148740406375,-8.830228442361548,-7.836629356867011
2560,44.11949062745556,44.047945893269,-38.38938726190776,-18.53440562677445,-9.069060982158737,-6.49485795669797
2561,41.82882415175543,42.775359521504896,-37.9386144131411,-18.185634363542214,-9.26321897280808,-5.15756392741908
2562,40.62337490900982,41.51870493239293,-37.43362105485588,-20.03646190399266,-9.412898577320009,-3.827481572995559
2563,36.20389853945481,40.279784784514504,-36.874681076847935,-20.63820919497246,-9.518384411007784,-2.507517427285322
2564,32.70078618528284,39.060392860603066,-36.2625337108847,-21.193499649338776,-9.580066405805697,-1.2009047841870668
2565,28.970645912423542,37.86228253712219,-35.59873073976135,-21.718716514968285,-9.598444729953588,0.08897586637274024
2566,23.962282154888,36.687144144618976,-34.88554005989041,-21.734514654427016,-9.574134681380848,1.358595265602247
2567,23.87280533124222,35.53657986646283,-34.1261760963971,-22.04968975560108,-9.507871712246772,2.604342822420218
2568,19.422174721354907,34.4120657381925,-33.32426549795528,-18.669864361294096,-9.400511826552833,3.822545260807111
2569,20.161580138534582,33.314962166599145,-32.48377172848148,-20.043724369922607,-9.253035361526297,5.009959207449297
2570,17.0510344337827,32.24648095629374,-31.60887976009441,-16.54256686055745,-9.066514546056213,6.163601686115285
2571,17.94846774370143,31.207703515926184,-30.70380513150951,-17.257737530996422,-8.842128582451945,7.280756388612435
2572,18.756225621532554,30.199560614193103,-29.772779122147224,-17.50628298773863,-8.581130786815384,8.359060186842395
2573,17.98987565444103,29.222851574449702,-28.819475063454725,-17.733846664490898,-8.284857903329119,9.395934468082219
2574,17.308751184138792,28.278262276629455,-27.84726497718589,-18.303697189393425,-7.954735155609903,10.38864695355569
2575,17.940016170887926,27.36636724263731,-26.859450426345735,-18.987560923333618,-7.5922814397587395,11.334253640553683
2576,18.218384852757744,26.487632248206406,-25.859064324496153,-18.183880955992443,-7.1991182462396575,12.229521108274284
2577,20.640189059561976,25.642429621004233,-24.84873804951892,-17.449693006119652,-6.776980032540454,13.07112139083198
2578,18.590911366065203,24.83104971157181,-23.830445103464406,-16.848017103089205,-6.3277101535175255,13.855833969712101
2579,18.197050971097223,24.053733280773272,-22.805857255006554,-16.293976840171887,-5.8532577678929805,14.580507392083861
2580,14.77183789585038,23.310659227904708,-21.776773330354313,-8.52453145035571,-5.355676327378601,15.24202470316526
2581,15.88006853375435,22.601948392082985,-20.74533397538275,-6.3740941200641,-4.837122787681963,15.838362126671504
2582,16.15647016268234,21.92763696287919,-19.713808492915756,-3.1551731275332315,-4.2997855189338345,16.368819894935747
2583,14.960205384016732,21.287694492555268,-18.684054628918823,0.5044584843084436,-3.74586812801958,16.833339663243578
2584,15.19297375682998,20.68203332095127,-17.657871482507765,2.515363973947842,-3.177562874717596,17.232723671948442
2585,15.391264105205194,20.110503060388083,-16.637016202776493,5.705976320679056,-2.5970198832230174,17.56845050665904
2586,13.415938007482051,19.572898907432837,-15.623006788168539,9.900845082821533,-2.0063328409403267,17.842601394660548
2587,8.415115040985619,19.06896927451018,-14.617460555655981,17.974542897931727,-1.4075131235789808,18.05818163725929
2588,11.9598466264268,18.59840153705577,-13.62287731371941,16.234485628455985,-0.8024540651230407,18.219844018496424
2589,12.031679950914173,18.160777453595554,-12.641828485022426,18.32099625064484,-0.19285685567921917,18.33300413027669
2590,12.34899391143044,17.75561297138761,-11.676212650063604,20.628812419364067,0.4197462102287387,18.402948460651547
2591,13.035509265539066,17.382363276924647,-10.727745197529348,21.59698246874332,1.0340063750308839,18.43543520048415
2592,12.211855534438174,17.040429958218986,-9.797876492229882,24.00686861403834,1.648775223594349,18.43652725013459
2593,13.046925275250109,16.729171510775988,-8.887970942353398,22.693686814339443,2.263108191706523,18.41260707545281
2594,15.99862547791378,16.447898562062093,-7.999294127319558,15.757731825006104,2.8762823619578697,18.37003745446768
2595,13.17060435895795,16.19588523562135,-7.132460413948127,16.359160020640232,3.487777355337702,18.313771965554707
2596,11.542591704557294,15.972401201132218,-6.287986476736318,16.04972168246367,4.09720049299485,18.24764011654245
2597,8.560822108750827,15.776686137172263,-5.466980905481291,16.850230454836108,4.704286696440532,18.175333281399908
2598,10.336093018869786,15.607935807433465,-4.671175439733419,14.48773535427172,5.308889378421511,18.10043495959288
2599,11.664309525172037,15.465274441190035,-3.9024270314107223,13.207821675157689,5.91098236041339,18.026116198438512
2600,12.043331779548359,15.347774005339417,-3.162084828752727,12.064714039741887,6.5106304583174115,17.954826971807172
2601,16.315695219999277,15.254468785939853,-2.4512054228223157,7.260295602461184,7.107970825200535,17.88847824271807
2602,14.636124360508978,15.184360310484596,-1.7701223851813275,8.357372447508908,7.703195674498616,17.827918567763827
2603,16.632713677777083,15.136460626927764,-1.1187594329157768,5.660316072551211,8.296498729718124,17.773267875657037
2604,16.008252913500154,15.109776348290211,-0.4969755936117082,6.455807831756843,8.888080199542419,17.72423143737494
2605,19.26850408811306,15.103328920686984,0.09558523476140834,3.2677623781178795,9.478114158876453,17.68005556151376
2606,16.35438428351437,15.116148697274305,0.65967602934629,7.355430483058939,10.066750570310003,17.639455069159204
2607,19.013804794119945,15.147307322643403,1.1961002902660667,6.051018228798256,10.654077830153733,17.60110328633275
2608,17.237558911250947,15.195888716625376,1.7056171035550882,8.81891233767837,11.24015745606552,17.563912547253125
2609,16.76082061186763,15.261015129547076,2.1891050278984636,10.355815058611455,11.825005333303942,17.52683832098181
2610,18.418623119058115,15.341829051818607,2.647090689213014,9.748638064851349,12.408613344130973,17.489302090456356
2611,19.60930985541027,15.437487842161277,3.080254638815081,8.747813534368063,12.990958806001032,17.45068983886748
2612,19.733626384498493,15.547179361072946,3.489674763280126,8.851070830880673,13.571992666722139,17.409975055652946
2613,20.604991902809193,15.670132826379952,3.876593957236274,7.859348358457936,14.151623809711229,17.365824762560553
2614,21.324361866320423,15.80561895822203,4.242368580750799,7.081375442366664,14.729714317559509,17.316601270771585
2615,20.76844284364836,15.952957398430005,4.588553109480724,7.869703434960854,15.306063894429334,17.260231577540974
2616,20.812762352444736,16.11152249885408,4.916684267938063,8.16255208256787,15.880396422728907,17.19447255194239
2617,20.733521171680465,16.280736349625876,5.228177215972227,8.423728159074784,16.452362064558827,17.117070727420334
2618,20.39235298419721,16.46006764658556,5.524393178981057,9.001640497152081,17.021534471223596,17.025684564939105
2619,20.763035738158468,16.649029228224613,5.806579036983894,8.823737253451085,17.587407702221434,16.91792760995872
2620,21.02243545903234,16.84717291571782,6.075931292853518,8.667550119849537,18.14939631188751,16.791304106244382
2621,21.031565498424545,17.054091314414848,6.333682580755493,8.789462859046793,18.70682797597106,16.643100901764676
2622,21.262325527306764,17.26941842110152,6.581045232171157,8.594378182144055,19.258936372005156,16.470433287327175
2623,21.400083583604776,17.492827663226258,6.819204461891353,8.554583035157378,19.80485686179287,16.27024068163207
2624,22.275006932002402,17.724032051894277,7.049335043083467,7.734498091393547,20.34361908411396,16.03926429666174
2625,22.71449643612085,17.962783332765156,7.272694734929477,7.106821669611477,20.874141148236987,15.773956183251432
2626,22.505176925129906,18.208878367556242,7.490666869416955,7.386773528227053,21.39521616299739,15.470394101518021
2627,22.56250330604942,18.46216112405962,7.7045969075544285,7.66871147810275,21.905500755004855,15.124447729098343
2628,22.94105993866699,18.722518161393204,7.915733449934308,10.025473283833193,22.403512678270612,14.731916932345595
2629,22.31812143754467,18.989876687388573,8.125313534529184,13.998113334000678,22.88762855049456,14.288844022480358
2630,20.595329272687838,19.264205730361816,8.334459386574249,19.303673479544855,23.356102279769303,13.792066463185542
2631,20.07727572405213,19.54550731316019,8.543863865296402,21.118246738287823,23.807099648040264,13.239659756383553
2632,18.683418555663,19.83379665471491,8.753803987191837,22.733444180255148,24.238746263528206,12.630621457335707
2633,17.86158449557045,20.129094245639646,8.964187763518439,23.928112600468495,24.64914107852931,11.964327885147714
2634,18.60315676893764,20.431409172282805,9.174506946165728,23.905156663765453,25.036368122538054,11.240447979132071
2635,17.816534206759492,20.740728042050694,9.384152485490134,25.559632272377357,25.398504277138116,10.458706306772942
2636,17.68256754930539,21.057019337982148,9.592417681351488,26.492451074515927,25.73361520965625,9.618958614335238
2637,16.99483501708922,21.380222554140794,9.79836591005748,27.69988448333784,26.039768184760465,8.721341702649035
2638,15.508166495619381,21.71024373198598,10.00084326491205,32.219127377446114,26.315037989832852,7.766215275696187
2639,13.683956590332688,22.046945438468263,10.198275364541551,36.58082082041528,26.557515869806878,6.754704148982658
2640,13.980303584904096,22.39012875628875,10.388496348729053,38.240329074179556,26.76535159976503,5.689176764201136
2641,14.439971085271894,22.739511861716867,10.569012059850653,40.2071902727733,26.93679432075362,4.572829967447678
2642,14.806187171382978,23.094729560278793,10.73733777516269,43.70516325409265,27.070206930928208,3.409343455028715
2643,14.519445526993469,23.455334380061046,10.89100680696168,43.968203133253894,27.1640838844222,2.2031642244662564
2644,16.575494449940802,23.820796680742905,11.027457841060642,43.34171057516811,27.217084545892625,0.9592647464010895
2645,16.994253427001357,24.190498236131756,11.14428469558348,43.69469458011086,27.228034867515607,-0.31745839586278635
2646,16.67315668732211,24.563748993781804,11.239339877890746,44.732057287616726,27.195920652835106,-1.6221588000626141
2647,16.745341205028847,24.939787561324472,11.310379939162711,46.374307591968275,27.119890947511433,-2.9497801689277026
2648,16.942245994783107,25.317774323059318,11.35501299561831,47.52156827733094,26.99926864157326,-4.294851659053567
2649,18.015182276150167,25.696788427699026,11.370775052328703,46.658780476638626,26.83356750357453,-5.651458377443852
2650,18.74672678695246,26.075825993214565,11.355278374932194,48.54547400571904,26.62250474974367,-7.013600552320547
2651,20.386081084734247,26.45380698602784,11.30629083558393,50.74341477000745,26.365994133419825,-8.375070128977988
2652,19.561629171919733,26.829578715586827,11.22182029429835,56.933408452887875,26.064166741145137,-9.72898212852634
2653,20.31595643381504,27.201928338981062,11.09988370419078,59.208755187225904,25.717395324851402,-11.067121239930895
2654,24.217097200880307,27.56957096253288,10.938376343235863,59.54001768374687,25.326358658483077,-12.379916887561464
2655,27.54656615917875,27.93115342853012,10.73577573003723,58.91798922283121,24.892067532347305,-13.657301172921397
2656,28.725759441140458,28.28528934453536,10.491526154667952,60.44181982174641,24.41587191362165,-14.889126706889506
2657,30.625867376352538,28.630588505507983,10.205635927038923,59.698028806188745,23.899459085221338,-16.06497660864621
2658,34.93820412885414,28.965665073004622,9.878467248856904,53.26876493560631,23.344873473045237,-17.174170400363593
2659,37.89312304604965,29.28915298876511,9.511204953734982,46.9155902357476,22.754514391863765,-18.20693499462493
2660,39.413803662468624,29.59974540325362,9.106016603496734,40.94501811265535,22.131077806736908,-19.155227827230643
2661,41.78324138760325,29.89622076233156,8.665641003073485,33.91561587086882,21.477499203381722,-20.012658410332183
2662,43.64183207711165,30.17745480345852,8.193305154880601,28.20360715710133,20.79690057938143,-20.774579488192888
2663,46.28365736332535,30.442441105990266,7.6927788725154755,22.944509218408726,20.092527237502196,-21.43804008805759
2664,48.00185170643174,30.690306728292885,7.168419967938302,18.029953619801603,19.367697906844256,-22.001514718362607
2665,47.967657286589336,30.920335770519486,6.625158336162631,15.63328272588474,18.625759589611356,-22.464778208335243
2666,47.04121875362548,31.131983950703727,6.068103222943417,11.739248153859734,17.870046026288573,-22.82847447223352
2667,46.550001643715746,31.32487598538238,5.502155347153508,7.912841272375118,17.103861291462454,-23.09396016286529
2668,44.70775646330191,31.498794307180628,4.931944462776077,5.566189510257701,16.330448682097554,-23.263513671254373
2669,43.752423774342766,31.653672282900786,4.3616987867832435,2.954972162892986,15.552960380045496,-23.340102395219358
2670,40.54752868751705,31.78957422629951,3.7951816368194535,3.557843292768055,14.774441855749597,-23.327200356911206
2671,41.77879803907278,31.906684392022083,3.235494455022536,0.22476482981689117,13.99781368958475,-23.22834884243198
2672,42.52222530944366,32.005273856634346,2.6854075771489683,-4.200376042595366,13.225885266254132,-23.04726387221617
2673,40.29040650475709,32.085711563832014,2.1479529060211533,-3.9668400152028624,12.461329431437004,-22.7885848584239
2674,39.129335396989525,32.14847071703576,1.6259143953059407,-7.36429115915729,11.706646275692538,-22.4573460360069
2675,40.10625629105577,32.19410585685241,1.1215501740962708,-12.276268788073388,10.964173029036544,-22.05882620719659
2676,38.50139098763703,32.223240728642175,0.6370748694162032,-16.83066194365737,10.236057861879432,-21.599317175444774
2677,32.201256927992105,32.23657751481349,0.1745986129720123,-15.961296290211614,9.52421855067356,-21.086299736195848
2678,30.61978662354982,32.23488063617364,-0.26495027150950534,-18.860398232955475,8.830304546133043,-20.527588532630947
2679,28.738759011708446,32.21891416337952,-0.681817204632722,-20.443041508465974,8.155712648498163,-19.931090995694056
2680,28.299761170485084,32.189426155864794,-1.0767598621541197,-22.24405497816945,7.501565146420106,-19.305177502473263
2681,28.26957542950973,32.14713017256925,-1.4508741539825465,-22.614464362651795,6.868700814999945,-18.658524001188518
2682,27.91761392213634,32.09270121226596,-1.8053150842976606,-20.297535137727216,6.257663546340871,-17.99993795409712
2683,28.136863835667718,32.02677583361607,-2.14128010025993,-17.569391807525037,5.668704951393471,-17.337752400145522
2684,27.28146702900312,31.949949205581962,-2.4599684865833993,-12.675469287024853,5.10181338633117,-16.67937172164622
2685,26.642107035114112,31.86277793451051,-2.762652896983333,-8.708210694567306,4.556746836617056,-16.030895003773367
2686,28.062903025695284,31.765772345783073,-3.0508038722112474,-7.001248169231609,4.0330870527462785,-15.396938302007154
2687,27.73460266853665,31.659391009696428,-3.3257483640736574,-4.533241855108045,3.5302842831499124,-14.781114979388935
2688,28.346507042581564,31.544055788178163,-3.588620623536194,-3.8265003387148226,3.047679387453683,-14.18626493365192
2689,27.66524666497942,31.420149634794015,-3.8404797591846496,-1.7734562658993838,2.5845332875731177,-13.614609437441466
2690,28.041262429645393,31.28802380423252,-4.082359617243441,-1.6275847945296675,2.1400387582909186,-13.067818741236108
2691,27.10013306822337,31.147992326977786,-4.315301361972974,0.025555073970366493,1.7133453714907105,-12.54710114316973
2692,27.993203208460262,31.000337046767655,-4.5403897209357424,-0.17806652917724364,1.30356534874627,-12.05326787635034
2693,27.320824207559454,30.845299678915403,-4.758673788505199,0.06454566508500648,0.9097941797340212,-11.58679024144781
2694,27.963097281510613,30.683092127533975,-4.971124830631837,-0.49398631237897916,0.5311126659830826,-11.148014251150604
2695,28.502457938785195,30.51389135687328,-5.178671415010392,-0.7587924570118645,0.16659322965731427,-10.737218030611306
2696,28.010778426956605,30.337847366533282,-5.382017116357698,0.07306766643512219,-0.18470186939100436,-10.354691621572076
2697,27.779122823779367,30.155090215782767,-5.581807080367156,0.4575741006137122,-0.5237195451141575,-10.000534300153678
2698,28.55092055217315,29.965726894508805,-5.778740659807475,-0.2937583401905215,-0.8514041560679163,-9.674561814692662
2699,28.41638339211352,29.76984083846227,-5.973381551813759,0.01069404451475009,-1.168690332760335,-9.376545321204604
2700,29.021500061768457,29.56750145772122,-6.166141403842715,-0.7035807655607869,-1.4765071774815566,-9.106226519138716
2701,28.95493793830063,29.358764744872754,-6.357302669974043,-0.4917256524250604,-1.7757721007029161,-8.863315095203895
2702,27.961659624125943,29.14368127972295,-6.547006591936135,0.5599151631530788,-2.0673948504951496,-8.647505172608366
2703,28.31186740245279,28.92229763874368,-6.735488989193854,0.30071672693425455,-2.352272445543474,-8.458215123276586
2704,27.887944972758014,28.69464868044336,-6.923016403637039,0.6777691647154711,-2.6312758587135887,-8.294659754070608
2705,28.140134636449858,28.460763211834543,-7.10979956647769,0.3646191929207845,-2.9052497624815143,-8.155952496223449
2706,28.200524104219358,28.220662042678182,-7.296006114726747,0.2838561533458801,-3.1750060251284853,-8.041115049466647
2707,27.541103511715903,27.974362804186093,-7.481686721180942,0.9820132252580294,-3.441324099112624,-7.949146835361887
2708,26.48856777969123,27.721882927932786,-7.6669088070942415,2.2842428280549996,-3.7049491474859444,-7.878875751961287
2709,29.312907142882192,27.46323555037981,-7.851920196077877,-0.7705757486177589,-3.96658248257671,-7.828753431214741
2710,28.975244923211093,27.198421581527594,-8.036629234452057,-0.24429505090225234,-4.2268660429002605,-7.79741401207096
2711,28.980810794057785,26.927460268083006,-8.22049665373278,-0.17677244455242658,-4.486410083381441,-7.783790022825774
2712,27.581913968656842,26.65038847127874,-8.402952897890668,1.0596818667917063,-4.745785377755312,-7.786648392191746
2713,28.69814772571469,26.36726340822363,-8.58355410871063,-0.11884261606292057,-5.005519976194224,-7.8044849798419325
2714,26.996421357837622,26.078151530698033,-8.761815158038111,2.043300116438445,-5.266084376411441,-7.835709838260541
2715,25.825393369123326,25.783142397687755,-8.937252888868734,3.2364915285596823,-5.52790063207826,-7.878509383834285
2716,25.130318297118606,25.482334671440118,-9.10972446945868,3.940085245921807,-5.7913183353337265,-7.930493407469941
2717,25.07462826979945,25.175827433057176,-9.27927596266489,3.899818499781702,-6.056600192576256,-7.988911540034014
2718,24.730305595539175,24.863716273929125,-9.44597476272321,4.2625088199113605,-6.323912438002661,-8.050836155192238
2719,25.63863557585175,24.546095782208962,-9.609855756678893,3.019052178782644,-6.593322602922405,-8.11321248343356
2720,25.63466638417793,24.223059223483865,-9.770776319734473,2.791837340254446,-6.864793270231565,-8.173036915400683
2721,26.290491358703203,23.894710694226664,-9.928364079238996,2.27315920698706,-7.138191730615784,-8.227444103832822
2722,26.640866926335836,23.561168284867932,-10.082052867502345,1.7995759774691038,-7.41328954382042,-8.273598594196319
2723,24.979181218481603,23.222573836393174,-10.231028467634822,3.4839060743347687,-7.689764970228872,-8.308730920889351
2724,25.597714507454622,22.879099720358944,-10.374571709344949,2.6427228876117823,-7.967204938546376,-8.329809557088614
2725,26.069214315062492,22.530935722436844,-10.512017116375745,1.9833000442465618,-8.245085607368113,-8.333595229459437
2726,26.158724922581314,22.178298579267228,-10.642434273692913,2.140223420129587,-8.522777953843672,-8.316989230869396
2727,25.181417968957167,21.82144010419065,-10.764705131861128,3.495696677745954,-8.799551556092739,-8.27688496202243
2728,25.89852141854685,21.460651570476486,-10.877738155190606,2.51339059566601,-9.074570284645167,-8.209868476205386
2729,25.371063479982084,21.096257560511276,-10.980373785046318,2.742717479448757,-9.346876121173098,-8.112388283010716
2730,24.98149353558304,20.728626651473398,-11.071316425670226,3.0816496887971283,-9.615396170179215,-7.980923473367456
2731,24.733190585392915,20.358169798799928,-11.149297991688343,2.765602012509021,-9.878937686064262,-7.811788214611486
2732,26.23012851543128,19.985340118694175,-11.213035495535681,3.028353946808494,-10.136182051153314,-7.601214152264504
2733,23.653820617339562,19.61063409909755,-11.260949746146487,5.6295018618454975,-10.385685296215229,-7.345363414944801
2734,22.12990834730963,19.234610135617743,-11.291510897005743,5.243484991459951,-10.625872945482968,-7.039896907919125
2735,21.919711787033446,18.857866705963833,-11.30368717881268,2.3059177082290887,-10.85501175674317,-6.6800733229523335
2736,21.605321306315204,18.481030990363564,-11.296592750089047,-1.3200338781702214,-11.071211167013123,-6.261575786765663
2737,20.785782178803455,18.104760522624563,-11.269307717682207,-5.530840527722731,-11.272450142527548,-5.7809972141989
2738,19.01004308845488,17.72974380918475,-11.220968817795072,-8.473089306408575,-11.45661098129305,-5.23603379072652
2739,18.377213485263177,17.356695934771558,-11.150986992514955,-13.44100595375874,-11.621519061909316,-4.625388068424758
2740,18.097601842861483,16.98634467635042,-11.059020104867159,-16.333071040311296,-11.7649701858547,-3.948886952533117
2741,18.636459619862134,16.619427927780414,-10.944751154844319,-19.07427709505449,-11.88477819207819,-3.2074802926510504
2742,17.42288867231468,16.2566945993608,-10.807714958399472,-20.220825881894022,-11.97880220536477,-2.402916472027883
2743,16.619603027067964,15.89891359722045,-10.647438162235927,-22.363932502805085,-12.044972623546716,-1.537490195037572
2744,16.35684527433336,15.54686538854507,-10.46364018225666,-25.901623736353372,-12.081301551700609,-0.6139615243978014
2745,13.586090546884877,15.201337585070005,-10.256093404267643,-25.97108869192806,-12.085903391839903,0.3640799708226172
2746,11.402925111758506,14.86312582826056,-10.024917573423258,-26.468648588000157,-12.057029553645767,1.39251441529181
2747,9.336881307027337,14.533009746841788,-9.770867420962794,-25.61530931525668,-11.993069097487115,2.467134006420082
2748,9.648308449380888,14.211734666863041,-9.495230163768005,-27.080161274457495,-11.892553953217762,3.5837700421812446
2749,10.457289451215713,13.899994402590588,-9.199457070995392,-28.800908856242344,-11.754151094675032,4.738138429231968
2750,10.886268885930388,13.598437528796682,-8.884738673528458,-28.65335324387756,-11.57667805793563,5.925445840266832
2751,11.069940547364883,13.307678491022024,-8.551990215814502,-28.463123990480817,-11.359121371990577,7.140618039063513
2752,10.757330700114201,13.028304847742382,-8.20194776082026,-27.793869535608323,-11.100636855331397,8.378572276952383
2753,10.973662128128499,12.760881973634007,-7.835281764834328,-28.98358477597992,-10.800549886860418,9.634282824082971
2754,9.436300138998757,12.50595273008676,-7.452595691024939,-28.735924470403674,-10.458351333725865,10.902563495921349
2755,10.156925080738421,12.26404226089901,-7.054611767957875,-30.865088335166874,-10.073712320465662,12.177992512712521
2756,7.88025371381357,12.035645278889568,-6.642099793699092,-29.90387114061469,-9.646485166211697,13.454760228127727
2757,5.9036082088742114,11.821235607985738,-6.21599101830105,-30.061636228685032,-9.176728305257146,14.726762592926796
2758,6.162269193649216,11.621245877669498,-5.777783323813663,-31.81492472155677,-8.66470099334991,15.98788164945061
2759,6.475414081279093,11.436050053064827,-5.329168438516767,-32.61322019177398,-8.110869528627106,17.23156926813603
2760,4.894749826277328,11.26596798176838,-4.871695783772214,-31.560546740963886,-7.5159297088075085,18.4507393970189
2761,6.182497235204043,11.11127033414668,-4.40705043343419,-34.05705955128206,-6.8808202354925125,19.638172985708326
2762,2.659905375855207,10.972164619539434,-3.9369127232715417,-31.79723783584901,-6.2067181764269534,20.786253370165557
2763,3.38376713754398,10.848809485928577,-3.463251626512305,-33.010839535914144,-5.495070010814809,21.887134006927802
2764,2.1101121206742626,10.741281177771947,-2.988413265697547,-32.14618142848392,-4.747575909298433,22.932917863576797
2765,4.697924520694643,10.649581934882073,-2.514791186021821,-33.855277779397525,-3.966208819909689,23.915439040995714
2766,8.756445549355307,10.57362843203716,-2.0445538887146153,-36.46297865545419,-3.1532133065653856,24.82617872475663
2767,6.9938154644846815,10.5132783423011,-1.5788566189381026,-32.24391322419122,-2.311130238259247,25.65573909680466
2768,6.835366764600042,10.468371324107952,-1.1184929487006023,-28.45295390365594,-1.4428307001117417,26.394715838704474
2769,4.644955543084684,10.438712145721059,-0.6645264670438067,-20.009654764629104,-0.5514825156789487,27.034641403898664
2770,5.671434787698239,10.424069559638365,-0.21835895593432575,-15.693448669281807,0.35947872681483584,27.568605845538382
2771,4.218680017835336,10.424154881992104,0.2184413109666128,-7.901207965945687,1.2864245406902768,27.99132857803937
2772,7.788509638441282,10.438632313702806,0.6442448365059583,-7.299962792083171,2.225567298684127,28.29905626968019
2773,8.576439005276406,10.467104537759168,1.057734772116108,-1.5290098389639155,3.1730282920022894,28.489006228355166
2774,7.598358398626511,10.509147965177213,1.458235891713242,4.727318348231847,4.124834380574471,28.55906278058752
2775,8.751278540964766,10.564320263873384,1.8450342074223514,7.8224836768226,5.076965810708124,28.508616312852745
2776,10.497259209026375,10.632150245672037,2.217427274214838,8.31691657711174,6.025408801431321,28.338164681043718
2777,10.10219759630178,10.71214874882104,2.575125429823144,10.123251958618567,6.966176789444372,28.048456902939606
2778,10.36615258078711,10.803825274326913,2.9180179144296314,11.742954508225196,7.895305928293961,27.640303195876506
2779,9.155071457790328,10.906683276449682,3.2459489438589273,15.158744999645748,8.808863669169472,27.11474517905583
2780,9.245786219464717,11.020221870584175,3.558592966259555,16.930397770479857,9.702955606897683,26.47329924960344
2781,7.923837228094581,11.143922807533652,3.855425649926234,22.559843286272596,10.573750285809702,25.717984388047554
2782,9.398739702586994,11.277250247245924,4.135704297587708,24.5151970402342,11.417487899434187,24.851657693093454
2783,9.968013685666122,11.419636427372833,4.398670735786787,26.425504379012864,12.230527465349265,23.87804918620801
2784,10.378092692563843,11.570494962965043,4.64382976572657,29.03196275264669,13.009357845181388,22.80121735518737
2785,10.24537935575569,11.72922507842127,4.870788214553956,31.614222164590288,13.750608622361757,21.625655626834792
2786,11.957808183901328,11.89521417726864,5.0791481177815,33.4091426023807,14.451068220303707,20.35640296300845
2787,11.896593631482414,12.067834952940037,5.26869813187453,36.04016706039198,15.107702153228987,18.99893483690935
2788,13.351439469570257,12.246460719393609,5.439422100717213,36.964013994384175,15.717663876097664,17.55918306728808
2789,11.650863435755529,12.430463092987852,5.591458873302173,42.11686315386325,16.27831435771486,16.043419744978706
2790,9.050252076561064,12.61922464428042,5.724856834280203,47.234119855341035,16.787225192429577,14.458646507242268
2791,8.142600925490582,12.812120215273199,5.8389693405446685,50.726696000654314,17.242224124864343,12.81323313435351
2792,6.832073350342968,13.008489266983398,5.932571308621197,55.05398777018229,17.64144073471981,11.116686373664866
2793,7.87511303346409,13.207624969181278,6.004049921963368,55.894664927014745,17.983336549775334,9.379548781723024
2794,8.6344249782428,13.408759261780956,6.051693775430005,56.88010996122105,18.26674398683468,7.613021199240784
2795,10.541793492070608,13.611071220876612,6.073999956777305,56.799268481277295,18.490871296391386,5.828483031583662
2796,11.527505319608808,13.813692592232776,6.069802102109749,56.066941206085204,18.65530952227359,4.037372729200239
2797,13.577661053913827,14.015724694350595,6.038303840952732,55.45874539429052,18.76002947833807,2.2509500417712047
2798,15.802993731972494,14.216246181629625,5.9791000706696185,52.97272237320088,18.80537285839167,0.4802353555164096
2799,15.566908542687306,14.41433136572857,5.892361603309446,52.87246381806183,18.79204516870583,-1.2642333758743263
2800,17.4853245389121,14.609070288516921,5.77849578302132,50.67111777194043,18.721090633333382,-2.972307545787043
2801,18.17058998132898,14.799564417929991,5.638101706689769,47.56364900274052,18.593891332320027,-4.634168268756618
2802,17.493412704779562,14.984943735629573,5.472108359788672,44.64437497983357,18.41214608208294,-6.240756626848061
2803,16.821341936580474,15.164371641915903,5.281390037239424,38.19784214837321,18.177840890530156,-7.783863952421939
2804,17.44095512415934,15.337036404778868,5.066566149839105,26.206381563657388,17.893221818588145,-9.256612428056368
2805,19.304927536709545,15.502142718571843,4.828195950793619,16.982707061324263,17.560733395326398,-10.654788844837757
2806,19.57560459605808,15.658916134831776,4.567157781068527,11.975116999866572,17.182902562265628,-11.977242969898274
2807,19.34501878938692,15.806619903976411,4.284599544832615,8.223576950229557,16.762250530666513,-13.224835167326798
2808,20.086613827527476,15.944556104487283,3.981629831433242,1.3914161110453165,16.30124688444384,-14.39960956852742
2809,18.12527973384379,16.072061892738628,3.659390743166746,-4.362927591430818,15.802276559431352,-15.505053022268473
2810,17.59174111019802,16.188515487365066,3.318803532350252,-8.879207039577054,15.267576682959277,-16.54638127026571
2811,17.375215435252013,16.293315461561978,2.960382180406782,-11.118473047111252,14.699184474746971,-17.530183611265553
2812,18.13322202691649,16.385874299392185,2.584496231465767,-7.580495345514024,14.098897775541573,-18.46388987737095
2813,18.656692004614467,16.465615210326362,2.19156640143785,-2.42474026254871,13.468258482922241,-19.354562993791866
2814,20.42203819847449,16.53197872615471,1.7821783434842509,1.1988798967494319,12.808593575955449,-20.207790065203586
2815,19.753690328605817,16.58442709989198,1.3572363371354257,5.539893858855891,12.121072478575336,-21.027660810826056
2816,18.918164527510413,16.622461148630403,0.9177901205877426,9.35344052702159,11.406749521900378,-21.816880259920232
2817,19.86927739460057,16.645613107931162,0.4646523474673536,12.687610537705623,10.666613794580654,-22.57673238147828
2818,23.004288300657777,16.653437971794894,-0.0013562390320664974,13.662159703887298,9.901634029801826,-23.30722198040929
2819,23.63629573296244,16.64552269199569,-0.47881188565101596,16.13326991134204,9.1127989958867,-24.007489330479935
2820,23.792161924300352,16.62151717941816,-0.9657306610340832,16.461463200182635,8.301134741103164,-24.67593127167121
2821,25.28776936612102,16.581140647926752,-1.4600067284326101,14.321647358072696,7.46773691110862,-25.31029038275035
2822,22.16291399701311,16.524183397522652,-1.9592790992484765,14.696600779573515,6.613782048919807,-25.908334010425342
2823,22.890813432108672,16.450522041310187,-2.461414584186823,11.007210266812663,5.7405146437469305,-26.46784102728649
2824,23.691618335723245,16.360089091910197,-2.9646170037423047,6.504412180986449,4.849259313767375,-26.98682632857051
2825,22.113772833016103,16.252880907727366,-3.466838455195891,4.4619073131078295,3.9413928885088967,-27.46426061882549
2826,22.97117498660777,16.12896652823047,-3.9661171939171336,0.8685220821469386,3.018308605845675,-27.899820371113286
2827,24.55621047070661,15.988473094799557,-4.460564238448619,-3.696047607151641,2.081404863768011,-28.293747862097973
2828,22.424577385249183,15.831595579000563,-4.947888092930004,-3.324521913234989,1.1320587483724769,-28.647221891207778
2829,21.865024403082057,15.658613888604224,-5.425834322101162,-3.7899063651645832,0.1715900710208258,-28.961764283685145
2830,20.38269229306057,15.469873290860486,-5.892499625662753,-3.0517938758906666,-0.7987255372065327,-29.23862682776007
2831,19.590326773536844,15.265780580226707,-6.346230547549059,-4.158752227088669,-1.777651717496512,-29.478733644101567
2832,19.87207028154031,15.046791254357215,-6.785653469427029,-6.481798982915564,-2.763974446813304,-29.682773844718547
2833,19.627786938771997,14.813403682264905,-7.2094077903678055,-8.025456596001938,-3.756503307144415,-29.851654354375363
2834,17.164938168798482,14.566164068332695,-7.61606006949795,-7.761565219760101,-4.754084737104995,-29.986562826066955
2835,18.578210452194295,14.305666344298375,-8.004507952560305,-11.89978347251391,-5.755607495548879,-30.088581282925823
2836,12.269713793825202,14.032530204828674,-8.373729658077043,-8.744328629027251,-6.759990155966716,-30.15907059819035
2837,8.089898464663914,13.747417700426572,-8.723351983527676,-7.334384077679651,-7.766212202094902,-30.199239501431126
2838,7.161728426771366,13.45097340592683,-9.05447835059836,-7.002400305379425,-8.773272789395458,-30.209318854656022
2839,3.296101148154943,13.143785810386682,-9.368885271746237,-3.80008851624504,-9.780166792405304,-30.188981111008097
2840,5.453045572527489,12.82638105447708,-9.668972347064972,-6.836182241142431,-10.78587153012933,-30.137073685542006
2841,4.924342189965437,12.499187653915683,-9.95730038350306,-8.116140299548412,-11.789305038108104,-30.05211999803401
2842,4.6746894925925435,12.16256102891021,-10.236092211375407,-8.964267135109672,-12.789346196664932,-29.93298651182978
2843,6.743011923322871,11.816781506490656,-10.507587692782554,-13.088550548056155,-13.78483747223009,-29.778558220114355
2844,6.181327006266043,11.462055182724706,-10.773654773850359,-14.27362408352765,-14.774583411339222,-29.58816278493483
2845,7.353000527510966,11.098537854900632,-11.035833193199638,-18.234137800661863,-15.757381657892411,-29.361622172905832
2846,8.521249048327496,10.72633296984473,-11.295465178133135,-21.70070276565913,-16.732024889532944,-29.09923018974701
2847,8.074411613066722,10.34550684302509,-11.553435600285216,-23.01865180390815,-17.69733033720888,-28.802093989332782
2848,6.5439052205038015,9.956103929825716,-11.810410078218228,-24.367336492390443,-18.652164488821796,-28.471743719215308
2849,6.196634458249227,9.558146171143875,-12.067233731355094,-25.782486723383975,-19.595446585156566,-28.109820532411938
2850,4.4927341695142475,9.15162168106871,-12.32491382666197,-27.173313545722394,-20.526152524315926,-27.718094316380277
2851,6.8165189882280215,8.73648524936641,-12.584643016716432,-28.865452905218746,-21.443319539581918,-27.29847354757709
2852,4.998824003764658,8.31264547995428,-12.847399592834039,-30.37710483623274,-22.346050760821065,-26.853050363781126
2853,7.078721281133147,7.879991943177474,-13.11396183178883,-31.796404621204772,-23.233522897167326,-26.384122690983265
2854,8.487637379425722,7.438381357835025,-13.384941657639509,-33.30048024268644,-24.104992273553282,-25.894158087187886
2855,6.186994360150384,6.98766249933484,-13.660302194369036,-34.874996661618276,-24.95980010297985,-25.385797264508714
2856,5.608637865484966,6.5276945448770896,-13.940006476363763,-36.273476448491124,-25.797378757853863,-24.861882027514586
2857,4.742712092564719,6.058328734243923,-14.224310230823782,-37.65842876986404,-26.617258904814157,-24.325444610508242
2858,1.2615446197814715,5.579407196155504,-14.513545759025032,-38.79910768449465,-27.41907506522108,-23.77968468272016
2859,4.257681766942336,5.090759016975587,-14.808550772822251,-39.91660840530895,-28.2025712169955,-23.22793633066974
2860,4.306916138729769,4.592170477967354,-15.110091229306697,-36.37866397895021,-28.967604153932395,-22.673633697859827
2861,4.39732953162806,4.083419601688474,-15.418333427064585,-31.90829287978439,-29.714146796852823,-22.11962073203077
2862,3.714046593853133,3.564281582829715,-15.733273104940867,-26.73127408769063,-30.44224553606778,-21.567325750310715
2863,4.125044286664439,3.0345347280257498,-16.05484131336098,-23.929465500442312,-31.151968513540204,-21.016523197135193
2864,4.425656005690459,2.4939588286056495,-16.382853620525314,-26.064873642263642,-31.84334708254346,-20.465587238661023
2865,3.1395576813463224,1.9423444866573956,-16.7168606170526,-25.93328254636299,-32.516340996117606,-19.912584598546204
2866,9.338497773317446,1.3795014541354762,-17.05639702647527,-34.34571273288792,-33.17085272244654,-19.355677087387058
2867,4.49045590482235,0.8052513515590443,-17.40010129850492,-30.73679439015647,-33.806719468610076,-18.794060493120455
2868,4.368032821594336,0.2194947009018149,-17.74624191257808,-32.133968445183626,-34.42379008865457,-18.22745301503179
2869,3.4591863892288166,-0.37783144261282775,-18.09365397239333,-33.48425595951569,-35.02188300294553,-17.65505764594465
2870,2.949187577194328,-0.9867488972577405,-18.441150006651036,-35.17558607582855,-35.60079393171755,-17.076305235070564
2871,2.0980484018036587,-1.60724144305623,-18.787574158425713,-36.028714847319705,-36.16030335195023,-16.49090390415836
2872,-1.4311587509656332,-2.239253841152788,-19.131790159059086,-36.47163936363142,-36.700187525328104,-15.898770856256021
2873,0.37960276105228374,-2.882694120326836,-19.47312685739934,-37.33222707461295,-37.22022140903397,-15.299852538178413
2874,0.35760422755993443,-3.537462298312744,-19.810978976409746,-39.08044039964794,-37.72017769454,-14.69413161977755
2875,0.14262963655413716,-4.203426052087486,-20.144282199006224,-40.27316120251532,-38.199830183685805,-14.081827030886949
2876,0.18504469741564958,-4.880414444913159,-20.47181105057377,-42.149228759670244,-38.658966163265795,-13.463449355118264
2877,-0.9966376527300513,-5.5682134554590705,-20.79216601631171,-42.894313865891746,-39.09739347402702,-12.83982591217022
2878,-1.0105981021545414,-6.266558846000606,-21.103914046038245,-44.008258301058845,-39.514954557410476,-12.212040323610225
2879,-1.7464459407043684,-6.975141058528287,-21.405593761527047,-44.09853515567903,-39.91152949560104,-11.581325365626824
2880,-2.045222547562167,-7.693598430102409,-21.695646069335474,-43.95033776369591,-40.28704291511893,-10.948971821022475
2881,-3.6450784734802006,-8.421517463150652,-21.972453522949827,-44.0008814974673,-40.64146095033587,-10.316147048289181
2882,-5.750021209927723,-9.158428664965731,-22.234465927426015,-43.8991272837454,-40.97478605167154,-9.68389534202963
2883,-7.1515940555766955,-9.90381519164572,-22.480466176491014,-43.944922449183274,-41.287053973137844,-9.053151112673596
2884,-7.453129930216758,-10.657126410065132,-22.709538169915604,-44.012068692334644,-41.57832945918312,-8.424744448177535
2885,-8.523540706927745,-11.417784402973426,-22.92079620387223,-44.03596391777809,-41.84870360301635,-7.799432482805209
2886,-10.488779612221366,-12.18517949032328,-23.113333455438454,-44.02500666141566,-42.098291624703464,-7.177902370259197
2887,-12.449483091737088,-12.958673300002657,-23.2864672849181,-44.00986969595905,-42.32723042770029,-6.560765868530005
2888,-12.2421291721683,-13.737610642651154,-23.439869715781924,-43.973907516280605,-42.5356760159388,-5.948559697249465
2889,-12.75828828916855,-14.521331281054785,-23.57324264854917,-43.94962123889614,-42.72380107418359,-5.34174793737737
2890,-15.674747428209228,-15.309160152554432,-23.686101532826722,-43.95303751260731,-42.89179254509729,-4.740726739778687
2891,-16.855641906375567,-16.100404716576566,-23.77823856360213,-44.010371119000766,-43.03984952350217,-4.145836196517578
2892,-19.8632291315294,-16.894376056794574,-23.849820410158653,-44.071926296758704,-43.16818162486513,-3.5573784361500316
2893,-21.785792143186928,-17.690392743920476,-23.901400853639814,-43.98074238764404,-43.27700808591217,-2.9756321665600183
2894,-22.83535090743969,-18.48780278037056,-23.93403036531092,-44.034636227698435,-43.366557102635795,-2.4008364237214863
2895,-23.690710915746553,-19.285994768274538,-23.9489644316944,-44.10741027467973,-43.437063847493604,-1.8331951995775597
2896,-23.479700434609704,-20.084400409150188,-23.947504535454236,-44.18063377660986,-43.488770115940966,-1.2729075212145702
2897,-26.043863605682112,-20.882495070638154,-23.93081055768059,-44.378096068390576,-43.52192434890791,-0.7201759525365148
2898,-26.937211308155334,-21.679787779662227,-23.900154895486043,-44.39331846495841,-43.53678184611007,-0.17523069011282644
2899,-27.023658424654425,-22.475838730337223,-23.85708684820875,-44.3261869235086,-43.53360639491543,0.36167358222396473
2900,-27.98619764658042,-23.270260236209477,-23.803064479004625,-44.45342541457257,-43.5126702739618,0.8902916368029423
2901,-29.259893133039704,-24.062709695604198,-23.739465330746672,-44.60962237672628,-43.47425361912857,1.4103657224576693
2902,-28.93214002963976,-24.852891258259255,-23.667763508251927,-44.637862018348656,-43.418645892464625,1.9215871145910057
2903,-29.662817227506768,-25.640560596154327,-23.589338439211822,-44.60108688631745,-43.34614781148917,2.4236056807897555
2904,-27.79895692020829,-26.425513820873377,-23.505394836887348,-44.68975841550599,-43.257072180411974,2.916053508248204
2905,-29.73932722530424,-27.207586918613483,-23.416735054754376,-39.79892387006368,-43.15174424427262,3.3985309406437025
2906,-29.031121676770677,-27.986629491190335,-23.323939802940572,-37.87459099204344,-43.03050345103573,3.8713235065220175
2907,-29.1023864854122,-28.76251623880952,-23.227540875784527,-36.33332950364582,-42.893656010504486,4.335696474838038
2908,-28.412394431478017,-29.535132216242637,-23.127744131296293,-36.90454652277677,-42.74145701937986,4.793392078391925
2909,-28.8798616622664,-30.304365847562607,-23.024433155197865,-37.09059540389419,-42.57409653861169,5.246253816023234
2910,-27.836859826830615,-31.07009442658916,-22.91722916650656,-38.82477791860044,-42.39170676497831,5.695965060059578
2911,-30.0627932917858,-31.83218112532971,-22.80543954830735,-38.0757684234719,-42.19436553460772,6.143871631119637
2912,-31.137950928751113,-32.590457063142985,-22.68832039866073,-37.98161943536956,-41.98211532290367,6.591116385323659
2913,-32.166243779052984,-33.34473581857376,-22.565392614215618,-37.533195475507746,-41.75495777558614,7.038906651249768
2914,-32.137820972738666,-34.09481657075736,-22.436264959241008,-37.61531313321618,-41.512854879487016,7.488465098387138
2915,-32.12505573576888,-34.840486815856494,-22.300471179214654,-37.6015953443557,-41.255726769027,7.940999086696685
2916,-34.335661730543954,-35.58151464937167,-22.15731647309692,-35.21565645116401,-40.9834549403739,8.397631568068284
2917,-35.82761806967708,-36.31764124739629,-22.006211788467738,-34.06575659883125,-40.695884664489114,8.859763606050848
2918,-36.1450396513924,-37.04859543526952,-21.846898996393413,-34.12378622729278,-40.39280403330385,9.329238802022388
2919,-37.95872884309383,-37.77410118048918,-21.679170868344464,-33.27687645171184,-40.073935411020955,9.80797528987324
2920,-38.639215021032896,-38.49387349315915,-21.502920497987503,-33.641269009354126,-39.738939013978964,10.29791602651791
2921,-40.47308030259234,-39.20762921368835,-21.318196952532347,-32.49571186455073,-39.38740767591976,10.800978489041668
2922,-39.26547698691947,-39.91508662332797,-21.125210020221346,-33.89647816898061,-39.018873781376186,11.319094227256556
2923,-37.00158985751759,-40.61597654836977,-20.924051278153684,-37.536941864516415,-38.63280139410266,11.854049765337251
2924,-39.354266757553404,-41.310023375204885,-20.714086659861763,-36.01852568585606,-38.22860379702037,12.40676977271896
2925,-40.05501895128684,-41.99691565902722,-20.49448787169304,-35.660845962722014,-37.805683409254726,12.977745850247686
2926,-41.75358923386688,-42.67632256665109,-20.264675323260946,-34.14353748146614,-37.36342074033719,13.567625584298675
2927,-41.08292844956497,-43.34789401391129,-20.02422303721641,-34.57701179247383,-36.90117503696815,14.177206721692102
2928,-43.65748592647944,-44.01127076913218,-19.772656995097506,-31.23696043217611,-36.41827362555772,14.807313675424183
2929,-42.7685882107266,-44.66607114691779,-19.5095877824458,-32.327625337470025,-35.91402079193987,15.459062527820358
2930,-39.74035469938246,-45.31190995462857,-19.23468063035024,-35.4382062230659,-35.38766945703636,16.133757058158977
2931,-41.1067102814001,-45.948383188941136,-18.946824874939878,-35.7560142918238,-34.838436988062604,16.831923057096816
2932,-44.530091194410474,-46.57503161295789,-18.644472044242306,-33.745231184833784,-34.265541253229905,17.55341656375247
2933,-45.8979449141742,-47.19134799189062,-18.32659808235963,-33.4330022186109,-33.66820921714577,18.298178503536455
2934,-45.98995220768595,-47.796804818448535,-17.992706569616992,-35.23108044065082,-33.045662686327475,19.066321223646234
2935,-45.93252372846796,-48.39086176319842,-17.642336490566706,-37.18917519585718,-32.39712113556936,19.857554723070763
2936,-47.02129836241684,-48.972960584486316,-17.274853601142546,-36.222937228728334,-31.721825704789424,20.670841435036582
2937,-48.684614309469886,-49.54251866994126,-16.88960212374237,-35.038744531171325,-31.01906503990025,21.504799443559115
2938,-48.398125437425975,-50.098934059402474,-16.48616426908557,-36.236777065460686,-30.28817240855215,22.358161686602855
2939,-49.36463641814093,-50.6415962878803,-16.06415955042209,-36.45407819205863,-29.52852092746006,23.229445856435937
2940,-49.59822520435258,-51.16987802943061,-15.62314516644431,-37.06339074502385,-28.739542684789754,24.116737534339983
2941,-49.20922615653045,-51.683139298976585,-15.162697521621098,-37.61479775525631,-27.92073842517073,25.017769097212952
2942,-51.68002656918415,-52.18072453087202,-14.682215030602066,-36.17125055658229,-27.071691411642224,25.929861239064067
2943,-50.05569137856971,-52.661953634350056,-14.181255361590424,-38.164821386305846,-26.192081009233124,26.850219303805556
2944,-50.93010257292994,-53.12614155497805,-13.659356502159028,-38.18255959937942,-25.28167679138852,27.775709790019718
2945,-49.184228506448214,-53.57257740116066,-13.11580433861053,-38.25706488254224,-24.34036702323181,28.702633930354047
2946,-49.82869535749222,-54.00052851088542,-12.549619756695627,-38.25945487385625,-23.36816786269825,29.62700388632106
2947,-51.38638871300929,-54.4092187182737,-11.959529836838705,-38.378213593964006,-22.365233430810406,30.544535841560343
2948,-49.70845521785017,-54.797830500008,-11.34446471539345,-38.366955421393676,-21.331865473260894,31.45063425751154
2949,-50.40451810579405,-55.165516365966596,-10.703218088000845,-38.331742463780046,-20.268524480309637,32.34038480698226
2950,-51.39165787626922,-55.51137837254139,-10.034325180518593,-38.422950966102476,-19.175839819462077,33.20856828750492
2951,-52.18833760251482,-55.83447137800117,-9.336465408794155,-38.51031977393462,-18.05461992780931,34.04963656376065
2952,-55.226083370493456,-56.13380939979433,-8.608483971694838,-34.37526072031625,-16.9058640485447,34.857685732646374
2953,-54.64484039759009,-56.40837030944749,-7.849703699359658,-30.573371546005433,-15.73077421229955,35.627076241459775
2954,-57.64927629514536,-56.65712297975164,-7.059727369631261,-26.88323169372856,-14.530725632447382,36.353003219288595
2955,-62.809112775795285,-56.87901880075624,-6.238440276961974,-23.155921167696995,-13.307240664346978,37.03142268911202
2956,-62.121782184042324,-57.07301899821577,-5.386871776107149,-24.295492146143438,-12.061964119839914,37.65903328130467
2957,-61.28212620260833,-57.23814358583005,-4.506654449426861,-26.122976395342782,-10.796638445593333,38.232551318560056
2958,-62.1379675588786,-57.37346262817756,-3.5991404100041535,-26.452982444767173,-9.513127365269243,38.74787858278761
2959,-63.65935414159762,-57.47808627983033,-2.6656395010387968,-24.763721266937786,-8.213446540074159,39.20021701378987
2960,-63.114802208747435,-57.551171928246816,-1.707779385165864,-24.26315812241733,-6.8997795643499185,39.58458654903882
2961,-63.11325427166986,-57.59193823884139,-0.7273065568744386,-20.099774426991274,-5.574474103471571,39.89594414705061
2962,-66.29175632848865,-57.599659032038446,0.2741306257642151,-16.085075251715466,-4.240049954546544,40.12954788488605
2963,-67.503360933386,-57.57366286379044,1.294418594139195,-11.91590482715273,-2.8991709111458346,40.28147643195503
2964,-66.69698487384134,-57.51336445909583,2.3307882426703586,-7.766660150269722,-1.5546181924162088,40.34862759468808
2965,-67.8213524592487,-57.41827698094575,3.3803973751123095,-3.5158901164782037,-0.2092624048332956,40.32873681763206
2966,-67.66240553532711,-57.288004634088345,4.440333402864667,0.6053022530874443,1.1339642620925954,40.22038865180501
2967,-69.4440366216522,-57.122254754088104,5.507506665417274,5.343520755180293,2.472096838620372,40.02301278043804
2968,-65.68676982265335,-56.92083752306053,6.578542186023739,5.078687116335473,3.802165114121798,39.73695757783887
2969,-63.684067938258345,-56.683685275019855,7.650304171071873,6.446619506763355,5.12122734380963,39.36283985350203
2970,-64.23863735239601,-56.41081724498907,8.720448131758793,11.23472766042508,6.4263544376886,38.90104651829673
2971,-66.0142283685559,-56.102322066235935,9.786769078810451,16.204491386587407,7.714630445029412,38.352489677829254
2972,-66.93332719538053,-55.75836597306837,10.846629072413059,19.002186617936246,8.983187082877217,37.71914681137582
2973,-64.83746662696105,-55.3792134614084,11.896892444851268,19.376423940113497,10.229240232454467,37.00377023082754
2974,-64.0495205194849,-54.96523981007829,12.934490987718483,20.76624955879187,11.45010509826572,36.20920999354534
2975,-62.330158852547434,-54.516914062227166,13.956667381809638,22.162834738774393,12.64318756535749,35.338211640656795
2976,-59.587105713216076,-54.034795317957645,14.960908924604226,22.270440596580514,13.805985874309506,34.39357609949936
2977,-62.25095944311995,-53.51952013392022,15.945228126028397,27.52576851483917,14.936092638657447,33.37797764910597
2978,-61.84527801160708,-52.97178010955575,16.907500958284558,30.60729199233947,16.031184384249904,32.294547089131946
2979,-61.87033840991636,-52.39235340336791,17.84510952503588,34.29751774792565,17.089062444599577,31.14732403665732
2980,-60.42023511982658,-51.78210614122003,18.755324916812874,37.426724990545395,18.107672653360392,29.941034932327177
2981,-59.988740915328435,-51.14199840891372,19.63545322406869,40.604596831017446,19.085131440088055,28.68111150402976
2982,-59.271277502953744,-50.473075926282114,20.482894404527983,43.62307212658297,20.019746753629043,27.3736265371803
2983,-57.30054081739162,-49.77647211527852,21.295024612736988,45.28836141349825,20.910039875900075,26.025289898857284
2984,-55.32676986235943,-49.053407618766315,22.06941668800482,45.63451187564844,21.75476608021953,24.64323657489695
2985,-52.86074414595817,-48.305177669411535,22.804018919297775,43.69629830285905,22.55292231422654,23.234642655514683
2986,-49.23905361292118,-47.53313969081313,23.49722101897438,39.256458350822186,23.30374225725384,21.806203186773043
2987,-47.10574313634761,-46.738696268146576,24.14809188989956,35.17520414102708,24.00666919334474,20.363434446428474
2988,-45.61021345297754,-45.92326689815316,24.756323277837957,31.885873172501263,24.661304553682406,18.910369429479736
2989,-49.19551647808792,-45.08827471629071,25.32190715383841,33.48788666884599,25.26736048864339,17.449743234487904
2990,-46.01012754810271,-44.23513975456393,25.844279313008727,30.347235060320287,25.824620769314933,15.983852584048499
2991,-46.66632232559741,-43.36532276209013,26.32256505372279,30.773676257300153,26.33295066091329,14.514592413676262
2992,-45.7115325140937,-42.480302084315746,26.75600956450083,30.018716222061485,26.792260263560017,13.043295593484672
2993,-47.00856748874497,-41.58158879112341,27.143641487094712,32.06368592397256,27.202503700478935,11.571102251737742
2994,-44.90100857956645,-40.6707259851761,27.48417332506655,31.6150422930844,27.563667080342533,10.099215039607241
2995,-46.92967928428544,-39.749310569452305,27.77616902052838,36.46989274248088,27.875784703119418,8.628959275733763
2996,-46.60634790081809,-38.81898138380754,28.01793178229648,38.89696734699751,28.138931032058117,7.162215373768923
2997,-44.55383607769982,-37.88144845063254,28.207235872286773,41.72209918749803,28.353265728037346,5.7018610439365425
2998,-43.28987341829138,-36.938498992321755,28.341931090419727,44.116457165359904,28.519055101653887,4.251484009567843
2999,-41.240315631184,-35.99198637793789,28.42008077207936,46.824654242651334,28.63669799534187,2.8153916192741058
3000,-40.86312312639292,-35.0438269408498,28.439960013540748,52.571041408670794,28.70674787627216,1.398607836769763
3001,-39.884960779846125,-34.09598904370184,28.39992303238816,55.553848626021306,28.729938517793187,0.007385932333683343
3002,-35.572249618327334,-33.15049873869059,28.298243651373625,53.399446461516916,28.707240271761073,-1.3507366367284135
3003,-30.53603099036312,-32.2094394669436,28.133700916374487,49.50877949303705,28.63988940867796,-2.6680993005153297
3004,-27.03978995212614,-31.274918677598954,27.906183547082684,46.73177874877881,28.52936698506005,-3.937927014869107
3005,-22.34755548075246,-30.34902723047142,27.6165701571343,43.10278998923539,28.37736094102002,-5.154409783609584
3006,-21.24363498131885,-29.433814000456668,27.266680358332813,42.09126730063156,28.185739666152745,-6.312651157929228
3007,-13.853822166880569,-28.5312485399159,26.858921887934883,36.54627093573441,27.956517530491404,-7.408393645983846
3008,-14.814323151452616,-27.643219207927675,26.396695213641692,38.1706678153093,27.69184675642049,-8.438292145595092
3009,-10.469645325080025,-26.771468859006454,25.884090591489777,36.047595856876214,27.393964720785064,-9.399511114060886
3010,-11.05509018707832,-25.917613168495024,25.325439829264518,36.54491304382097,27.065212682149763,-10.28920550990767
3011,-18.35891129547155,-25.083106203722153,24.725377139946847,43.021163097626,26.70801768679122,-11.104678863302802
3012,-19.029945891185395,-24.269254692498567,24.08711252019815,44.03452027431349,26.324900757929576,-11.842095716293066
3013,-14.111234875958612,-23.47729870237561,23.412424971678814,36.03067835784124,25.91854463903835,-12.496396802232361
3014,-5.1777210575603965,-22.708426361053313,22.70348634828599,24.60938852082981,25.491807637780752,-13.063444959767558
3015,-4.08148217246703,-21.96373294582321,21.96429626402079,20.568296982659263,25.047648308387178,-13.541867708227624
3016,-5.035160276668657,-21.244139943451927,21.200120710283485,18.83019855778015,24.589016457232244,-13.932462355721373
3017,-5.700974685413453,-20.550391565137645,20.416029134705944,17.740884345066448,24.11881748467242,-14.236751342537737
3018,-6.576113061669058,-19.88307133447153,19.616639995254843,16.870698037458354,23.63989970106306,-14.456539432629558
3019,-8.350142281975243,-19.24261556545399,18.80614021236374,16.273119299674292,23.155048189163782,-14.593781636435708
3020,-10.438367931676838,-18.62932865364728,17.988128299474955,15.35399453877912,22.66698092530068,-14.65050790977072
3021,-9.28376577623189,-18.043407012155658,17.165442008939724,11.76035952655424,22.178347661845734,-14.628829070540235
3022,-9.901785024202864,-17.4849658530513,16.340601935874357,8.69768864415974,21.691725653931332,-14.53138175713022
3023,-10.990925948869156,-16.954033549764034,15.516038297068846,6.783677340764072,21.209588878037053,-14.361647393763075
3024,-10.631586324880029,-16.450563299913377,14.693765458062682,3.736887639040461,20.734282494347127,-14.123703392472038
3025,-11.29055747363915,-15.974449185893189,13.87553544305609,2.3767940139391612,20.26800865187225,-13.822222474192039
3026,-10.564991462050992,-15.525527603709637,13.0629100537824,1.3276136903381968,19.812800996067658,-13.462392658730487
3027,-12.437801725781927,-15.103588515641029,12.257323439766612,2.8096603363632084,19.370515807956885,-13.049623204196124
3028,-10.24987506126973,-14.708372707725196,11.459909653497498,0.7375635063325205,18.942826115787916,-12.589125541102746
3029,-9.19492921453392,-14.339594538741196,10.671728093136972,-0.2808303308535045,18.53124077188337,-12.086069474491481
3030,-9.031842165816235,-13.996924168182732,9.894206772022933,0.23431100290103757,18.137088150821818,-11.545959570560065
3031,-5.988598502070537,-13.679980753939667,9.128849033800659,-2.6079322605235546,17.76151013384603,-10.974255415193852
3032,-4.350268048387104,-13.388334232596021,8.377536925023259,-3.328031325010059,17.405471123142227,-10.376648179119954
3033,-2.3258867617751293,-13.12147829227145,7.642758154748446,-4.890010876733669,17.069733588571367,-9.759249968698391
3034,0.25707953703175124,-12.878817022279458,6.9274620353898175,-6.5823282452321195,16.754854458562335,-9.128409372016932
3035,-7.725615009987384,-12.659647489912128,6.23520723655421,1.6424426141866775,16.461172963770238,-8.490862150654372
3036,-12.157342620916706,-12.46313653984251,5.568680799976207,6.295026763134231,16.188796981852043,-7.852282180284167
3037,-13.160762096558875,-12.288402103247048,4.928661900393285,7.376152831613453,15.937687485084627,-7.216344268939601
3038,-11.496657955874788,-12.134559079816292,4.315066288072922,6.162458406636588,15.707707363922736,-6.5857927646646885
3039,-10.250790176127612,-12.00073101737552,3.7278590984195326,4.867683900712777,15.498634634106981,-5.963320189557164
3040,-10.364656940871368,-11.886035139921656,3.167395409253384,4.886692544228907,15.310152684618926,-5.3519267928432335
3041,-11.123161739578284,-11.789571323425294,2.634161673552189,5.43956774914659,15.141839514584099,-4.754743415855831
3042,-10.600120332036452,-11.710424361684844,2.1284832206000193,5.185304135083129,14.993169790228537,-4.174762803140606
3043,-12.211374208979157,-11.64767244205196,1.6506242519671233,7.066531347917817,14.863521994374725,-3.6148861588683534
3044,-13.542050406560351,-11.600382744887035,1.200666048719139,7.892061472765363,14.752177379637313,-3.0777313673434215
3045,-13.28763983129666,-11.567628038804017,0.7782360564200452,7.363755388188338,14.658339903218497,-2.5654779754212864
3046,-14.668684548039876,-11.548500341125699,0.3827897745633724,9.639724236694121,14.581145514609227,-2.080230820962088
3047,-11.774497447008706,-11.542108720499792,0.013607454409312325,8.224346781970269,14.519657848487691,-1.6238094273383297
3048,-14.948582753178837,-11.547593177498412,-0.3298094396684359,12.869756961355918,14.472891552786672,-1.1978847235670287
3049,-10.752270230863267,-11.564096016477688,-0.6480011997272062,9.615604227785155,14.439798866916556,-0.8036312274381441
3050,-16.00355403049437,-11.590793257480225,-0.9413528406249405,15.485870463994772,14.41931613762413,-0.44200469820498967
3051,-12.340122341420532,-11.62685287251935,-1.2103998300205987,13.106261905921599,14.410331887036223,-0.11356390598342259
3052,-12.67788269926304,-11.671486579481599,-1.4559044208908922,14.775364559589548,14.411745210558568,0.18165583007982988
3053,-13.596419191991307,-11.72391316724541,-1.6781223316284422,17.60353323843279,14.422442275708212,0.4435146627229436
3054,-13.90994114038678,-11.783361401590161,-1.877481661878715,19.73118622361055,14.441312854740097,0.6725396988608079
3055,-13.937006409748735,-11.849078611370658,-2.0545770852746603,20.629395017160718,14.467278255632266,0.8699905911818995
3056,-13.424756268568498,-11.920333207275139,-2.210035309182974,20.326587283303184,14.499312227485557,1.0375702780519003
3057,-13.509177046422879,-11.996414298649523,-2.344390524781854,20.399387514454844,14.536449607502393,1.1770616107545884
3058,-14.377214368689035,-12.076625908927262,-2.4580913948288075,21.462483055110326,14.577783001535863,1.2902029519615343
3059,-14.468228847710183,-12.160287058304776,-2.5517049737834085,22.37185598044536,14.622463137633162,1.3788899059746385
3060,-14.75955275965204,-12.246739573846156,-2.625916561133481,24.64296248318712,14.669708995267506,1.445298597463589
3061,-15.944040290553252,-12.335348162380342,-2.681443014691869,26.730881316162282,14.718816377464067,1.49206442639235
3062,-16.011782827464877,-12.42550244149228,-2.719194616962932,27.801087946692192,14.769179957026996,1.5224566622770919
3063,-14.464070859355097,-12.516627803511204,-2.740241277595361,28.125655304086607,14.82031348828254,1.5401994038854205
3064,-13.726027768917126,-12.608185193331972,-2.7454058745211096,27.6398553857413,14.871859917286024,1.5492090633544908
3065,-14.453921150419276,-12.699654861812611,-2.7351442230564427,28.063493375751435,14.923594092506173,1.5533628083973738
3066,-14.839602447375288,-12.790528141535734,-2.709883412669658,27.225376569362382,14.975417437845849,1.5565132050261976
3067,-15.844547923311623,-12.880313755990588,-2.6701890092181557,26.46587510370111,15.02736163950792,1.5624357860088534
3068,-15.407559673037404,-12.968540742150278,-2.6168065036813903,25.00799445386545,15.079579823579772,1.5746530839662132
3069,-16.046171364024797,-13.054767522902681,-2.5505393727387116,23.97747246304246,15.132338511772334,1.5963424122906655
3070,-16.499538009585915,-13.138576700332859,-2.4721951332649805,21.73671529032049,15.186002651065817,1.6302954426286487
3071,-14.236690594326701,-13.219580531787013,-2.3827183971752586,19.042488869346883,15.241024874614244,1.6788015742489648
3072,-12.838738570901203,-13.297424593477876,-2.2827601941702547,17.613255434333823,15.297922756015748,1.7434002006157812
3073,-11.341873494997456,-13.371764544731697,-2.172403563242531,15.019936004538167,15.357251554655296,1.8250009040474424
3074,-10.995398406188981,-13.442251497694045,-2.051278447020275,14.190549377080032,15.419589482952244,1.9238978204295165
3075,-11.853082423199078,-13.508516441199715,-1.918719142925731,14.923302396965454,15.485511409350597,2.0398580289238666
3076,-12.243145528684781,-13.570166107222427,-1.7741156310387218,15.339332133870784,15.555580018213835,2.1726151664956905
3077,-11.783821022071521,-13.626790816602297,-1.617024413216237,14.747010665217715,15.63035242045031,2.322053474739647
3078,-11.413589110744516,-13.677967734770176,-1.446974104296146,14.51194839931486,15.710383583196478,2.488009442042367
3079,-11.203466630092635,-13.723255756888706,-1.2633539317296982,14.356539460385562,15.796219716586467,2.670173503186364
3080,-11.801511674412458,-13.762191330218823,-1.0654524783120412,15.086591852080204,15.888395150075569,2.8681533640862877
3081,-11.797631683712668,-13.794285922109509,-0.8526034876024102,14.936908617121617,15.987429940858886,3.081615710768437
3082,-12.335406646715482,-13.81903156272565,-0.6242184945710605,15.245822862879052,16.09383619746013,3.310285098124437
3083,-13.342708123763195,-13.835900488414246,-0.3797799733707219,16.165183304220108,16.208115614067182,3.5538792095025507
3084,-11.842948939210899,-13.844350227617031,-0.11899396653635819,14.200583036210872,16.330761478093635,3.812265559151342
3085,-10.834135466399264,-13.84383341951667,0.15851047798393303,12.76091867573733,16.46226665134394,4.0851210002964855
3086,-12.035542147275372,-13.833782862418103,0.45347852265143374,14.041417604436518,16.6031028781134,4.371578370990292
3087,-14.244717775814342,-13.813601518006575,0.7666251194632956,16.464790055106548,16.753705209409958,4.67070634318576
3088,-12.707237564108251,-13.78267452112055,1.0981535631011408,14.897348652396218,16.91448330099245,4.98208102577081
3089,-12.12390017103817,-13.740391280466499,1.4481596655964246,14.778304453292037,17.085843944461345,5.305359503615605
3090,-14.730882302415015,-13.686130543414121,1.8170437231009728,17.146396568289987,17.268173934566825,5.639898687316016
3091,-15.102819853341597,-13.619255032259767,2.20489075462571,17.176328446419674,17.461837190282413,5.9853373316359715
3092,-16.410456827237187,-13.539137826439074,2.6113247934385164,18.640523699437082,17.667196423342556,6.341614872155272
3093,-16.561304944772136,-13.4451667126972,3.035698257882853,19.22245469726886,17.884611515092764,6.708833589137377
3094,-14.834023444889429,-13.336757942580217,3.477120798725153,17.425424340780367,18.114451995951715,7.087337159165905
3095,-13.434295728995258,-13.213358659448856,3.9349063917785987,15.881013700903239,18.357100659037158,7.477222062664186
3096,-12.21045566431659,-13.074430849794977,4.408799536204704,14.472385582884172,18.612933466795994,7.87801763950716
3097,-12.754360167883643,-12.919438690368542,4.898895853311567,14.732689238124124,18.882301835004302,8.288739980243847
3098,-11.60863702743205,-12.74783779290754,5.405348365850431,13.507719684477877,19.165516132145584,8.708156318151996
3099,-12.60600625682649,-12.55908213264518,5.928351023275713,14.469158466311711,19.46284558954777,9.134808268013046
3100,-13.059962953408027,-12.352614391355825,6.468066249740367,14.911365363287373,19.77450335001312,9.56711192870463
3101,-12.734604587905183,-12.127877715995822,7.02438188308891,14.47440212187368,20.10065305146141,10.003601566721194
3102,-12.340930577818684,-11.884322265816564,7.597102517156467,13.871710197263383,20.441410121127866,10.442717384803384
3103,-12.748086326236255,-11.621404214852058,8.186070031453907,14.259916425218563,20.796834210448303,10.882645815843723
3104,-12.484476233043956,-11.338584263719637,8.791048986902466,14.006848945512928,21.166919842184114,11.32143787439201
3105,-11.783333166747385,-11.035334282391894,9.411701446292353,13.051466500508468,21.55159673540777,11.757056785420197
3106,-10.95655806931525,-10.71113750063348,10.047745783516682,12.328863845770485,21.950723627878794,12.187173839506027
3107,-10.349663432266329,-10.365484563490782,10.699034274722994,11.752234564688095,22.36407499137484,12.609094253322937
3108,-10.891661294368832,-9.99786854898528,11.365532777924745,12.517917500025789,22.791329911433657,13.019809227180303
3109,-10.27282297058494,-9.607782378295799,12.04711073663951,12.006312571432844,23.23206227318686,13.416213073950605
3110,-10.369706975009546,-9.194727833209313,12.743536348615603,11.463440042104352,23.685744116363697,13.795108816726955
3111,-12.79309001785001,-8.758213288388092,13.45453599851064,13.837934081432792,24.15173619430199,14.153009673743373
3112,-12.21963155399203,-8.297758766641937,14.17933496827632,13.451566949014534,24.629278094613255,14.486564472024632
3113,-12.661697063782928,-7.812924290503004,14.916750070199027,13.906015924208674,25.11750715910363,14.79257737206634
3114,-13.283796507435286,-7.303308761962002,15.665477088273633,14.69394581506792,25.615449919417678,15.067719045841415
3115,-12.942232925332966,-6.768559151284761,16.423905685519312,14.362669283797686,26.122021762159726,15.308698263923795
3116,-12.685951499614257,-6.208381716260715,17.190228509002665,15.11010406502237,26.636029803679264,15.51214232860767
3117,-13.920186807459855,-5.62254391735125,17.962564288500495,19.268622591945473,27.156164584066904,15.674588663242464
3118,-13.15100083047488,-5.010877430360682,18.738715914494087,23.547715053394057,27.681002381228762,15.793150438671919
3119,-14.083700107563986,-4.373296189718311,19.51623905175929,26.836269997658817,28.209041279978365,15.866040128780483
3120,-12.244629387176142,-3.7097948269100627,20.292479284122866,27.29932112709507,28.738738389814127,15.892438969463
3121,-12.75301170890097,-3.0204642374434534,21.064723500916564,31.052360412308857,29.2685372112759,15.871928781546263
3122,-14.659035497930729,-2.3054799268489585,21.830255298672594,35.95672273392228,29.796866975250545,15.804560779018733
3123,-14.651640294867466,-1.5651138841986139,22.5857904209611,39.064894391950546,30.322174596543814,15.691516205971272
3124,-13.947105269998941,-0.7997605654515518,23.32754586664951,41.837138423971595,30.84296805564863,15.535011111088544
3125,-12.887105865629648,-0.009944159755313375,24.05162059625959,43.377498407792245,31.357842003949717,15.337980417217913
3126,-12.523334434953938,0.8036808076324207,24.754144703346267,45.97363276725157,31.865500083463157,15.103846335530466
3127,-10.190036713698197,1.6403321538011044,25.431221564025034,46.77500762113388,32.36476509298508,14.836494130852866
3128,-10.019081768450205,2.499095578567423,26.079110215014065,48.51641114288758,32.85459969218668,14.54016455389496
3129,-7.922719447578125,3.3789395014687087,26.694189969164242,47.88861059839169,33.33410939657808,14.219329391121924
3130,-6.212593958954927,4.2787082431783725,27.272918759757832,47.137464367658836,33.80255498492814,13.87848188060886
3131,-3.307276396363336,5.197134085452564,27.8120559212665,44.22031081180944,34.259341521952,13.521769244519
3132,0.367336418769457,6.132845304596139,28.3087767457099,43.431581742882344,34.70400626789608,13.152655635816721
3133,2.3064448409066736,7.084385868499891,28.76095926189452,42.684732596199865,35.13618523100645,12.773920085877712
3134,4.022167136069024,8.05024258872244,29.167035633561454,42.65179271598794,35.555600940287924,12.387982893158558
3135,6.693794145731512,9.028854910737321,29.5256963849653,41.74516850290527,35.96205075721702,11.997021765451272
3136,7.28568389276104,10.018622347720127,29.835995302507648,41.836951920409575,36.35540239131801,11.602951886934463
3137,7.875367919773637,11.017921264237831,30.097178762564187,40.68429744377636,36.73558088301265,11.207448340616963
3138,9.630337649879943,12.025100931891073,30.308373065429606,37.77902575088591,37.102565614025806,10.811913429656741
3139,12.763921184505538,13.038479468599805,30.468754798856914,32.593528565244185,37.456375111656435,10.417034928908677
3140,12.076793673545142,14.056351251814867,30.57792702833492,32.2379058331947,37.797034609286385,10.022190312685133
3141,15.551112916351588,15.077007937155466,30.635554561435256,29.782718536333647,38.12452113250211,9.625829808290014
3142,18.98571733510777,16.09872155591055,30.641413533750274,30.250075505601046,38.43875659650572,9.225886313929266
3143,18.596141756396012,17.119768839405484,30.5960037490145,35.45113232445864,38.739580220097395,8.819901707079971
3144,20.033841356027978,18.138455139178184,30.49997405060571,38.07169467590772,39.026750043644384,8.406169311169052
3145,21.581713689089366,19.1531004427792,30.353825827184444,41.79234627274515,39.299991507508665,7.984058107096175
3146,24.557818892191257,20.162043527657147,30.158202067829052,43.001205452388675,39.55902058411746,7.553796694964561
3147,26.193780837370245,21.163647247301135,29.91411757547386,45.59629367788823,39.803577953839635,7.1162675550343835
3148,26.94518872068204,22.156318032688738,29.6229740053605,47.32200699817862,40.033438421119754,6.672843939146205
3149,29.378463739879493,23.138512180991835,29.2862314669469,48.16325479103003,40.24843421644938,6.225471065612318
3150,31.498465068651758,24.10873346381853,28.905529972520956,52.098704730130834,40.44846982549391,5.776409714819728
3151,33.50991245214749,25.065547512493232,28.48289628861897,51.46696581527742,40.633528197437364,5.328569257386349
3152,40.52929221388495,26.00759321639313,28.020684983328117,50.99897396122155,40.80370777598633,4.885293069276742
3153,41.916897483379984,26.93359317804844,27.522311165371782,50.5089515249409,40.959214402055814,4.449708169121607
3154,43.04816114331902,27.842413960751248,26.992162299420634,49.92235075626682,41.100354987261106,4.024750686212322
3155,44.57254034403203,28.733070664676482,26.434727569749015,48.87362435991864,41.22753111446997,3.613152541239728
3156,43.29976944878029,29.60472913206785,25.854623474473613,47.953394951683464,41.341231823343755,3.217362578490004
3157,45.49676802809049,30.45671222964139,25.256241865980993,47.55928177362206,41.44202195303597,2.8395010348418026
3158,45.35964560487351,31.288478589799915,24.643855721898618,46.768125895527945,41.53053189233321,2.4814608059808663
3159,47.14643150661261,32.09963594443463,24.02179395079532,45.989092359913215,41.60745267343469,2.144930385872108
3160,48.1074394624288,32.88993151985294,23.394386463458936,41.607563764614085,41.67352725139135,1.8313401776083538
3161,45.855400676297926,33.65926170866523,22.76613363431906,37.74979545170693,41.72954201860858,1.5413319325788066
3162,43.91251783994326,34.407673762140874,22.14111193834107,33.944627808414836,41.77628271356327,1.2743040440074438
3163,41.45611426531959,35.135335837887965,21.522548363689005,32.09486532502113,41.81449562154241,1.0285001282013795
3164,40.54232001810958,35.84251031972014,20.91279621834026,29.503095765007416,41.844849388776694,0.8013102670078709
3165,40.45417374786013,36.52952225244398,20.313494290149272,28.731298533619125,41.867916306009604,0.5894538797902271
3166,40.587120218917995,37.19674327239676,19.725925057155962,27.803365690374207,41.88414631409604,0.38914227168842075
3167,40.311399112719464,37.844583922921046,19.15117628161351,27.90050319822454,41.893859124122166,0.1963281503620351
3168,41.697724976582144,38.47348835783766,18.590118942024034,26.17036875794689,41.89723485745351,0.006836824455263013
3169,42.24702283346685,39.08392518572265,18.04359931142489,27.328402991415885,41.89431491241918,-0.1837511742418485
3170,40.92333259355028,39.67639497859932,17.512567201722433,29.55974018692247,41.88498477917072,-0.37994045438775714
3171,40.71199753394657,40.25142966583748,16.997678395724236,31.02443169945738,41.86898554879333,-0.5857297953737017
3172,40.689530680702575,40.80957353831427,16.499186803586134,33.46179265929648,41.84593612614581,-0.8045646017310659
3173,40.52697902100731,41.35137545274322,16.017143062193746,36.263959507496935,41.81534790867793,-1.0393042268127672
3174,40.23974014673008,41.87738307579385,15.551406731162842,38.21305572350147,41.776649177691624,-1.2920209175896247
3175,37.86929416621332,42.38813590148741,15.101611699342854,42.968182202945414,41.72921318083862,-1.56407009369822
3176,38.6806736077586,42.884157189083375,14.666842482716653,44.35724278382162,41.67237783811174,-1.8557974323600135
3177,37.64010448682489,43.365925400335186,14.245802050615772,47.90300030467506,41.60549335201462,-2.166619450063898
3178,40.33358146912056,43.83387732579109,13.837013891676477,47.54213693018728,41.527936541440816,-2.495200446590644
3179,41.05609756024305,44.28839299311362,13.439106060234387,47.368865004400845,41.43914665557524,-2.8397096415653778
3180,44.547952113324826,44.72981772980672,13.051077403836935,47.02333147614401,41.33862256533646,-3.1983709456602227
3181,44.81158441228292,45.15846482003608,12.672420228558074,46.27096631799721,41.22592192586456,-3.569457265718583
3182,44.95371340695023,45.574645745043924,12.303055908598388,45.80386791027111,41.100658747621885,-3.9513730617201404
3183,43.4016044183587,45.97866854727597,11.942840527884364,45.32200058507962,40.96249705508322,-4.342668745009064
3184,44.934277417220855,46.37083511356955,11.591298536680945,44.881936336486206,40.811147497954614,-4.741996668497777
3185,45.681205244982884,46.7514217830547,11.247833099808666,44.31643992629422,40.646363943850034,-5.1481032275157546
3186,48.51122185651362,47.12069065355679,10.912071453934367,43.809506477091176,40.46794061612023,-5.5598373369205945
3187,50.09537456703786,47.478893213316994,10.584061230616264,43.31600420058912,40.27570812138866,-5.976156348773216
3188,49.27337569212869,47.82629473559788,10.26439828222074,45.02265500909867,40.06953019286868,-6.396111264915163
3189,49.644761441342034,48.16318643213171,9.953686870198055,44.20699420177907,39.84930070372765,-6.818513444510863
3190,48.36797136810231,48.48987386027775,9.652362492705748,43.323014656312864,39.61496262990129,-7.241978346572644
3191,45.580675370866686,48.80667726497876,9.360627336304432,42.45266487429963,39.366502147289474,-7.6653065754192795
3192,45.48461512327145,49.11391568269804,9.077983559592191,41.49746134599788,39.10394219154001,-8.08748781504157
3193,44.92948079651557,49.41187616895157,8.803411762672368,41.005088658917,38.82733629295337,-8.507707223616912
3194,43.897754036508765,49.700809800209534,8.53570571692888,40.60552954558953,38.536761709965546,-8.925285042119064
3195,42.15608947231643,49.98092321674683,8.273335951139202,39.943393600398934,38.23231729014543,-9.3395898028216
3196,48.56475112615425,50.25236553028548,8.014275965488551,39.157898849918126,37.91412238977744,-9.750059433844598
3197,50.470520954142316,50.515208281112734,7.757111236150749,38.452372977096786,37.582313327889125,-10.156254541502143
3198,54.35166053522417,50.7695062793622,7.5015841657089055,26.929261801088344,37.2370387536773,-10.557860793301082
3199,52.504568179964025,51.015313892159995,7.2482207839696144,22.65958870667896,36.87845594166905,-10.956281600412368
3200,51.72692731795052,51.252720998293505,6.9977752215325495,18.35780157534643,36.50661998031647,-11.355164133579976
3201,50.742479342875484,51.481832240262165,6.7505394496939175,19.19842676011399,36.12144499943039,-11.759321545195114
3202,49.55396114621799,51.70275696160643,6.506474040522399,22.928770517160686,35.7226652106368,-12.173969101381488
3203,48.85008330243067,51.91559717629699,6.265149519385922,26.484445740228878,35.30984705933829,-12.603525778279412
3204,48.64683000343113,52.12043359623216,6.025790505942794,28.300147123137464,34.882430158751504,-13.051206416995065
3205,50.438690678837425,52.317316543359844,5.787424617762227,29.276073391029158,34.43976663153862,-13.519302177100485
3206,49.03036208037866,52.506261904082976,5.549255965503974,33.8749498342829,33.981143346944805,-14.009559713404514
3207,50.17394873455005,52.68726694106011,5.310488318372393,35.04295294465294,33.50579598397832,-14.52276267069088
3208,50.76491635241033,52.860294458641135,5.070231065299815,35.728100595355414,33.012959168898746,-15.058698261266521
3209,50.35813855871689,53.02528234541343,4.827798882104943,36.39629260292861,32.50188276656055,-15.616734158174452
3210,50.40311053221618,53.18214771744813,4.582483570374478,35.68213477116039,31.971843558353783,-16.195887505308306
3211,50.25637639709608,53.33078125010506,4.333475269951883,34.56539096706139,31.422156932873328,-16.795027465404573
3212,52.1374691617916,53.47104606877826,4.079903559983791,30.892120068578336,30.852175060660144,-17.4131349028416
3213,50.6996899524333,53.60277482077065,3.821112963023161,31.122349068030047,30.26128127268389,-18.049736471270545
3214,50.742484888587974,53.7257869329798,3.556473477315336,31.081323282094118,29.648859295908775,-18.704698187928877
3215,50.62146353421767,53.83987305259167,3.2851097830262077,31.584850907898954,29.01430139348863,-19.377678999146273
3216,49.52022686165056,53.944794251848215,3.00609967079005,34.980390747148434,28.357014029299023,-20.068083647226054
3217,49.087992436027555,54.04027969731101,2.7183066116320376,36.77210576937718,27.676429150340226,-20.77454497331324
3218,49.45972283374671,54.126014692623684,2.420336244803707,39.123388478254455,26.972044364411474,-21.494725516521385
3219,49.30679360777525,54.20163544696459,2.110758264548238,41.96209697886796,26.2434474492388,-22.22546579397026
3220,49.54602063226767,54.26673191026023,1.7881509073815138,44.413055825950636,25.490346644813457,-22.962621470842244
3221,50.61008129046004,54.32084550745669,1.4510843175214916,46.64042631429018,24.712606017849318,-23.701041294113097
3222,51.97754765968851,54.363470864761666,1.0983047143649927,46.12481969364234,23.910277225205917,-24.434650692191795
3223,51.73203469189527,54.39406582174769,0.7289055058883775,45.69902954998933,23.08362930503653,-25.156885589991926
3224,52.63004465815629,54.412064565154225,0.3421360491904224,45.547068640707394,22.233151519206455,-25.861079667641427
3225,51.84533600677938,54.416874891693716,-0.06266449676388675,45.13498002275857,21.35955732719377,-26.54040312562385
3226,51.88206181192327,54.40788693203663,-0.4861435165951278,44.815506692405464,20.46379131083153,-27.18785366630552
3227,53.86540223043587,54.38446532392071,-0.929059000540704,44.50329385296742,19.547033749440068,-27.79627466896539
3228,55.45091962206389,54.34594966533392,-1.3918637307716253,44.46098282558573,18.610706332900506,-28.35833391953102
3229,55.88707335072834,54.29167440853593,-1.8744705815331741,37.406624336312845,17.656478154804667,-28.86647636430329
3230,55.50600585376547,54.220984959898374,-2.3764780015013187,30.156828935820002,16.686274575280287,-29.313921111194468
3231,60.26420840935688,54.13324254176918,-2.897457665345975,19.014900060730014,15.702216747391702,-29.6957281624534
3232,63.44326535810942,54.027821115541975,-3.4363067980700635,10.16517398036433,14.70655936445006,-30.00940181043349
3233,62.195503825408444,53.90415542189784,-3.9907136112475072,6.047849460523253,13.70158996002947,-30.255124766075625
3234,60.425702055789166,53.76177354145881,-4.558045062393887,2.710544547456692,12.689551046711685,-30.43471047381196
3235,58.67079858464743,53.60028575107158,-5.136077266005188,0.042001066141722276,11.672609261775339,-30.55078096536039
3236,58.036610015985666,53.419368390391796,-5.723065282542521,-0.7736475129361935,10.65283231568766,-30.606549642191734
3237,57.29096787394514,53.21874806556875,-6.317568519710406,-0.4673093374031225,9.632172618962556,-30.605445148528485
3238,56.53052995364092,52.998197155744435,-6.918294833777523,1.154409202625132,8.61246930578576,-30.550668446453663
3239,56.53644771544274,52.75752840998358,-7.524113409554758,-0.26785060437363484,7.595461389198979,-30.44483038453069
3240,56.06511563357448,52.49658959510745,-8.133937046339952,-1.1523324171001974,6.582813946817048,-30.29020928749273
3241,55.775002938012605,52.21526594022758,-8.746673161408438,-2.0963149398848486,5.57611410336613,-30.08912468346363
3242,54.089003523888195,51.913478051013556,-9.361261764970408,-3.1648143757875147,4.576872301252806,-29.84386771581527
3243,54.54001477672994,51.59118182256289,-9.976850009756895,-4.152002591811254,3.586522922311779,-29.556730500479848
3244,54.11207243772364,51.24835471702976,-10.592675891394059,-5.139015193412604,2.6064236012208157,-29.230014982093046
3245,54.819149459648315,50.885003429803284,-11.207875069672468,-6.1130375928346155,1.6378552568389093,-28.866023663239435
3246,56.038674324263084,50.501163045718265,-11.821436685966944,-7.144588997475722,0.68202202367152,-28.46706088555605
3247,56.46281490984933,50.09690765073882,-12.431952282145708,-7.172572764513255,-0.25994880219816086,-28.035443061184473
3248,56.21848082369547,49.67236622690855,-13.037651791357376,-7.404191009752246,-1.1870075137407783,-27.573361949674645
3249,54.54138779943378,49.22773086464833,-13.636615165020487,-7.672348622882886,-2.0981729321764706,-27.082769984848134
3250,52.75428574585028,48.76325854924052,-14.227078826697515,-9.227657032645517,-2.992525512730654,-26.5654205700623
3251,53.841512073059334,48.279258942868495,-14.807659147568515,-12.856466493485335,-3.869200970180624,-26.02306977758863
3252,50.288538603895944,47.77608127273595,-15.37693553196295,-12.590994023980919,-4.727396831236563,-25.45798121433288
3253,50.40976085398774,47.2541299074043,-15.933707251091356,-14.137033076361561,-5.566399717802816,-24.872660643947313
3254,49.299542480953,46.713834122663194,-16.477131446648983,-15.800008239627815,-6.385574207499717,-24.269551875883177
3255,47.78009743268934,46.1556544776277,-17.006354367727887,-17.26566823843168,-7.184369842861694,-23.651329332744794
3256,48.68994947653074,45.58007716481467,-17.520749954741923,-21.37654378531112,-7.96232949634937,-23.020892076646348
3257,49.82856520792055,44.987604480644904,-18.019614203669825,-23.78554500168218,-8.719095981304784,-22.38173394660768
3258,48.95535490565675,44.37876955123668,-18.501764806592504,-23.496223757154603,-9.454445092789882,-21.738090085488444
3259,48.08525534022041,43.75415349353874,-18.965801351847382,-22.135105758226402,-10.168301987004014,-21.09428895647433
3260,47.279700792284245,43.114382794446854,-19.41039924500906,-19.31465195574185,-10.860731023221504,-20.45419809807722
3261,43.635201483774516,42.4601268772048,-19.83429504809301,-14.88811063441019,-11.531915193542496,-19.82085412097872
3262,41.31718314291312,41.79209645790732,-20.23669463192519,-12.54988314398225,-12.182121297953419,-19.19601321777489
3263,39.4478532822979,41.11101390174312,-20.617493880843583,-11.048413369944399,-12.811649408060822,-18.580229149835166
3264,37.487221512772514,40.41759686585108,-20.97701073156376,-10.310409273659182,-13.420803241275763,-17.97329440680448
3265,37.424023748103096,39.71254651963887,-21.315928253887932,-12.97881800260513,-14.00986903518112,-17.37448426822639
3266,37.55057837357086,38.99653498225855,-21.635022510468538,-14.952334416289702,-14.579102192490856,-16.783182891308563
3267,36.86263483283707,38.270211685607634,-21.934848827335642,-16.390248804631412,-15.128747894601691,-16.19929245681825
3268,35.797414287030314,37.53421172710284,-22.215831531750574,-17.354419034818612,-15.659055022945406,-15.623056053488629
3269,36.304929821580714,36.789156250157596,-22.47843819970246,-16.952817136694478,-16.170284964834266,-15.054913374216934
3270,36.37403964700113,36.03564918045601,-22.72299910276086,-16.673615065283386,-16.66271591455987,-14.495232888101786
3271,34.974926831110636,35.27428964330687,-22.94953592708243,-16.029945917111725,-17.136633824041052,-13.944132580281696
3272,33.430273438032295,34.50568011865052,-23.15804286916112,-15.863086843787563,-17.592324753245315,-13.401449504343717
3273,34.161208233626006,33.73042011869613,-23.348724360514197,-18.14725147253335,-18.0300637909973,-12.86676195132559
3274,33.479608941734924,32.94909849461624,-23.52167625746624,-19.917892446948223,-18.450108883333687,-12.339830205496742
3275,32.087605601961506,32.16230836819838,-23.676755612617573,-20.51685001481298,-18.852719138030416,-11.820889955878382
3276,31.662224914872997,31.370648120441732,-23.81389464627386,-21.93575330048852,-19.23816821372558,-11.310406925650529
3277,30.692089783194792,30.574715391780124,-23.933061108747324,-22.261652487328448,-19.606746266407118,-10.809029712425495
3278,30.642980008222274,29.77511071319191,-24.034194188017004,-22.982923246782605,-19.958770194553946,-10.317554244482938
3279,31.8344467600551,28.972435779245657,-24.11714737598631,-24.756548367987683,-20.294583216039314,-9.836825011541013
3280,30.626026273033204,28.167300888126157,-24.1813660305227,-24.87369590287915,-20.61455852865668,-9.367955217309785
3281,28.45511221777019,27.360344710544144,-24.22605894538261,-24.293392823102415,-20.919113563859966,-8.912241710626319
3282,27.43826193044507,26.552230291767316,-24.250697707660613,-24.523231398622336,-21.208707976031768,-8.470819598829724
3283,27.11133383008495,25.743631530033436,-24.25498776777875,-25.651993251158018,-21.483834870448614,-8.044683522902005
3284,27.567779212161426,24.935231107248732,-24.238593990101247,-27.399507647224958,-21.7450202108919,-7.634946175552173
3285,25.704116566258925,24.127725264026687,-24.200921527809793,-26.681080992803814,-21.992831282152093,-7.243068207743502
3286,21.43412967294196,23.32183633872808,-24.141344501532007,-24.23079975895262,-22.22789142474147,-6.870587609266181
3287,20.67947757480769,22.518302297257886,-24.059909204608516,-24.68497183735409,-22.45087045610317,-6.5184993713503125
3288,19.46485279280198,21.71784239175418,-23.957169781183918,-24.132452373096932,-22.662458049498156,-6.18743354749034
3289,17.885918190607338,20.92115764517896,-23.83373469384951,-22.043286758292908,-22.86336602593586,-5.877940945591096
3290,15.3824864276341,20.128926745497544,-23.69039031493351,-18.802086301647506,-23.05432077920423,-5.590118209578296
3291,14.765803625012364,19.341798290850058,-23.52829379885918,-18.25781604775956,-23.23604057324108,-5.3232110742473004
3292,12.99331528357445,18.5603738255736,-23.348831414040347,-17.46789947315724,-23.409201517487382,-5.075846948233007
3293,12.408018274125048,17.785209529914034,-23.153511456786458,-19.203241733634613,-23.574430369789948,-4.8464020717769785
3294,10.414273837533317,17.01680639512117,-22.943961363259184,-18.217831652871695,-23.73229498893918,-4.633342952811645
3295,11.182703794549973,16.255612105696756,-22.721962547087003,-19.503875508454726,-23.88331989997739,-4.435199571207811
3296,9.232590773040073,15.502008891982035,-22.489251174295475,-17.86157080134911,-24.027974960353035,-4.2505006791857625
3297,10.540793073240819,14.756328694077057,-22.247513875995164,-19.16404890734526,-24.166686611923108,-4.077678083803651
3298,10.677324883006557,14.018841300249024,-21.998309789923944,-18.373566007360772,-24.299820165939945,-3.9150709217809165
3299,10.864433772424197,13.289774708082128,-21.742762667822724,-18.065879511930007,-24.427691340041836,-3.7610540407173865
3300,11.041819290440811,12.569323789060842,-21.481730055194284,-18.686086584547432,-24.55055710198777,-3.613800175765043
3301,11.463001259341624,11.857659371069175,-21.215799749623567,-19.722725233954755,-24.668611351759505,-3.4714912494512618
3302,11.257996530871646,11.154937139085938,-20.94525758129503,-20.883470526548564,-24.781989851951188,-3.3325197358486314
3303,9.943904893759916,10.461308865649507,-20.67014691163667,-20.73188074181529,-24.890779334149414,-3.19557045068132
3304,8.954541791300121,9.776927344976826,-20.390529354679934,-20.708530382371542,-24.99502788199661,-3.059445236603775
3305,8.447287152969398,9.101940242004178,-20.106604140336675,-20.91919251555006,-25.094742349923,-2.9228882429863745
3306,4.993919909512531,8.436487068954381,-19.818590907791275,-20.73244444317322,-25.1898870981957,-2.784641143119675
3307,5.3105555413900225,7.780700848151426,-19.52709892350953,-20.71853360471509,-25.280385092797644,-2.643420190340411
3308,5.291350987606551,7.134680474053746,-19.233007421999048,-20.7626625362078,-25.36611511088506,-2.497884194003852
3309,5.378887023649792,6.498500353351489,-18.936957827294552,-20.59864252646637,-25.446910705731234,-2.346670251440397
3310,4.848277957936637,5.872216618900776,-18.639390736090597,-20.643425130311932,-25.52255979431442,-2.188372869132369
3311,2.835784071582171,5.255874304278783,-18.34062489970295,-20.560429949956877,-25.59280223034006,-2.021545558975113
3312,0.4604043861557986,4.649508292253913,-18.04117245347817,-20.52119332076071,-25.657329498246096,-1.8447144561436168
3313,0.06636885389663703,4.053129474046905,-17.742016200416945,-20.52118996275506,-25.715783194082967,-1.6563674790721628
3314,-0.6015490607521765,3.466707212226116,-17.4443719111596,-22.185323891515672,-25.767753996850907,-1.4549684235504579
3315,-0.6916729807460094,2.890171346636265,-17.14943738601397,-23.384874811529258,-25.81278108898633,-1.2392121251829558
3316,0.5698894773355628,2.3234113864918515,-16.858350213265116,-24.693548346956845,-25.85036813852977,-1.0082048325521953
3317,0.447464970306516,1.7662813324185906,-16.571903774653283,-26.019410479237365,-25.87999474448981,-0.7614134883048784
3318,-0.4751644881600743,1.218617801514966,-16.290554934239232,-27.340816105117405,-25.901129037750096,-0.49868680202065363
3319,-1.1031259084451484,0.6802443368026418,-16.01475167265919,-28.608522324621596,-25.913240531291187,-0.2202595900690696
3320,-0.19097107182423706,0.15096769000435328,-15.745011050824633,-30.675353354517114,-25.915813010421367,0.0732532677747777
3321,-1.287845881560762,-0.36942306658566704,-15.48164910727605,-29.941299148244504,-25.908356980106202,0.38074322160067453
3322,-1.75885554922767,-0.8811422504807167,-15.224853260799097,-28.276580827720707,-25.890430128981322,0.7009028081963642
3323,-2.947416468779697,-1.3844132839722736,-14.974890601136561,-24.469840677477094,-25.861630126226444,1.0327774930756206
3324,-2.2979288203529094,-1.8794682905564875,-14.732124068676281,-22.501601852954742,-25.821578296109614,1.3762194123382798
3325,-2.579184796953222,-2.3665548885506924,-14.496848311819246,-20.306635157028758,-25.769882165403892,1.7319292168591005
3326,-2.7973599835380933,-2.8459248446777705,-14.26915717522547,-18.482334568962592,-25.706116348319007,2.101212993005195
3327,-3.8874367752869734,-3.3178320335657236,-14.049075055760492,-18.761524271504413,-25.629801299203546,2.485957332348807
3328,-3.5331696162451616,-3.7825298483951366,-13.836679433302734,-19.0765970026971,-25.540385859495753,2.8882577577918056
3329,-1.7376819493051643,-4.240277329119239,-13.632017928978026,-21.786626814757,-25.437250782017426,3.3100967794679015
3330,-1.8146717553925806,-4.691331043660338,-13.434681320394674,-23.898142802684823,-25.31971274086456,3.7529784347928263
3331,-2.446901994313844,-5.135922750478884,-13.24386969949758,-24.644828683527507,-25.187052219697904,4.2176569711502765
3332,-3.648625809086671,-5.57425569029351,-13.05875543633153,-25.102566144578972,-25.03853560945454,4.704424409333932
3333,-3.837147116440239,-6.00650644623432,-12.878652321292417,-25.858574907906444,-24.87342392574231,5.213351857788524
3334,-4.781730751121686,-6.432832511713005,-12.702951419674978,-24.843488817045433,-24.690978818935307,5.744283300708926
3335,-4.809961648907759,-6.853369874212651,-12.53108461976321,-24.852853201402922,-24.490471705695047,6.297049565181965
3336,-4.2341041435437905,-7.268238153030552,-12.362502539072153,-24.648257472619186,-24.271175514589842,6.87157408560898
3337,-4.793952314839661,-7.677536710150795,-12.196450134908297,-23.51221944637971,-24.032366766654448,7.467746902002723
3338,-5.994960071585057,-8.081334828691105,-12.03204742836892,-22.514388190338842,-23.773325721122994,8.085589288525465
3339,-5.922669781853827,-8.47967320537539,-11.868555374622343,-22.60536900787298,-23.49332748075275,8.725365799356517
3340,-5.7123519903798305,-8.872571853665928,-11.705283492209917,-23.067905638755718,-23.19163466783256,9.387395683074384
3341,-6.0734445221018225,-9.260025438189384,-11.541381616333428,-23.81500999684431,-22.867501101881125,10.071829380033854
3342,-6.791055468488096,-9.641997294754823,-11.375905962513215,-24.518931911608924,-22.520179375830303,10.778544392195428
3343,-7.79209030239928,-10.018419169023598,-11.207958736654664,-24.346134678334636,-22.148931475734763,11.5071026034264
3344,-8.32274474091285,-10.389194543865134,-11.036784936443187,-24.911696503906626,-21.753039202268543,12.256880065056652
3345,-7.405251089422701,-10.754204831453144,-10.861746215407102,-25.569137512459697,-21.33180613806432,13.027080347799451
3346,-6.769372015706434,-11.113310958225608,-10.68203729006659,-26.20399459641453,-20.884567179081913,13.816603650421406
3347,-8.38119172389703,-11.466340650790917,-10.496514208851142,-26.692743991051124,-20.410699228036226,14.624028859996674
3348,-8.019838395948977,-11.813078572149017,-10.304072248598155,-27.37835376293635,-19.9096319217488,15.447630809820563
3349,-9.089439166574586,-12.15327880069746,-10.103688576370935,-28.044400786722818,-19.380857174048188,16.285364727958846
3350,-9.289570143683106,-12.486657810573746,-9.894343527975682,-28.66241078990052,-18.823940939884878,17.134831707893348
3351,-8.94209291238269,-12.812901702562506,-9.675106088524679,-29.97453426406215,-18.23853506018863,17.993280455900287
3352,-8.689154188119035,-13.131664883142058,-9.444925244883722,-33.620845959552604,-17.624388909491525,18.857502796749444
3353,-9.291806810842221,-13.442563385554754,-9.202564786530889,-35.537808606262715,-16.981368207072002,19.723374847762436
3354,-10.258940152311924,-13.745169202244117,-8.946746874037963,-35.95309156323412,-16.30949725297403,20.585758510316854
3355,-8.8268358902008,-14.039013177157285,-8.676335869348364,-38.65990288359627,-15.608984306384212,21.43897334774275
3356,-11.371993849454626,-14.323591593534008,-8.390038298602871,-35.770171927386116,-14.880232363124513,22.27667058369862
3357,-11.813691754832941,-14.59834906373081,-8.086640188898189,-34.30968728631696,-14.123872934137637,23.09231610731807
3358,-12.6656689583363,-14.862700939460554,-7.765288545366964,-30.944293091196116,-13.340744622636642,23.87980185559624
3359,-12.146857244016324,-15.116034966755274,-7.425242578878226,-28.250040270397797,-12.531886143764554,24.633508459756975
3360,-12.218731798044345,-15.35771711138577,-7.065734061673368,-26.17370283746947,-11.69851072531951,25.348480902802038
3361,-11.356607355638559,-15.587083904200165,-6.685854695276943,-24.132974663613723,-10.841987416911085,26.020229361817204
3362,-12.950417686196783,-15.803440757737565,-6.284508623056793,-21.87285316577276,-9.96382876786503,26.644624939417625
3363,-13.14285531407103,-16.006051145737285,-5.8606425116509975,-19.732690903467734,-9.065679087616576,27.21792033350497
3364,-15.26411896675033,-16.1941502585143,-5.413406345615499,-16.823819587284547,-8.149300745631365,27.736758433413122
3365,-16.11936330649795,-16.36694490211165,-4.9422360629904105,-13.842200265470623,-7.216561858722368,28.198263107200503
3366,-16.473947891575126,-16.52363266271366,-4.4469565499184505,-11.136885567952561,-6.2694165384846645,28.60015918483267
3367,-17.909505773754226,-16.663408672106215,-3.9275236021787485,-5.986881662286862,-5.309884579733524,28.94073761370202
3368,-19.945946013169557,-16.785467569525576,-3.3841151291509597,0.09340939057213404,-4.34003403090453,29.21917391841591
3369,-20.33071719393854,-16.889016347382945,-2.817386399174726,4.399022959392113,-3.36193965183913,29.43602669154349
3370,-21.763931822900304,-16.973293329470557,-2.2283191721261097,8.76988701078318,-2.377632251468297,29.593109270473587
3371,-21.856529046050714,-17.03757095885802,-1.6181376165857486,10.516688101992386,-1.389065700474224,29.693233391756124
3372,-24.649367245993297,-17.081169170576274,-0.9882707025851722,14.499817739762733,-0.3980833586845556,29.739827132320013
3373,-24.336447979657805,-17.103455672363697,-0.3405604299195275,18.747610604432097,0.5935894416804435,29.73687625985729
3374,-25.183924490559175,-17.103873199237576,0.32279222894461057,20.352691535383897,1.5843750586392638,29.689295674384258
3375,-24.985762334173923,-17.081936190434057,0.9995101877411905,21.27621837841093,2.5728758199727273,29.602575815955582
3376,-23.91231883607404,-17.037239186721497,1.6872166056058724,21.41457006581426,3.5578801130363025,29.482288810033324
3377,-23.751389018342994,-16.969455083393665,2.3837138238443245,22.84787845343797,4.538361740641616,29.33387122103167
3378,-22.351139086554454,-16.87832493179854,3.0869710118208893,22.044867744617434,5.513471527771747,29.162701050518223
3379,-20.46432266582197,-16.76365701593894,3.7951658591379456,19.29467389961573,6.482541810676164,28.973959225707304
3380,-20.047394594219853,-16.62531387452268,4.50693424737322,19.240231059630545,7.4450688094855675,28.772009199550588
3381,-20.110285787734668,-16.463194732780725,5.221217007078938,20.32271776922215,8.40067575731287,28.560510135663257
3382,-19.120435980790806,-16.277232740717416,5.936962935477794,20.547273554160498,9.349102818529785,28.342988839133866
3383,-18.23567791559946,-16.06739720374887,6.653206910260305,20.92564786133245,10.29020834658846,28.122883340982632
3384,-17.05211616296648,-15.833685613366729,7.36920371175775,20.565330047061593,11.223961707928627,27.90344035135643
3385,-18.75926234643051,-15.576116956298355,8.084449727892515,22.31299842087853,12.150437703345556,27.68763046943789
3386,-17.417328886900584,-15.294722298173895,8.798290433778071,20.9809547982436,13.069803739224486,27.478353976199685
3387,-16.048639116754195,-14.98956426071315,9.509936851385108,18.39704709275054,13.982327968425535,27.27829847587886
3388,-15.33248061317081,-14.660726508081554,10.21891585706089,15.768129404136971,14.888356970949744,27.089296854898617
3389,-13.372018600558384,-14.308303203575758,10.924970072392464,12.658032938792147,15.788281092085443,26.91213641683678
3390,-11.978748742425765,-13.932395169922057,11.628138833698376,9.557952171144706,16.682499398738862,26.74648251056294
3391,-11.422432432412087,-13.533093947995866,12.32885188064568,7.996562330159378,17.571379926122972,26.590810223438517
3392,-13.1275393244582,-13.110471711212345,13.027713585561571,8.796014901830802,18.45522008030143,26.44263631991098
3393,-14.197942446487302,-12.664579708958428,13.725035270874315,9.348880027962522,19.33422234745037,26.29910065471904
3394,-12.67790208211512,-12.195469359820724,14.420586383876346,7.574091819570967,20.2084934572827,26.15728203659142
3395,-12.788521447729794,-11.703207283366671,15.114067170953813,8.60532777212147,21.0780411498898,26.013816855416234
3396,-11.381316741282141,-11.187864881757136,15.805244504389053,9.13181134231155,21.94274791431045,25.86497162304685
3397,-9.34062342212112,-10.649524316407401,16.493928228610883,9.387255137807642,22.802372591426256,25.70698660016898
3398,-9.486166670756084,-10.08826966651641,17.18028421356287,11.772818845648473,23.65654702098838,25.535961909724385
3399,-10.857949471403863,-9.50417203550321,17.864596630101246,15.985751874886617,24.504770052074548,25.348135552764433
3400,-11.732007056747475,-8.897296557842994,18.546753702436085,20.972027028935642,25.34642272450601,25.140473592031753
3401,-12.453237982545582,-8.267721788674137,19.226132592377986,25.430326209020322,26.180801624876665,24.911058745997288
3402,-13.78396782638062,-7.615554385017795,19.901689375400764,29.51559665173066,27.007159974239162,24.659128934050365
3403,-13.61396187823332,-6.940942496980753,20.571884397364748,32.87902685418942,27.824743553813356,24.38494556924171
3404,-10.816030883354623,-6.244095425193478,21.23480810644759,34.922464119555656,28.63282301218861,24.089633246148736
3405,-11.262619413035091,-5.52528862321758,21.88878835092727,37.50854887637654,29.430719103556605,23.77487883350632
3406,-10.861724671724863,-4.7848428684649935,22.532292118216745,37.61183000179405,30.217814934422364,23.44281880865207
3407,-7.725688572596755,-4.023135815336464,23.163562606602454,35.23181936346489,30.993573690800076,23.095753871976772
3408,-6.768405389908294,-3.2406053613581633,23.781145590738483,35.312459196786335,31.757531859220816,22.735413768518136
3409,-4.515271739340726,-2.4377261092872318,24.383965899845208,34.18068118940573,32.50926794203462,22.36295736177146
3410,-3.80513234868335,-1.615007634701816,24.97119000559557,34.951603920372975,33.24839568333891,21.97916182110145
3411,-3.353155772705833,-0.7729801089141938,25.542183295186174,35.448918757376276,33.974545396774715,21.58452896080707
3412,0.22039090203516576,0.08780458497726218,26.096236413523542,33.5752626226171,34.68736428072605,21.179531294884093
3413,2.2337035883312044,0.9667689853207091,26.6329853982086,31.816691162107134,35.38651414976699,20.764222694003003
3414,2.185072957868302,1.8633369448578354,27.152638361354732,31.720038507577897,36.071645793659584,20.337906944754103
3415,1.8993204538764041,2.776944876077691,27.65543154208823,31.824124082632153,36.742374612750595,19.89940611148011
3416,2.4479720078308684,3.7070323809970507,28.141282278471003,32.423363169192314,37.39827286775826,19.44734174411792
3417,3.201442951176819,4.653030361309091,28.60987284035554,32.803972321497355,38.038864062358456,18.98024270604285
3418,3.556611170382547,5.614357237020753,29.060800147923143,34.287605413044304,38.66362238149445,18.496590775323263
3419,3.245705860547655,6.590417037837301,29.49354235487923,36.96035184127227,39.271970114046674,17.99495678681101
3420,2.033993624247825,7.580593394012702,29.907296102890065,42.415678972094156,39.86328616728185,17.47434627312618
3421,2.433989593027824,8.584236778029972,30.300739232718684,46.55865916672218,40.436926532255086,16.934795038019033
3422,3.8726149802343626,9.600642676193948,30.67213239520313,49.5439934520809,40.992272503149785,16.377592944721258
3423,6.364453425507035,10.629045604376847,31.019709262414146,50.51913987484802,41.52876606190317,15.804921970931218
3424,9.469545538925953,11.668623293688224,31.34198390783898,51.8390201773545,42.04593396787853,15.219390668162376
3425,11.691502981849723,12.718511198232779,31.637995168275026,51.583586110975745,42.54339210644733,14.623792181916393
3426,14.27637016473437,13.777822971573226,31.90726331701054,51.99456077408216,43.02085344667296,14.020927066077427
3427,14.136919759522831,14.845662086033482,32.14970977062562,52.07041206909406,43.47812057751916,13.413474030926587
3428,17.680394155018792,15.9211369562816,32.365303272600485,47.095484788078736,43.91508504873473,12.804045182567876
3429,19.257685389708108,17.003348970873514,32.5542000370133,43.86119292198018,44.33172358969035,12.194391148389414
3430,21.387775410684764,18.091416958749154,32.71699689484991,43.42523901086173,44.72804445862736,11.58491489241431
3431,20.110836420558314,19.18448209719684,32.854519247734295,43.404935168571484,45.104051249184636,10.97535271531406
3432,21.07121478906073,20.28171824193144,32.96739502317189,42.67429069033852,45.459734639648296,10.36525822416678
3433,20.690743938656237,21.382308432074968,33.05587937229765,45.47303346037667,45.79506846412909,9.75396455415396
3434,22.301206153891254,22.48544353341795,33.11998685784264,48.673338718297785,46.10999894325856,9.14100961571112
3435,24.26321334342463,23.590307555931144,33.15958724597056,52.00354567573471,46.404469105176496,8.526726696227307
3436,26.360003321621477,24.69608268314932,33.17475320284443,52.42508006910063,46.678447389673714,7.9123295665667115
3437,28.006085267414026,25.801957769454106,33.16583222015144,53.009644069030045,46.93195774294761,7.299505360873191
3438,29.985973999854796,26.90713816449275,33.133399485915476,51.48123123314862,47.16508108039859,6.690012383708215
3439,31.25477159286725,28.010851068515137,33.078240589439915,49.39998669642215,47.37795856852816,6.085396223455035
3440,33.419511270016216,29.112354203788744,33.001295739742,45.31751610339411,47.57077416196226,5.486599382407995
3441,36.720683903843145,30.210937451164604,32.90368780014859,39.031646038366944,47.74373186068869,4.893587476123216
3442,37.442096663423506,31.305933390465317,32.78702527012488,37.25168083765266,47.89701332703714,4.30472993169829
3443,37.22182761708829,32.396739135839596,32.65318862674066,38.21343648073987,48.03071385613524,3.7171482546596124
3444,35.597191745917364,33.48281263224803,32.503807834389846,42.00273414863186,48.14482321068112,3.127799605902446
3445,35.9659650662062,34.56365965813225,32.33991480852744,44.30299212533039,48.23923382986207,2.5343107894074635
3446,37.28793499782524,35.63880695281652,32.162032488566865,44.25663416758462,48.31377726330828,1.9351831332478397
3447,37.007024404656605,36.70779515737004,31.9706146299729,46.91918196665654,48.36824603874526,1.3292280019561886
3448,39.32323957952289,37.77018126148138,31.76595095814239,46.63045906404538,48.402392463438694,0.7156266093367591
3449,39.74239325629056,38.8255252212462,31.54831691267372,48.18086647124011,48.41595447936771,0.09389998535034749
3450,39.48059060811419,39.873402388992965,31.318079777533114,49.557140492413794,48.40865246246205,-0.5362503188936074
3451,38.04691614971197,40.91339720641508,31.07531748114173,52.46554191135064,48.38020445810814,-1.1746884786229828
3452,37.41417246077763,41.94509022106908,30.81954535884705,55.34347000754596,48.33033989722052,-1.820636211450548
3453,38.371464506596695,42.96803356367155,30.5496633997247,57.076879109208534,48.2588287106781,-2.472443148663146
3454,43.1967967698743,43.98173444771739,30.26431432462001,54.44538951025764,48.16551035397631,-3.1277551557950645
3455,44.3292980510786,44.985654518646214,29.962697890590775,54.484242975556654,48.050311700291765,-3.7843271345540686
3456,44.965219837983774,45.979247640423445,29.644599773745668,53.7957649633545,47.91322187833937,-4.440268510872087
3457,46.277491528456984,46.96196117022926,29.30977158394274,52.84600872949753,47.75429379956696,-5.0937477955069355
3458,46.65811282978027,47.933232412686294,28.957960750543883,52.061260294692886,47.57363869197224,-5.7431330900023525
3459,48.32918043285444,48.892491886932184,28.588875877937454,50.269693187473436,47.37141826023347,-6.386999924068135
3460,50.003449982577855,49.83915747121546,28.202243587024043,49.41764776224154,47.147838697034366,-7.024249997197636
3461,52.08401742397342,50.772641459400454,27.79800454273154,48.29778883676079,46.90313492708696,-7.654114802920766
3462,54.77685733940967,51.69235777406423,27.37637818049798,47.40287239819604,46.63756437683965,-8.27604942681429
3463,54.935658126971525,52.59773333810032,26.938018177545153,48.29138337621848,46.351398298632674,-8.889732677364393
3464,55.11586546853714,53.48822565256724,26.483730861364343,49.54682821825658,46.04491553168202,-9.49476227100643
3465,54.54727664838892,54.36331539552461,26.014105920911774,52.0469061508921,45.718414147232245,-10.09032898450723
3466,55.6131320179503,55.22249938062802,25.529412745605633,53.055712597723925,45.372226932714874,-10.674971013140997
3467,56.4883677151533,56.06527624523165,25.02973677893479,55.26476674885245,45.006749413022845,-11.246604742261574
3468,60.172293551923644,56.891148499223675,24.51519902362442,54.82433865015565,44.62245328323077,-11.802562227392848
3469,61.404588896769184,57.69962284680661,23.98635030851956,56.14401193077737,44.219911931196656,-12.339801031990838
3470,60.356134416031814,58.490238519791646,23.44422948507649,58.24177253748846,43.799799881098046,-12.855030969028611
3471,60.18397674750209,59.262571479145045,22.889664953811177,58.38313869043225,43.36290986659475,-13.344331340342173
3472,61.54373015474219,60.01621618337906,22.3230711930848,56.423825367965335,42.9101777917419,-13.803321045993968
3473,63.101890995251395,60.7507762253507,21.74481236305624,-46.48686465662156,42.442688463528484,-14.227757030209212
3474,64.93140734888969,61.46587034091614,21.155465225111882,51.20490028576552,41.96166065639462,-14.628853818800529
3475,67.12012905013485,62.16114057369149,20.5558947293056,50.50312587181159,41.467431542275115,-15.018460957472577
3476,67.70528209816148,62.83626332286985,19.947353622758257,49.43780423539198,40.96042992589645,-15.39386032495809
3477,68.28763492999508,63.49096414854204,19.331303353691602,48.13232393746692,40.44117418727791,-15.752447685997524
3478,65.47344678851402,64.12501687978262,18.709181233297194,46.96216136991751,39.91026674682995,-16.091818742331085
3479,67.25757226227532,64.73824289742852,18.081901052769425,45.82757019954211,39.3683862711225,-16.40978116794301
3480,68.51798169116941,65.33047694996725,17.45003795717885,45.22393666432258,38.81628133563375,-16.704325833085925
3481,68.404990835607,65.90157876124044,16.814440566428672,44.34113300229315,38.254764548916775,-16.97353940793885
3482,69.544173789343,66.45143965439583,16.175955133482915,43.411566386529614,37.68471204177116,-17.215564001235997
3483,70.39237089018191,66.9799757701393,15.535413818688397,42.31676697214074,37.10706028216771,-17.42864295844832
3484,70.60521202859391,67.48713390897505,14.893783950348123,41.24763002544847,36.522802511207935,-17.61114998675147
3485,70.97365546770789,67.97289470016251,14.252036625476308,40.24148445244805,35.93298361638428,-17.76160779711141
3486,72.44375963572655,68.43726968400681,13.611081730073948,39.149369277670104,35.33869532473384,-17.87867311196269
3487,73.35099667404577,68.88030014883411,12.971961259110287,38.119866821658974,34.741072075586764,-17.9611385905638
3488,72.57867842244993,69.30206710128083,12.335935790522825,37.17822613844538,34.14128608536292,-18.007935141696088
3489,71.70595949909041,69.7026958682023,11.704157367547836,36.10622190022218,33.54054306614036,-18.01810873022589
3490,71.92492544234756,70.08234425911735,11.077411120239091,35.030598598919894,32.940078836681195,-17.99082623330314
3491,71.15304411939154,70.4411899428849,10.456268934933277,34.14857494824609,32.341154650586816,-17.92539526304246
3492,72.40816756499578,70.77942885477957,9.841110662287349,33.18875547470192,31.745052485811698,-17.82123618641945
3493,74.09838310869915,71.0972639870374,9.232284354071538,31.9210109481795,31.153072238158853,-17.67786555361308
3494,74.69405610054812,71.39491447838434,8.630478481236494,31.03109670863337,30.566528115570826,-17.494954488204506
3495,73.90180202467147,71.67262921911983,8.036629907646997,30.031097710507495,29.98674193894522,-17.272319713405366
3496,75.26259981003359,71.9306898055608,7.451560706901574,29.388903174264954,29.415040134677135,-17.009885550943427
3497,75.67409205719528,72.16939993291327,6.876097825336274,25.38107547429651,28.852749568882324,-16.7076492916377
3498,76.08089814116444,72.38909632724989,6.311257882065746,22.055882687252662,28.301196848567955,-16.366131068370713
3499,76.4724235096575,72.59015045838431,5.758111012979441,19.538013885236097,27.761674164324276,-15.98677582057265
3500,76.0731740563276,72.77297039478185,5.217783501154614,18.339570541438192,27.23541179386311,-15.571735119402934
3501,80.03098287315241,72.93800269179462,4.691343398084058,16.342978126910012,26.723558489697414,-15.123554675749151
3502,79.94036899763705,73.08572662132079,4.18033619510247,18.45590611362961,26.227174815479835,-14.645100939681992
3503,78.49094117278204,73.21669177146812,3.686835937097044,21.72151327959243,25.747218427051948,-14.139073134639766
3504,75.67777129932234,73.33151568379392,3.2126462193306793,25.551843129069553,25.284569939837183,-13.607225498893492
3505,75.01638945164603,73.43086818609017,2.758900229155117,25.17903165193438,24.84007006045905,-13.050116920278327
3506,76.43068539642393,73.5154423657376,2.3261826312128164,22.386742286209667,24.41456214515196,-12.467657250229713
3507,78.24914382912395,73.58594702817102,1.9151626999371985,20.39319810092924,24.008892910443734,-11.860097626017243
3508,75.90153026661207,73.64311987906675,1.5269673674867335,21.98240975851371,23.623888970084145,-11.228277251790821
3509,77.6893257382238,73.68774485267014,1.1626258934315814,18.421070335677413,23.26034109365768,-10.572977881920913
3510,76.59627129350531,73.72062827196218,0.8230691534701862,15.931709055591682,22.919023777956085,-9.89516321945267
3511,76.3646673100121,73.74261612956815,0.5093198072727745,13.102856557979848,22.600663545694168,-9.196591905977485
3512,73.88274928793794,73.75458292578037,0.2221953751384831,12.391758499158456,22.30591765089092,-8.479715318583345
3513,76.20564816832226,73.75742915457738,-0.03789517899413397,7.464455032204739,22.035349191121945,-7.747420063136268
3514,74.3494632865137,73.7520565805141,-0.2705687404471746,5.882378942745746,21.789422980015168,-7.003347125717632
3515,74.12865147025438,73.73939123854757,-0.47537241737991565,2.4706359546361796,21.56845938274077,-6.252028648747192
3516,73.3955693155944,73.7203650860221,-0.652159490054558,0.2846600296172852,21.37262107009869,-5.498669939871306
3517,73.10238124810157,73.6959139392106,-0.8009203724518699,-1.9369394766196137,21.20188138674935,-4.749246721505802
3518,71.65743192764933,73.66697039452531,-0.9217916222132061,-1.5307110184586037,21.0560046219983,-4.010335622065178
3519,72.78387886579766,73.63446116439638,-1.0151603222542604,-4.711410271636694,20.93452567861167,-3.2887361383630775
3520,71.60627830098595,73.59929303970836,-1.0814517793849632,-3.353425854667009,20.83675554610743,-2.5916205812327497
3521,72.83711578010046,73.56236437910405,-1.1210888432959365,-1.3187068160141422,20.761750973196154,-1.9263997007071865
3522,70.94152127898305,73.52455378348863,-1.1344757262568095,2.3065076086922858,20.708328899393617,-1.2999540516752184
3523,70.55586600754373,73.48673266402027,-1.1221043775917394,5.746717872630057,20.67508736975114,-0.7183034460109461
3524,66.73801434964275,73.44974682498251,-1.0847947273132519,12.191001174310614,20.660442002992887,-0.18640416292690531
3525,65.58986466007568,73.41441301553272,-1.023980653009744,16.480237532530694,20.662660425556012,0.29226448713234987
3526,62.620120601171486,73.3814814481152,-0.9418237344610247,20.724943467754372,20.679926302135044,0.7158211417240778
3527,60.93764603613328,73.35162476656865,-0.8410877408884687,23.5349157406621,20.710381835004284,1.0836505587053935
3528,61.90939923760697,73.32540893205596,-0.7252189008031706,23.522913443343086,20.752169672715404,1.3961794471948963
3529,62.00866459181742,73.30327683984844,-0.5977607905678184,24.105330741651386,20.803460464817277,1.6542398383868218
3530,62.961207086565885,73.28555821268478,-0.4620905340676984,24.512723900887607,20.86245232860786,1.858734744537287
3531,63.57124995197141,73.27247080424392,-0.3214229229435972,25.94910932964332,20.927376114453097,2.01069796579338
3532,63.1680760711555,73.26413001782187,-0.1787358077206136,27.72824613011565,20.99649885966075,2.1114190500408014
3533,64.89189470955901,73.26055508372922,-0.036973090585945556,29.202053100771778,21.068137384455817,2.162645767983289
3534,65.41436986304889,73.26166514511614,0.10111948120929526,29.07047869555373,21.14067524419297,2.1665886793179467
3535,66.59436914648498,73.2672963824765,0.23313055621507317,28.61680350131323,21.21257662974368,2.1256364975660524
3536,67.04964866605813,73.27720718219715,0.35690094256096927,28.297646800532632,21.282384344030707,2.042069429769775
3537,69.87699687398569,73.29108977864723,0.4705123071126138,28.148402918010405,21.34871459172833,1.9180316885342386
3538,73.06111552701277,73.30857466933799,0.5725309132071743,27.64968361122996,21.410253123266322,1.7555775901347204
3539,72.67742658510072,73.32925850619438,0.6624122792835863,27.41079105857608,21.465753097737313,1.5566460827741224
3540,76.104569116627,73.35273548795689,0.7400226786067776,27.031899757419936,21.514029528784597,1.3230490260986016
3541,76.1209824415084,73.37859335143483,0.8056743864612059,26.72944226773052,21.553956366143886,1.0564909820154078
3542,77.6148251498653,73.40644711372097,0.8601844069274733,26.297972272142573,21.584462260918958,0.7585620781975422
3543,77.47560258489763,73.43593897856333,0.9045863357300021,25.80917416655818,21.604527171357056,0.43073283202700097
3544,74.32693806323712,73.4667528694363,0.9401066764209531,25.434728992263004,21.61317778305409,0.07432939481441636
3545,74.00476295160895,73.49861275699139,0.9674740482557098,25.263755646675065,21.609482464344683,-0.30945471853996764
3546,73.15857070719363,73.53125113932002,0.9868916285805795,25.379271231648943,21.59254746848476,-0.7195078350403605
3547,73.37164615415612,73.5644055322301,0.9983792646705325,25.299118350236796,21.561515275341993,-1.154723460615621
3548,73.9978341062819,73.59780975696472,1.0018528742714494,25.06707681370841,21.51556590444372,-1.613982709840318
3549,75.12590331857534,73.6311957238482,0.9973432781822567,24.980891223228483,21.453916428019305,-2.0962016740035594
3550,73.8522237537233,73.66429930884354,0.9851322275836338,24.589639071458194,21.375819126176815,-2.6003277653240353
3551,74.2337533145236,73.6968712056871,0.9654699338913275,24.272890843518965,21.28056124366437,-3.1253586114761767
3552,73.46364013400023,73.72866397110296,0.9384641775761793,24.04607515600533,21.167461885411736,-3.6703713431556473
3553,73.74804896287299,73.75943548419218,0.9041553846145689,23.72194313230412,21.035869820787326,-4.234492937093464
3554,73.6816967891019,73.78894099674393,0.8625024521251845,23.48040633916301,20.885162356272172,-4.816895911064378
3555,72.61347670345933,73.8169356476672,0.8134877394346773,23.82531405232963,20.714743426716367,-5.416794920535519
3556,72.29884212631917,73.84317351270624,0.7569163418448,24.284238018449443,20.524042694903137,-6.033341497206148
3557,72.06464445453267,73.86739673712351,0.6923796563515339,24.93071309088306,20.312520660235958,-6.665513941720533
3558,72.82174857565776,73.88933215646301,0.6193799635953923,24.021901474106627,20.079675098788435,-7.312066367749104
3559,72.46480960946799,73.90868873469654,0.5374904377588052,24.47701612461404,19.825049569052684,-7.971725820508357
3560,73.03823886298868,73.9251648523136,0.446337618323156,24.015579082636762,19.548226710754545,-8.643214322921757
3561,73.37100945698964,73.93844457591808,0.3455749089856397,23.51277552651473,19.2488352808579,-9.325175810419069
3562,73.48983297897058,73.94820317957931,0.23498604276710466,23.104567419510786,18.926548323393273,-10.016311918871654
3563,73.39785673621809,73.95411031210256,0.11441847996081833,23.48594825741803,18.581081152933123,-10.715367308702426
3564,73.47935828465228,73.95583107824336,-0.01627865641921744,23.14211643359144,18.21219050281311,-11.420991332975117
3565,72.85992419112883,73.95302506834128,-0.15725893525818435,22.89368675659432,17.819681730734782,-12.131721534405973
3566,73.94154128856505,73.94534714922615,-0.3087557559201315,22.729305471062943,17.403409067186047,-12.846070304497221
3567,72.93822312648048,73.93244135127993,-0.47093223106379867,24.085474097033227,16.9632770437683,-13.562491152993168
3568,74.43906232752893,73.91395166715523,-0.6439367692605913,22.71409527889844,16.499242990319836,-14.279133018577
3569,73.15135151693866,73.88951223332923,-0.8278391279291242,22.736524315213018,16.011334842529834,-14.994012650062398
3570,73.41443574018167,73.85876239195996,-1.0226709881231244,22.777846821235926,15.499642146982342,-15.705205832241607
3571,73.54337323138704,73.82133416745435,-1.228608188546616,22.80460806237157,14.964321120380394,-16.41063022685976
3572,73.80818301627653,73.77685517939018,-1.4457581350943371,22.89336019491799,14.405600131858359,-17.10803767799705
3573,73.80981513485102,73.7249502917814,-1.6741575026988187,22.963453444806248,13.82378527518059,-17.795000165949844
3574,74.90112626033823,73.66524467921026,-1.9137890132293478,23.295951506222607,13.219266787461702,-18.468896449913306
3575,72.86945954424107,73.59736435756611,-2.1644562685286672,23.90745230595971,12.592525511853037,-19.12686901218004
3576,73.46041284979813,73.52094759464168,-2.4260837312345984,23.59326663042576,11.9441421866497,-19.765736868874253
3577,73.25713385085456,73.43562544215047,-2.698788644198089,24.491545332439756,11.274809720594753,-20.382085210566345
3578,74.1004586312483,73.34102835169514,-2.9826065512078515,23.569567568116042,10.585336505945277,-20.97221642429969
3579,74.551891024318,73.23678500540328,-3.277451065288659,22.57668109501438,9.876661958974774,-21.53223436356506
3580,73.84549859294964,73.12253161400923,-3.5830136979230076,21.782686551049366,9.14985421504094,-22.0583197188311
3581,74.44418885397113,72.99791742554174,-3.898991382773218,20.929263152315414,8.4061073110527,-22.54670543439877
3582,73.90533310086072,72.86259885515769,-4.225061548889499,18.813385194334728,7.6467405194143545,-22.99365075456472
3583,73.61022025145422,72.71624665561578,-4.560854075164116,15.40207222645148,6.873197260748386,-23.395632949243126
3584,73.70783603430243,72.55854191681341,-4.906080968501456,12.803901864383832,6.0870316561314795,-23.749723247482628
3585,73.24881313217583,72.38917459104901,-5.260438390096951,8.989205453194572,5.289882377582877,-24.053654570454555
3586,74.17855215455212,72.20784602414028,-5.623627606850263,4.583825014124059,4.4834546847678425,-24.305878005265406
3587,74.17090657568865,72.01426608392566,-5.9952277397267295,2.3536282445735424,3.6694905105651836,-24.505828528403537
3588,74.55362289276447,71.80816417482517,-6.374625042394939,0.12153391606938158,2.8497327828742733,-24.65368688643156
3589,74.63254151485035,71.58929108109933,-6.761090560959033,-2.0023738979955965,2.0259113848030794,-24.750054440927485
3590,73.75559377887407,71.35742480409456,-7.153763500500574,-4.345318249410823,1.1997291534791077,-24.795935897269523
3591,73.28450796848456,71.1123735143993,-7.551834708917227,-5.695537564884987,0.3728489916517779,-24.792754832960966
3592,72.83041545594251,70.85396915683341,-7.954624571140343,-7.718745774874925,-0.4531211687182901,-24.74223819345163
3593,73.16636912124964,70.5820652096566,-8.361516183273636,-9.501445032195605,-1.2766335545783307,-24.646368778143103
3594,71.98285779981981,70.29653474461517,-8.7718313508352,-8.83389739499978,-2.096212420594497,-24.507450051988474
3595,73.41800164143287,69.99727645293426,-9.184935021364495,-10.487313874341957,-2.910463558044229,-24.32770697405293
3596,73.76743258930317,69.68420574319087,-9.600067764552804,-11.070763982215986,-3.7180595521980258,-24.109268150024782
3597,73.47600935212645,69.3572719352974,-10.016113724755016,-12.404468394843917,-4.5177481013792145,-23.85435364045868
3598,73.58192034933185,69.0164648282072,-10.43185325023579,-13.902745356343374,-5.308349794895271,-23.565229584317258
3599,73.11214172596797,68.66181505194835,-10.845994980700908,-15.111515419578431,-6.088763407000365,-23.244346763008853
3600,72.79187045362046,68.29339849616048,-11.25719824774059,-16.35577906148732,-6.857972912429195,-22.894324888579717
3601,71.19938438202044,67.91133516876565,-11.664132343560638,-16.480670932599075,-7.6150517329056795,-22.517918012394574
3602,69.92639797516624,67.51578967325644,-12.065639393809349,-17.26341429715498,-8.359167446588833,-22.117856819792564
3603,69.37452767156212,67.10695920917836,-12.460871994462863,-18.50205383452706,-9.08957552089185,-21.696783732423263
3604,70.01925641213975,66.68506487362558,-12.849134489429517,-20.811286092632997,-9.80561969541705,-21.25742249119633
3605,67.48679554293444,66.25035024321639,-13.229593883578303,-19.460500933041295,-10.50673702030494,-20.802809323142064
3606,66.47792426494937,65.80309194805369,-13.601570512261674,-19.17157617860469,-11.192473650293188,-20.33591224336055
3607,67.1223104067677,65.34357887573228,-13.964780163919102,-16.681326905226676,-11.862464503195643,-19.859249209654397
3608,65.45321460623204,64.87210660379242,-14.318857987728606,-13.314122657150293,-12.516423597603481,-19.374723310066386
3609,64.41626731136984,64.38898834321704,-14.663453069897763,-10.997144554943901,-13.154112723866735,-18.883169740740495
3610,64.40739500564227,63.89454306579923,-14.998474941825108,-10.470941724300353,-13.775301580319514,-18.384386375104285
3611,64.44996265642385,63.38909001376203,-15.323843284749294,-11.41652116107064,-14.37973848220702,-17.877561100598047
3612,64.16632749820182,62.872953513482614,-15.639324082054422,-13.389055592290191,-14.96713898702605,-17.361761913481708
3613,65.24116928847342,62.346468408291734,-15.944567251626687,-16.23850298436154,-15.537189276439134,-16.83631351146035
3614,65.30638741956464,61.80998236337417,-16.238950016700038,-18.74732561398244,-16.089559887790074,-16.301085516781384
3615,63.67454012755386,61.26387174051173,-16.521522004511482,-19.47633534977316,-16.623928310891227,-15.756577432603489
3616,63.46798434897772,60.7085475630734,-16.791404819088847,-20.72841914396777,-17.139998383296973,-15.20360863481665
3617,62.379122339894344,60.144444752572475,-17.04782965340737,-20.023774301766046,-17.637502219879003,-14.643136889943786
3618,60.19043949189772,59.57202558617958,-17.290053870696305,-17.51577097888184,-18.116207509293226,-14.07605064912305
3619,60.30936053979317,58.991774494526055,-17.517653209415407,-17.16907018502775,-18.575905596487207,-13.502615470379133
3620,58.0499113000501,58.40418203888522,-17.73033978173366,-14.870680931969694,-19.016381873985168,-12.922532867565995
3621,59.2763113416892,57.80975184241048,-17.927970340356723,-16.987603274657403,-19.437407787658273,-12.334977165226881
3622,59.709034928590356,57.20898401619477,-18.110379485280923,-19.24729363327311,-19.838713685000293,-11.738967595901215
3623,58.95073283170356,56.602393210058416,-18.27697737203625,-20.441556660971244,-20.22000562738502,-11.134051922210837
3624,59.61317187761342,55.99051885805902,-18.427043033335657,-24.346451413054346,-20.580983813147682,-10.52017514374688
3625,58.256276974941464,55.373923674502706,-18.559688568268697,-25.84848370177326,-20.921350636968146,-9.897930139731379
3626,57.69950729326278,54.753206286841106,-18.673946666812355,-27.37062841758315,-21.240845822463108,-9.268609520706619
3627,56.74899081961428,54.128993896715215,-18.768950594108453,-29.886160899076266,-21.539257938348587,-8.633857476518259
3628,54.74311375478911,53.50194291390054,-18.84387262832,-30.414381655900876,-21.816436320897658,-7.995826724987634
3629,52.37778925641503,52.87273572149388,-18.89813860455014,-29.84827137642136,-22.072313053347763,-7.357037005648142
3630,49.34202898701415,52.24206700693053,-18.931637557446876,-28.070260507596103,-22.306905454607534,-6.719923157197485
3631,49.33245382531999,51.610626550997424,-18.944874329336123,-28.411640247299978,-22.520307930494262,-6.0864985079680345
3632,48.074496803233686,50.97907538497479,-18.938618932559343,-26.880167983709043,-22.712672021805403,-5.458496137890769
3633,46.48231064908463,50.34805195549347,-18.913642054651127,-25.210998315287853,-22.884207673020313,-4.837411818826887
3634,47.54734871503582,49.718165914664716,-18.870950458396933,-26.887201335779906,-23.03516614306053,-4.224211266751787
3635,47.51774393578059,49.08998859160034,-18.811441794506365,-28.18905830462832,-23.165821757470432,-3.6198132878689115
3636,46.68496234149521,48.46406979503096,-18.735672665243754,-28.541451029521795,-23.276487028918456,-3.0255376563467706
3637,46.0862178885902,47.840943747250755,-18.644141424695526,-27.581684939879374,-23.36752426789355,-2.4429142522524216
3638,46.0376747138473,47.22112703338459,-18.53737356234017,-26.276813477640346,-23.439347979068618,-1.8733526441321757
3639,46.830662452980576,46.60511884309474,-18.415805992311256,-24.72395712789489,-23.49241444416903,-1.3179014256901134
3640,45.583533376906345,45.99340663389717,-18.279581157928533,-21.388745735203116,-23.527208074114625,-0.7771656681907402
3641,45.79563908547935,45.38648009923284,-18.128726469452516,-18.979811295695214,-23.544225488715078,-0.25101051050906875
3642,46.256771114969325,44.784824869267005,-17.96324203309819,-19.102821043555487,-23.543942108148563,0.2615607811521059
3643,45.945090152422736,44.18893063035963,-17.782848124011608,-18.911850146596457,-23.526788103304938,0.7618873514583413
3644,45.1364554866282,43.599301660999565,-17.587064715131362,-19.075994677352966,-23.49314961805134,1.2513158580796002
3645,43.07411981196439,43.01645964935087,-17.375402082873315,-18.941650495956083,-23.44336704609963,1.7311893948660995
3646,43.6590425855328,42.440941522141344,-17.147623074577183,-19.886296705849546,-23.377736991726934,2.202834219373777
3647,41.877784443275665,41.87328477771239,-16.90353798149218,-19.27623532545355,-23.296511431474713,2.6674389331715886
3648,41.42596562667481,41.314038990041865,-16.642964999960412,-19.733992019814245,-23.199907729515495,3.126120546481026
3649,40.69183766647742,40.76375377771503,-16.365886817112028,-21.11500403609216,-23.088103395042644,3.5799922739583323
3650,41.809330223470866,40.222979868901064,-16.0722974832861,-24.666853596069714,-22.961241577918273,4.029862910173492
3651,41.448476210494704,39.69226727882929,-15.761971798482222,-27.15485701739692,-22.819445867697745,4.475772231134485
3652,40.028434961138856,39.17218174900225,-15.434412716127,-27.231536755371565,-22.662856762509307,4.916821922224592
3653,38.37950546967634,38.66330643108749,-15.089231756840569,-27.43125312767245,-22.49165773954944,5.35168792376064
3654,37.61648824004455,38.16623296521288,-14.726343795601338,-27.5489942904089,-22.30607756759193,5.778956332416101
3655,36.13636307356451,37.6815501780474,-14.345872782649458,-27.782339405599217,-22.106393984055032,6.197112984247628
3656,35.05582483666046,37.20984144636958,-13.948130239365781,-28.17612418405284,-21.892936701975422,6.604534218297751
3657,32.46450993261508,36.75167482875635,-13.533666246203921,-28.14429652303692,-21.666091702835182,6.999441682855618
3658,31.56884258682643,36.307597029955986,-13.103438622283576,-28.132142859414238,-21.426307256451715,7.379937728315618
3659,31.267591564430056,35.878112253937445,-12.658789543431439,-28.462531554973893,-21.174095854280807,7.744061856283988
3660,31.14230406208943,35.463677727060556,-12.201109269255213,-28.55534707541439,-20.910036466032782,8.089733085094224
3661,30.17596761542938,35.06470496932043,-11.731725993841664,-28.284074843637107,-20.634780315274526,8.414730730895918
3662,29.044628636699503,34.681562660804445,-11.252009282761932,-28.76572899666514,-20.349054417306387,8.716780449266626
3663,26.459637703775062,34.3145710171363,-10.763524328563534,-28.796510527422157,-20.05366161865675,8.99349319211355
3664,26.446814986472237,33.96399437223354,-10.268277404239328,-28.844981189146218,-19.749488204498817,9.242317297188265
3665,27.287802555497866,33.630019190187014,-9.768554379771679,-28.67285464453621,-19.437507132177533,9.460600160319306
3666,23.01669643820357,33.3127574135821,-9.266416180548802,-28.443605590658343,-19.118781527144197,9.64561594161303
3667,21.375621476678774,33.01225811148376,-8.764336958308263,-28.349082624290688,-18.79446606940333,9.794604699095064
3668,20.70411054202956,32.728468283028214,-8.265578157724711,-28.221138154722127,-18.46580788053786,9.90475901471953
3669,23.267979714121477,32.461219567635446,-7.773658225341968,-27.78786353326972,-18.134148801755362,9.973207453135924
3670,22.945741562573964,32.21022440133875,-7.291732268748667,-27.59810293671191,-17.80092738366213,9.997063842857266
3671,23.776244428320368,31.9751040830522,-6.822544995524211,-25.609042877905416,-17.46767787889821,9.973435789903284
3672,24.272162273849116,31.7553880683038,-6.368693246530732,-23.18712682540295,-17.136031664335245,9.899655790321802
3673,24.727304580553763,31.550524533283486,-5.932508985440901,-20.85254940808221,-16.80770082621009,9.773613391288745
3674,25.192562699144393,31.35988746927441,-5.51611961500825,-19.625672465054855,-16.48445743824933,9.593807301784665
3675,20.695860865342436,31.18278322561627,-5.121456860351952,-13.09497818106145,-16.16811367275778,9.359168936936655
3676,22.1464474333928,31.01845701191761,-4.750997247915549,-12.505447079271036,-15.860512842453552,9.069688173154589
3677,22.67976366400783,30.866050075755233,-4.407619497252284,-11.201206267747438,-15.563467794547474,8.72632089936376
3678,22.48372897155116,30.724615712100793,-4.093860217839289,-8.412920558019572,-15.278758115829302,8.330214700619099
3679,23.719709542238682,30.593126061232613,-3.812162169675535,-6.082331577174315,-15.008120147839534,7.883039222151291
3680,25.312793483614406,30.470471567455757,-3.564772885861558,-2.61882507803017,-14.753222167685882,7.3871427165943615
3681,28.3578868174209,30.35547453550851,-3.3534814189851403,0.6025742087247608,-14.515643966733244,6.845656884005615
3682,29.81222581600102,30.246906139523414,-3.1793517742112165,4.057867236375046,-14.296845042085508,6.2626342535586765
3683,29.810360563611003,30.143517750561095,-3.042745635623856,8.567630958353448,-14.098135016495998,5.643052330196534
3684,30.18142198489073,30.044056430481824,-2.9437771825001846,13.307188876645782,-13.920641553405739,4.993010957300097
3685,32.063855824198654,29.947265938394416,-2.8824755295245197,14.550012740195086,-13.765267619342659,4.319929432174847
3686,31.460446451453144,29.85189139518019,-2.858505508122793,16.439226772461325,-13.632646257927416,3.632067148448721
3687,34.88244124843626,29.756698904519563,-2.8713131803181824,13.852171513790552,-13.523129809446077,2.9381064156975434
3688,35.59521878770539,29.66047051649231,-2.919897139955143,12.625894883464213,-13.436772496880913,2.2465897663626055
3689,34.41261339208866,29.56203909518922,-3.0026126655834418,11.557638408519594,-13.373357158355237,1.5654635544008322
3690,33.792029012772005,29.460296338786748,-3.1178559539005946,10.879935450431148,-13.332408259920857,0.9023106596479202
3691,34.034106059327485,29.354182031595847,-3.2642615738635428,7.56909109368128,-13.313203114378709,0.26443881437749894
3692,37.56972777885714,29.242678900529178,-3.4404894705336986,-0.6136243689924754,-13.314779005629024,-0.3414463007274371
3693,34.53746037939292,29.1248160668936,-3.6446054758821766,-2.1664707381678596,-13.335966201093871,-0.9103507463742577
3694,34.362078120343995,28.999705202137033,-3.8745664646177858,-5.455251758744652,-13.375469055387308,-1.4387248997109126
3695,35.797051050438455,28.866511635919082,-4.1287701658662534,-10.933446265750526,-13.431881194407932,-1.9237300747206998
3696,36.526549595246955,28.72445385774595,-4.405388594115447,-16.050108991365093,-13.503717727035355,-2.3638169928600306
3697,36.99373863340965,28.572819062978052,-4.70223097122572,-20.292163296870946,-13.589468993931934,-2.7589927853510243
3698,35.82985567371699,28.410971792997568,-5.016884895957929,-21.54527069838965,-13.68765057939209,-3.110632813374039
3699,34.47948478045039,28.23836006991419,-5.346994951594564,-21.923334330912063,-13.796844514823537,-3.4209022305630032
3700,36.013386256501455,28.054505462891264,-5.690529862135154,-24.9511933757082,-13.91571072809629,-3.6921779123551612
3701,35.684090150474226,27.858991412438513,-6.04537805274461,-25.765402850224156,-14.042989708980548,-3.927309289958485
3702,33.537405158715515,27.651480259374956,-6.409192407856068,-26.689563175395293,-14.177531347426855,-4.129680516993375
3703,31.681488827616963,27.431711918581442,-6.779934065409705,-24.278167148648706,-14.318301743446773,-4.302895313480493
3704,33.39301591869757,27.19948465501431,-7.156095822266053,-24.88312910267107,-14.464391034992222,-4.450295304370213
3705,32.49475513911479,26.954638863763705,-7.5361247334824455,-22.56568849491424,-14.614988097071453,-4.574910836816253
3706,32.73882483426067,26.697076339448813,-7.918275977561837,-21.82389917229397,-14.769385090779972,-4.679473490322481
3707,32.85036477599531,26.426753798592916,-8.300827303468363,-20.37110544943863,-14.926952996426285,-4.766214576227155
3708,29.52855347442132,26.143687852550922,-8.681925082387263,-17.366174904181605,-15.087132729195115,-4.836992676184746
3709,29.50629485985513,25.84795879310043,-9.060110770351706,-14.326539967916759,-15.249419174838602,-4.892956247737521
3710,30.027749560399055,25.53968046786081,-9.43433702639851,-13.44385164724278,-15.413329812377617,-4.934306955567687
3711,29.763885854317916,25.21900299134053,-9.803392460565252,-12.222694128713165,-15.578372971876448,-4.96061469920555
3712,28.9818515891494,24.88612097048979,-10.16593385125745,-11.375163055321487,-15.74403745899132,-4.971087615047649
3713,28.14239386591894,24.541274067923368,-10.520676318552109,-11.509626786958634,-15.909778812879624,-4.964577043521805
3714,28.271242567780156,24.184742549252984,-10.866475322354479,-13.567675662371599,-16.075009261892774,-4.939779009391616
3715,28.7126801781101,23.816842379766403,-11.202187695181962,-17.129580458351562,-16.239097413505732,-4.895666352997807
3716,26.310766098141684,23.437930036240854,-11.526477741883703,-17.307950211753244,-16.401387018759294,-4.831998644789817
3717,26.015384479982124,23.04841053030749,-11.838190242046505,-17.993284620249213,-16.56123065649172,-4.749043109848241
3718,25.19537872289598,22.648717353437753,-12.136456801932223,-20.00206492285551,-16.717989892749177,-4.647147506146645
3719,26.740831875494866,22.239313410178674,-12.420457530760736,-24.384696016546762,-16.87104049023483,-4.527013133364051
3720,25.786159070123276,21.820686851387038,-12.68914434730629,-25.242706941468427,-17.01979076830678,-4.39024563990051
3721,24.84816163736191,21.39337045369159,-12.941258189771183,-26.00127282059109,-17.163723532894863,-4.239185091664908
3722,23.04921033282498,20.957936305402292,-13.175695647212109,-25.27210782556348,-17.302403107751108,-4.076368420739733
3723,22.11861689698956,20.514990743877448,-13.391632006446361,-25.25830978888613,-17.435481427610846,-3.9042949060578103
3724,20.764987309530152,20.065160838305868,-13.588517826965436,-24.962872275446777,-17.56268943482163,-3.7253129351194403
3725,21.529790427067134,19.609089555413085,-13.766010579845869,-27.4225841870105,-17.683835623285475,-3.541686206157326
3726,19.09682677595313,19.147426799649477,-13.923720586394186,-26.938853711982304,-17.79880184856545,-3.3559633193278238
3727,19.556718934978747,18.68084151632014,-14.061369758134035,-26.176245070946976,-17.907566511240663,-3.170951597479146
3728,18.886814636072028,18.210002149107208,-14.17883537433946,-25.33061060517872,-18.010198621730726,-2.9892397605283882
3729,16.388652468103718,17.73558582469751,-14.275886546301724,-24.615573457166313,-18.106849161942556,-2.813145943583155
3730,18.074524216626603,17.25827637935376,-14.352622922599227,-23.916985569376372,-18.19774168463627,-2.644726572336058
3731,17.568150205990143,16.778744296524227,-14.409123417439886,-22.88795418139442,-18.28316426676496,-2.4857999749477244
3732,16.8875367615707,16.297668151524434,-14.445149266265176,-22.236121748265646,-18.36346168296612,-2.337901359975394
3733,14.997471775700888,15.815734345439882,-14.460495367650053,-21.33549766010836,-18.439024357429986,-2.2022913445389847
3734,11.091927769184933,15.33363512701443,-14.455195684323439,-20.70359805420054,-18.510281105935384,-2.0799765149857308
3735,6.991967463789028,14.852054633151653,-14.4300026459348,-15.316023563532909,-18.577689458429035,-1.97171373531841
3736,7.090607662167061,14.371634950618777,-14.38671581832038,-14.911707765416331,-18.641728688289945,-1.877344139489292
3737,7.99959934199711,13.892940245263627,-14.327586721470595,-14.492952482978374,-18.702845734394987,-1.7958280469200538
3738,7.565672685401414,13.416462502520737,-14.254574415494865,-13.905089469627463,-18.761450558084615,-1.7259847733530265
3739,7.55827581148166,12.942635284230636,-14.16942528076449,-12.936046264871656,-18.817911385951856,-1.6664661450492702
3740,6.0021315786503555,12.471834150469771,-14.073810010892576,-10.594708352040172,-18.8725483010879,-1.6156753620481545
3741,7.1152710560384165,12.004381283504465,-13.969491333301658,-10.861713975802004,-18.925623076755066,-1.5715068422863077
3742,10.852655051237114,11.54053472824966,-13.858158330664878,-15.00183934983935,-18.977315423906987,-1.5315305285334624
3743,11.72643844197601,11.08050406146014,-13.740640314740489,-17.459088070910823,-19.02772511199063,-1.4939561353740238
3744,8.434154958006031,10.624492040600295,-13.616943522894633,-17.186031154691584,-19.07691249959859,-1.4579592399066854
3745,10.108703985129173,10.172707826600497,-13.487297611508717,-18.73595189286079,-19.124922394651076,-1.4230254034602652
3746,10.884288465141784,9.725338866499714,-13.35203780647829,-20.031605641778924,-19.171780859829273,-1.3888156066039414
3747,8.744576936117033,9.282571972835278,-13.211001286746313,-21.66990510272879,-19.217510101758005,-1.355399866497251
3748,5.751339088418068,8.844605447383293,-13.06409571488202,-23.175169830976103,-19.26214085092909,-1.3232707181563264
3749,6.008417572731626,8.41163225850981,-12.91186106815363,-24.866637108624637,-19.305728149635094,-1.2933747153756592
3750,5.543758727117922,7.983814709506384,-12.755114686459198,-26.557964292964705,-19.348365831954133,-1.2671206554219872
3751,6.333924289354279,7.56129127941253,-12.59457677574904,-27.495992758192195,-19.39020285999656,-1.2464075433407373
3752,3.478612340376913,7.144176257789781,-12.430792690604399,-23.825028999418535,-19.43145966817685,-1.2335128140692397
3753,4.438414864984934,6.73257176670557,-12.264490021572128,-25.510415231990883,-19.472437047601176,-1.2302951522673844
3754,2.8712562173253793,6.326543589684973,-12.096554993414346,-23.714563175029134,-19.513479344994675,-1.2383057540398568
3755,1.9372364087821927,5.926134767144614,-11.927842562267234,-21.89644545240111,-19.554990764537166,-1.2590671924362162
3756,6.6655884440475495,5.531354085533824,-11.759459696381377,-25.924143854343143,-19.597417157823756,-1.2935523586070374
3757,3.1152435329947927,5.142170787385855,-11.591830891131615,-19.099338564240398,-19.641227588444302,-1.3430502318890802
3758,1.274315428977842,4.758565359458383,-11.425088892089889,-13.69462805981157,-19.686953839949695,-1.4084210315017742
3759,0.7290008948164233,4.380498194579863,-11.260053224505535,-9.031124464894418,-19.735122323877754,-1.4886931040512152
3760,-0.7440944245562691,4.007895144491347,-11.097784991085465,-3.222049033499289,-19.786200046886442,-1.5813836662162295
3761,0.6628104586453419,3.6406458618408317,-10.939533810457805,-1.1345852957447562,-19.840547901625502,-1.6824378789385364
3762,0.8398263562111579,3.278592890460827,-10.78644912611271,-0.7829908948023245,-19.89836257214901,-1.7866109918335304
3763,3.043291172055388,2.9215492534333176,-10.639336399733777,-4.4661370538593985,-19.95965530108107,-1.8882788818920915
3764,3.044519349911317,2.569303797145242,-10.498540178431774,-6.004564783664961,-20.024247830941817,-1.9822951242766251
3765,3.199119093890228,2.2216465748711993,-10.363971693200714,-8.717371437681159,-20.09180830936618,-2.0642710352554516
3766,4.095863537456169,1.878372350931861,-10.235414925844381,-13.153234590195495,-20.161865899958848,-2.1304304483651038
3767,7.786850674109552,1.5392855798149072,-10.11239477760617,-19.932138505616642,-20.233837005923853,-2.178039757330694
3768,4.663616419161521,1.2042126990914497,-9.993652474339036,-18.147992276917776,-20.30706855044756,-2.206011898597424
3769,4.51144598449257,0.8730420815256381,-9.877744566527195,-20.873812792264992,-20.380904465830348,-2.2139809490617957
3770,5.07909801853966,0.5456963946563034,-9.76361559317424,-23.740476908232488,-20.454667280385014,-2.2016991455590507
3771,6.675717667902175,0.22213437531402214,-9.650050387222725,-26.50905435855536,-20.527684408867618,-2.1697283925008826
3772,2.4183061723177484,-0.09764029782521166,-9.535415157696189,-22.754045787710588,-20.599315839885072,-2.119446741690041
3773,3.379220215039887,-0.4135599685323904,-9.418376114032354,-24.998395516494455,-20.66898085831362,-2.0520640506716603
3774,1.7251979014182297,-0.7255320387607019,-9.297995133465236,-24.066201507209854,-20.73612010992985,-1.9685445272816082
3775,0.9921300438956909,-1.033426310763406,-9.173343791083068,-23.974957911937068,-20.800217160132394,-1.8700271569317906
3776,0.014573694677326096,-1.3370882914995732,-9.043756452390863,-23.647573391099783,-20.860788587058636,-1.757479222258329
3777,-1.2655881280376053,-1.6363434075894636,-8.908730916931209,-22.465785403228416,-20.917382441616283,-1.6317872163924463
3778,-0.9994605442888814,-1.9310036859616537,-8.768011057130645,-23.22662229065103,-20.9695744014848,-1.493595792139999
3779,-1.4983653739249587,-2.22087747806484,-8.621403218094283,-23.110991649532153,-21.016955494425616,-1.3434708291586261
3780,-2.7494387659844284,-2.5057639005012726,-8.468661437844801,-23.07904761405556,-21.059139123428707,-1.1820593440690352
3781,-3.678522731455621,-2.7854549072544934,-8.309714512137827,-23.591074293138995,-21.095759450696885,-1.0099730902953041
3782,-4.34256282540559,-3.0597448679771277,-8.144731477334432,-24.685832484956087,-21.126470662781728,-0.8278834923638101
3783,-6.513251925239719,-3.3284370057434556,-7.97403589286273,-25.944089605906804,-21.15095168352114,-0.6366908951990347
3784,-5.980830665882063,-3.591347260834643,-7.798292106433755,-27.11524010171518,-21.168916722461663,-0.4376373355213836
3785,-5.738521027057824,-3.8483231461723726,-7.618329029561604,-28.844816336439237,-21.18012750588923,-0.23231979695273353
3786,-5.42247234513093,-4.099235862805417,-7.4347830611055254,-30.855068577650748,-21.18440470892518,-0.022762269614133857
3787,-6.6290760052066116,-4.343975350246074,-7.248132046453146,-30.465122566440357,-21.181644990530174,0.18845743802096138
3788,-6.340048124699186,-4.582444665902293,-7.05891255398063,-31.197204656360817,-21.17184087972378,0.3985207997145501
3789,-7.737033364264766,-4.81456952051145,-6.8677257434741,-29.498016138490357,-21.15507693721587,0.6045565445027634
3790,-7.8935609545175325,-5.040293048800566,-6.675267552152571,-28.18494100947443,-21.131537110090264,0.8038332617314659
3791,-8.965464517183303,-5.259587357321621,-6.482396845163043,-25.957186191504647,-21.10148805310044,0.9940614782993151
3792,-10.132045355174276,-5.472452838478103,-6.290088983089337,-25.739486908032994,-21.06526634487031,1.173470282204736
3793,-9.441189300096502,-5.67892662286091,-6.099587931311903,-25.473393229909647,-21.023256700953457,1.3406425517077203
3794,-8.857291248793748,-5.879092033898896,-5.912146039872717,-26.041948610027767,-20.97589017475646,1.4942214730511338
3795,-10.15967639024716,-6.073069692185758,-5.728765631601966,-24.23449705681275,-20.92364193608338,1.632791965247602
3796,-9.587332218098464,-6.2610097426723605,-5.550497260062688,-22.26171331467245,-20.867037377073288,1.7551083611843055
3797,-9.492419904760574,-6.443102842856604,-5.378443245580726,-20.575317636721444,-20.806634712004428,1.8604709371206951
3798,-9.288859076765226,-6.619572625711076,-5.213551661028171,-16.26132499339721,-20.74300598126524,1.9487066988072321
3799,-8.038212210893173,-6.790672953591815,-5.056672876446284,-13.939277243875374,-20.676720932083946,2.0205164803460818
3800,-10.192380457063607,-6.956684150807495,-4.908389333200698,-9.713316674792246,-20.608304882575503,2.0775685924517795
3801,-13.410547691009276,-7.117898909138528,-4.769367699159375,-3.819268734615008,-20.538216359253827,2.1224850199858736
3802,-13.465269642345802,-7.27464199741812,-4.641024862062144,-4.005820309986021,-20.46680588124311,2.1593720213560097
3803,-9.800797445933611,-7.427300566609338,-4.525217115017539,-9.721582008255453,-20.39425822449676,2.1931635321108445
3804,-9.076856727681223,-7.576323138419289,-4.423217963857722,-11.724599356407921,-20.32059497910239,2.227894392756884
3805,-6.745351429315021,-7.722181764199853,-4.335603486193653,-12.941948396346362,-20.2457319316463,2.2664299009548117
3806,-5.7811303543205,-7.865363370832199,-4.262451557953746,-14.545723489705843,-20.169499652372068,2.3111343919535976
3807,-5.731423754521464,-8.006345201396769,-4.20330699168483,-15.948363395406936,-20.09165630551606,2.363930224848243
3808,-6.41910586540545,-8.145583836944521,-4.157521570675984,-17.21370848595069,-20.01190430404885,2.4262697862066673
3809,-4.989520519222187,-8.283513306108501,-4.12450027724824,-18.963275036694668,-19.929904986435616,2.4991852920312496
3810,-3.901762311967829,-8.420550522094404,-4.103496555373134,-20.392065944857457,-19.845291951246768,2.583236580932553
3811,-6.681151831790669,-8.557079743133377,-4.093348625800877,-21.579763046917336,-19.757689214373446,2.6784860864969318
3812,-5.967959261392561,-8.693440430481129,-4.093105578925664,-24.027358492693608,-19.666726212146973,2.7845815553777875
3813,-6.766902853866746,-8.829953448395088,-4.102083174194586,-25.881170289326505,-19.572050444014927,2.9006036043652905
3814,-6.675766718443165,-8.966912642094101,-4.119569345463461,-27.600661620013597,-19.47335263852262,3.0249656157588056
3815,-5.603601960504197,-9.104591404759319,-4.1449166132795945,-29.26369032831392,-19.370386069631007,3.1555208580091687
3816,-5.789878895186685,-9.24324041631274,-4.177263673238842,-30.884013925445714,-19.26298458132201,3.2895896227587684
3817,-3.7522719410999286,-9.383075649641908,-4.215576396693663,-32.59484793045625,-19.151080094780422,3.4239726770623236
3818,-5.790880297141408,-9.524278842758985,-4.258503946513237,-31.966561185307192,-19.03471973618452,3.5549428255359317
3819,-9.341458455053221,-9.66697591274279,-4.3046538433903425,-28.618715164220184,-18.91408390641136,3.6785779518959494
3820,-8.83460622284009,-9.811255765651675,-4.35342251679228,-27.195810932995414,-18.789481206058124,3.791511958424696
3821,-10.084126107884565,-9.957204080528943,-4.404616331366924,-25.499878044753345,-18.66131644251638,3.8910517018384283
3822,-10.736509402277138,-10.10489685440947,-4.458108930597344,-24.581097246989117,-18.530077759268895,3.974930230276996
3823,-10.305019451779108,-10.254411342568766,-4.514013110391968,-23.205645671171425,-18.396321093831247,4.041230832155165
3824,-10.787986903143775,-10.405831061768934,-4.572430318596865,-22.08047899109276,-18.26066237045855,4.088338548294441
3825,-9.907630230443196,-10.559240030475223,-4.633424908248136,-21.061064442647265,-18.123765190611618,4.114970204727477
3826,-10.664081141441178,-10.714726055652143,-4.696956810896662,-19.9520018725445,-17.98633102347672,4.1201210021372425
3827,-10.8492000923675,-10.872370484535,-4.762921599584242,-18.83905426061184,-17.8490904571358,4.10306185712459
3828,-10.936355534960688,-11.032254162291093,-4.831308297797978,-17.563344272670278,-17.71279356633508,4.063353259736395
3829,-9.899528067689998,-11.1944577043882,-4.902099199689562,-16.49623178675796,-17.578200239820042,4.0008702234514715
3830,-11.862597555885714,-11.35906077560373,-4.975087485764371,-15.41287360243006,-17.44606888477165,3.915795863038767
3831,-10.512644927882556,-11.526130203439157,-5.050155474008751,-14.30801351844574,-17.317147182284124,3.8085934108081254
3832,-12.347145803197488,-11.695737807204313,-5.127227333859858,-13.124662417792301,-17.19216265738444,3.680012673152735
3833,-10.964996688983286,-11.867945359029815,-5.20624922355891,-11.884001873292156,-17.07181300407394,3.5311059624862295
3834,-11.824987483643572,-12.042821088774907,-5.287183738405128,-10.838292215113817,-16.95675559321869,3.363249565780464
3835,-10.73772477170007,-12.22042427492349,-5.369864215389493,-9.666590451292592,-16.847596366355244,3.178124753138949
3836,-9.700530133544547,-12.40081203646754,-5.454037781165315,-8.575327944712534,-16.744880609676095,2.9777091875043205
3837,-12.492931145330392,-12.584026793667844,-5.539082416377319,-7.683399048208578,-16.649082420521623,2.7642855337095185
3838,-11.16393837462861,-12.770084197559362,-5.624583036497102,-6.410697174984918,-16.560594907428793,2.540401842400488
3839,-11.847648845646509,-12.958998996100984,-5.710287257652276,-5.4219930868087545,-16.479722297694924,2.308900646278822
3840,-13.584880496840006,-13.15077001473618,-5.795790981681828,-4.378217554116674,-16.406668197676872,2.0729355702739305
3841,-13.783950663668627,-13.34538506154644,-5.880993501424854,-3.228472812664478,-16.341526593009995,1.835939584633195
3842,-14.100426199883662,-13.542836248164503,-5.966024585905814,-0.48336392396993233,-16.284272225367992,1.6016512912907288
3843,-13.404453932256018,-13.74312003394016,-6.051032365842026,0.4977135867660962,-16.23474984025728,1.3743702656713452
3844,-14.30216107476766,-13.946238405887305,-6.13604939573464,2.378410356281549,-16.192647540989903,1.1589342980847306
3845,-14.521323758936543,-14.152189993655803,-6.221078241676858,2.344387414429221,-16.157487553718298,0.9605931067212303
3846,-13.97982255118144,-14.36097695533243,-6.306226721297481,-0.013727418643242117,-16.12860800054182,0.7848595255060964
3847,-11.937750126089018,-14.572605108408968,-6.391493047098837,-4.675887886311344,-16.105163585351224,0.6368811489141102
3848,-11.760181736925315,-14.787076491805685,-6.47642873126042,-6.470067212535682,-16.08614925728088,0.520753858966394
3849,-14.026907795470194,-15.00436702382633,-6.5601918580335905,-8.604279333052098,-16.07044666142013,0.43960715077368206
3850,-16.206053781837806,-15.224422615674591,-6.642186970388613,-10.811285751165272,-16.056842113895968,0.39598119573826196
3851,-12.434375329297897,-15.447179488518904,-6.722414688702729,-13.105362812032908,-16.04404791503758,0.39176625762388895
3852,-12.06311103080087,-15.67258359492144,-6.800572972686361,-14.875510419005842,-16.03072436338771,0.42817935274186425
3853,-13.909343750276841,-15.900551020031328,-6.875677073927173,-16.855950179155293,-16.01550262485479,0.5058292536873221
3854,-14.425414252609514,-16.130962066516584,-6.946894157917596,-18.979649168972756,-15.997002413141887,0.624762766976179
3855,-14.664236201856458,-16.363677297225834,-7.01367450832139,-21.19935286345426,-15.973851773723045,0.7844113893261184
3856,-15.348233744249487,-16.598540367071344,-7.075511795131195,-23.456853582838463,-15.944708320520146,0.9835545494897335
3857,-15.65649627562709,-16.835378083567914,-7.131967383795157,-25.808902195508935,-15.908281470423729,1.2202981289413728
3858,-13.586607086397093,-17.074004859324354,-7.182680048174568,-28.175842712189258,-15.863355111924054,1.4920528076663153
3859,-15.933429036899705,-17.314223420112885,-7.226955901317584,-28.207585436036872,-15.808811283245975,1.795515443244895
3860,-14.976436103799983,-17.555801919412193,-7.264071031388877,-28.213839207008014,-15.743654082374395,2.1270114118584704
3861,-16.459799487907464,-17.798494822205477,-7.293436553080461,-28.105110874663268,-15.66701052245541,2.4828426396885384
3862,-16.691455423493252,-18.04203102295089,-7.314469841313862,-28.01327472739287,-15.578131239728492,2.8593052050165113
3863,-19.365280036085277,-18.286126144959734,-7.326770995059189,-26.135205282676736,-15.47639017545431,3.252700396899293
3864,-20.165407759701743,-18.530482422621503,-7.330299653258212,-27.482821745563307,-15.361284546601873,3.65959408837206
3865,-21.02744303645961,-18.774812788510282,-7.325459405993886,-29.070474223016845,-15.232417236229505,4.076598786476406
3866,-20.004947203135153,-19.018846383021096,-7.312828342094697,-30.603697107317295,-15.089511294170112,4.499854237370258
3867,-20.70894958903622,-19.26233467798326,-7.292888068629324,-32.019580356236986,-14.932426953738155,4.924995692235399
3868,-17.365381011121162,-19.505038920929717,-7.266000336254823,-35.989061836162634,-14.761178248021086,5.347175253833569
3869,-18.11026730824464,-19.74673470040025,-7.232062087817397,-35.23055433990327,-14.575948603482583,5.760695384380217
3870,-19.360918408423966,-19.987176393450877,-7.1905118044389305,-32.48464178370388,-14.377131889062404,6.15932805738308
3871,-22.122425382084174,-20.226102154029512,-7.1410130134354155,-29.506025863501044,-14.165326732990378,6.537309253392953
3872,-20.480312631309356,-20.463243927679905,-7.083754576551122,-29.3120902934985,-13.941311272169541,6.889665143602377
3873,-22.561146632490985,-20.69835245913292,-7.0190210197498,-25.572361809068227,-13.706015723416886,7.211828857640814
3874,-20.572298445241948,-20.93117866232989,-6.947091883144534,-20.49722479993978,-13.460522681660153,7.499750169758199
3875,-23.040668239333993,-21.161491918009222,-6.868190802343221,-15.207634051694903,-13.20603237876634,7.750618151404183
3876,-21.82876357182738,-21.389058049152773,-6.782543849018605,-9.925103879403238,-12.943814804899874,7.963088785153705
3877,-22.947748826661694,-21.613661507943796,-6.690495846456024,-4.614025198977359,-12.675159793089426,8.137313317589117
3878,-26.153180822285936,-21.835091105583174,-6.592310561900057,0.6611949614960793,-12.401327250393933,8.27493934828098
3879,-25.227367283273427,-22.053148878737133,-6.488828487616036,3.3075146171988195,-12.123497169870694,8.37910801559799
3880,-26.277555011638917,-22.267679671424244,-6.381163747770113,5.491786043190942,-11.842720049354067,8.454056376301908
3881,-25.069736271700652,-22.47855979525514,-6.270384634312176,4.895018839674748,-11.559893411450567,8.504656741391186
3882,-24.88390817751277,-22.685705313711722,-6.1574727394605056,4.042756772395293,-11.275742933261322,8.535933678316088
3883,-25.328548245002278,-22.88905797788584,-6.043140255396171,3.2981633278024987,-10.990831166229494,8.552611969547748
3884,-25.195747310990246,-23.088581330738133,-5.928076818197816,2.1408170874598227,-10.705568801958139,8.559094320398435
3885,-25.09334313821481,-23.28426309909903,-5.8129585265414185,0.9287165289524069,-10.420224878202932,8.559415826933963
3886,-25.506149136333804,-23.476111899174228,-5.69836773559155,0.39267074069549324,-10.134941080162541,8.557174392283224
3887,-25.916621197641575,-23.6641542814718,-5.5848753312839605,-0.013194860731005065,-9.84974658538405,8.555623112316635
3888,-22.693260101722526,-23.848436921259825,-5.473118132245229,-5.110604462381104,-9.564566206008099,8.557790186935774
3889,-24.52085924631597,-24.02902882362148,-5.363259308141348,-4.7732366577204175,-9.279227239588332,8.5658006497263
3890,-24.371107773565548,-24.205987541802582,-5.255200217774281,-5.887776628697111,-8.993512829359679,8.580986867062617
3891,-24.66727715335858,-24.379375504806433,-5.149038551280274,-7.528069244035983,-8.707161448450824,8.604480720951111
3892,-24.583834161215673,-24.5492567785546,-5.0448416740978885,-7.655425480805619,-8.419880781296271,8.636919375639946
3893,-25.2715904068546,-24.715698283079625,-4.942657539631359,-7.360208880109859,-8.131366823408161,8.678591841299038
3894,-24.26259874305151,-24.87876728119669,-4.8425739521106514,-7.657344808061751,-7.841307991876335,8.729726467296377
3895,-24.4132908747291,-25.03853654655367,-4.744581948288129,-8.234533272128992,-7.549385058921736,8.790465282431615
3896,-24.351764610132065,-25.1950727444159,-4.648496926896772,-8.648222164569127,-7.255276973047561,8.860733759290337
3897,-23.096679492522114,-25.34843634168012,-4.55410051046794,-9.108764045519223,-6.958669474969047,8.940222880405146
3898,-23.420620770972448,-25.498679445113762,-4.460932455424569,-9.573935495994327,-6.659262114353885,9.028405787275972
3899,-25.625278210660458,-25.645831838708425,-4.368348907826469,-8.177669249929025,-6.356775755817315,9.124529336775593
3900,-25.993770527095503,-25.789902705635527,-4.276037798996981,-6.683651411320966,-6.050960158568845,9.227889338765527
3901,-25.99258790449526,-25.930901025308223,-4.184026388195807,-5.517464901096929,-5.741583133232947,9.338120939316346
3902,-24.874736343260594,-26.068837798181914,-4.092354164043375,-4.516334312528642,-5.428418762614422,9.455163382641087
3903,-23.508715955833424,-26.20372463624445,-4.000852733779947,-3.4410245562089585,-5.111238907723541,9.579185624800335
3904,-24.283275483082946,-26.335561313767244,-3.9089437774124036,-1.2428074608006057,-4.789806387627733,9.71057165981171
3905,-25.369512071093162,-26.464320888071942,-3.8159213608749276,-0.6776173988917407,-4.4638674637360936,9.850097299787542
3906,-25.0345568458522,-26.589956071158905,-3.721317503654724,-0.926479151133222,-4.133133234308564,9.998853016419705
3907,-23.527907516176622,-26.712408721648924,-3.6247381134676537,-1.9041287298136211,-3.7972772626414466,10.157878671306502
3908,-23.847267102255177,-26.831605278723416,-3.52547835576539,-3.1443529604453175,-3.45594132288813,10.327932617313504
3909,-23.345771222283332,-26.947440612033283,-3.422620909354528,-5.861165782952739,-3.108748421487213,10.509342704098461
3910,-23.395021743148398,-27.059780006013717,-3.3151864191334113,-8.79629050005822,-2.7553184759482328,10.701745974542211
3911,-23.052887525940015,-27.16845303997551,-3.202094349903337,-8.40546934216362,-2.3952986898510655,10.903834830578505
3912,-23.34123344802956,-27.27325296267394,-3.082187748880756,-8.342164815671971,-2.0283961539096658,11.113817238422794
3913,-24.719225913063983,-27.373932223234227,-2.954269920893857,-7.796274315223641,-1.6543775406228793,11.329860598777039
3914,-25.218441644214465,-27.47020429073353,-2.8173614040342088,-7.440769005012193,-1.2730721139911965,11.550112724353225
3915,-23.88638139646935,-27.561756316836508,-2.670732594614851,-6.841908980925297,-0.8843700256659976,11.772743149085546
3916,-25.72998301244563,-27.64825313037452,-2.5135021130814827,-6.378336287379355,-0.4882225707188268,11.99594882135757
3917,-25.73290331032197,-27.729323124375274,-2.344838171017507,-5.950365929628234,-0.08464010424215962,12.217967966835886
3918,-26.052461300446428,-27.80457567510902,-2.164158644652243,-5.401356744241355,0.3263086270702322,12.437052464019418
3919,-27.066805417330364,-27.87360036735209,-1.9709061179720244,-4.769007426843089,0.7444967266924682,12.651478347865183
3920,-26.352699006481792,-27.935969416307156,-1.7647000750308983,-2.84287057995752,1.1697405169279111,12.85957402953656
3921,-27.12852365387109,-27.991247039020816,-1.5451851073846434,0.6465409210996,1.6018016619949056,13.059922952875933
3922,-26.209148689257287,-28.038981756799465,-1.3119974898963704,2.3101077844524696,2.04040204711964,13.251786383440432
3923,-25.839503407655044,-28.07871353834724,-1.0647368329719065,5.510251022235266,2.485254087557601,13.43506237755877
3924,-25.628339018077035,-28.109964212330926,-0.8027980601401907,8.827754231678114,2.9360728722902247,13.610240865410736
3925,-25.893256870788207,-28.132233409023254,-0.5254791718795104,11.934429380831318,3.3926034785849835,13.77864777841858
3926,-28.036725395048784,-28.144996157122893,-0.23207820340404695,15.48431950681963,3.8546493908514634,13.942429413687671
3927,-29.902350241131657,-28.14770528925019,0.0777538865828653,17.656001600016182,4.322098772830828,14.104585320996797
3928,-31.0392693534381,-28.139812564684036,0.4037722782950759,18.948968466032326,4.7949550789179165,14.268827643442927
3929,-31.39305149964601,-28.120787137363852,0.7452848956543257,18.445924845580592,5.273353949060357,14.43924390001468
3930,-30.2326948947809,-28.090126904973747,1.1013739889408214,15.721461159773824,5.757571338918895,14.619897619256147
3931,-31.926447105158985,-28.047362204767797,1.4712343596120547,15.630427658008756,6.2480137903441,14.814229248299618
3932,-31.526562033873535,-27.992044614332944,1.8539705734576728,14.29135119918439,6.74518662213887,15.025115628847834
3933,-33.738854030974686,-27.923764166537286,2.2484802100531276,15.54669941573691,7.249688165600622,15.255074081068084
3934,-32.31971124570129,-27.842145933662735,2.6533729603981726,11.697260786074082,7.762191560876742,15.506460523158365
3935,-30.92899942960041,-27.746872635844074,3.0671182820115206,8.532954048233648,8.283452200477846,15.781093894787466
3936,-31.624031017617266,-27.637671381528634,3.488577160327999,7.240569567870068,8.814264487195906,16.079596451698308
3937,-31.293215630808394,-27.51430082515554,3.916683624243369,5.089271880423183,9.355425297257733,16.401771283209072
3938,-30.32108843097682,-27.37655913991241,4.350282958846314,2.400489419792109,9.907715906076511,16.746749989882794
3939,-29.404615010872085,-27.224281961232453,4.788375371893441,-0.12689718409102113,10.471875296583253,17.112781841924782
3940,-27.232792159956386,-27.057334115119513,5.230198784077782,-3.363273149833347,11.048568028871497,17.49717443391568
3941,-26.58557470550559,-26.875602042293934,5.67540288362002,-5.153691210143876,11.638353592177632,17.896208627691472
3942,-26.861894512503586,-26.67897392287818,6.124004707248023,-6.200195556476842,12.241648604050928,18.30524433065775
3943,-27.14565872932109,-26.467335061810733,6.5760201819915665,-6.97991115716286,12.858703214221482,18.719042179122766
3944,-27.497884059114757,-26.240572577412074,7.031321238766246,-8.388228815093854,13.489584749325779,19.131909777201965
3945,-25.846251614035832,-25.99858031255965,7.4896200439880545,-10.917929558019196,14.134163866034946,19.537643792129593
3946,-24.78674715126249,-25.741264574479537,7.950752284069882,-12.651592057713692,14.792094335467752,19.92926563431574
3947,-26.4293418269066,-25.468530160288324,8.414882549681408,-12.714583075929433,15.462781574989329,20.298969055547715
3948,-26.853850413392827,-25.180272404500776,8.882009904853465,-12.203220779254345,16.145358939170933,20.638483072294758
3949,-28.374383946723935,-24.876396166631427,9.351742609530458,-11.710709153892452,16.838680446475646,20.9394021412211
3950,-30.457463058838915,-24.556822897198746,9.82331163949043,-11.24072105642771,17.541319081919006,21.193265397990082
3951,-27.751733775027404,-24.22150872399873,10.295319396243485,-10.697852076064187,18.25156480634165,21.391547521661938
3952,-31.160588953032747,-23.870468270782514,10.766363487540893,-4.163246294017455,18.967422250029802,21.525663706281755
3953,-31.176199767253,-23.50375115816267,11.234834902051603,-0.35145483775932007,19.6866090534271,21.587869518388665
3954,-29.713221173501687,-23.121479277312407,11.698508669878436,5.350697397333988,20.406613551255713,21.571745664059048
3955,-30.526383631323586,-22.723850580170776,12.155263671722896,13.53703350406083,21.124725431031038,21.47207358439296
3956,-34.63543119343553,-22.311128365864214,12.602959444418378,23.225279553512806,21.838085123548577,21.28548612062616
3957,-33.901725868091404,-21.883653283876217,13.038603079255484,27.71928161752193,22.543757839072782,21.01106124392766
3958,-36.43486452319432,-21.441888160580515,13.45857480669821,36.86979859793723,23.23882253981042,20.64977484621604
3959,-35.60852821894345,-20.98641496342967,13.858858019062978,42.23066392257883,23.920409495487185,20.204423499068227
3960,-33.56966438815738,-20.517964292642983,14.235048881580088,45.78314156778639,24.58578410641497,19.679756939973245
3961,-30.904967276061456,-20.037411704657664,14.583032231911233,46.1722293434527,25.2323932914854,19.08165004545987
3962,-26.286793418915167,-19.5457621438489,14.899251219440135,42.28384392544737,25.857894109445628,18.416368717143268
3963,-21.81079417596003,-19.044128290028322,15.181087405121048,38.959870666150906,26.46015120596162,17.689469336892127
3964,-17.752709242848628,-18.533689650174164,15.427126971610239,36.5996529286264,27.037192065238436,16.905253221019763
3965,-16.845096119896596,-18.01565315858764,15.637074642720155,37.32173760052413,27.587168087362937,16.06700106859048
3966,-17.442814895983126,-17.491218007326154,15.811220616743924,40.52376477586159,28.108325469811135,15.177582394247455
3967,-14.501045965468297,-16.961571784138044,15.949746155975895,39.9895000485392,28.5990069136461,14.240290957362713
3968,-13.47912019294575,-16.42790159692776,16.053024344157834,41.504861590972595,29.057678200301982,13.258666757117936
3969,-14.070016089555942,-15.891370161194189,16.121859558231677,43.077471213262484,29.482918030787296,12.236254513116087
3970,-11.286617501709825,-15.353110959712316,16.156961128769378,42.947347106454515,29.873428501176388,11.17692669396881
3971,-9.271011284382586,-14.81423941927623,16.15920459280291,43.74306515530429,30.228046477051883,10.084648965315708
3972,-7.371297786594515,-14.275830653525455,16.130018938953175,42.9634836041447,30.545738432197435,8.963375165825092
3973,-8.30697209723058,-13.738904823346019,16.07125517909975,46.60611346625922,30.825604821440223,7.816961559603666
3974,-7.570845450437091,-13.204413641585472,15.984747775228403,48.30885856652036,31.06686920283768,6.64960129454311
3975,-9.08478418765255,-12.673254971664125,15.872142193832879,49.859221700923314,31.268911574409763,5.466204895203095
3976,-7.302564348579047,-12.14627082866328,15.734809774200187,50.694970807235876,31.431282862517886,4.272100710354412
3977,-6.683685951792587,-11.624267653384113,15.574004401288697,53.090305599487166,31.55371828843339,3.0729177201902758
3978,-5.952157055147542,-11.108003868577367,15.391181022189109,53.61603430999611,31.636144043863904,1.8747230233791612
3979,-4.610375532307807,-10.598188918571505,15.187841000007527,53.77265723299816,31.678699823325335,0.683987624381075
3980,-3.529585954081571,-10.095481135243531,14.965641423710316,52.52606552433039,31.681743218822643,-0.4927345900751412
3981,-3.0068624687773085,-9.600479490324151,14.726449059833842,50.32575753051664,31.64585085065366,-1.649058594936701
3982,-4.219983873884348,-9.113717864587942,14.472220759366206,51.53092716558625,31.571805979160196,-2.779107042672706
3983,-3.135566344909351,-8.63566477303307,14.2046647189209,50.96248387887418,31.460577047808812,-3.8771342172792167
3984,-2.470885843754156,-8.166740216659882,13.925326526277049,52.03968831294142,31.313330364674915,-4.937272169360671
3985,-0.5468931006231844,-7.707309671281267,13.635871046436122,53.605467518660234,31.131425569851434,-5.953538859577243
3986,0.15926904753105683,-7.257682146897474,13.338210037684814,51.955377958224176,30.916427774036432,-6.919510284977264
3987,0.37777727871165767,-6.8180956687689465,13.034511189529923,49.78210186326757,30.670124884186283,-7.828715959394881
3988,0.21863317452435918,-6.3887147342621455,12.726947463926312,47.81116901141381,30.39451337674344,-8.675185343778828
3989,2.436504957990265,-5.969632504507192,12.417571432880997,45.66503879991305,30.091779194601028,-9.45348654295465
3990,-1.0569495039982881,-5.560876638736746,12.10861563763351,44.90493651732652,29.764280940546463,-10.158713877498595
3991,-2.9064874206681197,-5.162391461998292,11.801999835715646,41.0155905944827,29.414531602767788,-10.786300114647425
3992,-2.5550280865996786,-4.774076649689036,11.498729230216425,32.762288021082966,29.045194266236635,-11.332268697384826
3993,-1.839707116119579,-4.395809513317197,11.19946925730773,24.893680111669525,28.659047022942133,-11.794341779702187
3994,-6.479970191088338,-4.0274453658685205,10.904929993376093,22.963225338174652,28.25890481425649,-12.17252653993306
3995,-8.51840859580109,-3.668814180425457,10.615126840654522,19.51633513670801,27.847545253613262,-12.468170377381096
3996,-7.301607209012589,-3.319770243158219,10.328973956519736,15.267361077397183,27.427693455764416,-12.683299643172283
3997,-7.8520020242340784,-2.9802159166574747,10.045158085969568,13.665845740779176,27.001991944068443,-12.820961478763433
3998,-4.334254191625011,-2.6500930374269145,9.762362674044107,9.30873528297667,26.57296269051352,-12.88494727159641
3999,-2.6287784044640023,-2.3293917383878675,9.479612835680712,7.3485035824237315,26.14299545929535,-12.879807370530365
4000,-4.417533986193815,-2.0181188483815338,9.19661361256689,9.62264399653624,25.714308865811496,-12.810903793501627
4001,-5.463909425160669,-1.7162841642167415,8.912963686409412,11.169162732340695,25.28893520639524,-12.683424195588131
4002,-1.94760358437159,-1.423921269287573,8.62774897757571,7.744233031698215,24.868747252772287,-12.501861089894497
4003,-1.9162637522867203,-1.1411008990450275,8.340334332397287,8.94776867427501,24.455477800402274,-12.270860576698137
4004,-0.6400575813019218,-0.8678989804610872,8.050526609486223,8.666580755545667,24.05068988099241,-11.995275145781417
4005,2.3001054942399892,-0.6043991250792793,7.758244420831196,6.773468939689536,23.655792790683513,-11.679698484519943
4006,0.9292519651979728,-0.35068268573900746,7.463953553788707,9.177907254674409,23.27204331535775,-11.328928688791606
4007,1.2845379039543654,-0.10680222149336549,7.168276244502089,10.117557660921051,22.900530878097406,-10.947572032389203
4008,0.06405928759605016,0.12720239722779847,6.871609717929646,11.2790763428753,22.542205179865135,-10.539625205846406
4009,3.456655292580972,0.35130509303527757,6.574151480149334,8.800804269300357,22.197889197707646,-10.10866392214119
4010,2.3406993448651656,0.5654791625710874,6.2763539146430585,11.105900386277852,21.86829425172239,-9.658355214134122
4011,4.743471448029999,0.7697286873448148,5.97894277391804,9.204028361624935,21.553998850098704,-9.192291654195834
4012,3.5981878963319844,0.9640753474989567,5.682772942535577,11.42902390923848,21.255474808109334,-8.713910106271285
4013,1.3100357085656673,1.1485802168471866,5.388827024409365,13.893168265813898,20.97307150968062,-8.226508257344651
4014,3.527173049372661,1.323330482459581,5.097520727203838,11.475404631849784,20.707040924286357,-7.732600122776141
4015,4.204848125680599,1.4884149319941091,4.8092057764064045,11.24301326831268,20.457564834828876,-7.234611267568951
4016,4.679113663769675,1.6439442008866747,4.5246138288092395,10.703839750991193,20.224733506448427,-6.735284684045482
4017,6.000615698780239,1.790055853914725,4.244600161505392,9.37124256292934,20.00854585589251,-6.237406377805659
4018,4.137441222068387,1.9269175449870342,3.9702422318001043,11.841484929180353,19.808906414594716,-5.743973921039842
4019,5.278422986116374,2.0547386693680654,3.702494870194828,10.570574270273752,19.62561426115652,-5.257753880890128
4020,7.837320697370201,2.173750536333356,3.4421661564359374,7.755160844717125,19.45838948920204,-4.781277538155138
4021,7.400764634777531,2.284216413130461,3.190577646553745,8.55391249122954,19.306862425279512,-4.317631697107593
4022,5.890682601895896,2.3864557127702724,2.94933236997561,9.667166960728267,19.170547376061535,-3.870155645295892
4023,7.187467389106642,2.480838571128835,2.719712256611644,9.203382872022274,19.048852048926452,-3.441861547566969
4024,4.903213977916771,2.5677698632110486,2.5029382803746403,11.315559200846977,18.94108993955707,-3.0356266242055163
4025,4.301792574317807,2.6477011231538112,2.3000576143790075,11.09359929287669,18.846476940646085,-2.6540488547508723
4026,4.978968436091943,2.7211070375029824,2.111663512120381,10.975076037170496,18.764153349240345,-2.2994150453688533
4027,3.3044471671592266,2.7884786906285033,1.9383376903586957,12.21015421755449,18.69318260428816,-1.9740363219924362
4028,5.753011402457567,2.850329550193562,1.7804926242411634,10.263215407567074,18.632550927774183,-1.6800349809275161
4029,4.070238034892118,2.9071781989112475,1.6386366752611314,13.89412753669319,18.581180272226327,-1.4196196042654918
4030,5.5471433586112555,2.959571995210971,1.513374428947194,16.190732571580426,18.53790962082315,-1.194731708216299
4031,4.971233629390262,3.008069827507727,1.405263613143406,19.29115250475843,18.501531491678573,-1.0064172995992848
4032,5.311220219679866,3.053256236087198,1.3149809330701867,21.657579276076532,18.470815134183198,-0.8549079907279911
4033,3.1430556241323306,3.0957352230457396,1.2431540805410224,24.81689931903017,18.44453762563004,-0.7396124836041729
4034,2.4551578872435935,3.136133174789933,1.1901258568663042,26.366351466325554,18.421507635276253,-0.6591093133167725
4035,6.2479571434472465,3.1750769468368265,1.1558020360465493,23.58814551465717,18.400597004742256,-0.6112694771072213
4036,4.897046115828072,3.2131866438597028,1.1405383000715918,25.818631879834157,18.38075633680244,-0.5941401567756266
4037,2.9351439330968523,3.251112833508266,1.1450419875249507,27.89086205062496,18.360987660957214,-0.6058439215208189
4038,2.8349985845523675,3.289522776361366,1.1695165070114122,26.23815344249556,18.340366742034384,-0.6438576262815943
4039,1.3089478630232378,3.32908060064236,1.2138472843624504,25.848300276229352,18.318063819205108,-0.7055897361059849
4040,0.768912356704841,3.370445928652196,1.2776663321646442,23.322312514691276,18.293327426293985,-0.7887460669921253
4041,0.7010218189227893,3.414258356120003,1.3602863975665525,21.183587330658114,18.2654807480723,-0.8914590326103244
4042,1.183145653938464,3.4611316884899663,1.4609171615214356,18.39389096172252,18.233896824119963,-1.0125468813916605
4043,1.6405306575808964,3.5116528335547654,1.578816417276423,15.58944931878682,18.19797762264619,-1.151551892385072
4044,0.5117851973861797,3.5663861163083945,1.7133671825013752,14.189536785594015,18.15712669796096,-1.3088381684864991
4045,1.021354440023598,3.6258773123881904,1.8638369903725316,11.680235036414729,18.11072174474709,-1.4853835942275317
4046,0.9107896678237112,3.6906419156665633,2.029384315625713,10.684595855436157,18.058101125012456,-1.682734388509779
4047,-0.11554984676538334,3.7611696000965713,2.2092084887823082,10.27246590265598,17.99853945217977,-1.9029432380077438
4048,-0.10734060858583086,3.837922481585384,2.402319661685477,9.230054248114968,17.931238242478607,-2.1482554862631886
4049,-0.5703373055846325,3.9213242442089364,2.6075546867943356,8.777098792207696,17.855322419762224,-2.421113905824299
4050,-0.207044191128957,4.011759460705006,2.8236589732042794,8.003757666701702,17.769830648756987,-2.7241623371948798
4051,-0.5155729662842652,4.109568175755888,3.0493372538738583,7.810698987269632,17.673711597282566,-3.0602029724225055
4052,-0.9087116032452531,4.215048610963263,3.28327441302656,5.27306217907136,17.565817117262153,-3.432154703556254
4053,1.2102320041849608,4.328453136624326,3.5240207656773492,1.2199477167742288,17.44490128371215,-3.8433121463043207
4054,-0.3275615244528043,4.449983328675087,3.770350709456407,2.810676730354544,17.30959630750853,-4.2979159522354315
4055,2.607188600413889,4.579809850588086,4.021090125047402,-0.19983133778046636,17.15837355356312,-4.800534834885237
4056,1.289796921737477,4.718056003678247,4.2752352465807775,1.8690672840319849,16.989560651849516,-5.3559060249759405
4057,-0.48254227215085577,4.864825533693471,4.531982950213371,4.218385791518685,16.801313151898057,-5.968859182741415
4058,-4.309235041928839,5.020188200359138,4.79002827920505,9.675545274953947,16.59163670633342,-6.6435138732070875
4059,-3.139919326057995,5.184160752307141,5.047188759568746,10.68168228427757,16.358412227017585,-7.38276964717695
4060,-3.3149064306170835,5.356667450997055,5.3008392730716425,16.18485179722549,16.09945206318829,-8.18849908735542
4061,-7.390013658868721,5.537550037178584,5.548452525256722,26.368067988891767,15.812512287860557,-9.061533637938446
4062,-9.089522512712428,5.7265642860141694,5.786816672625368,34.5742397032307,15.495349820659062,-10.000290963362275
4063,-8.327086865819902,5.923337815353609,6.011806167888962,38.028467507714765,15.145826223636405,-11.000364350579082
4064,-6.467512492263047,6.127351363873434,6.219098751161503,40.399333035561796,14.761992197287123,-12.055514019385294
4065,-5.583937471026986,6.3379443987643755,6.4047024637294925,43.58334373768845,14.342125289010719,-13.15852493220933
4066,-0.8531976212062918,6.554331528122066,6.564971606773473,43.979163928845765,13.8847572018065,-14.301236515823303
4067,5.55950110788094,6.775609172549274,6.697031850571196,40.407169720345166,13.388709521289165,-15.474825420624772
4068,1.5390912611126708,7.000800318160146,6.799600839610962,45.84380714934619,12.85310217376485,-16.67079882648764
4069,0.8627215026679054,7.2289158951900045,6.87168556649004,47.51680761487782,12.277322932856656,-17.88023322679809
4070,-1.0466318288949854,7.458912689259482,6.911527193631741,49.501193671788855,11.661086625311643,-19.09298262890811
4071,-2.12471554844129,7.689684374765454,6.916914257834756,51.60982344178662,11.004457424262782,-20.298179922465074
4072,-2.2807129564052944,7.920040306448466,6.885122539475095,52.89195119234735,10.307874630480638,-21.484160077707894
4073,-0.6976018485691489,8.148692544063794,6.813175737327559,52.50501541105656,9.572180085748922,-22.638552625244284
4074,2.7353640149961462,8.374252022270303,6.6982415097785175,46.99634275595875,8.798637788797686,-23.74864099542026
4075,7.043079744832595,8.595241978049028,6.53816587550585,42.07262396957667,7.988937352720905,-24.802360882545553
4076,12.748593509264134,8.810129747304027,6.331879508112701,32.816827698319585,7.145147063294649,-25.78896387054114
4077,14.47035374213745,9.017367278589875,6.079737256352784,27.489500246059166,6.269673094684829,-26.699564193152394
4078,15.437250370922847,9.215445564394212,5.783135651371865,23.061431543893235,5.36517611708449,-27.52718897084264
4079,18.70096179894455,9.402909655348,5.4438107625987975,13.78026850690722,4.43452716329532,-28.26605128890883
4080,20.762699489402745,9.578366281900799,5.064070429939909,6.333889457222625,3.480772697823901,-28.912129937652004
4081,21.953625638533545,9.740514350677326,4.646960433162608,1.4796779011834502,2.5070518341185193,-29.4636109176498
4082,22.06409839360168,9.88816364411164,4.195960028312031,-2.1529040787396383,1.516531969980581,-29.920222736570306
4083,24.50035737213045,10.020245019231462,3.7146959249580913,-7.14561964347979,0.5123703183471655,-30.282663821309022
4084,23.318984226220053,10.135810039108845,3.207131941159691,-7.852787711861083,-0.5023122847733541,-30.55261858724863
4085,23.473453310955453,10.234053815308775,2.677381673893029,-10.30241484009769,-1.5244709208027434,-30.73231882914534
4086,23.640722492122674,10.314302150701714,2.1293742231602852,-11.977119888127532,-2.55113354004971,-30.82416288159167
4087,25.17324059320878,10.376012096852794,1.567059990009847,-15.584648950120666,-3.5794151129088547,-30.83085771262602
4088,25.581143539527453,10.41877281670237,0.9946210283944534,-17.710558307622897,-4.606524054224778,-30.7555901960286
4089,26.377081484933576,10.442320165412424,0.41651240248647525,-21.81948231461105,-5.629787792644095,-30.602094140113905
4090,25.177880940697516,10.446540310201469,-0.16264166968604776,-22.475775249828366,-6.646663663565705,-30.374725592524197
4091,20.394100145412985,10.431477387433354,-0.7382810653022709,-20.560288694938727,-7.6547694988123745,-30.078245826429097
4092,18.09922962094361,10.39732157251465,-1.3067337328515993,-21.504425768976752,-8.651880051994311,-29.716927750260034
4093,16.891898037038803,10.344361805243247,-1.8653729142875175,-23.357298997031002,-9.635898015496377,-29.294601649973266
4094,14.590762515069743,10.272963378228816,-2.4120796831108837,-22.623427412815502,-10.604853495325862,-28.81521913510091
4095,13.011143596292108,10.183556493035855,-2.945238337924252,-23.19860186020803,-11.556912624503104,-28.282607801570823
4096,12.883908918883444,10.076614155700533,-3.463786342676771,-24.52936718067054,-12.49036068209725,-27.700285987192423
4097,12.26537874536413,9.95263740352407,-3.9668857769364685,-25.310349145860478,-13.403598356982599,-27.071775068148618
4098,11.914651558701758,9.812155103904768,-4.453775279069445,-27.071773364948875,-14.295145686640492,-26.40063583591024
4099,11.312372249685115,9.655719051586107,-4.92379829263851,-28.243422471009715,-15.163640746043281,-25.690538767984634
4100,10.789904225056064,9.483901884395534,-5.376395823085076,-28.412593973789555,-16.0078482711728,-24.94532877438937
4101,10.833585921185003,9.297292663380436,-5.811127316433282,-29.889420705620893,-16.826662664335906,-24.168795465401605
4102,10.5107643918815,9.096493396633315,-6.227570116518795,-31.7463753080444,-17.619101302199574,-23.364725919835934
4103,9.718263354952386,8.882121322279183,-6.6252854673689665,-32.32437668719463,-18.384311058991635,-22.537163360591723
4104,7.541809539869059,8.654807698808717,-7.0039387271754805,-31.364311317524404,-19.121578859572356,-21.690281468308257
4105,6.2005728242006555,8.415192073800817,-7.363571065107477,-30.403192506667082,-19.83032982354552,-20.827973687782393
4106,7.8889882530750794,8.163902961134886,-7.704677305844827,-32.87981059308863,-20.51011043875785,-19.953632752666604
4107,10.884239911925398,7.901546920077829,-8.027627649050588,-35.22608770249831,-21.160572007056626,-19.070670277014123
4108,11.15527245457888,7.628727784531513,-8.332019441607406,-35.26692486149878,-21.781488457225457,-18.183017240747965
4109,5.356038520588684,7.346078957304002,-8.616884744281954,-30.364407199909344,-22.372773156439823,-17.294770536444144
4110,4.893387484983773,7.054268801579383,-8.881995075213975,-29.954618837579225,-22.934473159655067,-16.409123855926833
4111,1.8778420951432657,6.753945952289737,-9.127967686411642,-26.256792372264847,-23.466714746834946,-15.528309486801728
4112,1.7698238044232408,6.445737622485273,-9.35584899442735,-25.35685089081774,-23.969693792108515,-14.65378623277477
4113,2.393572966121772,6.13022268599458,-9.5670594071712,-24.80423611614252,-24.44363382901993,-13.786175258656534
4114,0.7808665348216437,5.807933662007193,-9.762849892993493,-21.64258858602755,-24.888772142685617,-12.925736460455042
4115,4.099808977799302,5.479366026461681,-9.94452363758288,-23.909136534547414,-25.305349593050266,-12.072040745323172
4116,3.986667681859699,5.144965419501668,-10.113033321301316,-23.905810320032472,-25.693574859040496,-11.224397777763837
4117,5.235415243382796,4.805163805041593,-10.268756329234922,-25.028513219772904,-26.053642778234522,-10.382334092681376
4118,4.586771897211006,4.46038166421934,-10.41180092361249,-25.987363449903732,-26.385730465219254,-9.545431405984903
4119,4.581029860471439,4.111043743467427,-10.542084330484048,-26.747480698388344,-26.69000487196685,-8.713478040323892
4120,4.557152168771071,3.75757604218707,-10.659517867257629,-27.66788137200041,-26.966629001240847,-7.886423304362307
4121,4.576301289851255,3.400409218983585,-10.763912746986385,-28.480722858643347,-27.215766425591003,-7.064380022800769
4122,3.0502619009225858,3.0399818590546444,-10.854975212817104,-29.27823685954249,-27.437587669427565,-6.247640575598616
4123,3.6979986114231114,2.676744204795778,-10.932528878115084,-30.1731499520223,-27.632275797297577,-5.436666773751906
4124,3.582574432393104,2.3111466005136387,-10.996420351236793,-31.06130391717754,-27.800032121011025,-4.632110160277989
4125,2.0587680750129373,1.943649514713325,-11.046308704841262,-31.94238798656037,-27.94108314131611,-3.834833528178603
4126,0.5336928667123926,1.574726020190888,-11.08198775615849,-31.207832289841917,-28.055687689556265,-3.0459168399978864
4127,1.3623919053638485,1.2048503309694256,-11.10359519090649,-33.27258234075826,-28.144144263982636,-2.266423830804829
4128,-0.17459855341148917,0.8344863407971219,-11.111262386399455,-32.308333964220004,-28.20678261160992,-1.4975858430802091
4129,-0.06556845770741905,0.46409950520946197,-11.105115969168903,-33.04526648900552,-28.243983320187983,-0.7407753983631693
4130,0.7558043635675389,0.09414527618586166,-11.085384755450779,-34.51715620964269,-28.256167638167465,0.0026836305258015614
4131,-0.9734420587429209,-0.27492614515392333,-11.052049117848677,-32.324995625464396,-28.243804411486263,0.7311462572791605
4132,-1.0673026936454804,-0.6426579983373835,-11.005114537060942,-32.594713916778105,-28.207424554348854,1.4430745749880458
4133,-1.024084837589309,-1.0086004476246528,-10.944748029760657,-32.40141504413461,-28.147599439820393,2.1372093003040327
4134,-0.6297051212880568,-1.372307866988094,-10.87101504419713,-33.68117194307454,-28.064943934328586,2.812265480218379
4135,-2.1212542002702186,-1.7333347839044615,-10.783807456129043,-33.59045960919723,-27.9601150744725,3.4667754156022923
4136,-2.074148178774635,-2.0912283640633635,-10.683072523295671,-35.27472844146148,-27.833825573288433,4.09906671417767
4137,-4.298160542789917,-2.4455396187908396,-10.568865390379006,-34.16112653271462,-27.68684396019399,4.707195650143561
4138,-4.769344213270153,-2.7958193900886306,-10.441459006683951,-34.7386489673826,-27.52001252994553,5.2890930020908655
4139,-6.360120279895695,-3.141636885903103,-10.301422329248703,-33.84602842512814,-27.3342377600546,5.842722600160997
4140,-6.4912470523966155,-3.482580878705211,-10.149527422132676,-33.70625770492116,-27.130497689934796,6.366042696952192
4141,-6.868852092651563,-3.8182720473786147,-9.986700277393778,-33.32666842457848,-26.90983491359112,6.857107142326715
4142,-7.250312977236509,-4.148360897198129,-9.813841919459747,-32.49278963193909,-26.67335721377968,7.313983906503125
4143,-8.779489425556683,-4.472528175342598,-9.631867244596094,-30.00473121070823,-26.42223598649091,7.734853427425357
4144,-10.523306495159927,-4.790485380171202,-9.441877975963177,-27.4071518783621,-26.15770031861799,8.118317615930302
4145,-10.075850637883242,-5.101986707073476,-9.24536705324909,-24.95263157315553,-25.881014812095557,8.463657949956005
4146,-8.645260090379155,-5.406843183721142,-9.043926586168162,-22.314700173899382,-25.59345645528759,8.770826685873576
4147,-8.503202345020627,-5.704915146151354,-8.83877776055352,-19.69864414651049,-25.29629303303732,9.040449435407627
4148,-8.79936949125583,-5.99609503442471,-8.63081824876662,-16.850266336329256,-24.990759826260415,9.273846141269981
4149,-8.999916919895698,-6.280303029402462,-8.42088101644431,-14.575091712218338,-24.67803662361932,9.473059698141633
4150,-9.386539091939872,-6.557487102187664,-8.209787330314008,-11.344701973612956,-24.359222513050973,9.640802949014962
4151,-9.235395853768303,-6.827622184756729,-7.998362290283958,-9.447696223849128,-24.035316427018323,9.780513516380367
4152,-9.555995012956172,-7.090711254873261,-7.787384624874538,-7.095850225202042,-23.707188278625615,9.896295904687342
4153,-10.252244747658844,-7.346781159748365,-7.577578969398595,-5.3972632896011135,-23.375563366705833,9.992789473765793
4154,-11.631000922049218,-7.595883186166501,-7.3697439668520515,-3.4164349579349107,-23.041002313707896,10.07513778566528
4155,-11.064315234903402,-7.838097424205168,-7.164911698304075,-3.192453163987622,-22.703887514328148,10.148932476850643
4156,-7.34670118654718,-8.073543966053439,-6.964161941745086,-6.441286449973703,-22.364406815251186,10.21999316452586
4157,-6.976656487144131,-8.302374886988174,-6.767866360229551,-7.698821613607407,-22.02255463669309,10.293589051860721
4158,-6.670758758323897,-8.524735056735409,-6.575719732993219,-9.191772577753262,-21.67816754512714,10.37421791841016
4159,-6.180372252355987,-8.740756202521055,-6.387249231817513,-10.612707749484322,-21.33094010879908,10.465866494430074
4160,-7.229866657982663,-8.95055167218991,-6.201798430758965,-11.315896152612034,-20.980443112165133,10.571985363590777
4161,-5.383726639370197,-9.15420943123832,-6.01873072460732,-13.589546773875988,-20.626141084559695,10.69560549400375
4162,-4.805620112227049,-9.351800387163731,-5.837229563555768,-15.20957385966242,-20.267402745898217,10.8392103853833
4163,-5.376258971308633,-9.543358068808704,-5.656058239883812,-15.447958978145536,-19.903527058867475,11.004598507431016
4164,-5.790353291519131,-9.728870936489319,-5.47392106807612,-15.184064988082795,-19.533762845402816,11.193184525065014
4165,-9.365455894468898,-9.908286140013779,-5.28961272350605,-15.323047659590678,-19.157314757196474,11.406277802423048
4166,-9.442359965623655,-10.081511784723055,-5.1024668190073275,-16.04109948107194,-18.77334432524128,11.64509531469859
4167,-6.381274947236061,-10.248450594614267,-4.9123075910154235,-20.649386094156107,-18.3809750695499,11.9106135179476
4168,-5.516120024082262,-10.408998957457417,-4.71846493784116,-21.44625718816104,-17.979303424044772,12.202901385370186
4169,-5.244333697873613,-10.563014923803678,-4.519636218383711,-21.68218806464437,-17.567448310525222,12.521106054483049
4170,-5.908801664951384,-10.710308038682998,-4.314302949185542,-21.013448282435064,-17.14456302041257,12.864100109297993
4171,-6.252441695905104,-10.850635120416047,-4.100960234107696,-20.628753080108964,-16.709841636572023,13.230696365650392
4172,-7.52161515004537,-10.98370538762351,-3.8782103152732095,-20.065890971178597,-16.262516596035876,13.619736759514236
4173,-10.793205365113353,-11.109182474767595,-3.6448546091931977,-19.59941824346179,-15.80185918593774,14.030072968489238
4174,-11.459310764486027,-11.226695694903057,-3.400331308202844,-21.678684190839974,-15.327178398136594,14.46057471556573
4175,-9.072474394651103,-11.335871228647784,-3.1446280161673634,-23.91551016245139,-14.837820871566691,14.909732810488121
4176,-8.360980612585468,-11.436337562647548,-2.8774427509737066,-26.09149599114366,-14.33319621077072,15.375252894986664
4177,-9.948520662732664,-11.527700745379365,-2.5979816271451295,-26.18917849184269,-13.812804011900914,15.854036607573612
4178,-8.44667661058963,-11.609536337790557,-2.305552503875017,-27.821523710852503,-13.276260436932478,16.34249506437171
4179,-8.523260003788552,-11.6814042456377,-1.9994502284841609,-29.8627093019375,-12.7233043409428,16.836624953355876
4180,-10.538486499831253,-11.7428330196895,-1.6787348525405665,-31.277631355023125,-12.15381877337542,17.331714688458497
4181,-11.3125855349798,-11.793319902473737,-1.342757663217764,-31.998280312986637,-11.567856695045567,17.822371842362177
4182,-11.53915566669144,-11.832350197237352,-0.991268084951269,-32.05320235142237,-10.965660650551275,18.30271460539152
4183,-12.546209364011863,-11.859404441470488,-0.6241510326601496,-28.737154348882328,-10.347675721352799,18.766569156646984
4184,-14.050108704288713,-11.873960266081362,-0.24146503715271272,-24.702679018701076,-9.714556040108143,19.208065168638207
4185,-14.817544785626875,-11.875502110614002,0.15636417354791377,-20.583772992612005,-9.067138043443585,19.622239312049974
4186,-15.731460092638471,-11.863535987844834,0.5685755121622904,-16.393710800026575,-8.406406752638144,20.005150265885963
4187,-15.351596677478321,-11.83759707646985,0.9941563203167547,-12.030851582673328,-7.733461359051187,20.35389774769549
4188,-13.95993311165296,-11.797258899823717,1.43200888827276,-8.12419588833297,-7.049480236125111,20.666654994012337
4189,-14.731693468814713,-11.742129817251666,1.8812890810357352,-3.452697276852007,-6.355684359450365,20.942623159823807
4190,-14.832116312210545,-11.671839627754668,2.3412307484931816,-0.7662504875480494,-5.653305358803524,21.182074113471224
4191,-13.550817587985685,-11.58604776735212,2.8109193946552846,-0.6267291162245101,-4.94354608521895,21.38616625285423
4192,-13.834381552034259,-11.484445001444316,3.2895929128295442,0.04232942298116882,-4.227560941946575,21.55626821576343
4193,-15.015371925709038,-11.366741573163484,3.776609695842623,0.8362598763387581,-3.5064615375013877,21.69365686614881
4194,-14.084966303006942,-11.232671021721474,4.271077742426392,-1.0877299340321969,-2.781317150869988,21.799612920013413
4195,-15.30687603437496,-11.082003057001724,4.772030349366041,-0.6194505691237282,-2.0531540095004934,21.87503399091065
4196,-16.53883989008118,-10.914535665097072,5.278415124788056,-0.980553315384384,-1.3229815514759447,21.920385114452653
4197,-17.21144330171971,-10.730108715349187,5.788767472448582,-3.099050338919241,-0.5917950018703166,21.935930405674416
4198,-14.292935906560004,-10.5286178336005,6.301287254857293,-5.282755531434532,0.13941380890234978,21.921347949600182
4199,-11.853296685388296,-10.310022898358701,6.814450918920212,-7.540129580235536,0.8696281947696956,21.875458621785416
4200,-14.388968071654897,-10.074321105672485,7.327469213013336,-3.8044767784540596,1.5977777170213776,21.796205581533627
4201,-10.280855838920301,-9.821524950824479,7.839471050287852,-6.91457433801925,2.3227085668719374,21.681534949533447
4202,-9.277615731021942,-9.551689702319962,8.349746528800557,-4.666830734332521,3.0432133803236074,21.529269791504365
4203,-10.359379023626857,-9.264875182237775,8.858268100404088,-1.057626466418938,3.757993219638895,21.336889999321137
4204,-10.930505339954124,-8.961138495626356,9.364913765211345,1.286302538230018,4.465672713611683,21.102532976771343
4205,-13.905486390258446,-8.640547597890352,9.869227918311676,6.6006886567648735,5.164828751423651,20.825009849710625
4206,-13.412020328787115,-8.303189967738911,10.37013480112693,7.301104338277781,5.8540067035923915,20.5040613539853
4207,-14.95893405907819,-7.949205277815223,10.866091809333458,9.92400445495393,6.531766175022671,20.140116192287824
4208,-14.2572108424004,-7.57878384711668,11.355296884156626,9.314315582652341,7.19668111641158,19.73389398546141
4209,-13.277241363927727,-7.192185485538115,11.835714564042359,10.044229738588712,7.847359107386765,19.28621406478239
4210,-13.335311208834968,-6.7897362095138565,12.305446888512286,13.342214820255222,8.482428720730406,18.797718007494275
4211,-11.859603882444231,-6.371822359637296,12.762615652498095,15.03954063717417,9.100540307886384,18.269455155357292
4212,-12.827118083110934,-5.9388951660139835,13.205431467058846,18.529036987518538,9.700392397754225,17.703031313782063
4213,-8.718026577205954,-5.491460261833373,13.632053990687458,17.484893921528823,10.280742395471854,17.10064246694408
4214,-7.880109592790517,-5.03009156663482,14.040979129994975,19.67806670282647,10.84043522888383,16.46467273003248
4215,-7.620475310272686,-4.555394986500374,14.43130328233333,22.052058913941508,11.378387244140686,15.797507554607648
4216,-5.7686943933625345,-4.068004681145931,14.802146858408282,21.89104560359651,11.893602399191007,15.10204831818652
4217,-4.999136185807386,-3.5685851959398223,15.152801176799,21.127078639579764,12.385190465353121,14.381368865068751
4218,-2.806824633549943,-3.0578179360259976,15.482800614512167,21.52571422038362,12.852360323528924,13.638255778720714
4219,-0.3648074357168168,-2.536398488305678,15.791969768494061,23.380810535931204,13.294407517267835,12.875298747356734
4220,0.6975694041286464,-2.005019951459727,16.080668882841607,26.630177222311715,13.710713573352706,12.09528739176907
4221,2.2139593739750243,-1.4643538961162372,16.34962275985758,27.902858394183042,14.10076001005244,11.301642739441764
4222,3.585635857490713,-0.9150451008025549,16.59978025504789,28.765779220658672,14.464156422648824,10.498338350660772
4223,5.268919600914679,-0.35770187911304463,16.83235760444717,29.298464408466003,14.800649233429825,9.689553316088553
4224,4.629475241377638,0.20711207282725663,17.04886076218799,30.240726932088535,15.110126643721394,8.879570181141103
4225,6.4168742724065035,0.7788888383661545,17.250784036359974,27.305971361496205,15.392620578839232,8.07279476217321
4226,9.138484799848408,1.3571643419179216,17.439623424900002,22.922632404982934,15.648312961199608,7.273248559493393
4227,9.238885951922066,1.9415304000261546,17.61737441074025,21.89488990969211,15.877503816138791,6.483784825628511
4228,11.16062043300492,2.531655969300605,17.78627922912446,18.31138237435276,16.080565282908175,5.706380069032377
4229,12.316743551757478,3.127282348634452,17.948706161990597,15.336058341846751,16.257929154074283,4.942260817277457
4230,11.555392204051229,3.728236380099978,18.10730485191952,14.93701985983445,16.41004933739334,4.191621713811351
4231,11.709287582619574,4.334436005429087,18.26460571062659,14.020885959441273,16.537370601661706,3.454106631224363
4232,10.882902408767354,4.945876760808417,18.42286931302892,13.827486670507568,16.640323112808296,2.729122319210333
4233,11.350497627188187,5.562627292964348,18.58407516715861,12.281730471004892,16.719312089609062,2.015876294957941
4234,11.649493766734244,6.184815105285658,18.74996679313525,11.161351558534633,16.774714865805493,1.313290403933003
4235,12.448996579911876,6.8126250791733645,18.92221747195004,9.858098978907023,16.806864783204595,0.6198700465478524
4236,11.670630096780965,7.446296270082327,19.102477956354708,9.781984045669176,16.81603953557535,-0.06625279588908128
4237,11.636467172838673,8.086123609597012,19.292214556852784,10.548812955286948,16.802447930145323,-0.7471574024001981
4238,11.682682961158395,8.732443907205846,19.4925833865964,11.644119187833894,16.766229042082003,-1.4248196843883676
4239,10.895401779774138,9.385629168703439,19.70455109779296,13.96217243188876,16.7074599511861,-2.1009312423604065
4240,11.019449199353962,10.04608064705871,19.928780904861163,15.408418717505171,16.626166959257976,-2.7766619771518286
4241,11.406211358183203,10.71421456236085,20.16564205684041,17.16782881812233,16.52234915270931,-3.452601201673744
4242,11.595597662898875,11.390456784181405,20.41538219754738,19.02966725642142,16.39599354581306,-4.128834013634339
4243,10.243646951921926,12.075240042197342,20.678134733503448,22.818824278733302,16.247093551800354,-4.80487279507118
4244,8.416248820279359,12.768999099748301,20.953657807368728,27.083188527240864,16.075668692808314,-5.479348680292695
4245,8.088078972886441,13.47215056268859,21.241031792469627,30.178434378479665,15.881803639780841,-6.149647592629037
4246,7.303298482861692,14.185067885912943,21.538808800069678,33.21471036557972,15.665692186633045,-6.812006744273589
4247,6.94158578647824,14.908071149359902,21.845164870230427,35.557719872806075,15.427669856829269,-7.461690610945855
4248,6.5097794919601615,15.641412210594972,22.15789203189903,37.364640844023384,15.168246145903321,-8.093096224944807
4249,7.45660834058171,16.385263951486504,22.47444775395822,37.532032395571605,14.888130108499615,-8.699929542548182
4250,7.8365465189711125,17.13970872752552,22.792146428270144,38.76903031795101,14.588250843066776,-9.275522704178938
4251,8.013791468358056,17.904740380037847,23.108276939850878,38.99009713449719,14.269761928221019,-9.81291276749003
4252,9.199107064708963,18.680260523515578,23.419985078397385,38.34528797144689,13.93405665856744,-10.304828019585335
4253,13.703747929627605,19.466072718597673,23.72439016588128,33.41956029578846,13.582773393581997,-10.743962478828433
4254,16.999903419604472,20.26188653457433,24.019225460571505,25.728250130434688,13.217792493312212,-11.123736358914211
4255,14.662007717965787,21.067354415969106,24.30314902626499,24.265962176314744,12.841190969654383,-11.439339547091683
4256,11.758314588140914,21.882096469658663,24.57472330786043,23.07890877792107,12.455169856839433,-11.687212817494759
4257,14.531388795458,22.7056693031598,24.83149038434279,15.010276783936405,12.062043448488065,-11.86407750385003
4258,14.777571762291114,23.537529161948182,25.07072929000188,10.726148989999402,11.664231356582764,-11.96791542137106
4259,19.61696842668424,24.377051255826593,25.289921863094946,3.258663993176583,11.264182420396661,-11.998427655793309
4260,22.202732617507404,25.22352395282118,25.487057641252715,-1.8976989756780114,10.864336179529877,-11.95694414197928
4261,23.489766563465114,26.076188431910108,25.660979589848143,-4.087163404734028,10.467052810931376,-11.846553064895256
4262,25.27927838114532,26.93425592547772,25.810853902846294,-4.513085694782404,10.074565975203527,-11.671316416556143
4263,26.91484668726367,27.796912025433194,25.936049873994502,-3.916637974000949,9.688965049827633,-11.435567662525878
4264,26.698967777398675,28.663325917077355,26.036190238939092,-1.480048865257217,9.312194797701801,-11.143499207314358
4265,27.830205463812227,29.532658041362467,26.11085172769055,-1.3586582709984043,8.946065102673343,-10.798739069168954
4266,27.32201354038526,30.40404936559006,26.159489076711626,-0.26064127954877847,8.592278859757204,-10.404424417625817
4267,25.44424038326131,31.27662397980991,26.18139082111595,2.3745664260378305,8.252436808164955,-9.963404040167525
4268,25.972561322707215,32.14947542033112,26.175231365381055,1.5946409913075854,7.928051923746036,-9.477868440632262
4269,26.549949825884564,33.021639404168646,26.13922489817149,2.25036349465681,7.620578912122804,-8.949633465803633
4270,27.409935187698224,33.892090413542554,26.071490541821483,1.4460444081692714,7.331409692692461,-8.380439472955835
4271,32.61450897618517,34.75973877362341,25.970102028578417,-3.5717692594730437,7.061882947259082,-7.771960193901979
4272,34.148580994787245,35.623430548781116,25.833776445622476,-4.7515211182616355,6.813279013098995,-7.12665204611433
4273,36.67142777725871,36.48199053666491,25.661975478482475,-7.83293532335297,6.58677281085146,-6.447815992632
4274,35.1075754799994,37.33422891401328,25.454507983268577,-6.90623921501583,6.383424613590195,-5.73931599208009
4275,37.37032996022785,38.17895773554948,25.211071021052653,-8.0779269460525,6.204151744712787,-5.005272494447381
4276,40.471473864860755,39.01496698208346,24.931213238247878,-10.131111627296,6.0497397806270365,-4.2497854838946925
4277,43.694047899561944,39.84103861809934,24.615030976029928,-10.52212940071923,5.920832712453141,-3.4773848711017585
4278,42.81408816288716,40.65596904715212,24.263313772171777,-8.449480047466473,5.817914122553586,-2.692921895289637
4279,43.55518255385595,41.45859286957746,23.87695549586585,-7.584064088156659,5.741304586100498,-1.900963260004418
4280,46.17463980686532,42.24776608020984,23.45658883250337,-8.885283410051265,5.6911832385532914,-1.1056120751796383
4281,49.291257213676694,43.02236545841102,23.003109485523225,-11.134877834514526,5.667597114421856,-0.311017410566814
4282,49.46282402995877,43.78130671257806,22.51803358967681,-10.254098586720225,5.670448744515504,0.47815461005005666
4283,51.18942405521895,44.523567697722804,22.003138199420675,-9.878379185264741,5.699474088425193,1.2570374000601436
4284,53.945589342336014,45.248182592539436,21.46025939879877,-9.681948987685786,5.754251237852847,2.0209464770293017
4285,53.4977774840915,45.95425165764272,20.891681741838646,-6.846700012733706,5.83420385356048,2.765269976907838
4286,53.62642680457556,46.64096137532868,20.29982029412004,-4.14523639868473,5.938602569646703,3.485826818962705
4287,54.07757370061755,47.30757301058406,19.686835551446862,-2.194431243821299,6.066592308157993,4.1792318314013155
4288,55.255058616503455,47.95341707875847,19.05477298458255,1.9106042986830545,6.217218025073457,4.842757089221594
4289,55.37460009274538,48.57789120955623,18.405725080435325,6.039052082030224,6.389442780772766,5.474533754654298
4290,56.82120323757419,49.18046541745416,17.741788297485286,8.85802811977797,6.58218694205041,6.073869319985361
4291,56.533558480745505,49.76067709605525,17.065109518642494,12.465203598380185,6.794367402105124,6.64105010431344
4292,57.11164207570545,50.31813938536366,16.377832083610855,14.010289717690938,7.024923615671306,7.177257797600403
4293,57.78061341611229,50.85253256829597,15.681973346200984,15.023696063380655,7.272851255278484,7.684374407446026
4294,58.268935668378795,51.36360427511039,14.979573738755008,15.94164739155039,7.537215242834375,8.164591243713328
4295,60.922655382136846,51.851170817546304,14.272690322810888,13.470675477693945,7.817157338192706,8.62031063478585
4296,61.6614219144117,52.31511696329778,13.563698889174844,12.839875251301407,8.111902618486765,9.053623031547362
4297,61.495354843113844,52.75541741015796,12.855338207268154,12.98377967123453,8.42073220696253,9.466072186544725
4298,62.11317883159371,53.17213951044899,12.150297744659575,12.054306922462672,8.742974097589746,9.859039696723189
4299,59.58307013853516,53.56543725980193,11.451206704948476,14.919119371960818,9.07800152007741,10.233696501294958
4300,59.70793008223844,53.93555329077889,10.760289478525351,14.776940322319945,9.42522053100941,10.591403591600619
4301,60.78275407623757,54.28278989170362,10.0792992680719,13.297841852596122,9.784095092850784,10.933825369410393
4302,64.13957527126152,54.60750657531702,9.410061000090089,9.203491491239134,10.154142222303436,11.262280150837647
4303,60.98013193933728,54.91012729170963,8.754958676274214,11.98977093970754,10.534913769573294,11.577149074401794
4304,59.5900742779854,55.19117048706863,8.11631236230518,13.308416575269177,10.92595216059689,11.878507116808183
4305,60.099532277539765,55.45121478252997,7.495678809946327,11.856075963527942,11.326814244027172,12.166924896968778
4306,59.7874346696029,55.69088240773172,6.894403362675874,11.832771064631402,11.737080487061474,12.44283539553491
4307,58.616319557497796,55.91084167337503,6.313786403575463,12.59278513025798,12.1563366037295,12.706331544410379
4308,59.983548273571614,56.11180150130342,5.754839410823429,10.756936726778335,12.584169256688833,12.957492473954888
4309,59.46016318980829,56.294497634096594,5.2185404334823104,10.522218523655624,13.020169435326492,13.196111371255563
4310,56.49634481873637,56.459704196868906,4.705935951623346,12.802980312942992,13.463910014772537,13.421545071173657
4311,59.006856333661666,56.60822669753815,4.21750215584666,11.055442760200293,13.91493910673807,13.633323840594924
4312,60.022556807748586,56.74087100725868,3.7536011766737687,9.48989087548658,14.372798270812199,13.830924183732884
4313,57.58911738615066,56.85846677598307,3.3150776906176205,11.845916640187866,14.837000718986928,14.013194786604215
4314,59.04688921727437,56.96187618663319,2.902528341714685,10.892321618889298,15.307011256585813,14.178964767814648
4315,59.73815209090135,57.051968665430714,2.516371825893984,9.928146981152722,15.782265036841238,14.327132871072106
4316,59.69921954755122,57.129634308359456,2.157317631498472,9.32466824582302,16.26215344799062,14.456172100073825
4317,59.85601453814294,57.195789840863945,1.8261473039196474,9.094921533634434,16.746009843512827,14.564180312773267
4318,59.84175613444402,57.2513774619541,1.5236385284234544,9.052474980944908,17.233098802175505,14.648988153342337
4319,59.29208570037781,57.29736574275884,1.2505720823094535,9.371850462669983,17.72260905373565,14.708241408262293
4320,58.909616812894484,57.33474893410806,1.007629780728756,9.658809634996231,18.21364822939299,14.73948182136768
4321,58.646256432367856,57.36454106147409,0.795342429943986,12.57121022272571,18.70524117516016,14.740195489859822
4322,57.54153066617121,57.387771762770996,0.6141348107278333,15.04137331459772,19.19632792871698,14.708198143650026
4323,56.34098247945875,57.40548338218928,0.46422038154421585,17.350655558845858,19.685787718070163,14.641959785937466
4324,56.11866955417082,57.41871978820728,0.34546371287689226,19.778313587313775,20.17245858111281,14.540515325272079
4325,53.492955249946945,57.428514296381074,0.2575131903087069,25.487346350509554,20.655155406421635,14.40345891160371
4326,53.193297779421535,57.43588733422786,0.19959026619858378,26.775414737573726,21.132689175219724,14.231450492996824
4327,55.6510290722281,57.441820314127646,0.17047883025938404,25.85614177026217,21.603918772621423,14.026047714628955
4328,53.687801059780995,57.44725258957848,0.16928170431413037,28.934089695936265,22.067759022861654,13.788721979054568
4329,51.091992366057276,57.45310576108192,0.1951735539672228,32.345578920688894,22.523166904558394,13.521126641839079
4330,50.87594496148773,57.460264159842964,0.24664942697103953,35.60864619571069,22.969167465650926,13.225743358998532
4331,50.40721057227387,57.469549056213324,0.32178430648855283,36.86982833386726,23.40488312849163,12.905912267494664
4332,49.8726868187749,57.4817164469422,0.4185489018322741,35.89384843357057,23.829561616817237,12.565515157700293
4333,52.5151200522762,57.497452316335476,0.5347615454189736,35.10111667646865,24.242584139004983,12.20834828757253
4334,51.84946135816859,57.5173672166368,0.6685498715723881,34.32834767920558,24.643451502655406,11.837820335261089
4335,52.39584877950659,57.542022307773635,0.818330164371659,33.558416684663854,25.031772161355722,11.456986157827949
4336,55.98021726445251,57.57192256092824,0.9824943443076606,32.48237135805145,25.407250579843936,11.068553855001362
4337,57.34488664941478,57.60752193072748,1.1600404726591762,31.75118294996321,25.769675751689146,10.674843446656048
4338,57.33914398331162,57.649258592438855,1.3506928045406141,29.8640213326005,26.118906809621006,10.277796484649535
4339,58.32007000280822,57.697568117696854,1.5543661706720258,28.17507759926245,26.454862183999115,9.878859340932404
4340,57.82948167199083,57.75288300381699,1.7711070237906412,26.420957888919247,26.777497432349833,9.47884472315895
4341,58.316906259195505,57.815641919282896,2.001019321823634,24.78068439466709,27.086785165543045,9.077955413198229
4342,56.190087435758684,57.886284291938566,2.244188994384615,27.83493336796529,27.38269445989638,8.675795470057341
4343,55.65285798602988,57.96525451890854,2.5004383521461193,25.174900371247972,27.665171530213534,8.27208922003626
4344,55.918025310834935,58.05298018208164,2.7691713076686852,23.74658140657324,27.934167074565465,7.866533602857366
4345,55.76250360776956,58.14986593941978,3.0497265291455022,21.176885894784846,28.18960710373736,7.458135605213876
4346,56.15407058620448,58.256295284024674,3.341431537175552,19.530891830160172,28.431376114913057,7.045229714642911
4347,55.65025467717241,58.37262804189815,3.643618719412949,19.7048539590364,28.659289084713553,6.625449599367705
4348,56.04333030505173,58.499203198652204,3.9555706465687024,20.498804753537186,28.873072754870904,6.196140190100632
4349,56.56898125024192,58.6363327516694,4.276517301019602,22.291332516689224,29.07236509738693,5.754724667175566
4350,54.961607267619854,58.78430435205351,4.605786068462301,25.539764946195817,29.256721066015942,5.2989494010912
4351,55.09842986351058,58.94338515623355,4.942501084562885,30.418604666511555,29.42562839079301,4.827253315779707
4352,54.850255283025476,59.1138044243577,5.285522151045505,35.40805966450861,29.57853795373459,4.339231348913248
4353,55.42236120894196,59.29575329963659,5.633643513876692,40.37792938382327,29.714910480720558,3.8358980222859707
4354,55.27691488788226,59.48938065861615,5.985655190403918,40.49235257019966,29.834264488553654,3.319705816195171
4355,56.01325805147581,59.69479697899685,6.340354794194418,39.10194786471844,29.936224201800236,2.79382523032492
4356,55.27992674838404,59.91207097822911,6.696568467840223,38.529587960830554,30.02051950390865,2.26120411297007
4357,54.131641036098166,60.14123487685286,7.0530599467408805,37.93202249969035,30.086971142664908,1.7244707480592503
4358,54.55623411812937,60.3822749746785,7.408246778953682,37.392984455299384,30.13548422044593,1.1860570323855768
4359,54.76422996979369,60.635117995449775,7.7603689772477935,36.762107898979465,30.166041611490613,0.6482087515493085
4360,55.345989080609776,60.89963290649502,8.107687180279086,36.37736506521642,30.178698137215886,0.11298596407900874
4361,54.05311990984928,61.17563047413505,8.44850253279386,35.85967004633433,30.17357400909588,-0.4177087225461307
4362,54.89756368403485,61.46286640868128,8.780930060268552,35.232973988512825,30.150850889046144,-0.9421080156032247
4363,55.52725474355866,61.761025811486284,9.102934352077945,34.6941301377819,30.110766808055665,-1.4586106551112898
4364,55.70870801887906,62.06972869881981,9.412612155288755,34.30644766236405,30.05361017870539,-1.9657793600845785
4365,56.34797535107172,62.388533288505535,9.70809059419718,33.801746752623984,29.979714850716693,-2.4623001662950017
4366,56.488919818941824,62.716934738432954,9.987525524355725,33.38662277880458,29.889456834285724,-2.9469723213211196
4367,57.01464010584335,63.05436832346258,10.249092579591483,32.78682797940924,29.783250029295285,-3.4187074429097564
4368,57.73829331206876,63.400207577072386,10.490967517112217,32.130646045258686,29.661543004758407,-3.8765388548714164
4369,59.07217673668427,63.75376615793673,10.71141027465,31.67304383497553,29.52481410563719,-4.319652756432664
4370,58.69798061238146,64.11430159538239,10.908882748429711,31.16731675626302,29.373566154329563,-4.747362539149211
4371,57.3515561378151,64.48102500783205,11.081883354985678,30.706703178976426,29.20832326969391,-5.1590820211025346
4372,58.90187313582823,64.8530938190481,11.228546505314085,30.132021523085342,29.029627352922727,-5.554321654598731
4373,60.54409975595483,65.22959477485298,11.346927069544321,29.592109883435555,28.838035159387328,-5.932694698301564
4374,61.30101098842152,65.60955562368439,11.435443342572853,29.11880870115357,28.634114373035956,-6.2939250908389255
4375,64.13387358198904,65.99195766435784,11.492757889158511,28.477722136056542,28.4184401533314,-6.637828624284836
4376,63.95851126717506,66.37573948296162,11.517953716838747,27.9653591962623,28.1915924647503,-6.964324408058555
4377,64.94599832230203,66.75982124548042,11.510395076434179,27.572815941251037,27.95415185946083,-7.273437268216174
4378,66.67077734850443,67.1430991547239,11.469452800504527,26.911051414612402,27.706696646869222,-7.565257551751259
4379,68.55952472783143,67.52445143218073,11.394786933852572,26.545761231561485,27.449801356010745,-7.839960278580023
4380,71.8632015617962,67.90275161698074,11.286481158973913,25.768052186293914,27.18403262829722,-8.097798195986314
4381,71.03117843278064,68.27688350944565,11.145278322140939,25.529731938992,26.90994814294499,-8.339116296586102
4382,71.02291487047307,68.64577017179013,10.97217692200104,25.203079134192237,26.628091541858147,-8.564330381518932
4383,70.99796118803222,69.00836197091239,10.767940015918498,24.696198508435657,26.338992784177062,-8.773857594999068
4384,71.79800226394961,69.36363283951803,10.53321694917507,24.09252968157196,26.043167702191543,-8.968154127229031
4385,73.05730281920735,69.71057643419073,10.26866557650635,23.306025881664738,25.741115842361793,-9.14775433019905
4386,75.47733849947231,70.04821054461846,9.97514556070918,22.74092945550869,25.433317413511606,-9.313310372165375
4387,76.39212953439264,70.375586138238,9.653961892347809,22.29704180593002,25.120228484217435,-9.465584721377187
4388,78.31362186427,70.69180800410831,9.306816570170469,21.685011520938644,24.80227843208646,-9.605397556995179
4389,77.36079869314312,70.99604057624937,8.935737650573685,21.1782025109722,24.479868647084423,-9.733632238697929
4390,77.25224428435402,71.28752384747989,8.542804970316169,20.654602419600806,24.153369616173265,-9.851243277205981
4391,76.69785699288896,71.56556090760378,8.129851952393636,20.02742999749873,23.82311909527069,-9.95924191324633
4392,77.24472715205657,71.82951397763946,7.698528749746458,19.44857212959596,23.489420155290176,-10.058712849943845
4393,77.51565926631595,72.07879615758688,7.250403802268863,19.081445196972112,23.152538238607768,-10.150821399140906
4394,78.89705877324637,72.31287423112406,6.787090839701619,18.60367552402812,22.812698728680783,-10.236773825905985
4395,79.57106474331799,72.53126888023365,6.310377420627589,18.25535458584561,22.470086650214036,-10.317801403359876
4396,80.08788441842447,72.7335660591659,5.822289463569419,17.814705499615727,22.124845301790124,-10.395156764089997
4397,79.42877024040392,72.91942151113828,5.324967407794432,17.343371612924415,21.777076199274703,-10.47010757696377
4398,78.52914157427031,73.08856388635219,4.8204728138099995,16.76863327055068,21.42683812999254,-10.543954072587631
4399,77.09883702176666,73.24078636539228,4.310582664299787,16.32748799298811,21.07414592776886,-10.618048239676003
4400,77.48104588507763,73.37593606397218,3.796679687573885,15.933128082614004,20.718968247347473,-10.693788603855658
4401,76.66923627099081,73.49389834456387,3.2799480246720236,15.27574374565532,20.361226687511817,-10.772592670429066
4402,78.10740727736174,73.59459926561698,2.761470295614288,14.618519540205185,20.0007954026522,-10.855928328788984
4403,78.43906949071044,73.6779963642715,2.2423897461189313,14.118145357987459,19.637498132259218,-10.945352159745152
4404,78.69774578368245,73.74409191535824,1.7240854245270754,13.446517145457747,19.27110525866919,-11.04248526159072
4405,80.75310386172328,73.7929353925733,1.2080019340145753,13.108727289462507,18.90133244815317,-11.149014505510024
4406,76.60827102943554,73.82462537762588,0.6959108885034482,12.645863952721484,18.527837624968523,-11.266667395971712
4407,77.41259102534383,73.83932945180686,0.18926121649620598,12.085126849273962,18.150221288421722,-11.397179970814282
4408,78.82315448907836,73.83724279205896,-0.31100179467458133,19.718383537901488,17.768025626914238,-11.542328787684912
4409,78.75882579247833,73.81859599882856,-0.8036053754402417,27.378042372514557,17.38073270257606,-11.702725717762181
4410,79.0250155673144,73.78366910036294,-1.2870734847820842,35.055131158718595,16.98784391239676,-11.876594114255923
4411,79.59126608687949,73.73279109984308,-1.7598920979200017,32.30392876249459,16.588959761625667,-12.059760704375755
4412,79.2182299913486,73.66634296050161,-2.2204106448147343,29.555413518916126,16.183859865438375,-12.247201985692335
4413,78.21195933986779,73.5847637235221,-2.666932377300526,25.746113823955184,15.772479629246178,-12.434592722610063
4414,78.58658807251432,73.48854746868157,-3.0979436414033756,21.747405671369677,15.354887017264371,-12.618461429772294
4415,77.53735263596376,73.37823414742854,-3.5119982712000564,19.380800482988008,14.931248867261358,-12.796374421045105
4416,77.4333988887665,73.25441425060157,-3.9077197049566337,17.114493509563943,14.501795389194697,-12.966719454606821
4417,76.88053859565763,73.11771950043143,-4.283868046762791,14.832817167723675,14.066800903620903,-13.128446357003778
4418,75.08610287769243,72.96882304748405,-4.6392623313774095,12.30503044730581,13.626565632061112,-13.281052705313057
4419,75.75031428235403,72.80843534500627,-4.973028174003389,9.967075104619468,13.181397389933366,-13.424621106528596
4420,73.66633673826611,72.63728783588382,-5.284413265612429,7.527492596092458,12.731590891625872,-13.559826053521844
4421,74.04707178889656,72.45614112729878,-5.572827119722419,5.5915413277796375,12.277408986365243,-13.687919385599576
4422,71.4490982458049,72.26576602790233,-5.837880139095901,3.7942506209892883,11.8190629325859,-13.81066916918157
4423,72.65301235261082,72.06694911802572,-6.079457188987405,5.599722479713492,11.356697708419805,-13.930262917618954
4424,73.6386453553549,71.86046888196984,-6.297592560845331,7.760230604786145,10.89037873807797,-14.048750015733198
4425,74.05169864362963,71.64710961396936,-6.491934686560867,9.60743314720959,10.420114374037592,-14.167452000057175
4426,70.57567804792389,71.42767323619911,-6.6618615788821245,11.643767894270823,9.945881938074159,-14.286955178761591
4427,68.56866706400157,71.20298550871055,-6.807142363385523,13.305091511970346,9.467650695453486,-14.407127919782692
4428,67.41469739086453,70.97386374530674,-6.928295463260241,14.842566121542532,8.98540674342198,-14.527147106769478
4429,66.83255420907344,70.7410991444932,-7.026241864531428,16.850820891753557,8.499174221668854,-14.645571129449406
4430,66.27573479981231,70.50544762100465,-7.102092033756193,18.34478627025652,8.009035334792019,-14.760287104325833
4431,65.04450965094831,70.26762634224279,-7.157056149357928,20.176353526491,7.515155081380465,-14.868516170609016
4432,65.06016682709827,70.02831054438079,-7.192539869729089,22.110895324093136,7.0178009234180845,-14.966838626836632
4433,65.464327776673,69.78812368426085,-7.210058659705112,22.544119136847854,6.517365839591356,-15.051127343176924
4434,65.00945279752398,69.54763996706711,-7.21099425296579,24.33728411848884,6.014392433872956,-15.11675472372934
4435,65.53571315816387,69.30739073406313,-7.1966644476228225,25.931808550590716,5.509582191342734,-15.158612894000214
4436,65.59245831278356,69.06786233722559,-7.1683049404697385,27.287346451904725,5.003818240939609,-15.170940362122337
4437,66.60327427801576,68.82950373803182,-7.126993389900207,28.802304985599477,4.498186167201244,-15.14738668008916
4438,67.19762651429147,68.59272944456558,-7.07357764247071,27.559608548143572,3.993992462266998,-15.081024153186302
4439,66.04962640938346,68.35793189520044,-7.008596198981678,25.86505488618424,3.4927845569888243,-14.964734437161232
4440,66.45538887622095,68.1254896979668,-6.932599765135166,24.330677658754425,2.9963434997895826,-14.791686458259532
4441,65.27355524454202,67.89575857752476,-6.846179939478603,22.811802969034332,2.506672126438189,-14.555380939694357
4442,64.53914267484902,67.66907770200156,-6.749974997920702,18.648991694002945,2.0259847704766254,-14.249625993272328
4443,65.93970853727707,67.44576024433005,-6.644840297213932,14.204913201166349,1.5566970602200336,-13.868930316446018
4444,67.33026000645474,67.22608834885396,-6.5314652196902045,8.498527987173986,1.101389416046891,-13.408941208226333
4445,68.12321803007553,67.01032922968403,-6.41005822826898,3.260009914409693,0.6627676463382781,-12.86667787634881
4446,66.47603478234166,66.79875113363603,-6.280438343145036,-0.5720425866239225,0.2436108909569703,-12.240654132441078
4447,68.83981818541423,66.59163334014103,-6.142488063782139,-9.102525728509924,-0.15327596249112707,-11.530605049982206
4448,68.42818012097541,66.38925192938389,-5.995921068401628,-14.262841108487628,-0.5250961123751767,-10.737982693476395
4449,67.25764853422616,66.19190526891425,-5.840099853024938,-17.947078844667438,-0.8691414753895534,-9.866160673391605
4450,66.143240344372,65.99991193918223,-5.674562745568039,-21.336336271833446,-1.1828401572679503,-8.919721355514664
4451,62.66882514313148,65.81360108587639,-5.499129954176567,-20.810891764894883,-1.4637895657571978,-7.904201143192711
4452,62.287031560441285,65.63330327557046,-5.314247801288943,-23.382059268609005,-1.7097869001474644,-6.8254738700188655
4453,61.764751019016124,65.45931789912379,-5.120881521240932,-25.797956264367386,-1.9188211570917888,-5.689639215253441
4454,60.358923700890095,65.2919111741544,-4.920078103597021,-26.37258796802392,-2.0890961811643605,-4.503470782306795
4455,59.951993978965625,65.13131269221732,-4.71312048635582,-26.549338145895767,-2.2190525425789085,-3.2741304691719586
4456,58.92618312698994,64.97770314173067,-4.501512393671376,-24.648623778674178,-2.3073715457758244,-2.0088472610013897
4457,59.611154934104015,64.83121186597256,-4.286923878164686,-23.775288387893795,-2.3529756933123345,-0.7145613272732643
4458,58.83556933389887,64.69190821651969,-4.07103105032796,-21.862044233611023,-2.355008967594042,0.6022195850717926
4459,57.648589971743114,64.5598097959507,-3.85548099675205,-19.578215830088894,-2.312827720974215,1.9354091839456267
4460,54.90944656355267,64.43487615006956,-3.642172284000438,-16.409166907371066,-2.2259816886643335,3.279539321903795
4461,56.12687667455166,64.31699831035067,-3.433549081214977,-18.25847960418526,-2.0941917661806286,4.629933520757179
4462,56.89231884595577,64.20597287798856,-3.2322457332998056,-19.975737590599692,-1.9173194539471883,5.982079038564727
4463,58.1459539647235,64.10151526146402,-3.040567688834699,-22.25769955318834,-1.6953864969429802,7.330886876967374
4464,57.82855192387779,64.00326836539958,-2.8604881119248304,-22.526312058240528,-1.4285936621493633,8.670614040720714
4465,58.18533921311197,63.91081605400236,-2.693810803926695,-23.696492401410595,-1.1173455608949325,9.995065583351028
4466,57.995362711711145,63.82368097847113,-2.5423053520870553,-24.59099052414747,-0.7622559565926281,11.297746650369575
4467,57.88924980103208,63.74132903052989,-2.407689833415745,-25.247685658744366,-0.3641624508702942,12.5717562786408
4468,58.63721950954962,63.66316832291008,-2.2917011510014262,-26.319040358690003,0.07586112865009192,13.809850838742996
4469,57.98979406160926,63.58854895379646,-2.1959568936723173,-26.266610851021177,0.5564942717125722,15.004405106086166
4470,58.119231116828956,63.51677119666526,-2.122036980320452,-25.64757638904789,1.0761548023891696,16.147505435603385
4471,58.597765636126034,63.4470798217751,-2.071576586349657,-26.03478454645569,1.6329946340861312,17.231189284463
4472,57.70975038462879,63.37866609090862,-2.046099443534608,-23.56545883645211,2.224900754686703,18.24736850477754
4473,57.8440147544789,63.310673192206124,-2.047169637855717,-17.144111586169323,2.8494858677379673,19.188093743252452
4474,60.59000301124111,63.24218811505157,-2.076443055862569,-13.103726549969608,3.5041070042368663,20.046556815799445
4475,60.92399094942915,63.17224365514862,-2.1351269890367774,-5.2308636189812745,4.185922988791264,20.817315001948757
4476,61.10003725380312,63.09984631578245,-2.2239501442185983,2.51002181678696,4.891928004366783,21.496498378340256
4477,61.37446456325106,63.02398031220071,-2.3435442183682653,10.666659247996819,5.619022880680614,22.08235245109149
4478,62.37595654473449,62.9436100345579,-2.494451874826069,19.260698033815174,6.3640848344395495,22.57527362066608
4479,62.89644506070508,62.85768352054564,-2.6770028119687694,26.52918516084496,7.124041122058353,22.977930239960177
4480,64.76385961815313,62.76514318042665,-2.891275677296079,26.899362217513797,7.895946850436895,23.295125657654108
4481,65.29409778794465,62.6649318087259,-3.136967492951648,27.360602816589534,8.677049499235293,23.532571318539482
4482,67.1635159202687,62.55601201422987,-3.4133900817336382,27.603306507433743,9.464784938339527,23.695871365139077
4483,68.99027206734883,62.43737246994366,-3.7194673334942863,28.142576519660224,10.256774256911232,23.790501328196
4484,70.26191604028737,62.30804752533025,-4.053539669497823,28.772730859899667,11.05081836021926,23.821818110960518
4485,71.31861062304782,62.16713649197714,-4.413449898574342,28.04132465651928,11.8448954643086,23.795116665916403
4486,71.93638850770259,62.01381753209196,-4.796654415295691,27.618723694945956,12.637159471280354,23.715440731724946
4487,70.49620327948828,61.847359530957426,-5.200316863462362,28.635120797266396,13.425924846423596,23.58742655069416
4488,69.06967122473101,61.66712974119447,-5.62167562921676,29.855494405080535,14.209654574659965,23.4155635611842
4489,68.64988083158583,61.47258115567631,-6.058343833122386,30.408788041984067,14.98696241716921,23.2044399809294
4490,68.64810432458731,61.263240152319646,-6.5081534178719025,30.94088002709161,15.756617240055258,22.95867564620588
4491,68.14676865265216,61.038704261151516,-6.968938954817077,31.593421180169642,16.517540793582935,22.682821755677686
4492,67.16094960898349,60.79864422199851,-7.438545310761953,32.14621197294193,17.268805357100437,22.3813780651232
4493,67.83975299798227,60.54280124043405,-7.91496940945148,32.57976835040584,18.009632664591148,22.058798700073048
4494,68.28313107671596,60.27097959470174,-8.396180086626792,33.1281409834866,18.739391937105307,21.719462580609523
4495,67.30470072752132,59.9830559013256,-8.87990084196204,33.46092486679416,19.457596836631783,21.367675962263828
4496,65.74301353167665,59.67898620523761,-9.363851503212821,34.14237393718021,20.163903667922895,21.007660814910896
4497,60.80089080892777,59.358799134444745,-9.84604158886416,34.58302457889772,20.858107557625843,20.643578098988637
4498,58.62837519664772,59.02258343264666,-10.325354921039427,35.110705254059255,21.54014220785547,20.279547374550777
4499,57.98383471797908,58.67044213970878,-10.801635676960792,35.493697711355495,22.210077382595895,19.919627544869947
4500,55.90661098468578,58.30247438751594,-11.275044576505238,36.52234013424979,22.868117377513467,19.567811891343645
4501,57.193805015071106,57.9187725012751,-11.746039990467843,36.832755743149335,23.514598175352138,19.228106135768535
4502,56.51814800421945,57.51940505481809,-12.215085993877146,37.377790981395066,24.149991119898036,18.90452113571154
4503,56.12498960862766,57.104433435016624,-12.682439280456386,37.92615398974958,24.774899584399574,18.601004338633782
4504,54.85345188871246,56.67390910278766,-13.148394385170086,38.5056201551276,25.390058075806955,18.32147837309611
4505,52.291511206494704,56.22787380933862,-13.613367660009743,34.41266406951004,25.996331475939314,18.069849177632307
4506,53.33526433793521,55.76635125878701,-14.078215157872407,28.967865082061607,26.59471468764911,17.849318596560106
4507,53.473322883044624,55.289326132147124,-14.543883733754619,24.678491324338367,27.18628604904332,17.661491051846472
4508,52.316802071915184,54.79675900987004,-15.011004940138264,24.05596566812791,27.772147424438874,17.506346521557212
4509,52.20619302872768,54.28859246947124,-15.480217596594237,22.135049975868384,28.353375817147136,17.38295948548002
4510,50.914413276862426,53.76474450343042,-15.952200136444539,22.549146220994075,28.93101139013754,17.289852658537104
4511,50.850310121238444,53.22511246037494,-16.42768606855583,20.90797850523944,29.50603266104961,17.22515236214141
4512,51.77733710888227,52.669565432193366,-16.90745238280588,19.05528691602636,30.07935488094697,17.186631046405143
4513,52.943872031217644,52.09794896818788,-17.391984894480288,17.01849821461795,30.651808064143285,17.17137085476404
4514,51.8238635130974,51.51009977256135,-17.88129048928205,17.085645717895204,31.22411293793124,17.17570517607033
4515,52.142952374268084,50.905862935569075,-18.37519671900452,16.807633271243347,31.796855075881307,17.195504280546672
4516,50.484701204550085,50.285086657961045,-18.87347296806496,18.000593936470096,32.37047988996768,17.226436811059518
4517,49.91840061346364,49.647631404364745,-19.37590559513879,18.091442356950765,32.94528419661861,17.26413699795561
4518,49.13953433053074,48.993359618285126,-19.88242465303408,18.208700945810747,33.52142235649806,17.304259202906884
4519,51.58038019454627,48.322136427495806,-20.392968141190195,13.980742794813807,34.0989014768124,17.342317585694538
4520,54.8254737109993,47.633828408872446,-20.907029814423232,11.443770761687915,34.677576862211026,17.373043489574087
4521,53.50772135555603,46.92833443986759,-21.423055749194972,12.397034090424228,35.25710437611734,17.38999037353274
4522,53.09459357705609,46.20562469225945,-21.938998160024816,13.465140351425504,35.836909553779876,17.38630396773484
4523,53.725589458557316,45.4657345625326,-22.452854270141778,11.846313292543798,36.41619130729966,17.35525818929549
4524,52.49974336058739,44.70876774091666,-22.962371413160483,12.69834013123625,36.993926766399575,17.289872702824773
4525,53.47574078170706,43.93490980165524,-23.465162792132368,11.717060730333387,37.56884948748798,17.18288109667249
4526,52.599023403737576,43.144423554774505,-23.95865112589636,14.395941710989277,38.13945217284441,17.026826335990357
4527,49.61184422164619,42.33766639326215,-24.44001174838416,18.817744648954672,38.70397124322067,16.814333480979684
4528,48.60064702913448,41.51508943821556,-24.906757050281385,31.31402973158484,39.26040773824305,16.538914685224952
4529,46.65907908510206,40.67721592324339,-25.356751704532172,44.234430640898054,39.806565555569,16.1964311737486
4530,45.15522174895828,39.82463932458008,-25.78805255436727,41.36036287668868,40.34016981649296,15.786359735251061
4531,44.8599859715456,38.9580124196189,-26.198977412028306,45.292792753730225,40.85898953791907,15.309510509030169
4532,43.90783753882309,38.07804083044486,-26.587855969533436,49.30897468052707,41.360803850428304,14.766694517397845
4533,45.49248893004329,37.185488688316674,-26.95294368454178,49.623821536529235,41.84343583907893,14.159752989555194
4534,45.64336781522301,36.28117791814208,-27.292138381482225,53.71459993777093,42.30478738306532,13.491024799535545
4535,45.119212737627926,35.36601279621786,-27.602812609453764,53.15385230141726,42.7428374923813,12.763363575790194
4536,41.960568358511416,34.44099041084516,-27.88212386419584,52.48337520703414,43.155678288118,11.980014127620606
4537,40.504806819893474,33.5072045386048,-28.12750364225927,53.28288757296309,43.54150510088934,11.14391164874526
4538,37.16564883677791,32.56582350136121,-28.33679320416776,54.85509474106587,43.89860573136768,10.257891756950066
4539,34.318544428671075,31.618084991660286,-28.508267984652313,55.13589342645402,44.225364551352676,9.32503227530674
4540,32.066492083584265,30.665272302384388,-28.640842413879124,55.10002236292647,44.520274549721464,8.348584881757652
4541,29.81187092807751,29.708695497401678,-28.733906562322638,53.990758921919195,44.78193687680319,7.331745231926874
4542,29.745196083838493,28.74967853156288,-28.787236722810334,51.59053367622572,45.009057565183255,6.2774559335569435
4543,27.709198013788125,27.789546382547655,-28.800669517063042,51.105974334941905,45.200433939040316,5.1880650418106455
4544,24.017173959272196,26.82963389709201,-28.774068857230652,52.603486863460645,45.35492856797063,4.065429405955712
4545,21.148421219357854,25.871275125398945,-28.707864910837966,52.863975070551945,45.47146256610403,2.9115050719781266
4546,18.702593679461746,24.915776236369478,-28.60317819710426,53.01034384128208,45.54902890610251,1.728469202179106
4547,17.02775085862961,23.964396578925328,-28.461634930848607,51.8706802936875,45.586693846249304,0.5185305962818276
4548,15.296562796379519,23.018333907646237,-28.28519052303605,52.88986090791202,45.583597612521295,-0.7162667864705696
4549,13.113524946255755,22.078717210722925,-28.0760247153637,53.874434213815235,45.538942727151266,-1.9739020433854293
4550,12.416360330692646,21.14659892662199,-27.836618899259253,54.04395955620696,45.45200414296227,-3.2520492080570307
4551,12.09138944732186,20.222942617438974,-27.569604427681114,51.351018835639465,45.32213944661413,-4.548191128581394
4552,10.557762957009531,19.308625298109916,-27.277488689457368,51.40578297334771,45.14879140105684,-5.860153651799145
4553,10.19496173973466,18.40444337147515,-26.96278214021646,51.64494118405497,44.93146253649419,-7.186109839267303
4554,11.516729391072854,17.511106488762152,-26.628006823735788,49.91894611605369,44.66971741177235,-8.524130950992976
4555,9.373102001242577,16.62924291655943,-26.275274887833646,51.12368482594562,44.36318713976132,-9.8724381037362
4556,6.31643010370133,15.75942149623991,-25.906556716280047,53.08979309598256,44.01155487152327,-11.229245422413214
4557,4.767977342673776,14.902139135474094,-25.524335510052047,54.80587598985218,43.61457077826711,-12.592197649051897
4558,6.887334733600263,14.057799128903106,-25.131522438725238,53.22536844839196,43.17207502825315,-13.958280653986712
4559,8.936292525886948,13.226704306225745,-24.73069074166686,52.16712328838665,42.684018734667994,-15.32433531450927
4560,6.68332345640351,12.409086412791982,-24.32354467861856,53.08159247139753,42.15045267395253,-16.687456521440645
4561,8.39431174803553,11.605134660984508,-23.91157367875727,50.844875507740596,41.57152163323862,-18.044608627742562
4562,10.821868139558322,10.814981500874831,-23.496106633809326,49.20214158980319,40.94747876543636,-19.392787176805655
4563,8.56597421766947,10.038727552063886,-23.07761997677357,51.107614151218186,40.27866915478491,-20.729385710558148
4564,7.406702977555498,9.27647350242326,-22.65633168553899,48.99982762146102,39.565519718065815,-22.051566450801907
4565,8.784540402092091,8.52830543969462,-22.23273880141036,43.98063215685994,38.80856472473145,-23.356316203289644
4566,6.578749729083531,7.794290915662569,-21.80708126099086,42.05068398340045,38.00843197117984,-24.641462965018732
4567,2.064939417183637,7.074500022295229,-21.37950171541393,42.731943971139174,37.16580052706353,-25.905636544613877
4568,2.403666291401305,6.36899080130164,-20.950925852228096,40.808656137200586,36.28138953487225,-27.147408150653156
4569,1.0339569378960072,5.67777163214669,-20.522688258349238,40.579603919691664,35.35597331701999,-28.365276868883633
4570,0.29061889205897024,5.000811584078358,-20.096069133400295,40.53470619717734,34.39037107694667,-29.55779271753226
4571,-1.093207650099707,4.338033689920003,-19.672459440687142,41.02797274947787,33.38545380251784,-30.723265252863534
4572,-3.660776414694071,3.6893142880325485,-19.253367235744125,44.07826674919876,32.342153393422436,-31.859644336650916
4573,-4.528509854420834,3.054475874203728,-18.84069313326372,45.362326234229315,31.261477513407776,-32.96404831984905
4574,-3.3628498994120735,2.4332680791483003,-18.436657717483378,44.42154322973498,30.144550172099166,-34.03263518430413
4575,-3.393166620533626,1.8253653597048363,-18.043250493173943,44.75455430768491,28.9926351677875,-35.0611850769636
4576,-2.0837263572140836,1.2303847129367043,-17.662109365169893,43.2236575349058,27.807137833634926,-36.04523113962529
4577,-2.2959299103488724,0.6478914020268434,-17.294503157932866,42.90815564474221,26.58961975847915,-36.98013706374564
4578,0.028080587136593706,0.07741783574117989,-16.9413624409993,38.68617990389326,25.34179536271855,-37.86118377053734
4579,-3.064450432174153,-0.48153276070644324,-16.603132304217585,38.97362259476114,24.065540840443326,-38.68396031267545
4580,-5.07608480679504,-1.029457651206659,-16.28020417019986,38.690856041968445,22.762864675206853,-39.44426548074304
4581,-4.654322094425974,-1.5668797053864338,-15.97356386814295,35.01387487327382,21.435923141727123,-40.13751387679896
4582,-3.297329227150824,-2.094361909082856,-15.6842722512779,30.477102148352685,20.08703041675359,-40.75931789642284
4583,-5.558105003537546,-2.612497855471627,-15.41296731380561,31.160553940925283,18.7186352819656,-41.30611343710978
4584,-5.421192157913761,-3.121893063336563,-15.160265958686956,30.608208666011123,17.33328952094627,-41.774505327194134
4585,-7.714453974936583,-3.6231822527174242,-14.92694811604445,31.0990161949004,15.933668260152658,-42.16066941128922
4586,-6.5208065031049305,-4.117022937739526,-14.713964079067196,26.434714575026703,14.522578226860322,-42.46037655355104
4587,-6.9914803831968255,-4.604113191321904,-14.522279678035384,23.31680317878073,13.102976489915921,-42.669600267202476
4588,-5.064165576913896,-5.085174916275219,-14.352607368543865,17.444016166354757,11.677938209046824,-42.78505036853693
4589,-2.8322682218050783,-5.560953682558162,-14.205299033673931,11.661164379067316,10.250639798680126,-42.80435060745361
4590,-4.117278311124169,-6.032194851853481,-14.079945787221941,8.920821879087313,8.824314835216583,-42.726433805963346
4591,-5.262997683753119,-6.499616735039624,-13.975857114446564,4.854560730482149,7.4022108782825695,-42.55107586485338
4592,-3.663366656761066,-6.963918659483252,-13.892564374455759,-0.5800205074037734,5.987576444226358,-42.27864127497505
4593,-1.0646826727475442,-7.425787693336675,-13.82939287904506,-8.195792835236432,4.583634793284233,-41.91048549540756
4594,0.2909132714800586,-7.885878184752922,-13.784905916670587,-14.662794467909187,3.1935440778658535,-41.44948547505181
4595,0.5076856466739935,-8.344781421114714,-13.756941667300673,-20.32936240228952,1.8203357616141123,-40.90019682572601
4596,0.10796166483288565,-8.803007629239634,-13.742967839399176,-21.892303421767238,0.46686428948411907,-40.26856854092362
4597,-0.4187761581854484,-9.260979277074659,-13.740342967426757,-23.74755523228646,-0.8642354744474621,-39.561219195621455
4598,-1.4647386521375578,-9.719030493734751,-13.746427112117825,-24.218707471909383,-2.170550323557311,-38.7848764560848
4599,-2.8439298345625392,-10.177407751215847,-13.758677983717025,-24.860498380533805,-3.4498939048531154,-37.94622174056323
4600,-1.3174498680290607,-10.63627569264922,-13.774777643520872,-25.33144167666093,-4.70029843959486,-37.05171747101599
4601,-2.228242154698139,-11.095726260783906,-13.792249854072391,-25.95763705182781,-5.920008402920848,-36.10761535603919
4602,-4.866032101127397,-11.555759016254045,-13.808390267519473,-26.91732082602148,-7.10747279666414,-35.11996293943458
4603,-6.3984980711269674,-12.01628561195187,-13.820885489315922,-27.55234016516367,-8.26133926554982,-34.094685636439095
4604,-7.856986416917094,-12.47715138220844,-13.827905362579402,-28.22967717667536,-9.380451839093412,-33.03759783695476
4605,-9.500375578721368,-12.938145969457164,-13.827927479247153,-28.753596808782184,-10.46384578801347,-31.954371083988164
4606,-12.111371010947629,-13.39901321415825,-13.819753605028957,-29.37397977935897,-11.510743244692623,-30.850528032290505
4607,-14.803870699730098,-13.859462876459094,-13.80268105975258,-29.932625211903016,-12.520547656832838,-29.731444717716144
4608,-16.01504196523923,-14.319191951475089,-13.776658803643507,-30.648697810345965,-13.492839559207033,-28.602366663972447
4609,-17.068985221360418,-14.777906796701995,-13.74207944936697,-31.270685386430387,-14.427372101097667,-27.468434205921575
4610,-17.997396638895378,-15.235330581432887,-13.69953586273291,-31.927399263164652,-15.324068506268471,-26.334703101816626
4611,-20.040781260843406,-15.691209187550855,-13.649779458430675,-32.59304257565334,-16.18301897455211,-25.206146947748405
4612,-21.87273409869526,-16.1453158786616,-13.593867754086295,-33.11256523298362,-17.00447830278503,-24.087674908593684
4613,-21.031790522740632,-16.597467037823275,-13.533299222296122,-32.77215104005545,-17.788863968458354,-22.984122505285995
4614,-20.373712296947918,-17.047535826814673,-13.46958493839443,-32.41768888992449,-18.536753136470765,-21.900113099619123
4615,-20.752740132812075,-17.49543936704957,-13.40387890731499,-29.375596823542438,-19.248871508432963,-20.839938870671784
4616,-21.285891210490387,-17.941127753969006,-13.337160107893506,-28.892826295128394,-19.92608239451555,-19.80716981515556
4617,-22.02751732662937,-18.38458337424247,-13.270410282895195,-27.98443313702809,-20.56934949611,-18.804645177681287
4618,-22.480533295096805,-18.825821772828686,-13.204668519664065,-26.8777379738452,-21.17972540636097,-17.834800975247322
4619,-24.182534363612973,-19.264894608886742,-13.141019995563816,-25.188172484012895,-21.758336227793155,-16.89958715667256
4620,-24.133661549838603,-19.70188977253294,-13.080739439764564,-26.514965554945256,-22.30636455013914,-16.000361054943006
4621,-25.421041125562617,-20.136943904871046,-13.025217132157998,-27.237354121522827,-22.825026964789355,-15.138258523977637
4622,-26.96530864050907,-20.570237581343473,-12.9758978457388,-27.381789461254897,-23.315581785070982,-14.314561516445856
4623,-26.5805037799026,-21.002003761253633,-12.93451830080782,-28.670894712347376,-23.779331065885746,-13.53053081078782
4624,-25.981476336196955,-21.432538801397328,-12.902858996067188,-29.03802209223725,-24.217617172456837,-12.787498449057573
4625,-26.4454125349661,-21.862194360991445,-12.882425905741641,-27.36661085409566,-24.631830962489584,-12.08690862424639
4626,-25.302572556086933,-22.291367195113438,-12.874577003261578,-26.42845435053932,-25.02341108073993,-11.4298848104346
4627,-26.80248607753732,-22.720499494542217,-12.880441597599095,-20.45013163916081,-25.393823283185224,-10.817042609243028
4628,-28.072628578627707,-23.150063301620044,-12.901074463388174,-18.433034275086207,-25.744547254689465,-10.247855815181772
4629,-27.20249933784574,-23.580571125434762,-12.937814599061266,-21.348277524100666,-26.07701367086401,-9.720502049966342
4630,-26.146262271414827,-24.012584274890795,-12.99193259126909,-24.257572527484072,-26.39258072468722,-9.233190899709616
4631,-24.465054715326687,-24.4466999648527,-13.064284312442975,-26.081482185984676,-26.69255973084465,-8.784901709186084
4632,-25.710317010407397,-24.883536562386993,-13.155189775007958,-26.128964606676192,-26.97824083863296,-8.375226128868007
4633,-25.566380277308436,-25.3237126165199,-13.264774652592877,-27.971768128865413,-27.25090813943585,-8.003947000650715
4634,-25.452900157699123,-25.76785487255985,-13.39319797469349,-29.152996782580395,-27.511837305343008,-7.671045228731561
4635,-24.67441899175453,-26.216592481499465,-13.540448992052152,-30.020277586372842,-27.76231115468462,-7.376872051063721
4636,-25.110904629180986,-26.670551472029995,-13.70625154525646,-29.40370539643287,-28.003628775413922,-7.122007277010649
4637,-25.39245974955149,-27.130342584516562,-13.890144386192791,-28.161011213763338,-28.237111639818664,-6.906994866337577
4638,-25.40231748767127,-27.59656109777618,-14.091637164299229,-25.34819746119424,-28.464095099836427,-6.732031697476728
4639,-28.19895206939336,-28.06978506213651,-14.310145162954413,-16.221606874944214,-28.68591375298378,-6.596643112669831
4640,-29.92076964871074,-28.550570775306475,-14.545361300320732,-8.881532495246262,-28.90387130734775,-6.498512298182959
4641,-28.575957156542547,-29.039475815491226,-14.797508535696462,-5.621730843022306,-29.119147906195977,-6.432808411980329
4642,-28.931691858074494,-29.537071344352906,-15.066721694601739,-3.8507630680797575,-29.33272520147977,-6.393059962111778
4643,-27.80139019557454,-30.043923928464675,-15.352841829322,-5.873978415993221,-29.545351903670095,-6.3719835975607175
4644,-26.62826548434386,-30.560594132974373,-15.655445448339602,-8.730010317858344,-29.75752410798382,-6.362270099573646
4645,-26.310164874697232,-31.087620291687315,-15.97361433482627,-11.236175137426706,-29.96950324364167,-6.35727263653564
4646,-25.733703809351663,-31.625501755296124,-16.306053323027037,-13.730347687365331,-30.181342283752862,-6.3510786760091875
4647,-25.11096021154286,-32.17469051322245,-16.651175869409034,-16.191035446674732,-30.39290848870895,-6.338456224924833
4648,-23.95409824405062,-32.73558014659006,-17.00705545588704,-18.46475074906482,-30.603906032081184,-6.3148471284358365
4649,-23.33993234540028,-33.30849421028159,-17.371335861449424,-22.413164854752374,-30.81389829727134,-6.276334412530442
4650,-22.60962910877851,-33.89366920402002,-17.74122890967231,-27.584481417302776,-31.02232832624988,-6.219863746551937
4651,-22.981353330094887,-34.49124280425974,-18.113574287733485,-29.714053061156186,-31.228555880374802,-6.143674705242699
4652,-24.797377298831815,-35.101240823202254,-18.484982483702943,-31.130038110323746,-31.431906639932727,-6.047030862334761
4653,-25.608400224146866,-35.72357496983994,-18.852209740255006,-33.38468531652271,-31.63169127119712,-5.929662119057522
4654,-25.344326710466596,-36.35805480588592,-19.212219697485367,-37.02791975016107,-31.827217447869895,-5.791784261251642
4655,-25.324880807130565,-37.00438961633896,-19.56187043692708,-39.41081974712847,-32.01781022194723,-5.6344313202217045
4656,-26.312279844234624,-37.66217950168106,-19.897787419891237,-40.30660972675919,-32.20284620255134,-5.459476011085194
4657,-30.058867972471226,-38.330908777665044,-20.216546118171976,-38.42092349877386,-32.38177528935291,-5.2692227411172965
4658,-33.06775692001179,-39.009949242892525,-20.515228702217883,-37.26169311673158,-32.55412771862583,-5.065774595172066
4659,-35.03247867636266,-39.69859069114624,-20.791721481513008,-37.07607578606274,-32.71949359569771,-4.850729635307118
4660,-34.83586660005382,-40.396064008326725,-21.044446975790407,-39.51760780697384,-32.87750969431297,-4.625435721982392
4661,-36.4679793244272,-41.1015538228656,-21.27188450834211,-39.33198165991215,-33.027855977163206,-4.39152808790201
4662,-38.51538733522435,-41.8141896422162,-21.47251824086684,-39.29805936404352,-33.17027823350644,-4.150931570152707
4663,-40.11494697359659,-42.533055038923386,-21.645168609932277,-39.165114499347446,-33.30458474850672,-3.9054948230586106
4664,-41.83996075974618,-43.25720088287835,-21.78898549727144,-39.12061985446881,-33.43064455504368,-3.6570005371662617
4665,-46.069912697582026,-43.985654072074816,-21.9033985774211,-39.08132087596638,-33.548384784317804,-3.4071663002460184
4666,-47.302275622927695,-44.717427454706424,-21.988507037630818,-39.235248448006836,-33.65778897506008,-3.157660986106521
4667,-48.32902290719191,-45.451554541250204,-22.045005185266646,-39.213239184667856,-33.758895516724905,-2.910136737183855
4668,-44.8121565571539,-46.187094467057534,-22.073705279883136,-38.93182568480468,-33.851798090872336,-2.6662340090324577
4669,-45.97422067019243,-46.92313489324241,-22.074830751358938,-38.90196284311175,-33.9366444506604,-2.4275192878945973
4670,-46.203697723722954,-47.65874985048146,-22.04803603731598,-38.923714810511555,-34.01363271006531,-2.1954863407827574
4671,-47.249502618100294,-48.39300396239681,-21.9929636621994,-38.913121611744344,-34.083010206712586,-1.9716036634068246
4672,-48.37477755228876,-49.12494742796142,-21.909227214883167,-38.92644554854644,-34.14507295429243,-1.7573196458737428
4673,-50.680486700561055,-49.85361911005569,-21.796545101921332,-38.90654084203848,-34.200164849770836,-1.5540635388792268
4674,-52.32796098230618,-50.57805043475618,-21.654928728448013,-35.7044125536232,-34.24867719021771,-1.3632461933660167
4675,-55.109104236650936,-51.29728102528556,-21.484761267545167,-31.81497025547427,-34.29104792932857,-1.1857839300540007
4676,-56.363715527782915,-52.01036785259252,-21.28686976234608,-31.032184395475078,-34.32772945222131,-1.0215250215977179
4677,-57.17302361349917,-52.71640567610863,-21.06246839332158,-31.39105854361724,-34.359149597435085,-0.8696112138714795
4678,-57.89167736015795,-53.414532412147295,-20.812867223462987,-32.72596167955965,-34.38570353314608,-0.729111089181167
4679,-58.03711316998088,-54.10393015767283,-20.53939472471214,-34.97051808273638,-34.407757003380496,-0.5993364776873733
4680,-57.548848075723974,-54.78382539379477,-20.243301532983757,-37.14329436022881,-34.425659298325236,-0.48012425572117934
4681,-60.036041645375384,-55.45348359320508,-19.925583687510695,-36.46214118999428,-34.43976528709524,-0.37196222604727325
4682,-60.47331541091437,-56.11219763962882,-19.587333791149995,-36.848089154675705,-34.45045678006172,-0.275555239651446
4683,-61.20581664239652,-56.75930584594841,-19.229881789921954,-36.85161225091842,-34.45813563640534,-0.19156056235328123
4684,-60.87072496570289,-57.39418975895695,-18.854537399294173,-37.850206572984895,-34.463227484218606,-0.12069064353674719
4685,-60.98542929763855,-58.016275005901356,-18.462478795187955,-37.608965582224485,-34.46618167930779,-0.06380505081274634
4686,-61.47283192318302,-58.625021678636145,-18.05466446707264,-36.758102502015056,-34.46748115427279,-0.02187477558056372
4687,-64.47997172251242,-59.2199193037062,-17.631959411509435,-32.265224655505996,-34.467639997679825,0.004292221783543937
4688,-63.13433673016,-59.80048563940344,-17.195569287099666,-31.46678040816206,-34.46719500615389,0.014682824834792996
4689,-66.51032583253986,-60.36629058951284,-16.74677202788267,-26.939935486519765,-34.46666114269084,0.010070706848068767
4690,-65.84625301938577,-60.91693710792895,-16.286977018261126,-26.79796989915088,-34.46652362569735,-0.00797872120330112
4691,-66.15289202787265,-61.45208905739692,-15.817830892078284,-26.076826558957293,-34.467193057437726,-0.037205884874751405
4692,-66.62618994202334,-61.97145916740084,-15.340765671081193,-27.05429043533639,-34.46900401802233,-0.07522278425966533
4693,-66.25654218699816,-62.47480676880233,-14.857172545550057,-28.078532720268775,-34.4722079097217,-0.11967916608945472
4694,-66.29867011402108,-62.961937337104175,-14.368306038218037,-29.66239149532837,-34.47698262909496,-0.16852168987629312
4695,-67.7973043304762,-63.43269383801687,-13.875224682358649,-28.768453454402774,-34.48344268904679,-0.22008365956828868
4696,-65.37045633541238,-63.886952315928085,-13.379073686164809,-29.64128072659922,-34.49165487306618,-0.27279930134113783
4697,-65.22513954710483,-64.32463208376119,-12.880722678274097,-30.278607267481384,-34.5016293091362,-0.32509752035117856
4698,-65.92025952972632,-64.74566716114636,-12.380526166906307,-30.90493509219931,-34.51332804108959,-0.3756290808505369
4699,-65.79200463629098,-65.15000049488827,-11.878792724378258,-31.557806734694807,-34.52667124785957,-0.4232294326708086
4700,-67.93600042127326,-65.53758667610491,-11.375792482943154,-31.74109947815814,-34.54154333660098,-0.4669205218715433
4701,-67.11651968053802,-65.90838666041782,-10.871977560024604,-32.13240243882288,-34.557799282651004,-0.5058444384776806
4702,-67.14224914664496,-66.26238518010655,-10.367884257765994,-32.407470823331444,-34.57526629916616,-0.5392240874587628
4703,-68.06896179907108,-66.59957894426888,-9.86382306632187,-33.039520521185416,-34.593747555148255,-0.566376450114312
4704,-68.5985937954181,-66.919973384528,-9.360143324323218,-33.72466984006609,-34.61302472917378,-0.5867480527814806
4705,-69.33462262210367,-67.22358849922377,-8.857313147396937,-34.238995039484735,-34.632864092000354,-0.5999756776776977
4706,-69.31260049038471,-67.5104609276878,-8.355896066251631,-34.578763718974045,-34.65302310768563,-0.6058686550318981
4707,-69.30731575623894,-67.78064823697387,-7.856473979189644,-35.143848074167394,-34.67325533566915,-0.6043573730238805
4708,-68.85167339622772,-68.03422585963378,-7.359541887798642,-35.50452782510085,-34.69331359922055,-0.59550076737235
4709,-70.34564671052189,-68.27128436282712,-6.865448367602696,-36.11709436829832,-34.7129553868273,-0.5794894458437838
4710,-72.1560911978259,-68.49192241747396,-6.3746234376604605,-36.568959136278856,-34.73194622894347,-0.5566528367675971
4711,-72.97823979661221,-68.69625925867115,-5.88792043129807,-37.07636944592446,-34.75006557594514,-0.5274729071940598
4712,-72.37381466479614,-68.88445044622716,-5.40652095995398,-37.59011586644847,-34.767111089423075,-0.49256875230138775
4713,-73.5409145437469,-69.05669398933475,-4.931580641210829,-38.065550350175926,-34.782903492765236,-0.4527060866208288
4714,-73.34140800314819,-69.21322248897455,-4.4642851662251815,-38.579133207265606,-34.7972914951978,-0.40879283517671894
4715,-74.70976571980141,-69.35431300041643,-4.005915220410756,-39.01353398929306,-34.810156348443684,-0.3618795043425749
4716,-75.0037101639526,-69.4802835036686,-3.5578810434911645,-39.5423174658536,-34.8214167954873,-0.31315351536463254
4717,-73.91784725954683,-69.5915050699825,-3.1218003508904246,-40.026617721656265,-34.83103324946799,-0.2639419298060375
4718,-72.93869542803324,-69.6884035270613,-2.699137826832043,-40.523891820713644,-34.83901292414104,-0.21571935276263332
4719,-72.42409089306453,-69.7714475917713,-2.291020134955204,-41.218250861437554,-34.84541453965217,-0.17010373520154332
4720,-71.86099992335892,-69.84113820272498,-1.898325055865655,-38.69693744830635,-34.850353173154474,-0.12888808826041043
4721,-71.41274036690132,-69.89800259549568,-1.5217474022537658,-35.686345957571014,-34.85400707886953,-0.0935920642628929
4722,-71.76967320028245,-69.9425880295419,-1.1618127775309972,-34.77571065934377,-34.85659264410533,-0.0649114302904863
4723,-71.07588011775641,-69.97545678066442,-0.8190181187744372,-35.86967923123335,-34.85833450755556,-0.04295792978350477
4724,-70.77599195992532,-69.99718923746019,-0.49379875351299063,-37.16714891941588,-34.8594565060909,-0.027869924780361544
4725,-70.28051344375172,-70.00837669756528,-0.18643412716386365,-37.948870901054526,-34.86019250254092,-0.020140964054533583
4726,-70.2436018663091,-70.00961817927111,0.1029194830560698,-38.10862725898025,-34.86079923702787,-0.02057350087316223
4727,-72.3258137258674,-70.00151539869488,0.37418681582494173,-34.85529084654785,-34.861564069265796,-0.03010978892028504
4728,-72.41768612005639,-69.98467239154945,0.6269874484782889,-32.69081464148336,-34.86280655628922,-0.04923185515995243
4729,-70.80499095377583,-69.95971623546299,0.8606139573180371,-32.567166915948775,-34.864846192943126,-0.07761578634799093
4730,-73.81903813146553,-69.92729812772825,1.0745788529986555,-25.879847217531037,-34.867980942045754,-0.11459693167118701
4731,-72.57103813642269,-69.88807764526308,1.2681777300833375,-24.610522360065566,-34.87248598838787,-0.15849706370104855
4732,-70.84544701609703,-69.8427529457227,1.4404329148592154,-24.703920162875946,-34.87854741295916,-0.20645364684735767
4733,-71.79601025040895,-69.79204878427247,1.5907963416636761,-22.463857031290033,-34.88624956484436,-0.25542771109048346
4734,-71.26463479869432,-69.73669985627845,1.7188209136156019,-22.463290601281308,-34.89557592703186,-0.302059025457595
4735,-69.81463089697125,-69.67746072336476,1.8239814292580547,-23.41603134086241,-34.9063868332082,-0.342651639811713
4736,-69.33486861957614,-69.61510109432791,1.9060302834704146,-24.120735188990416,-34.91841936968597,-0.3736482001567154
4737,-67.58352954862387,-69.55039203780007,1.964988749958465,-26.320757605672867,-34.93129671321865,-0.39173442160276295
4738,-65.25393679018686,-69.48410184433068,2.0011909771262992,-29.347441652638302,-34.94453499779282,-0.3940242548545214
4739,-63.26993550756857,-69.41697930599165,2.015558477814139,-31.78275143473696,-34.95756499687562,-0.378404990931962
4740,-62.2457407753977,-69.34973127914307,2.0096343678360995,-33.203425602093105,-34.969761997188286,-0.34357222626496764
4741,-62.15076169302963,-69.28300368146924,1.9853891077355001,-33.861009429191064,-34.98046981195995,-0.2887912000188564
4742,-62.22243149571526,-69.21737200529404,1.9449396593864066,-34.53326355042253,-34.98901474385621,-0.2136327873002486
4743,-61.81282724393311,-69.15334103751015,1.890386768667085,-36.03828552381019,-34.994711997779966,-0.11786275037412253
4744,-62.28956709045816,-69.09134622071623,1.8238621519734721,-36.69835920761503,-34.99687226054782,-0.0015684998294318575
4745,-61.768166087177185,-69.03175022737858,1.7474688021410145,-37.55389543174838,-34.99481656443526,0.13484176726503705
4746,-62.78327593379055,-68.9748483005735,1.6632982723802314,-37.62300712380221,-34.987882809396815,0.2907344945658963
4747,-63.10025187253647,-68.92086367588657,1.5733513766945606,-38.08305630850881,-34.975434264797535,0.46533729161691184
4748,-63.9047650834366,-68.86995820879386,1.4794143556442663,-38.383894848967024,-34.95686032328902,0.6577961982774028
4749,-63.713637759668295,-68.82223605217695,1.3830910842580835,-38.78781327029536,-34.931581184912375,0.8671394954609468
4750,-63.90361575660137,-68.77775213650999,1.2858795594510042,-39.240723730646195,-34.899051023591625,1.0922841439750286
4751,-64.50694581541931,-68.73651074821355,1.189264237781984,-39.64432486523347,-34.858762241980706,1.3320110957386078
4752,-65.73957518166576,-68.69846785399119,1.0945988614430746,-40.114327926619765,-34.81025028387572,1.5849631089933425
4753,-67.1119988261118,-68.66353749078401,1.0029523712990596,-40.6514936901345,-34.75309803471448,1.8496398300614558
4754,-70.46172924169582,-68.63160436257125,0.9149954792937365,-41.031144630017074,-34.68694096187162,2.124375424327738
4755,-69.03931151478535,-68.60253779216443,0.8306867589897848,-41.52617126941976,-34.61147300642597,2.4073493879456365
4756,-68.62944538026277,-68.57622524530527,0.7496891171340536,-41.883774870828844,-34.526451002675245,2.696590090435791
4757,-67.90877064330745,-68.55255851768882,0.6719296904653049,-42.28925076922739,-34.43170033373025,2.989975247918153
4758,-67.67506237386097,-68.53142993260758,0.5974962978209675,-42.75741850147422,-34.3271193194807,3.2852423721367785
4759,-67.61868442418886,-68.51272543116742,0.5266120159075882,-43.1585811150743,-34.212684175587796,3.5799694208361643
4760,-67.45301083411354,-68.49632246488041,0.4595371346726296,-43.50152840890293,-34.08845469142496,3.8715725120279387
4761,-69.88060413988794,-68.48208962218925,0.39655974309276587,-40.626645852747735,-33.9545793414526,4.157321622796104
4762,-70.0803331357417,-68.46988514867422,0.3376270216466537,-40.19678333536956,-33.81129991657188,4.434824854255943
4763,-69.35549538953302,-68.45958115407947,0.282291530401082,-40.650277511512634,-33.65892435116887,4.702140517452769
4764,-69.49411574862147,-68.45106571331415,0.23018056728780323,-40.10436982783895,-33.49782388207503,4.957279444742753
4765,-69.9941976124382,-68.44423578292695,0.18100580367416796,-38.97871272108779,-33.32843905485269,5.198219595954434
4766,-69.8244937281767,-68.43899865973587,0.13438165248345513,-38.50754324644866,-33.1512759090114,5.423138352649772
4767,-69.24041277820396,-68.43527700609472,0.0898716042415515,-40.10698493724071,-32.96689649800937,5.630399015814795
4768,-68.93425775606416,-68.4330072194531,0.047149906893579896,-41.09796271916704,-32.77591597462375,5.818143347409581
4769,-68.37808173086866,-68.43213367896848,0.006022297665353449,-41.57530187831366,-32.57902027484873,5.98407209089217
4770,-68.78209009939634,-68.43260573294208,-0.033577722944926336,-41.21400794420969,-32.37697783523094,6.125609969351267
4771,-68.13719740757423,-68.43437219383148,-0.07169408644486452,-41.162940027842794,-32.17064627689198,6.240105126615578
4772,-68.39354436503416,-68.43738533870507,-0.10833457139497682,-40.51133978773272,-31.9609708267899,6.324906299516684
4773,-68.3688791375672,-68.44159449859114,-0.14344846793633792,-39.854734119351235,-31.7489858569242,6.37740485208532
4774,-68.24811047085629,-68.44694856990083,-0.17701844386309062,-38.601898057630365,-31.535810503317546,6.395123979789936
4775,-68.77794887016233,-68.45339572818202,-0.20900411852643686,-35.060287053017056,-31.322644258271538,6.375807594299978
4776,-69.1257174136035,-68.46088217780259,-0.2394241860555013,-30.857113805236665,-31.110756663697547,6.317849155031787
4777,-69.02334498827445,-68.46935734058572,-0.26842577087194286,-26.897672846408,-30.901454314602752,6.220730582848972
4778,-68.34290741632506,-68.47877722919405,-0.2961901148578505,-23.06207823358634,-30.696041291507616,6.0850849669478535
4779,-68.0446466169543,-68.4891033482429,-0.3227793931367273,-19.361929057965014,-30.495781983472895,5.912642867817581
4780,-68.1513684460145,-68.50029585540317,-0.34810730976261084,-15.807897676353015,-30.301865100319777,5.706195104652778
4781,-68.21922607469378,-68.51231050222708,-0.3720558866147883,-12.695451697504701,-30.115368976496043,5.469552595730285
4782,-69.3091352987535,-68.52509958117749,-0.394529654995992,-9.042110929413774,-29.937228260604424,5.20746101215499
4783,-69.7728858400872,-68.53861247922681,-0.41560162053933425,-7.912749644316293,-29.768204909019044,4.92561789135733
4784,-70.19652960988597,-68.55280635588011,-0.4355719106395384,-9.745869596925793,-29.608853734513936,4.630380345891378
4785,-70.97118922312549,-68.56765060660278,-0.4548684902889022,-11.289700744519664,-29.45951288595962,4.3279520076325895
4786,-70.44852204945897,-68.58313092189937,-0.47409319702381936,-16.182049255079903,-29.320323600671763,4.023988444494844
4787,-69.82287697580678,-68.5992568197377,-0.49388083092367197,-18.06465503734558,-29.191246989659962,3.723145243937367
4788,-70.21222704433292,-68.61605631062761,-0.5146907353658747,-19.573618557106045,-29.072113917742605,3.4290306497054424
4789,-69.40923173625445,-68.63356953542876,-0.5369422200100615,-20.89961847066352,-28.962644946346266,3.1447116616900317
4790,-69.27918227256394,-68.65185245862828,-0.5609879820957531,-21.84637037754893,-28.862466473629937,2.8727997202570066
4791,-70.84593813717639,-68.67096873423515,-0.5870366498970725,-22.03425563748369,-28.7711249649958,2.6155371270545125
4792,-70.03606479508812,-68.69098823528809,-0.6155049320223327,-24.307100125846866,-28.688097331826302,2.3749689809855212
4793,-68.928742172451,-68.71200239636997,-0.6469162677397833,-26.819598871309665,-28.612793699596764,2.152748535436011
4794,-68.63812290684393,-68.73411598647074,-0.6815029028800978,-27.76228397075802,-28.544580762797235,1.9497939075515447
4795,-68.61468684513908,-68.75743592322864,-0.7192827927669043,-28.380973767064802,-28.482807439093328,1.7664880791055104
4796,-68.4756632219479,-68.7820681726552,-0.7602204358697406,-29.15285047777604,-28.426814890856868,1.6029625224156874
4797,-69.36064236505521,-68.80811728561996,-0.8042490419092729,-29.06611293673467,-28.375943270932282,1.459124417161739
4798,-69.07047247493394,-68.83568477544915,-0.8514052095392088,-30.01253584413559,-28.32953992971275,1.3347631702296248
4799,-67.85117357411376,-68.86487763292257,-0.9018060140568451,-30.850236406431044,-28.28695905958364,1.2295258862121017
4800,-68.04690132424254,-68.89580517638628,-0.9553356287347725,-30.133455859601312,-28.24757153729861,1.1427811341028082
4801,-68.42942141974736,-68.92856667483822,-1.0117170793152752,-30.10495956413034,-28.210773650643453,1.0738673129035448
4802,-67.29049797409486,-68.96325298167396,-1.0707499076663396,-31.633059410694358,-28.175980383105042,1.0222223171150446
4803,-67.62725597390933,-68.99995000201598,-1.1321111470157064,-31.10892308902865,-28.142625496169117,0.987050400821694
4804,-67.54293228719196,-69.03872705814167,-1.1953479317960358,-30.91986657500138,-28.110177023050262,0.9673963925332174
4805,-67.61689028023575,-69.07963986413571,-1.2600337108511184,-30.505944854951444,-28.07813240333357,0.9624013891244587
4806,-68.53759284460213,-69.12272930553175,-1.3257285415490827,-29.04778801939719,-28.046016930441965,0.9712865615007615
4807,-68.91847287802202,-69.16802176690565,-1.3921278983301733,-28.814496801681152,-28.013379965900185,0.9935419223738862
4808,-68.83466256368156,-69.2155378320871,-1.4591076614838272,-28.633122964464505,-27.979780802283706,1.0288993779903954
4809,-67.68893867603381,-69.26529561100457,-1.5265740854278675,-29.72497387152314,-27.94478667403416,1.0771426468129164
4810,-68.75880625810099,-69.31730943778228,-1.5942361250463932,-28.599856449567383,-27.90797129249618,1.1379098571957336
4811,-67.04656555384115,-69.371578019341,-1.661776321527526,-29.71047318206727,-27.868926016887777,1.2108334060576453
4812,-68.09172276439823,-69.42809452588412,-1.7287658891878266,-27.422091578068276,-27.82724906542567,1.2955365659431273
4813,-68.25569834430918,-69.48682907862019,-1.7946603714224807,-25.71664338966879,-27.782556912491568,1.3918057422661079
4814,-68.93831510938601,-69.54773855064562,-1.8590779744600638,-22.396091584645532,-27.73446201594126,1.5000083892051386
4815,-70.65469794503954,-69.61076761025086,-1.921745003485924,-18.406817507382762,-27.682556353211226,1.621245541521077
4816,-71.0557811407067,-69.67585488421135,-1.9827260707164385,-18.180959838880646,-27.626378979839856,1.7576903522711618
4817,-70.06403557471256,-69.74294934829862,-2.042381609433974,-20.78687594642234,-27.565376996393148,1.9121267024942057
4818,-69.6149550366866,-69.81201365817361,-2.1009645642705976,-24.24399693098251,-27.498903866340243,2.086967127987105
4819,-70.42661266321477,-69.88301365258333,-2.1584933784286875,-27.83752897511937,-27.42624585452734,2.283703620552018
4820,-70.78435037491732,-69.95591321673552,-2.2150195832943353,-28.729173547235348,-27.34665695830344,2.502759033861768
4821,-70.03984602056987,-70.03068162480295,-2.2707472039344623,-31.589128103355826,-27.25939525226989,2.743866625602571
4822,-69.81604108948815,-70.10729636366449,-2.3258007937086944,-33.3942245596063,-27.163732516596603,3.006176970598897
4823,-69.42480235893522,-70.1857350110502,-2.380138405027523,-35.24065072036311,-27.058983454229963,3.2881197381117566
4824,-70.26739157182482,-70.26597225733299,-2.4336035750260976,-34.39409711757935,-26.94452453405582,3.5875518055272693
4825,-69.36083482299455,-70.34797524938527,-2.4860833622532397,-35.513584510837255,-26.81981333386148,3.902148770034568
4826,-70.119589094024,-70.43171114814987,-2.5374311876185374,-34.293334598457754,-26.68438128272018,4.229510077744916
4827,-70.05692230847967,-70.51713732855984,-2.5874538476785602,-33.50744448281526,-26.53784599534515,4.56721147447297
4828,-69.53332133706355,-70.60420807132844,-2.636036494061642,-34.04071988353202,-26.379900517755317,4.9130850946421845
4829,-70.015577292014,-70.69287309483062,-2.682951448269648,-32.90306399943768,-26.210306989035672,5.264955360070367
4830,-69.54906048236259,-70.78307150121309,-2.7279387513720366,-32.4558393760869,-26.028903493750626,5.620687859565994
4831,-69.49529792595126,-70.87473567825542,-2.770714187467007,-31.6841277043129,-25.835594465064606,5.978331663367271
4832,-69.65304512118281,-70.96778578037755,-2.8108891304626127,-31.187047034605214,-25.63034804952614,6.33606137980955
4833,-69.28529996049753,-71.06212828695293,-2.848062949576118,-30.86643498420034,-25.413190373077303,6.692181023539394
4834,-69.75424632687351,-71.15765664368263,-2.881775921093279,-28.894190380399223,-25.184202647956848,7.045053389569649
4835,-70.42173822259518,-71.25424668169248,-2.9115551359097935,-24.74276850130866,-24.943520147105993,7.393315883300282
4836,-71.25675001422597,-71.35176031940995,-2.937068107548697,-20.113797827339297,-24.691314922403496,7.7364466729186
4837,-71.90264102065905,-71.45005122219573,-2.958176911748751,-19.0968943339777,-24.427757035578086,8.07515629843218
4838,-71.4036232994683,-71.54897211352653,-2.9749347214379895,-19.37516496516929,-24.152971169174684,8.410918159652088
4839,-72.41517527787329,-71.64838020362492,-2.9873872240868593,-19.88320606686981,-23.867029158267947,8.74523543986001
4840,-72.1512166350713,-71.74813126179899,-2.995626830242628,-24.204282842130596,-23.569955473184017,9.079411014320744
4841,-72.83835962968173,-71.84808865897443,-2.999827503930561,-25.67893437433115,-23.261735090646564,9.413942961071982
4842,-70.26690167006453,-71.94811976206103,-3.0001964405769144,-29.43775235445832,-22.942359275779218,9.74837751079038
4843,-70.70696001626521,-72.0481017550129,-2.99663089469,-29.425344754972535,-22.611843256593872,10.081389339641476
4844,-71.6555479813961,-72.14789515504036,-2.9886814341237056,-27.80577243936923,-22.270266653136453,10.410999383119925
4845,-71.27558932471288,-72.24734718395447,-2.976075414684516,-26.4759605263717,-21.917776631052543,10.735371314260362
4846,-71.60279542689686,-72.346300182686,-2.9585951204469296,-24.64611470079617,-21.554575232185762,11.053004177227645
4847,-71.37190849089161,-72.44458685865094,-2.9359854877522196,-22.90612377761547,-21.180909685904034,11.362760439832265
4848,-72.64603026678844,-72.54203254853614,-2.9079764458203528,-20.91481827756926,-20.797057869530278,11.663923839280823
4849,-72.70506323881959,-72.63845195503896,-2.8744239495196666,-19.907123861598684,-20.403314763285312,11.95622032084998
4850,-72.90817735054453,-72.73366081183745,-2.835353368818687,-18.76604444982531,-19.999976514806946,12.239706158060297
4851,-72.8165863861763,-72.8274755129602,-2.7908005600023955,-18.401405881605243,-19.58733435274796,12.514638624341323
4852,-73.77941157356443,-72.91971418250428,-2.74078985485815,-17.073343003087956,-19.16566727318419,12.781377558752034
4853,-74.46362601812115,-73.01019483661742,-2.6854474732088107,-15.659438301970475,-18.735242515497823,13.040410445327861
4854,-71.75400753464072,-73.09874401405153,-2.625117382815745,-18.35226109511514,-18.296306576829,13.292505797154082
4855,-72.90446082479149,-73.18520266213847,-2.5598157468421334,-16.45378155186752,-17.849075462354218,13.538112673114373
4856,-73.76660659061028,-73.26939839717434,-2.489300852768963,-15.176672413620572,-17.39376573195471,13.777430236184713
4857,-73.31770129217362,-73.35115605232306,-2.4136048896625795,-14.808587138712184,-16.930580113275237,14.010995656999317
4858,-73.76805297648407,-73.43030538981851,-2.3327968187699355,-14.178659927837003,-16.45969935482142,14.239454168084098
4859,-75.02663951822534,-73.50667584024106,-2.2469218891637865,-12.472117575467912,-15.981283168736297,14.463460510904609
4860,-74.30896511559031,-73.58010018242943,-2.156256346960248,-12.863175376445248,-15.495468654094447,14.683875702817648
4861,-73.96814393398384,-73.65042626337174,-2.0611345983614626,-13.114701507114866,-15.002358121881787,14.901612993469096
4862,-74.725032197237,-73.71750915565353,-1.9617122727087377,-12.281551991916878,-14.502027787863174,15.117344510235267
4863,-74.78089829460926,-73.78120708155232,-1.8581864364720957,-12.220801578606945,-13.99453515453277,15.33168114224635
4864,-74.26677342509525,-73.84138825141834,-1.7508555672205972,-12.610053305480683,-13.479915711713417,15.545216838003899
4865,-74.14845871093421,-73.8979307860337,-1.6399315772273582,-12.86709958209687,-12.95818736533251,15.758344706563197
4866,-74.69033043402517,-73.9507170232335,-1.5255149763897435,-12.444147198336225,-12.429359397942537,15.971207643519225
4867,-74.42210381790436,-73.99963178445968,-1.407753001097234,-12.462719414243509,-11.893440189097895,16.183816994862028
4868,-74.7818905617954,-74.04456722330664,-1.2868184562398,-12.071837564001235,-11.350438264951736,16.396085908425686
4869,-74.75723851257436,-74.08541968154233,-1.1628838061680824,-11.983675707735856,-10.800367795202849,16.607822457221822
4870,-74.73230019202299,-74.12209281038452,-1.0361585936986728,-11.872190823016112,-10.243250101136947,16.818743406725297
4871,-74.82511991204163,-74.15449692112225,-0.9068334592005556,-11.807662838950613,-9.679118234754496,17.028430568827435
4872,-74.58561317158924,-74.18254837433122,-0.7750988652190927,-12.12910230958056,-9.108021396548452,17.23632519645917
4873,-75.52443286702055,-74.20617017880352,-0.641114471701627,-11.216219604685278,-8.530029888323885,17.441661527970005
4874,-74.69210208970772,-74.22528933911133,-0.5051362441702167,-12.146480251007105,-7.945243961350451,17.643590878545314
4875,-74.17303272414763,-74.23984592841487,-0.36742962761991294,-12.423619148197197,-7.353790496420864,17.841089071438812
4876,-73.64413467479407,-74.24978464761932,-0.2280541029411154,-12.936110519272837,-6.7558380232545305,18.032777477084792
4877,-73.50286079442358,-74.2550495352776,-0.08690967324881171,-13.188469476162595,-6.1516053312818775,18.21698317849281
4878,-73.09928688027823,-74.25557862583591,0.056205575325449786,-13.407157349267443,-5.541372478021676,18.391740755782465
4879,-73.92367755524005,-74.25130249692258,0.20157543840120695,-12.661875257811666,-4.92548928089638,18.554834149345552
4880,-73.79398427059347,-74.24214026327583,0.34942057794268067,-12.854127148735621,-4.304383534731973,18.70394327900169
4881,-74.34770796274482,-74.2280077917264,0.49985635443135834,-12.385372233330159,-3.6785597289629335,18.836646358267046
4882,-74.38219997895887,-74.20881650631374,0.6529316100338178,-11.034793719573955,-3.0486071108475032,18.950377295908527
4883,-73.94638843685986,-74.18447901772414,0.808602762509949,-9.691263952513012,-2.4152012425690317,19.042653802969834
4884,-75.70879139762488,-74.15490965547974,0.9668794339610542,-5.80137172078274,-1.779096857316181,19.111206346416434
4885,-74.70239986310024,-74.1200203887934,1.1275659630877044,-4.962284044744223,-1.1411208194746028,19.154354836385895
4886,-75.37407458496509,-74.0797385912739,1.2903446827286302,-2.8100826643100305,-0.5021398682237879,19.170932934845396
4887,-76.19753431805601,-74.03399740994483,1.454936520797645,-0.7790559483073736,0.13694137618175717,19.160029229047243
4888,-75.99263431852053,-73.98274282322072,1.6208272833105042,0.7258424193138779,0.775195413712695,19.12116431137254
4889,-75.93258846521364,-73.92594225772413,1.7873963714652064,1.6110631062909846,1.411685663606593,19.054194631916378
4890,-76.11990014525202,-73.86358306512304,1.9540465164833165,3.0198036656695564,2.0454750558404533,18.95914249967359
4891,-75.71309895914985,-73.79567248995858,2.1201438055113186,4.090285313295226,2.675628496918166,18.836182447545823
4892,-75.4784444539996,-73.72224014475562,2.285067592884218,4.627478661700252,3.301220552343508,18.685669723388813
4893,-74.86221831675635,-73.64333465043296,2.448271600904377,4.367969402581863,3.9213398118107534,18.508011907817924
4894,-74.85206143084432,-73.55902203802866,2.6093134268617035,3.0682968641183237,4.535088012864703,18.303472633481167
4895,-74.40666943001294,-73.46938042197552,2.7678195417797014,1.4262015466692617,5.141571320709498,18.07190019991112
4896,-74.28545221391978,-73.37450073524334,2.9234582904827278,0.6191020293087348,5.7398813595254445,17.812524007364644
4897,-74.48673115405732,-73.27448320261,3.0759548351828414,2.7419257751685393,6.329072921200474,17.524030099302866
4898,-75.12118088849229,-73.16943707956449,3.224993451038145,5.27335183324152,6.908150032812302,17.205123586198958
4899,-76.49886771621746,-73.05948363920746,3.370103644894442,8.698177656699286,7.476081160280405,16.855027952270834
4900,-75.97116013983005,-72.94476350323819,3.510483743121,9.399491630305718,8.031818562963691,16.47368182778653
4901,-76.5574579698544,-72.82545138966606,3.6451722686364008,11.52107986560938,8.574326615466173,16.06147031768402
4902,-76.38792228481246,-72.70175201866243,3.773164230691677,13.190213985010587,9.102583250809293,15.619034987492055
4903,-75.97976900290445,-72.57390710761995,3.8933565286193783,15.521696941909155,9.61559561463231,15.147421866960036
4904,-75.34653675976072,-72.44219491675447,4.004694560247941,18.231908242759516,10.112411375273295,14.64811704798553
4905,-75.45375466258338,-72.30692747027008,4.106239983165381,20.94399144900636,10.592136751164679,14.123206170618507
4906,-74.72520931043884,-72.16844558454345,4.1970929740401175,22.549173224558956,11.053958453314529,13.57543596908501
4907,-73.83658056182229,-72.02712127200074,4.276405395239706,24.26637024116377,11.497165815770346,13.008055154949947
4908,-73.96083236878361,-71.88335189152747,4.343527978941495,26.79233737938263,11.921162130311192,12.424671905473463
4909,-73.6261210861495,-71.73755274007131,4.397882727889453,29.7482300883359,12.325477276135244,11.82939641132596
4910,-73.8176814847528,-71.59015970966817,4.4388798811228725,32.93184319825866,12.709788557732923,11.227030856970561
4911,-72.91855066105035,-71.44162741466312,4.46590736617992,34.28563267798742,13.073945999933281,10.623173115453888
4912,-72.51455149608576,-71.29243255192284,4.478414323210913,35.541195867119,13.418000098763182,10.023984483364865
4913,-70.57512313835468,-71.14306645978239,4.475999398176569,33.59589337123616,13.742211632157606,9.435908961532302
4914,-69.80086815831409,-70.9940325920444,4.458565313594818,30.42685762595181,14.047060696198669,8.865188612197423
4915,-68.96168508635833,-70.8458287722094,4.426373950406699,26.60429342912819,14.3332242063041,8.31721144043585
4916,-68.18650365493079,-70.69894099535063,4.379882911700221,22.580922363247353,14.601541458894392,7.796237898677978
4917,-65.91480020796668,-70.55383657809605,4.319745979605898,16.83604470241923,14.852973399549299,7.305279277367953
4918,-65.99350482267032,-70.41095793004357,4.247026595394345,14.328557974301702,15.088560077385589,6.845817017014388
4919,-65.91033829746321,-70.27070147173643,4.163071480744804,12.47442619126059,15.309361200683592,6.418032990937421
4920,-65.77774919060728,-70.13341983132725,4.069185917965328,10.953510773865972,15.516428943448084,6.021392623376727
4921,-65.29620434232018,-69.99942241053874,3.966666002162569,10.412450519335067,15.710787375575373,5.654795835843096
4922,-65.80707437033927,-69.86897543118307,3.8568588117882996,10.39496538503677,15.89341533250429,5.316776236091565
4923,-65.2911836172625,-69.74229848975286,3.7410677410532145,10.085269935769759,16.065239124648144,5.005728316060729
4924,-64.8799532723231,-69.61957091511286,3.620558695819369,9.904321690887755,16.227130553575005,4.7199452073283865
4925,-66.15310185139641,-69.50092791003156,3.496698360027821,11.325912907615418,16.379902138470037,4.4575974573271
4926,-64.50188055696277,-69.386457691111,3.370689355929315,9.51713030683139,16.524303717396812,4.216993308927552
4927,-64.45657043721931,-69.27621528630294,3.2437558615986006,9.30535668798305,16.661035025731874,3.9963392383523555
4928,-65.47215659434352,-69.17020730033776,3.1173409180904343,9.829893998810078,16.79072633328697,3.793499455140381
4929,-66.59919715176675,-69.06839255843025,2.9927111271369,11.242386531422653,16.9139349894079,3.606345059859688
4930,-66.59425107732633,-68.9706932251953,2.8707835730087083,11.380508261887712,17.031149337277615,3.4329975872256213
4931,-67.12532096374251,-68.87700698689633,2.752278813618503,11.646660287896012,17.14280149522294,3.2717734005322363
4932,-70.22981945303681,-68.78720797095407,2.637810711513211,15.388312983676414,17.249267563979764,3.121014946552112
4933,-67.83675090703204,-68.70115293946212,2.5274252268164332,12.99756867852983,17.350869158326415,2.9796282075179903
4934,-67.17106690445607,-68.61871295583298,2.421036378397261,12.108182932033799,17.447909444480963,2.8466891088161894
4935,-65.990063918041,-68.53975051423564,2.31898797334388,10.88303770670771,17.540648432247494,2.7207562741133273
4936,-64.86244265502903,-68.46411375761005,2.221874424596706,9.790529432888903,17.62929319608852,2.6000456706225705
4937,-64.74997960002132,-68.39162555259585,2.130610453780264,10.113798323172972,17.713984810289,2.4824016527313475
4938,-65.07887036333868,-68.32207306069137,2.046273159491534,10.398454474341776,17.79478663960394,2.3655284115535657
4939,-66.82819506849944,-68.25520734196309,1.9698863352157048,12.181611411843207,17.87168670439257,2.24719592884151
4940,-67.04114079664814,-68.19074730501032,1.9021444531053078,12.39840338453277,17.94459970152671,2.125458224457617
4941,-67.30557397639731,-68.12839771175607,1.843430662546055,12.54466736039761,18.01338391935641,1.9986444378971058
4942,-68.75861745661912,-68.06785192750725,1.7940382686391132,14.131046683322765,18.077842664053183,1.8651166252291418
4943,-67.81788167636053,-68.00879516051346,1.753986908755465,12.97401595359446,18.13772502770502,1.7234746771842424
4944,-69.11248725973276,-67.95091946692355,1.723202253698659,14.633166830709442,18.192740975865465,1.572363839836619
4945,-67.40088707208692,-67.89391501026688,1.7015399648474272,13.324648611005685,18.242549283694128,1.410486940075053
4946,-67.13829505319659,-67.83748346926706,1.6889006287227204,12.618479446587443,18.286773438537136,1.2365833570864204
4947,-66.63310369068762,-67.7813216350187,1.6854615307520504,12.824566548156511,18.324988174166556,1.049078898364879
4948,-67.733394098991,-67.72511936721692,1.6914973846864712,13.59442850082209,18.35671203176146,0.8463127491434896
4949,-69.04215726349548,-67.66855514270627,1.7071777028113644,15.104291904034355,18.381409024109455,0.6267588205814079
4950,-68.92446924644256,-67.61130752036283,1.7322969967277402,15.040616191324816,18.398495953133555,0.3892216345435351
4951,-69.24046088006213,-67.55306867625775,1.7664557382149582,15.319302289493464,18.407357133079024,0.1327145510993688
4952,-69.24899861392754,-67.49354380448183,1.8092077377149707,15.380919879422606,18.407343589873513,-0.14372095566796972
4953,-69.21918186267807,-67.43245482707675,1.8600410356285835,15.902867984116924,18.397775736034493,-0.4409941233663517
4954,-70.48018557276247,-67.36954106877326,1.9184289010291877,18.165234458338276,18.37794398164909,-0.7599259872103659
4955,-71.72875301394807,-67.30455956700814,1.9836430830372365,20.05473071245369,18.347114003553802,-1.100919176375026
4956,-71.85222803104408,-67.23729819657078,2.0545631331989256,21.925420873043095,18.304549369890754,-1.463751394580548
4957,-71.78706514368574,-67.16758869146155,2.129844912227128,23.89766420423952,18.249530577248432,-1.847630282864916
4958,-70.86113497411125,-67.09530853575563,2.208115241784725,25.458027657649737,18.18137401769976,-2.2511775179609295
4959,-70.2116795020296,-67.0203810086759,2.288127207244912,27.42529269564264,18.099452076051037,-2.6724711530405543
4960,-71.15501880024003,-66.94276672193931,2.3688462674643773,28.75096746689205,18.003209274163723,-3.109042357435996
4961,-70.5953285022029,-66.86245792417827,2.4491714967366818,30.162245354653948,17.892182585555304,-3.557906138917275
4962,-69.97311446124549,-66.77948862215686,2.52792143629037,31.761205630126312,17.766015531569238,-4.015639692368147
4963,-69.14552929267884,-66.69392982842558,2.60406609951616,33.27226833328757,17.62447327273076,-4.478337311768517
4964,-69.5703171576677,-66.60588421552245,2.6767660278876804,35.528152268239864,17.46745971078467,-4.941591014215163
4965,-68.89563968110741,-66.51547875989974,2.7452158444114616,36.78788926011889,17.295033871783083,-5.4003882668503955
4966,-68.69583412899404,-66.42286982589502,2.8086207951766085,36.80912081899463,17.107433826327977,-5.849144767134682
4967,-68.77788932500697,-66.32823737355463,2.8662889493148924,36.17629136717514,16.905090887307438,-6.28203219272514
4968,-68.32433653975033,-66.2317838959407,2.917518042475109,35.92445982391081,16.6886316801463,-6.693255181894671
4969,-67.66237733095733,-66.13373617072295,2.9616326379520785,35.34570240419775,16.458873875181126,-7.077087647242717
4970,-67.1806833091287,-66.03434172007722,2.998094255552246,34.78779744468089,16.216825836996787,-7.42786065839895
4971,-67.08826023934847,-65.9338632203528,3.0265051189325476,33.68777294637228,15.963683164621196,-7.740004150752675
4972,-66.46459730036185,-65.83257471214839,3.046523102749461,31.59889599760136,15.700825560279942,-8.00812096173007
4973,-66.87866385398834,-65.73076168016951,3.057882562127716,30.058575356210795,15.429808433839192,-8.22721139556438
4974,-66.83004445991162,-65.6287158746732,3.0603188179912166,28.658927162408972,15.15234480057565,-8.392736038412814
4975,-64.72780827778901,-65.52674042563676,3.0534825340976823,25.567480440871947,14.870292697945004,-8.500511096438368
4976,-62.71750594466013,-65.42515037240003,3.0373138731318505,22.177511039440347,14.585644060813092,-8.546937411045965
4977,-62.22590990531037,-65.32425283409464,3.0123342714293244,19.958489900180027,14.30049687054194,-8.529295355986655
4978,-61.825728146137706,-65.22432808763807,2.9794070932182137,18.375462075166553,14.017024370413981,-8.445614645337143
4979,-61.75326169482857,-65.12562569454676,2.9394984494663845,16.578413974031363,13.73745589418613,-8.294405811852661
4980,-61.724839782625935,-65.02836152434031,2.8936151987306857,14.027029588030217,13.464063982957137,-8.074598288133679
4981,-60.76939404465113,-64.93271801463138,2.8427500612122003,11.857848185175769,13.199149341643885,-7.785685902573913
4982,-60.19008833164563,-64.83884485359283,2.7880133747541436,7.925802882828108,12.945018256118876,-7.427784395534154
4983,-61.05636573999224,-64.74685045631443,2.7307155168332287,6.138060761106459,12.703963715274941,-7.001839591058845
4984,-59.743891555469645,-64.65679715247062,2.6720965525965568,1.2383610378163041,12.478228950048287,-6.509574223995136
4985,-59.93220759988568,-64.56871068614133,2.613435826792241,-2.8371189308552545,12.269992100341932,-5.9536360551244805
4986,-58.33669050705843,-64.48256809735113,2.5561533593657515,-8.076878469544155,12.081319879706655,-5.33794294332985
4987,-58.30568899535362,-64.39830046218361,2.5018525161518568,-10.520951055915525,11.914129237453276,-4.667738924594111
4988,-58.72211661613804,-64.31577792960768,2.452353189790344,-12.180841877803601,11.770137284733714,-3.949357721483766
4989,-59.32579044677943,-64.23481024953092,2.4093931570372007,-11.835042929450331,11.650838722687691,-3.189697052157836
4990,-59.477781944521965,-64.15515171913853,2.374534191733133,-11.653230633724867,11.557490814589858,-2.395810891454593
4991,-58.26257254629989,-64.07650797008205,2.3492018129726944,-11.791151198824842,11.491117996590718,-1.5746431361169755
4992,-58.5840351151196,-63.99853826494035,2.3349561029705512,-8.71844928485271,11.452514605515393,-0.733107405227944
4993,-59.3220647234676,-63.92084422988401,2.3334667574400214,-6.124788414585026,11.442244169575522,0.12233470136014724
4994,-59.66164971492924,-63.84297381444435,2.3462227754988163,-2.1145954150783695,11.460670252272736,0.9860714531701653
4995,-60.79635537998944,-63.76442937818409,2.374529779584833,-0.24252458002526112,11.507982266453533,1.8534719158507595
4996,-61.42970043013973,-63.68467182913869,2.419450902320328,1.4306915168281336,11.584235046662787,2.720770086361286
4997,-61.956758839723065,-63.603132651362735,2.481762823066873,2.4556689256664725,11.689366938877619,3.5847087799397848
4998,-63.63421557629948,-63.51922097426757,2.5620456812024983,5.477087650393912,11.823215631992106,4.442405067326618
4999,-65.2542221151241,-63.432329605949235,2.6605271964839616,7.834025112431306,11.985527276699393,5.29154219107502
5000,-64.19474695244048,-63.34185249450197,2.776919349157936,8.26369736457768,12.175985111397107,6.130559128435289
5001,-65.50458861756748,-63.247201649338706,2.910824391994815,9.248299519588599,12.39423121859508,6.958256774530804
5002,-64.14529591559194,-63.14779753503565,3.061779818695314,8.737189156336811,12.639868896365828,7.773585555222073
5003,-63.97226775420285,-63.04308299475902,3.2293016200110713,8.203635711685493,12.912470255609884,8.57549732510308
5004,-62.842267930927484,-62.932510760368245,3.413103293543962,7.866639592079167,13.211568718039366,9.362711531370831
5005,-61.348347667149795,-62.81554277518942,3.613060086619022,6.665791233074458,13.53665102436794,10.133733155283826
5006,-62.755260478604434,-62.69164008792698,3.8294035939877347,8.840491606260372,13.887150928391621,10.886745679767253
5007,-60.904874018757816,-62.560249202256905,4.062342530571819,7.3054479133651,14.262434069685757,11.619976941180639
5008,-63.723712365496915,-62.42081725255552,4.312113594120994,10.493994390073652,14.661816057803664,12.33164196868679
5009,-63.58741345123706,-62.27277496264884,4.578769199265125,10.504315263160848,15.084543534264876,13.020086476713049
5010,-63.60436816886089,-62.115565972604514,4.861920112486473,10.13332964845273,15.529821822917867,13.684009609277652
5011,-61.52160195294747,-61.94864695514974,5.161149455438476,8.679453351364629,15.996810841550053,14.321927804151269
5012,-61.688474172851954,-61.77148934224195,5.476299342282331,8.43476450314229,16.484617009861285,14.931950481432894
5013,-62.21586717690557,-61.58356033233092,5.807445620186904,9.409328802342486,16.992274206978912,15.51179250018384
5014,-64.6720457268694,-61.384326300896156,6.154506608164354,12.428105561194243,17.51873650987354,16.05912922590628
5015,-62.02375968617338,-61.17325989178663,6.516899388917956,9.453320203092574,18.06288282203933,16.572076067436736
5016,-64.86027715490022,-60.94986634163496,6.894008599336416,11.947413474853164,18.62354158103599,17.048595773172917
5017,-62.53989149744745,-60.713659318497534,7.2851262806072015,10.2147249788093,19.199455873584192,17.486415324287155
5018,-61.92669566677693,-60.464191256261145,7.689399380174677,9.565037112318564,19.789302602655134,17.883205913530595
5019,-63.051500364090586,-60.201032693152555,8.10633885502849,11.052995503295136,20.3916696011529,18.236111117125784
5020,-62.41627212890835,-59.92376866592591,8.53530335588701,10.235786543810732,21.005043343796853,18.5422218790932
5021,-61.26701994526019,-59.632012469426755,8.975498370143278,9.436041612954398,21.62781772642578,18.798548101939936
5022,-64.72272030919838,-59.32540210791636,9.426310127032842,15.213087778795668,22.258279883926182,19.001675425068534
5023,-64.37246421126821,-59.00359179429123,9.886692902881435,17.528528334378436,22.894596088097014,19.148743265222752
5024,-64.77219836385552,-58.666289247724265,10.35504573935313,19.173288449655217,23.534862768274365,19.23790603833046
5025,-64.95726254196339,-58.31325541166769,10.829662308945913,21.91393333227279,24.177123157319045,19.267717220712903
5026,-64.43189055599674,-57.944311760461204,11.308646668571605,24.42277763670863,24.819377249655226,19.237191694072262
5027,-63.86454372669976,-57.559345633762916,11.79004611994607,26.197771347827683,25.45960260359053,19.14593394134762
5028,-64.43422725024634,-57.15830868579813,12.271958346500398,29.484367525924654,26.095772845745067,18.99399475468723
5029,-63.42866172601972,-56.74121507732956,12.75236380365321,30.27248238605175,26.725868920569678,18.781987793698374
5030,-63.1705298147966,-56.30815109888792,13.229186105547335,31.337702606287664,27.34790536532496,18.510944340445814
5031,-60.476249886919256,-55.859269336959734,13.700410360691464,29.430452424251172,27.9599318765994,18.181985077255636
5032,-58.36302313616251,-55.394790408175155,14.164329560862825,28.599223549132674,28.560037703808668,17.795921966463606
5033,-57.69721423532508,-54.91498069956888,14.619815766676432,29.09529985838914,29.14632667436364,17.35297950502691
5034,-57.29404298413303,-54.42013602373006,15.066013870023376,30.468263380042643,29.716903004143795,16.853155932165116
5035,-57.8746316053992,-53.910579774900654,15.502082789261031,33.77226423509725,30.269870403174647,16.29655538915671
5036,-57.417615479375186,-53.386663837779324,15.927005703536388,35.6529989020147,30.803340030087575,15.683810419442779
5037,-57.842981342051004,-52.848779394664895,16.33959373668084,38.71036538822429,31.315457764470832,15.016162993267894
5038,-56.97131727137894,-52.29735758866727,16.73850482673469,39.62387543731484,31.8044175629721,14.295433907002266
5039,-56.0493846681417,-51.73287907288258,17.122301294903153,40.340650673706534,32.268486691604316,13.523885573241987
5040,-55.64095064346402,-51.155870835673724,17.489646237463035,41.69462809218716,32.70600993452157,12.703881114225375
5041,-56.059377223854554,-50.56690265705171,17.839230837580757,44.86566500028978,33.11541209921934,11.83795750912573
5042,-55.84690103539578,-49.96658877983501,18.169571409019625,47.09844901358292,33.495207101796616,10.929198677749774
5043,-54.9306514701997,-49.355597896450405,18.478976791135153,47.745261983610774,33.84402534440266,9.981374745510756
5044,-53.75917998981877,-48.73465699375933,18.765743543586666,46.87015484427165,34.16063208483067,8.998575694256594
5045,-51.92648569324079,-48.10454832687796,19.028295483947346,45.26422445766214,34.44393039068643,7.984758607656239
5046,-49.42838664308571,-47.466103961496174,19.26531712236958,43.007918038127585,34.69294932534108,6.943422425837191
5047,-48.008442354622126,-46.82019385205332,19.47594833147626,42.05741670895924,34.90682521907558,5.877412608213355
5048,-47.941384133624126,-46.16770740606442,19.659720619733072,42.68030084758935,35.084776832555306,4.789028920634912
5049,-49.6621227011032,-45.509545810737784,19.81619354176246,46.797645829738315,35.22609381378457,3.680464145802027
5050,-50.22216397760693,-44.84662783661359,19.944485849455162,48.97456344192956,35.33014110894211,2.5545684738352037
5051,-45.90577103296716,-44.179913420774106,20.043180689578364,46.45372953327643,35.39639837870692,1.4150915805253206
5052,-43.26349357767537,-43.5104157906417,20.111222067868404,45.24606984734217,35.424480547643796,0.2657066757903692
5053,-42.76612756650911,-42.83916528291621,20.148390063087582,45.42520660565671,35.414112157092944,-0.8904814948816409
5054,-42.251379895416484,-42.16718978643586,20.15473225404378,46.555572586920505,35.36511511465169,-2.0505237639081386
5055,-41.43467076058832,-41.49551646597996,20.13024698234922,46.850557949121864,35.2774105728324,-3.2112674097301053
5056,-39.61083250861024,-40.825173320945915,20.074930776634474,47.675794017426895,35.15103062066968,-4.369327429775538
5057,-41.313989848295485,-40.15718774753766,19.988973260188878,52.11854857027343,34.98612207751403,-5.521120406985247
5058,-40.94984041770339,-39.49257510359999,19.872382989156065,53.351558025318255,34.78295592687066,-6.662236246178033
5059,-39.83455192857577,-38.83236221492726,19.724771245449197,54.62702491394877,34.5419729944355,-7.787366118879895
5060,-39.420112474689724,-38.177590353903376,19.545772302214033,55.793269275293355,34.263798185612,-8.890762134143309
5061,-36.28701351059727,-37.52931072811299,19.33505236542338,53.11043997997672,33.94925551882594,-9.96623611270902
5062,-35.58447286819382,-36.88858686287515,19.092611401633164,51.424245202307446,33.599382444764736,-11.007737256621546
5063,-33.4735052115606,-36.25646996800411,18.818828068290223,49.12580608432641,33.21540636838451,-12.00976565205849
5064,-31.744534261277312,-35.633998324989136,18.51431012379475,46.86273285238805,32.79873140129417,-12.967304784676728
5065,-31.087158190703537,-35.022182626417795,18.18004977429556,45.162421733849555,32.35091938273939,-13.875897389218359
5066,-29.392834808547285,-34.421995006702765,17.817210539975576,41.943279987429165,31.87367157534628,-14.731547013887116
5067,-28.296787424991127,-33.83436859041942,17.427125416563527,40.82000321706816,31.36881624848025,-15.530851182700438
5068,-28.028684308467806,-33.26018664559853,17.011365703812977,41.35548056708022,30.838281496499583,-16.27090710662305
5069,-27.286450062812573,-32.70027754349856,16.57153279023788,40.79440682640093,30.284089108038714,-16.948745438816673
5070,-26.612843602088134,-32.155417792916005,16.109209661882886,39.498792748425856,29.708365133911805,-17.561239337162693
5071,-26.624567657738147,-31.626330232706366,15.626025561922017,37.74652362837732,29.113339818894534,-18.105370032199133
5072,-26.475546573117825,-31.113682755454537,15.123548458490923,35.293510174627144,28.50134046509853,-18.57839788877307
5073,-23.834792790209754,-30.61809366880697,14.603211827627156,30.001451009531863,27.874779959642996,-18.97802911986428
5074,-20.621751073897915,-30.140135300279393,14.0667140643815,24.085955296375616,27.236138523774244,-19.302937472486725
5075,-20.287265425808794,-29.680312731181537,13.516479268379467,20.63189957371634,26.587917461477215,-19.553275145352753
5076,-18.39021588667298,-29.23903668238743,12.955319614791811,14.741757916821115,25.932586847417394,-19.73039625238144
5077,-19.83554173151304,-28.816624756862083,12.386245117894177,13.120279158765939,25.272557711318452,-19.836850570769577
5078,-20.32688162312866,-28.41328700786115,11.812204531886952,11.3756888592888,24.610130142699422,-19.87610927651831
5079,-19.82668998334795,-28.029144454736286,11.235735833181302,8.109429103067072,23.947483759550565,-19.85194743568062
5080,-20.351403669080618,-27.66423795231573,10.659261214257203,6.190432292340432,23.286666980320714,-19.76868819804544
5081,-20.919148712745475,-27.318527040452473,10.085087835719246,4.932427264510181,22.629571213014202,-19.63122897133239
5082,-21.363316852172765,-26.99189876326778,9.515254736430308,3.1347327407006134,21.977918382231888,-19.444743614292346
5083,-21.128045767386073,-26.684176724690452,8.951550502890733,3.148675947473677,21.33325497206138,-19.214665761467877
5084,-22.565613744409028,-26.39512872974173,8.395638328696968,3.0622511589887864,20.696940664800696,-18.94650153016487
5085,-22.043420506366136,-26.12446750277732,7.84891388188365,2.997006972548178,20.070154870050388,-18.645577331418703
5086,-22.503152753060075,-25.87186780428282,7.312553481966759,3.221202626866969,19.45390217603945,-18.31705430379369
5087,-23.0867637416833,-25.63696393731287,6.787664926408432,4.532349019176692,18.849017916464142,-17.965885106589354
5088,-23.020173883477796,-25.419356809188926,6.275128372084371,5.770873098294146,18.256176502266825,-17.596612504074614
5089,-23.02081329708446,-25.21862204584058,5.775679804120646,6.204031380132562,17.6759104161925,-17.213222013734466
5090,-22.269121536305125,-25.034311488914216,5.290002806191243,5.520065734434297,17.10862836801786,-16.81927612598736
5091,-22.807332811722183,-24.865955192094496,4.818835388091891,5.780132730725057,16.554625341126677,-16.41820398375108
5092,-23.00230060984808,-24.713055796374757,4.362894862271602,6.513381315000558,16.01408143576779,-16.013331026910844
5093,-24.0380643471719,-24.575095534609723,3.922741744203666,7.104820315581932,15.48706993933262,-15.607672225194769
5094,-23.35857446141543,-24.451539680094513,3.498710285106199,5.897472549452729,14.973569954088138,-15.203886816068444
5095,-21.92920278466533,-24.34184818226931,3.09104286934911,3.725648816087741,14.473477484928058,-14.804570897556344
5096,-23.43180877906414,-24.24547015547124,2.7002607896283415,4.680862072067285,13.986598560917715,-14.412672334953669
5097,-24.074891304148355,-24.161830796294087,2.326843805489638,5.181773370463503,13.512632662597813,-14.031173141437714
5098,-23.612146617014563,-24.090347235105263,1.9709258384393102,4.664713697925961,13.0511870181552,-13.662695921049455
5099,-24.558630505818055,-24.030435740398133,1.6325909261655802,5.7407798931061365,12.601786267861183,-13.309726581194683
5100,-23.85587271268891,-23.981507840027557,1.3118316344188585,4.999204413498276,12.163871912742222,-12.97453245862945
5101,-24.63854713470405,-23.942980298103542,1.008588101616521,5.94124147614103,11.736817437285886,-12.659199204657314
5102,-23.70529002535832,-23.914268633253123,0.7227755775481448,5.318853872538853,11.3199252990984,-12.3656540385271
5103,-26.125618310185455,-23.894795259600333,0.4543217053783266,7.565965360948567,10.91244050138408,-12.095651149964128
5104,-25.378661355528877,-23.883980519561234,0.20292583199479353,6.628420115858177,10.513548555767459,-11.850580541534805
5105,-26.050055690217647,-23.88126687080068,-0.03196603395529962,7.797056310191849,10.122401798615092,-11.631517570014598
5106,-25.23234310934165,-23.886111588491588,-0.25089865918555887,7.003273990131063,9.738114051099819,-11.439385747753752
5107,-24.959846421062363,-23.897993448079717,-0.45439473564069743,6.83208590254668,9.359776082098175,-11.2749375364651
5108,-24.864897213300523,-23.916404570867634,-0.6428123512531947,6.98422440875207,8.986451548668812,-11.138955487001825
5109,-25.05075704470599,-23.94084760482993,-0.8164504492320646,7.311645247161451,8.617179049631387,-11.032113208920835
5110,-25.966574307603143,-23.97083460081644,-0.9756151188985562,8.28186859078906,8.250977334740757,-10.95490257419784
5111,-26.079071371912885,-24.0058886127565,-1.120768177720457,8.8431165964234,7.886852211351531,-10.907513125232802
5112,-24.592284484299256,-24.045552479331135,-1.2525146842156687,6.966297284311679,7.52380979305857,-10.88979806961705
5113,-24.879717552036894,-24.08938959170421,-1.371244225985624,7.380135831519908,7.160865673377061,-10.901698111991394
5114,-24.939920756023866,-24.13696876106351,-1.477155627050184,7.454803491976037,6.79702991892581,-10.943263549803476
5115,-26.50925999123023,-24.187866633507557,-1.5704858119556242,9.368277174843172,6.431314770056829,-11.01436396454947
5116,-26.897569496476144,-24.241667815193885,-1.6516993783399592,9.592144150006988,6.0627389879558455,-11.114464810378667
5117,-25.032192498678626,-24.297979925396888,-1.721536461898534,7.897515686861183,5.690350449364918,-11.242604522943665
5118,-24.852853912773554,-24.356436912653788,-1.780501180742231,7.807841822273403,5.313232019759601,-11.397930060483926
5119,-25.193835963307162,-24.416680004113037,-1.8287765324367378,8.154202587187257,4.9304884453326565,-11.579742257787803
5120,-25.57266668289046,-24.47835534814957,-1.866551900332336,8.464134296264959,4.541249202573748,-11.78719078638645
5121,-26.601638551041244,-24.541116797468526,-1.8941055760988412,9.40561254329053,4.1446757262402265,-12.01921292985379
5122,-27.561997608147877,-24.604629053222826,-1.91190669097411,10.402011428502405,3.739968340583495,-12.274443031871769
5123,-28.789115478822687,-24.668577243533466,-1.9207014172680559,11.6923195248919,3.326379524115442,-12.551108116766883
5124,-29.86949545477146,-24.73267581437403,-1.92154225667581,12.949441621128074,2.9032277994657028,-12.846973487454159
5125,-28.799303742957104,-24.796680060645187,-1.9158058004898493,11.832075146982987,2.4699146249518313,-13.159301212553782
5126,-29.19591327162882,-24.860396201073353,-1.9048511058258732,11.998117112102406,2.0259410519621173,-13.485205220307975
5127,-28.6713217958787,-24.923670134366912,-1.889918074187804,11.660308395766137,1.5709009435979664,-13.821810448551439
5128,-27.173026068001718,-24.98639073935254,-1.8722086921297176,9.967463794250364,1.104487022058688,-14.166133691758262
5129,-26.74704679367771,-25.04848404717556,-1.852605402343066,9.734083195609188,0.6264920308140822,-14.515356684993721
5130,-26.87771223458252,-25.10989776617541,-1.8316859430891341,9.916986428046187,0.13679657639243992,-14.86680716175696
5131,-27.687426788518117,-25.170596443381502,-1.8099657729637286,10.818546857276289,-0.3646284466363817,-15.217676463765047
5132,-27.745552010322697,-25.23056215103966,-1.7880820289145305,11.04857426058662,-0.8777151878585631,-15.564847288401499
5133,-27.51798447364376,-25.289801911975804,-1.7667829546600444,11.076739314124737,-1.4022849325298148,-15.904883202898816
5134,-27.01202765112525,-25.34834768135033,-1.7467738713020076,10.250503216776693,-1.9380407347184843,-16.234155078647497
5135,-26.73980821730917,-25.406253503395938,-1.7286335081222504,9.676785843967437,-2.4845619377729813,-16.548994789165192
5136,-27.80438916322762,-25.463589915225146,-1.7128075610983906,10.868377270238781,-3.0413070539961637,-16.845781447220915
5137,-26.57335157332297,-25.52044067413583,-1.6998424154666303,9.298926152433296,-3.6076140342543757,-17.12063822788724
5138,-26.287133772724427,-25.57691274292292,-1.690242724055988,8.245776608387217,-4.182682935855313,-17.369577494340994
5139,-26.186125481133043,-25.63312352240623,-1.6842706688082743,6.479113282452573,-4.765585867210442,-17.588831871432106
5140,-27.61964561878085,-25.689197454176806,-1.6821140940084156,5.686494798987042,-5.35527172728412,-17.77488110375373
5141,-27.446738145603863,-25.74526446200679,-1.6841422946393791,4.049327612601047,-5.950577940794024,-17.924411140472586
5142,-27.318684763459483,-25.801473607152765,-1.6908953461804899,2.2969847217112545,-6.5502324699822925,-18.034293034545
5143,-27.11527346118667,-25.857990818418823,-1.7028518747779842,0.06327207945246016,-7.152864143097024,-18.101724173670455
5144,-26.369989988678345,-25.914997065471297,-1.7204244543062863,-2.328155107918988,-7.757014081560323,-18.124315898716507
5145,-27.01276736244919,-25.972685782039242,-1.7438677042439643,-4.4793040690976795,-8.361151869678125,-18.10018786860633
5146,-26.324685463886738,-26.031254912420895,-1.7734039457514328,-7.050450589039407,-8.963693272800745,-18.027955558938782
5147,-25.471774252995488,-26.090912711756005,-1.8092314752771799,-9.50112600960368,-9.563015573607377,-17.90675722587671
5148,-25.376963898123094,-26.15187034410604,-1.8513018592753916,-11.797861406829654,-10.157477087859192,-17.736299162523494
5149,-25.36891604571312,-26.214332835707697,-1.8994077999297154,-12.97126639686207,-10.74543551777561,-17.516816094830688
5150,-25.099851898178933,-26.27849753076802,-1.95330835129365,-15.90308640772912,-11.325264827514571,-17.248882938259882
5151,-24.24614483116081,-26.344553392460607,-2.0127025304366697,-20.11177265260821,-11.895361046992935,-16.933511412230118
5152,-24.37951098414835,-26.4126776994638,-2.0771030315503225,-21.45986091160416,-12.454165588329912,-16.572604049864967
5153,-23.736875138629014,-26.483026927897296,-2.1458954794940865,-23.421662378933107,-13.000201316983933,-16.16872181972056
5154,-23.504018640560403,-26.55573739809674,-2.218369178158053,-25.035396765578973,-13.532080376311283,-15.724753586489424
5155,-23.802813896334943,-26.630918206441166,-2.2936619703034467,-26.53852854954463,-14.048518222749895,-15.243959617099723
5156,-23.449389739225907,-26.708648196116968,-2.370899512155127,-27.295751361192615,-14.548344350784598,-14.729907776710478
5157,-24.879551944007407,-26.788978173918174,-2.449176598287597,-27.211404948540306,-15.030512074530593,-14.186350929736173
5158,-23.745694063331392,-26.871926636002808,-2.5277246329063807,-29.22511231079789,-15.494101079433676,-13.616995974085517
5159,-24.810846241218844,-26.957493149445266,-2.6057948014846666,-28.288487666534692,-15.938311806136294,-13.02569607197114
5160,-24.584039652797824,-27.04564628943512,-2.682603014212628,-29.022307818773207,-16.362480817565086,-12.416329558391315
5161,-24.296234796996725,-27.136333350392775,-2.7574640127491,-28.558468636011703,-16.76606711002905,-11.792615480683253
5162,-26.27869658150046,-27.229477223618392,-2.82958942083253,-26.221222627281314,-17.14865518294397,-11.158189943804775
5163,-25.557371094242075,-27.324972645114944,-2.898415525646012,-25.078985035868854,-17.509946439616034,-10.516155618624214
5164,-27.477509055581272,-27.422704925328127,-2.963538097245948,-19.081921426096343,-17.849732224185583,-9.868987151825035
5165,-28.30706938457621,-27.522541851598007,-3.024702438553444,-15.282068440870646,-18.16787891640437,-9.217993307064365
5166,-28.678516221466992,-27.624351754565023,-3.0820333601975314,-13.723594166289764,-18.464265111323208,-8.562928186897665
5167,-29.264276162838577,-27.728010742277842,-3.135804280083274,-13.782609436002502,-18.73874079553088,-7.902657715268671
5168,-31.628052618427663,-27.83340537323724,-3.1864004013403324,-14.08121645542851,-18.991108959007786,-7.235739954446032
5169,-30.630938355177157,-27.94043743570053,-3.2346144434525215,-14.407688842755647,-19.221123459160616,-6.56070780304729
5170,-30.878555659727915,-28.049046336134076,-3.2814107634880685,-16.354230312324468,-19.42848947921094,-5.87611537903781
5171,-30.81178764381218,-28.159198153266402,-3.3276102001938668,-17.1911513299409,-19.612864484429803,-5.180789763457394
5172,-31.1009289312308,-28.270887016147,-3.374027954796066,-17.129683301466535,-19.77387546344143,-4.473913692056168
5173,-30.006302095721445,-28.384133350252807,-3.421479307718691,-18.704894979827422,-19.911125397233548,-3.754733852578198
5174,-29.317077709930786,-28.49898563666158,-3.4706263133523585,-19.371025835174457,-20.02419105361331,-3.02267767796236
5175,-29.93444399411814,-28.61550843780963,-3.521831844326826,-18.592160893735866,-20.11263724243104,-2.2774686716234527
5176,-28.170865598045626,-28.733774426283368,-3.575413681770172,-20.444077834768642,-20.176022298388208,-1.518783607853731
5177,-27.738399035719212,-28.853869349927642,-3.631484248667771,-20.980690810563402,-20.21388948295462,-0.7464362486782861
5178,-26.67307076228471,-28.975873376194553,-3.689793966020929,-21.604305267869606,-20.22578471496676,0.039419520208134884
5179,-27.09867150449755,-29.099855614329037,-3.7498345284568657,-20.74950783655224,-20.211261514940745,0.8384646843025578
5180,-26.788075080893872,-29.225862344758344,-3.81096592283928,-21.777109882207483,-20.16988706934659,1.6504142157793211
5181,-25.662263828498876,-29.35392000918499,-3.872528063491494,-22.76426425576701,-20.101233900555457,2.4749490782386196
5182,-25.866113642342228,-29.484030882324443,-3.933609487490344,-22.669146918799342,-20.004890464130682,3.311434274804732
5183,-26.916575661477374,-29.616160641684345,-3.993123243757992,-22.61537705378531,-19.880471615568474,4.159077625167669
5184,-26.314699575930636,-29.750239098574976,-4.050129904580579,-24.21719459800572,-19.727618622452837,5.017076261020179
5185,-25.734451053639084,-29.886169301989717,-4.103717162247715,-26.427433685828035,-19.545999864833796,5.884355884669805
5186,-23.763456533674333,-30.023820242724824,-4.152756773353712,-30.07762808929521,-19.335328230141517,6.7592255997203665
5187,-23.57893620668052,-30.16301975354663,-4.195700436369769,-31.535410898894177,-19.095384824852438,7.639064714755612
5188,-22.32762891017731,-30.303533605149475,-4.230638151220614,-33.70677330084937,-18.82605724915781,8.520425962375633
5189,-22.01824753241919,-30.44506229696134,-4.255404812776398,-35.45658891342492,-18.52735642736073,9.399246682778948
5190,-22.730105039769928,-30.58722725933457,-4.26756129736086,-35.50723506553146,-18.199440803639213,10.270796660417023
5191,-25.229488357673702,-30.729566383452063,-4.264686144536505,-32.330966718048366,-17.842636649999594,11.129984767397367
5192,-26.341197041203166,-30.871539668970335,-4.24479310662969,-31.490661553735706,-17.457441819146055,11.972082843864289
5193,-29.3059985275978,-31.01255259056071,-4.206390636061688,-28.01234659042673,-17.044497793741975,12.792849667038304
5194,-29.89349057332493,-31.151965711374448,-4.148551291354909,-25.118487657404657,-16.604585174676835,13.58856751813816
5195,-29.598158594171867,-31.289122676651036,-4.070834165564907,-22.675248071494977,-16.138593292532764,14.356339414079766
5196,-29.669585077629993,-31.42335465574544,-3.972800670014305,-17.779230316234617,-15.64749588040485,15.093927300944454
5197,-29.12638602489888,-31.55397605465199,-3.853938564556003,-16.7382446792871,-15.1323314724698,15.800042168490771
5198,-30.0289963628431,-31.68028389338251,-3.7136260710002666,-14.381092315370687,-14.594159735838799,16.474128219560555
5199,-31.969139700107846,-31.801551126052008,-3.551256650483534,-10.243992006429615,-14.03405625783243,17.115978334648467
5200,-34.335074491357524,-31.917034336748078,-3.3666096734172335,-8.489530320153989,-13.453094513528901,17.726187789023406
5201,-32.73653712702088,-32.02599177094649,-3.1600696289875607,-11.707972695518997,-12.85231040523087,18.306058268204364
5202,-36.812354215664655,-32.12770564534725,-2.932101745354565,-9.78215127340517,-12.232690628981944,18.856498031835798
5203,-38.400447216155705,-32.221465220636794,-2.683508300779671,-9.140215965253034,-11.595210536441817,19.378041646748805
5204,-39.4569396863793,-32.30660619873256,-2.415904743152204,-9.057948833534759,-10.940821185865357,19.87141857758938
5205,-36.46257152246387,-32.38252553684694,-2.1312731736154333,-13.434332667483176,-10.270449297935858,20.337273875560314
5206,-35.387335390344845,-32.44869107697359,-1.8312835765001267,-14.64879366081842,-9.585002927494669,20.775417051254514
5207,-35.04645452897956,-32.50461110861362,-1.5169796478670605,-13.705133681763321,-8.88542149451889,21.18462462982332
5208,-34.079054491190554,-32.54982305349806,-1.1891763493707685,-13.42646716690465,-8.172694618839781,21.563426910706536
5209,-36.27451789941385,-32.583889531905,-0.8484790595952063,-9.060845552204448,-7.447859700471788,21.910325942592863
5210,-39.26245904544999,-32.60638832413774,-0.4956639841978827,-4.417706778005098,-6.712006222666924,22.2243006220588
5211,-39.699226620470306,-32.61693379751819,-0.13226970211931643,-0.1373194071071282,-5.966239659001202,22.505452262067696
5212,-39.155073428948164,-32.61520630427903,0.23966085907108692,2.008633644393555,-5.211642738529077,22.754988804847613
5213,-37.445738603307134,-32.600956406913454,0.6181020515573366,2.515554919256374,-4.449240405344694,22.9748506971976
5214,-37.584512516972254,-32.57399950084187,1.0013609507129217,4.235996759442045,-3.6799860253825707,23.16714729326099
5215,-36.27394770646875,-32.53419901019926,1.387972050531161,5.608273831618149,-2.904763919127295,23.334091400389557
5216,-35.59517694407624,-32.48146803080646,1.7766341661343432,6.610384433567674,-2.124379932023267,23.478126053292737
5217,-33.97600493061771,-32.41575673245697,2.1663281719580496,6.772964482758553,-1.339555515574446,23.601816041462435
5218,-32.49057845238587,-32.337046152675924,2.5563590393829827,6.507931759720037,-0.5509255292591044,23.707666596441292
5219,-30.115966622081217,-32.245332796498104,2.9464719251436122,5.437502554230349,0.24095559085497342,23.797933738375015
5220,-29.86588505679,-32.14061469099968,3.336960640470217,5.9853051581072805,1.0356033866325633,23.874439875233833
5221,-30.43084137991009,-32.02286875380009,3.728480084959429,6.883788403379583,1.8325849158705623,23.93869377851003
5222,-30.12857388249844,-31.892049352002388,4.121605254640599,7.63654028559975,2.6315163051998987,23.99218260677287
5223,-30.039351005804466,-31.748095070157383,4.51683512082429,8.695480353799013,3.432063756322087,24.03640174513667
5224,-29.415154319181124,-31.590927010614102,4.91468601087238,8.276654056915206,4.23394308820901,24.072878135313506
5225,-29.115940394260054,-31.420449336099225,5.315735561731465,8.497354335120704,5.036922298676321,24.102995620765427
5226,-28.231995944386924,-31.236544639832005,5.720650002012544,8.210945067768833,5.840809462926705,24.127869936831146
5227,-27.291082518474933,-31.03907266929839,6.130218801303933,7.373152241758348,6.64544696113173,24.14836810288594
5228,-25.61865079513012,-30.827863386411742,6.545446078307791,5.90633546431819,7.450700669785768,24.164950775290368
5229,-25.209723887523204,-30.602709597411202,6.967663790528675,5.855674713847577,8.256443679484422,24.177496514757344
5230,-28.274754677497096,-30.363352467043164,7.39844851025147,9.452342489034294,9.06253377076959,24.185418670384927
5231,-27.09609704467049,-30.10947969672777,7.838912766864468,8.335682665680707,9.86880492417675,24.188418207567164
5232,-28.746557332029514,-29.840758282585533,8.289815237080749,10.814356256180588,10.675094984607401,24.18632511284197
5233,-27.89531095975586,-29.556825347589054,8.751766728421408,10.289600039005379,11.481226598366215,24.178932115741567
5234,-27.38815999558107,-29.25730716735744,9.225177022358508,9.84254938518366,12.287023792323506,24.16608272702682
5235,-28.833611340265247,-28.941813546098487,9.710571136723338,11.717743992448476,13.092298780168003,24.14723624977393
5236,-30.422246362305657,-28.60993575824255,10.208243108104575,13.803097614634098,13.896839542308435,24.121824785193304
5237,-29.304688590948825,-28.261264005558182,10.717939531500704,12.188382187809125,14.700420432514223,24.08962999404631
5238,-29.73165159757551,-27.895406456142503,11.239235752247332,12.723403507718828,15.502814875244855,24.050264390579564
5239,-28.668592368575613,-27.511981622075027,11.771703556557416,12.191350942172662,16.303771391886194,24.002941123560184
5240,-28.746508909348044,-27.110626219038675,12.314897899590775,11.940096799157288,17.103010950148867,23.946635361087623
5241,-26.421828800470138,-26.690988428768975,12.86840353088369,9.643996439269145,17.900213749292035,23.879967838687808
5242,-26.591862411893807,-26.252732650313096,13.432017215442844,10.106404972010097,18.695008806061388,23.800943099367018
5243,-26.17691589326327,-25.79552061440612,14.005728548541292,9.59787563981611,19.486943289249837,23.70705627786945
5244,-28.833279290206235,-25.319017413743676,14.589430386379174,12.577118867183458,20.275479224586018,23.595559700182367
5245,-26.973762235545934,-24.82289192198084,15.182543435405496,10.848134838646018,21.059980602595328,23.463838073630434
5246,-24.82521481511879,-24.30684785138331,15.784225276892947,9.430452678040467,21.83973509616138,23.309228107659266
5247,-24.130553992301977,-23.770610236854644,16.39407898886411,9.180328294870776,22.613929143105945,23.128365986319128
5248,-26.961721077460542,-23.213909252125703,17.01197396441076,15.390684449438226,23.38162616191599,22.91740881096171
5249,-28.896729580192645,-22.63647863922726,17.637299370437916,20.24349773384786,24.14175639717006,22.67317070078576
5250,-27.576299974719912,-22.03808929409651,18.26856698403768,22.02087987615559,24.893170875301706,22.393883703214943
5251,-27.557777874617337,-21.418574173624748,18.904022345703364,24.324776671611332,25.63468197738439,22.07854102129577
5252,-27.445586709666486,-20.777821137716284,19.541928995942985,25.53268490355225,26.365073610054758,21.726520752419418
5253,-26.835577964907436,-20.11577890722855,20.18038250774632,26.487942301850282,27.08311669421235,21.33750433233459
5254,-26.1017423327167,-19.43246230386653,20.817392118182756,26.851811415403546,27.787573898877064,20.911279478989027
5255,-26.37008012547167,-18.727952766016365,21.45096683911836,27.812412160323163,28.47720199281162,20.44761853840221
5256,-25.639254613162677,-18.002397847925305,22.078978529991442,29.32864058807148,29.150748468103878,19.946283504610722
5257,-25.40756453470972,-17.256020864016936,22.699155169261438,31.59787418746332,29.806954226452334,19.407201974758745
5258,-24.948082745725774,-16.48912083664121,23.30914898396194,33.74333593923315,30.444561933087794,18.830666715919477
5259,-23.60637706648518,-15.702077598419473,23.90648995212281,34.634159769968946,31.062332007513632,18.217434577778242
5260,-23.206088025936506,-14.895354839833022,24.48874481757902,36.78906441064963,31.659057571606343,17.56852723527654
5261,-22.687791662201377,-14.069494610580872,25.053502366131486,38.4310161910831,32.23356715653207,16.885238672065324
5262,-21.90674298350654,-13.22512134875759,25.598245210430086,39.677837864799756,32.78474014974403,16.16925330796832
5263,-21.68932804204491,-12.362944929885533,26.120400811124078,41.33276496128819,33.31151737706329,15.422517738645816
5264,-19.04919939401414,-11.483761294682651,26.617291334769302,41.35396943115407,33.812907998987086,14.64724976297159
5265,-16.081748350808013,-10.588458840900913,27.08640492708705,40.85377598455325,34.28800069459473,13.845763533576125
5266,-15.627314078149267,-9.678000966210181,27.52579972399941,43.569256020005696,34.735958901225494,13.020156770873434
5267,-13.057182159715193,-8.753405525967619,27.933774183085525,43.43156934611724,35.15601114598629,12.17271935382005
5268,-11.042216880851463,-7.815749354004479,28.308803645338834,43.79692515134319,35.5474735248135,11.305995410186185
5269,-9.280020038007217,-6.866151949611696,28.64976834541389,43.09048164145902,35.90974417333204,10.422442248518884
5270,-2.9018139217431,-5.905764797643553,28.955829551893085,38.01125820657148,36.24230300804809,9.524354374900241
5271,-2.3693876350341725,-4.935763312818824,29.227075011500276,41.204663831583304,36.54470113165872,8.613062630069628
5272,-0.6972114277193412,-3.9572931302102017,29.46433304513762,42.30592864717545,36.816507183386065,7.689523009519945
5273,1.4498765290594537,-2.9714744431429825,29.668470060974848,42.14467562558367,37.05733599896005,6.755244750989391
5274,0.22341249466273866,-1.9793951261452118,29.840628306451617,44.62917385607982,37.266856833452024,5.811800644188807
5275,2.6413161600776487,-0.9820992227128746,29.981792809818923,43.41265037387517,37.4447893752393,4.861041982885226
5276,4.249380387005283,0.019391061176049718,30.092829944394186,42.32214630290386,37.590926298977706,3.9049509964834783
5277,5.6223243039917,1.0240894402467378,30.174907530270502,42.230442734331504,37.705119441671535,2.9451186639587945
5278,5.0990873952356734,2.031051563194083,30.229338345532945,44.823962522618515,37.787267543241626,1.9829214554735586
5279,7.481370572246822,3.0393786632822675,30.257262382998533,44.25648088570598,37.83731420536977,1.0200786708425014
5280,5.242435717613439,4.048202388727319,30.2597964017827,48.41513350602804,37.85527278796446,0.05859122892811541
5281,5.418145529911416,5.056698423401114,30.23777852208001,48.62589864690334,37.84122028729831,-0.8990160482225917
5282,7.638031294069749,6.064054290199319,30.191440077297933,45.674644645604886,37.79533838474962,-1.84956917651796
5283,9.345051524200228,7.069461095220976,30.12106886963812,43.76656261702976,37.71791567553045,-2.790292776734802
5284,8.568827659100299,8.072125548175194,30.027237338999562,45.52548016154351,37.60931886630063,-3.7191157288670595
5285,10.507043392031594,9.071276917820947,29.91035773192411,45.870564756851365,37.46997462693931,-4.633961432476887
5286,10.912819635701005,10.066149396970134,29.770717411119698,46.999636807213975,37.30038810413551,-5.5324035475401345
5287,9.612505404736615,11.055991411895594,29.60865578039339,50.076332674962444,37.10114772376997,-6.411750584663842
5288,8.819113611659683,12.040059782329694,29.424084091811096,52.02851677823446,36.87293806515792,-7.26863080124609
5289,16.053761643480364,13.017597018016334,29.216308733134476,44.01592140426793,36.61657233702023,-8.09886108534183
5290,15.225614107969163,13.987813697871992,28.985302226905063,42.229932086987915,36.333013992801796,-8.899087465159461
5291,14.228231081062898,14.949950499810004,28.731700121961794,40.67003257099506,36.02329983934293,-9.667332753920732
5292,18.16353999664695,15.903260372669445,28.45557916078432,33.95455454953421,35.68852514254041,-10.402029085489843
5293,18.97365227882593,16.84698911052896,28.15716813096128,29.21851419707785,35.32983123364361,-11.102743325158642
5294,23.24505059047958,17.78040491473353,27.837119381395148,21.3034373509429,34.948342254196504,-11.770642085990772
5295,20.662104050241584,18.702797069288636,27.496561757895943,21.59428895531164,34.545121761244225,-12.408663165514788
5296,19.513716050594745,19.613509031926593,27.13659922000817,21.062528932599974,34.121098043162185,-13.020761413637878
5297,18.926833397830833,20.511903683955847,26.75750828191836,22.32380150341872,33.67707100033503,-13.610804490729613
5298,20.015230215468655,21.397342917387817,26.359038400422996,21.747762731013566,33.213711077113544,-14.182422495669087
5299,20.51445102718872,22.269172910650713,25.940748348304385,22.83642257014874,32.73157616729043,-14.739008700812732
5300,21.51877559170778,23.12672614060811,25.50217167074562,25.41330319740929,32.23111049705936,-15.283739553189424
5301,21.301484025563354,23.96931768870042,25.042808330300907,28.690820994519157,31.7126601970778,-15.819100310120007
5302,21.258814429180347,24.796246695961504,24.562022507615424,31.98243680661281,31.176503809718028,-16.34655415061049
5303,22.027513012116884,25.606785855874783,24.058891464780423,33.93698505032265,30.622889920370433,-16.866430585222112
5304,20.13716617016921,26.40017279361353,23.532356930697738,38.46176892981282,30.052075104036554,-17.378116955902687
5305,20.049788553878155,27.175609651254632,22.980955334833695,41.499574946174334,29.46434878997692,-17.879869907150123
5306,21.77992086075508,27.932236482602445,22.402695726433475,43.70168043806687,28.860083776893212,-18.368649230386787
5307,23.54699263482761,28.66912269968353,21.795603614759127,45.72151920520993,28.2397721746178,-18.840458277675918
5308,24.759027312081887,29.385276723586387,21.15800246272901,45.21634151145186,27.60405322504815,-19.29049049037996
5309,28.47345329380792,30.079656197198798,20.488442662963386,41.79532129185185,26.953739475259137,-19.713527301378715
5310,30.328088036399922,30.75117290111728,19.785997434873668,39.254503645754355,26.289818071622904,-20.104742742443946
5311,31.92333768846994,31.398722692857042,19.050365018507414,35.880557483161084,25.61342329242954,-20.460001955004703
5312,32.21281852908965,32.02119723568444,18.281560511638375,34.071658588765075,24.925817941289257,-20.775850311810053
5313,36.66050180082095,32.617493393632934,17.479690420318796,27.69523788999416,24.228366604975538,-21.049401056997485
5314,38.4950542922209,33.18650993037236,16.645384444129476,23.082046431800492,23.522524537489424,-21.278778650088448
5315,39.425310681431995,33.72718568990823,15.780033181369433,20.05678211566388,22.809781361636308,-21.4635330591671
5316,40.954613206798236,34.238512142463655,14.885273350138597,16.022118752743467,22.09162233354495,-21.604139161965303
5317,43.864395653866666,34.71953724658414,13.96295097559019,12.375551616498214,21.369505417505287,-21.70190888578734
5318,44.50206278181973,35.169375540836334,13.015424620393006,10.814462467821386,20.644828407825795,-21.759082202830378
5319,46.37769517171797,35.587232221277006,12.045441939848196,10.345132921472725,19.918899937316596,-21.77845833453354
5320,47.13793719847555,35.97240500349288,11.055995294594183,9.638216887606319,19.19293118552356,-21.76292272194985
5321,47.12428413778029,36.32429857424995,10.050349593705796,11.961170332687558,18.46803842251994,-21.715319816072718
5322,50.06235128176132,36.642428309739934,9.03177116229326,9.273545584120356,17.745243197785378,-21.638038012678393
5323,50.40789884323221,36.92641665173617,8.003861558775007,8.760453718922065,17.025502555008046,-21.533304660367847
5324,50.62869916569426,37.176019080324934,6.9706210865420815,7.282426859154015,16.309689553760855,-21.403608553430857
5325,50.16435549264297,37.39112472417231,5.93605492004567,6.241078976417398,15.598595318112656,-21.25152110001583
5326,50.436535338914986,37.571756074994646,4.904062915054546,4.39319587569463,14.892921480426466,-21.079776160806254
5327,50.12913359882193,37.71806225184261,3.8784575050767955,3.606227514332744,14.193276907392239,-20.89132655524771
5328,47.76281460989202,37.83031990866643,2.862997269646641,6.006517939355064,13.500166376743286,-20.689307937295656
5329,46.07836490331722,37.90892873648572,1.861004750560653,10.721086954075787,12.813989711572528,-20.476408950029665
5330,47.59192125427345,37.95438689203714,0.8751717483029964,12.750016398840856,12.135072446741308,-20.2540551365769
5331,44.86484426548294,37.96727351970592,-0.09185379795173532,17.57104491546727,11.463719369134068,-20.022466272952002
5332,45.34237362803992,37.94826330550703,-1.0376130784639415,20.083989061359077,10.800241361877841,-19.780642741577353
5333,41.95995314297255,37.89809931447499,-1.9599808860227697,25.301889571773728,10.145009853028911,-19.526295852991886
5334,45.05952724440309,37.81759791310551,-2.85725369131562,23.07484075041495,9.498488305011715,-19.255791227350628
5335,43.36310092877175,37.70761573505395,-3.7277505947078637,24.43774141173111,8.861290437872203,-18.964856164199926
5336,44.25598367416579,37.56908120679165,-4.569553719762851,22.302594592571012,8.23416456073172,-18.649155571835365
5337,45.28023995351319,37.40297882040309,-5.3808277238684,18.800070449539902,7.618013399749845,-18.304281185436757
5338,43.83471853341031,37.21035935853376,-6.1594068810086,17.33663234133779,7.01387914836927,-17.926478197087338
5339,39.50638828109226,36.99235169500252,-6.903134765504468,18.834531544514377,6.422914853277356,-17.51254878998903
5340,39.065875813287434,36.75015037416679,-7.610652476014685,16.14403782762693,5.846375895703335,-17.05911230887971
5341,41.005953252491636,36.48497486326821,-8.281241815355926,12.116173942016232,5.285640699352042,-16.562791829627812
5342,40.34217167644966,36.1980675864764,-8.913886149290917,8.524738763059588,4.742189773728147,-16.02104034858005
5343,40.45785113407143,35.89071578664881,-9.507296959297058,5.174863167943187,4.2175713427800385,-15.43227967498471
5344,40.13176250098875,35.56424778918993,-10.060178863201834,0.7303772378026991,3.7133711287291664,-14.795804983158227
5345,39.682710200402425,35.22003719576869,-10.571173516658803,-3.4221558614481893,3.2311843439028234,-14.111917499850426
5346,37.41090872756473,34.85950288807934,-11.038938109122434,-6.468090427081421,2.772576628739138,-13.38205017102534
5347,38.63256729896493,34.48410798849386,-11.46242963026598,-9.823717450863207,2.3390476658344674,-12.608566473636902
5348,40.18021706294855,34.095340912728275,-11.840651794091741,-15.56559631458321,1.932005530496678,-11.794649149321296
5349,38.02675651837294,33.69473120222108,-12.172082879102746,-18.91774247626641,1.552737722546381,-10.94470876569738
5350,36.03748626903346,33.28386872078809,-12.45517386709686,-19.37939149873032,1.202358279450186,-10.064391267517886
5351,31.70070656269282,32.864386277747954,-12.68887110600641,-17.671148888443525,0.8817783047118553,-9.159801219721295
5352,28.919022214850656,32.437943980387665,-12.872938168266508,-16.74737069026714,0.5917048648020996,-8.236758042520961
5353,27.737679063161753,32.00619039986352,-13.008071367934235,-16.712303458303488,0.3326611018771245,-7.300598962705336
5354,24.63510634696212,31.570739222525383,-13.095428714966797,-14.381619406856338,0.10499826728841055,-6.356436969406691
5355,24.874450772752937,31.133161818865734,-13.136676292447316,-15.954755268359797,-0.09110136274998826,-5.408960884437343
5356,23.700206548541193,30.694960803028895,-13.13377613092337,-15.948887118341084,-0.25559912500741233,-4.4626838658854435
5357,23.539093165361045,30.257576743470842,-13.088699052433643,-15.874567364521091,-0.3886136204756845,-3.52229850660619
5358,23.517471411809943,29.822380866199985,-13.003484248293784,-15.256024650480576,-0.490419025447825,-2.5924412345359777
5359,23.340884603020072,29.39067779358459,-12.880068328245109,-14.073868193051958,-0.5614430361114163,-1.677610529020766
5360,22.301514038609316,28.963709644316978,-12.720288466166725,-12.612404971540862,-0.6022597273825427,-0.7820114009780121
5361,21.773763612057873,28.54265856250681,-12.526034965244346,-11.915369273359126,-0.6135771295099505,0.0905608822341808
5362,20.983353366153498,28.12864064663402,-12.299305060817751,-10.898190534758328,-0.5962223352335974,0.9366397796823472
5363,20.56482516063118,27.722704891785625,-12.04216782511633,-9.347736961650796,-0.5511344775311273,1.7530127604515005
5364,20.530269654291388,27.325829458292933,-11.75675017333786,-7.4156672098763465,-0.479354817870164,2.5368398213302448
5365,18.010709218782225,26.938921546896434,-11.445127015366356,-3.7727085765915405,-0.38201182277577767,3.2857814401882157
5366,18.892619732693795,26.562820990601843,-11.109636513784036,-3.9725830890441074,-0.26030272185761627,3.998301966027015
5367,18.686201363072833,26.198279112644165,-10.752746892452514,-1.953451038280221,-0.11545835837397667,4.673345169133521
5368,18.69007006286963,25.845971197771675,-10.376715792629305,-0.5985257357555014,0.051253622751285144,5.310085710609924
5369,17.1955031247798,25.50649805980221,-9.98372437791156,2.137827185829778,0.23854735566668495,5.9081536527946374
5370,13.72304311346287,25.18038957257757,-9.57607261279584,6.3296683525004624,0.4451305329375943,6.467734799400979
5371,12.384732719232332,24.868093218949156,-9.156700097002641,9.039416756563952,0.6697296756267502,6.989986622759638
5372,13.202234039598167,24.56994289944406,-8.729166871006857,9.212692218315041,0.9111296411215701,7.477028760259385
5373,17.04318176321633,24.286148760882032,-8.297019645957473,7.026386368055682,1.1681982596440426,7.931340266660457
5374,17.921663466996737,24.01680825638023,-7.86302587393612,6.012986251683955,1.439885658898934,8.355026730809575
5375,20.38054932474276,23.761947035952957,-7.429168964117032,2.548883321012937,1.7252000416980142,8.749639310324827
5376,20.972816440602923,23.521530325439095,-6.996858101071055,0.606188982362525,2.0231949462539225,9.115980519896029
5377,21.953298455313675,23.295489829214887,-6.566975106597823,-1.5244490040567058,2.3329320763577495,9.453962131018693
5378,19.34053826076308,23.08373198499924,-6.140098567629408,0.8064298281577464,2.6534590883218354,9.762799829704559
5379,18.617808054058408,22.88614992470626,-5.716984693111247,2.178137111584192,2.9837853983380533,10.041645356471102
5380,17.39733375694726,22.702599672125157,-5.298824817577774,4.422828176995054,3.3229021120865756,10.290104251812656
5381,17.371875962494762,22.53289493686774,-4.887042559439987,4.645434744321591,3.669792348458897,10.508220275539797
5382,14.745748322996512,22.376796834829157,-4.483194280332654,8.448151647578968,4.023450130455895,10.696302069654731
5383,15.615642345352429,22.234015318178898,-4.089182191334189,9.04184050339758,4.382879153102546,10.855152678233946
5384,16.645397555972796,22.10418468874021,-3.707125215553564,8.976471426448256,4.747126975671492,10.986122863705825
5385,18.270134370350046,21.986873637141993,-3.3388192556292218,8.904494197814273,5.115287344016267,11.090534338435036
5386,19.263850817738092,21.88159673836493,-2.985628734316581,9.556656844274087,5.486495931567161,11.169579480209112
5387,20.054950999631014,21.787831721520888,-2.648495604736798,10.428178496732428,5.859925976030208,11.224426995842194
5388,20.453704603385,21.70503036471581,-2.328066815493095,11.06107581664341,6.234791064623307,11.256361438105284
5389,20.33692022224785,21.63262726715468,-2.0247861252379096,11.527012225466777,6.610350071903894,11.266779797195587
5390,19.891115994906098,21.570044623033283,-1.7390322838507544,12.5299651208488,6.98590971776968,11.257130872657331
5391,21.476273251045036,21.51669178156463,-1.4712476267816577,10.963405533046995,7.360825463414383,11.228970198249954
5392,20.725617506168412,21.471961447914506,-1.2216878250715446,11.777531914490964,7.734507730986343,11.18365790057915
5393,19.600931802030765,21.435245926559862,-0.990469872184665,13.130141525165342,8.106402656786326,11.122330899312459
5394,19.388922337127827,21.405930123102195,-0.7779775181573001,14.01436916606373,8.475996457607174,11.046337443835244
5395,17.04753231361074,21.38338075868271,-0.5847834637833316,16.443428415498516,8.842825153042009,10.957248145440595
5396,19.69350202466425,21.366944558849973,-0.411832394002527,14.011044224454054,9.206479667303213,10.857016801329937
5397,19.645618998644945,21.355925265749207,-0.26001790477867104,14.304251226207597,9.566626273130671,10.747488089674713
5398,19.614908098825396,21.349610031864728,-0.12984316766413428,15.092411504023787,9.922978873281528,10.630080956913508
5399,21.95220196679837,21.347269054571598,-0.021820463630373155,11.91312042566264,10.275298336924905,10.506268606241598
5400,21.61984428089711,21.34815533428937,0.06388220796322841,12.330697787973165,10.6233967803643,10.377063292742683
5401,21.114137795860454,21.351527868435813,0.12739520288722161,12.984942519388866,10.967102556441084,10.24296244423466
5402,21.86838520487059,21.356648347815185,0.16872362146651554,12.162274838142906,11.306260943313278,10.104519998103516
5403,20.716419217875085,21.362776109866914,0.18790825972510916,13.283959846714367,11.640737222981318,9.96216330330225
5404,21.35188140922545,21.369175565130192,0.18492909934122892,12.758238372165877,11.970405163533428,9.816264002288069
5405,22.56467044789615,21.375104716489663,0.15968745381446325,11.983391879534935,12.295154823133856,9.667183598886915
5406,23.138990155240545,21.37982139538449,0.11235764273674675,11.388394609562255,12.614884070125889,9.514992885887859
5407,21.917673607881333,21.382595226005446,0.04337814999109568,12.362225170551781,12.929487682193047,9.359463121473652
5408,20.66950261421139,21.382713272050562,-0.04690986437640987,13.846427785768327,13.238848278224133,9.200327570429154
5409,21.05917953805829,21.379467901713685,-0.1585328890618598,13.619320145425547,13.54284285355499,9.037592227988247
5410,20.172080153094097,21.37214441277977,-0.2916446078451962,14.48264039260252,13.841354426756682,8.87135881503582
5411,20.18531572332575,21.36002492785734,-0.44647110080310526,14.20787333741184,14.134266774557378,8.70173406468779
5412,21.40998596152093,21.34237967272623,-0.6233655024384532,12.914663445175123,14.421470031069202,8.528824283175762
5413,23.0045235522218,21.318467227694775,-0.8224924416066948,10.963427356704841,14.70285506010243,8.352416350223164
5414,23.791508128904027,21.287546843285785,-1.0435911444759682,9.321052246590398,14.978297787750746,8.17173013822404
5415,23.199680296480665,21.24889448472971,-1.2860385453902445,8.98462813651399,15.247637069317365,7.985368339357288
5416,23.93725327439826,21.20181094025977,-1.5491722127848817,7.35653704486063,15.510655677041232,7.79155838322743
5417,25.176989937309564,21.14561633721072,-1.8322952933088033,5.801940580937597,15.76707429486586,7.588156408429292
5418,25.638825750882155,21.07965792070585,-2.1344015452225307,5.937894397665573,16.016532770936518,7.372468038734237
5419,26.064889224269056,21.00332290086255,-2.4542135344364624,7.624782156004002,16.25857216411481,7.141512717218088
5420,25.507182990998892,20.91604368507675,-2.7903006347353454,10.49255867945601,16.492633618751057,6.892507860954957
5421,25.269004712712682,20.81730285854686,-3.1412274656689476,13.344269581382875,16.718072688178474,6.623277379171668
5422,24.671187885606642,20.70662852069882,-3.505649335094354,15.778899936600368,16.93418544402917,6.332427353747718
5423,24.36749776286276,20.583592902873903,-3.882314724806868,16.737439604584978,17.140234511761655,6.019284298356933
5424,24.279451370368534,20.44780753904503,-4.270071419614538,18.14458515948688,17.33547106391963,5.683616522709531
5425,23.431628702459253,20.2989214748996,-4.667786969183538,19.581491651059935,17.51914227994229,5.325484447442328
5426,23.224316782701226,20.13662174109946,-5.07442575782818,19.903999618517673,17.690503360415786,4.94531506605167
5427,22.64234844736773,19.960626424377722,-5.489062796829778,20.38914780262587,17.8488299510124,4.543744207025604
5428,23.9102754142241,19.77068422131081,-5.910840160049773,19.210053438452164,17.99341964088416,4.121478773910177
5429,24.635663926502914,19.566570413707737,-6.338743501872397,18.23068387088547,18.123595202606413,3.6790774344156674
5430,25.10723750850175,19.348101321185982,-6.771403468822292,17.402201120505566,18.238691469845204,3.2167370292438946
5431,24.582741957205073,19.11514351578625,-7.207209877203695,18.03093569999571,18.33804433788934,2.734349094617805
5432,23.65834853408924,18.867620662705736,-7.644493284683431,18.993777013726984,18.42098140948639,2.2317435746287906
5433,23.472344406504725,18.60551063014069,-8.081728253564435,19.022806538593613,18.486827242864592,1.708959977565545
5434,23.925952299498107,18.328838779134774,-8.517478681294417,18.45759318082233,18.534912074657427,1.1661631809122142
5435,23.05833898521436,18.037678718054394,-8.950188553844018,19.34119513234438,18.564571454925407,0.6034213885692985
5436,21.843545540130435,17.73215954221184,-9.378278982815935,21.342981935014308,18.575140167228714,0.020838588833438365
5437,21.12146758419383,17.4124601192,-9.80039201105427,24.41342758119673,18.56596069418097,-0.5810581477923904
5438,20.60862737448274,17.07880007480822,-10.215364727317109,28.1023284652822,18.536402957375888,-1.2009877042729578
5439,18.979368753794006,16.731435804045525,-10.622120699534143,31.955693735690957,18.48589484722944,-1.8366580722363146
5440,20.262060882794763,16.37065869483928,-11.019800760915555,32.10989688914596,18.413959085893467,-2.484643784282383
5441,20.33490467890839,15.996782419984488,-11.40749197761938,32.04791062367971,18.32025192827728,-3.1409052302891283
5442,20.632882813476,15.610159229664653,-11.783970599646416,30.299081331574257,18.20456540387419,-3.8013644557637427
5443,21.44003434966906,15.21118438000806,-12.147844646796013,26.978218133356748,18.066827631226364,-4.46218164148263
5444,22.60165533105351,14.800302919878252,-12.497440983127444,24.40347509294058,17.90708662777535,-5.120233158839991
5445,22.63879214572872,14.378021647799564,-12.830673283937095,22.79109524457101,17.725478753970364,-5.773227834193815
5446,21.56381771880488,13.944924700949112,-13.145153073071523,21.69995566399585,17.52220477216243,-6.41944636971024
5447,21.679358115307156,13.501678109594796,-13.438519006526288,20.735426406917725,17.297515662656348,-7.0575142545171055
5448,21.355898642685922,13.04902343384736,-13.70842209605204,20.439840065500576,17.051703821861288,-7.686299021485858
5449,21.487802787482618,12.587783303191326,-13.95241104879938,20.00327241570588,16.785095727890624,-8.304785621077517
5450,21.7914190448933,12.118862697260735,-14.16792715830816,18.971041413962098,16.498051447122787,-8.911991678733582
5451,19.60539368138643,11.643254825970782,-14.352208638061406,19.76515197738452,16.190962949308386,-9.507070904339079
5452,18.356981055145475,11.16204878805664,-14.502633166638415,21.875638099147622,15.864246720166848,-10.089124067891335
5453,19.132738810224456,10.676412614861555,-14.616946851254324,23.10684035450788,15.51835467811563,-10.656725770621494
5454,17.211541565875528,10.187585664639686,-14.69282231228302,27.12259740897278,15.153798335458749,-11.207853678232675
5455,14.27830617985253,9.69689112737602,-14.727957594693537,30.66244069543987,14.771164432900118,-11.739599575632802
5456,11.850058109689774,9.20572182499345,-14.720626952024194,31.625949023321596,14.371158363749895,-12.24782060288029
5457,6.6076196646163385,8.715515997241074,-14.669755897741856,35.25616733345545,13.954643059374765,-12.727587860422158
5458,4.069104264442289,8.227738098477326,-14.575264661940404,35.891330903432475,13.522652506388418,-13.173167931865768
5459,3.6619186858813295,7.743831686445047,-14.438085092666935,32.807906788571216,13.076431863917048,-13.578066953461505
5460,2.3358023225964786,7.265199092299531,-14.259442578975904,30.59300715711153,12.617448042824318,-13.936024531559035
5461,1.781398899296657,6.7932021811799865,-14.040677124216575,25.95780723800786,12.147363561813112,-14.241433539869135
5462,1.9054958281834082,6.329153950685092,-13.78326700865073,21.50210824560726,11.668019140166376,-14.489567323633201
5463,1.4676600707153145,5.8743177139366045,-13.488615307991898,18.588974865833777,11.181392406904232,-14.676909884185925
5464,0.3715090802382805,5.429912930152299,-13.15803511134742,16.480758869022566,10.689558481220647,-14.80089734366305
5465,-0.42100795092220195,4.99711537318011,-12.792933896034736,14.77387060477598,10.194665917326695,-14.859567011437251
5466,-0.2812907012312755,4.57705067041665,-12.394869546741045,12.248959163887164,9.698920680458164,-14.851376783431292
5467,-1.6160988964847725,4.170790736730707,-11.965370198383795,12.030461830700744,9.204574131764609,-14.775266524107389
5468,-1.697047495819286,3.7793593238577303,-11.506018822314012,8.726106646252646,8.713902912184338,-14.630436820364068
5469,-2.6182786030914076,3.403722815243106,-11.01849029769557,5.733604729902908,8.229211677073671,-14.416465641206418
5470,-2.449709295318078,3.044793304011359,-10.504494465377885,3.342954472905433,7.752805202770577,-14.133722274640732
5471,-3.2607536568470206,2.7034231842179137,-9.965743857096088,2.2235096127253513,7.286963525430956,-13.78323357876531
5472,-3.3855542522864566,2.380410380204953,-9.403942405932275,-0.3800076528906544,6.833922964186223,-13.366408256673834
5473,-3.2092250304181817,2.0764936904890954,-8.82083441202319,-2.747958627509263,6.3958696416527,-12.885071984856395
5474,-2.7684011291084967,1.7923547527367405,-8.218063287157856,-5.22968847118203,5.974918165195796,-12.341657201244445
5475,-2.640896916206186,1.5286228046785717,-7.597093225696958,-7.659096735172703,5.5730924949030705,-11.739189766853237
5476,-3.032679689188917,1.28588187102361,-6.959222440536057,-9.169493578154594,5.192305514072247,-11.081303491766583
5477,-4.178054289630701,1.064674641976168,-6.305713129694897,-9.083659507280913,4.834338928785298,-10.372101668149503
5478,-0.9084833968486195,0.8655009957106168,-5.637987079973723,-13.174722014283489,4.500832069528947,-9.615789569638844
5479,-2.205849645393069,0.6888088366445864,-4.957087693452413,-13.38981232369617,4.193286290809375,-8.817065233176855
5480,-5.288118142964072,0.5350284828137892,-4.2637092085101695,-12.281669872868257,3.91302772065049,-7.981171704882013
5481,-5.30071238118402,0.4045615560772417,-3.559147983650072,-14.615910679442258,3.6612081771505744,-7.113131823965293
5482,-5.2783831938766514,0.2977519505704511,-2.8451183226262313,-16.969071662198786,3.438818932386137,-6.218071632110204
5483,-4.663284637566426,0.21488700123549295,-2.1232977979937706,-20.560165094894685,3.2466700683432275,-5.301743682892257
5484,-5.566058044327763,0.15619876403753308,-1.3952409902147063,-23.86450068378565,3.0853693535266533,-4.370722811948234
5485,-7.280623983604594,0.1218709352211792,-0.6625242083925109,-26.025476397606113,2.9552885475466786,-3.4325566629293736
5486,-8.038552755407963,0.11203048347803235,0.07290086545056751,-27.891317790851474,2.856532242664695,-2.4955622552396983
5487,-9.186961812416135,0.1267309929178837,0.8087214513349947,-29.33909790831551,2.7889177305306987,-1.5686213770067425
5488,-8.541161207327747,0.16594524690036533,1.5423405695772263,-28.42650519912288,2.751957484197579,-0.6610838200754277
5489,-10.53025752046513,0.22955369755636545,2.2710784841584437,-23.778515450940873,2.7448454758590035,0.21763659057675522
5490,-11.271063790052736,0.3173504791775949,2.9920404177876803,-19.99241916878629,2.7664665902360293,1.0589594555540094
5491,-12.488181601645481,0.4290230587422108,3.7019031357996885,-16.508496513814578,2.8154427728959375,1.8555563867182867
5492,-14.243677172810886,0.5641440215642408,4.397022593956298,-11.974881463909462,2.8901703493505817,2.601169567175674
5493,-15.326298916744479,0.7221578983392973,5.073276014497465,-7.921215194328084,2.9888540773743157,3.2907150120497386
5494,-13.208912963471649,0.9023624225307385,5.726074994966819,-6.411702229103156,3.1095513501538976,3.920359899090744
5495,-10.339699828396194,1.1038962313370853,6.3509347109382634,-4.747669862111508,3.2502114039803653,4.48706604164747
5496,-11.045219120695544,1.3257580699266227,6.944055091811001,-0.0103059130309191,3.408689086263729,4.98822830240128
5497,-8.663431141547834,1.5668332374578187,7.501894853494784,1.4348906757511912,3.582759957473784,5.422148964502362
5498,-5.84030126400597,1.8258843934929416,8.0210931372268,2.253877564897394,3.7701656838972197,5.78800022189665
5499,-4.844279024553193,2.1015727799396053,8.498988698015562,3.6629767032241887,3.9686266389335607,6.085237205601144
5500,-3.180377745165994,2.3924836400273124,8.933408690887287,5.351614030604409,4.175848164270629,6.3135889890626995
5501,-1.8376256651526823,2.697133359332091,9.322491553202054,9.212599684742585,4.389532571537741,6.473184960604632
5502,0.44408526477438687,3.0139830769074494,9.66473425759209,10.799148591966528,4.607393828310938,6.5649171610612544
5503,6.088568112331934,3.341448976504897,9.959080324566587,10.719241271944426,4.827193715608491,6.5904235208317585
5504,8.81564292681448,3.6779217652118885,10.205556107360948,12.54355486547287,5.046755396366389,6.551500930268044
5505,10.329999939361311,4.021819383662294,10.405334100615626,15.96931579647294,5.263960444293027,6.4501403429959
5506,9.705623434721764,4.37161070525293,10.560116337334776,21.62407983905446,5.476764752566115,6.289048463040681
5507,10.955054537347571,4.725827139484612,10.67163403954888,23.297490379712656,5.683230341829073,6.072218346822447
5508,10.242692220280714,5.083052974556189,10.741606688764715,27.048360934967832,5.881579309020945,5.804670421438258
5509,10.060278818527875,5.4419342520689264,10.771727836734328,29.832688752492885,6.0702083699249565,5.492171520683757
5510,13.607685461510988,5.801168163671811,10.763451493073827,28.162031245529548,6.247724077066529,5.141402733447964
5511,14.597885722732453,6.159497684940515,10.71862526450623,27.566150155183323,6.412968552154821,4.759156307458725
5512,16.370516378416447,6.5157431813055595,10.639664807369682,24.849082279214286,6.565001164230444,4.351836481464781
5513,16.10999298697002,6.868808672098494,10.52929035856128,22.788930367824562,6.703090984252473,3.9253076709045542
5514,17.117072430803145,7.217695871876312,10.39034153270757,19.249445558124137,6.826688342290748,3.484680765289583
5515,17.447219923024647,7.561498107612332,10.225664577061849,17.260939136426842,6.935403035271778,3.0341950612267166
5516,17.182001149366247,7.899406843680435,10.038201583147748,16.619363845331364,7.028968013039195,2.5772332844259127
5517,17.113709089540876,8.230711546488848,9.830802925490278,16.53764011655818,7.107218587566839,2.116756981674417
5518,17.70218199260933,8.554793705379787,9.606169871113197,15.749220621097876,7.170085145150823,1.655594594078278
5519,17.78526154588588,8.871122871229728,9.36698358158135,15.289461766171001,7.217591560505391,1.1964241859061886
5520,18.315711063738714,9.17925927748521,9.11592984922045,15.046564373565488,7.249846757544569,0.741721801590649
5521,18.48841263036471,9.478851527844425,8.855692840072384,14.917946164362931,7.267039680611434,0.2938471381540264
5522,18.955980523333057,9.769638800156702,8.5889709097225,14.497343469976542,7.2694365667548375,-0.14490270569519126
5523,16.916585770575416,10.051449588492591,8.318469832509434,16.204778592490257,7.257379500231755,-0.5723152147640942
5524,18.579116916030003,10.324203455657331,8.046576501649199,15.13850862362527,7.231282219103898,-0.985985082303027
5525,17.74068838675985,10.587888021935871,7.775539304743839,15.819972555778278,7.191647161411553,-1.383405985125119
5526,16.210075040237438,10.842572742640254,7.507649405748555,16.762246302795873,7.13905515342889,-1.7621190470667036
5527,18.06064427741912,11.088397982319108,7.244768603661758,13.597027388206726,7.074172558273773,-2.1194102238960255
5528,16.70487300216752,11.325557316217704,6.988731848659118,13.21711036754327,6.997761138502488,-2.452878559897922
5529,16.13011304283099,11.554313438896383,6.741375847595377,9.423576379402206,6.910647320947245,-2.7606292588047587
5530,15.245664886908045,11.774982372724063,6.504180949961791,7.744631211810599,6.813719187915504,-3.0413638099169704
5531,13.578395744729947,11.987925502227169,6.278343686924801,7.7728744509370955,6.707889733619447,-3.294570105815806
5532,13.208886791139124,12.19353861851905,6.064616664023337,4.820882799269455,6.594081180861117,-3.519951351874604
5533,12.677055337400077,12.392233279828725,5.863387372698146,3.277384051373403,6.47322631016114,-3.717612861161723
5534,13.854188922169657,12.58443111003226,5.674849151377241,0.48804280515419407,6.346240323450336,-3.8882935419236597
5535,13.706864983619582,12.770556556587207,5.499233169811433,-0.6463606336357515,6.2140067406995625,-4.033339751564111
5536,12.526552867996712,12.951046654686355,5.336867475335483,0.30306502198567387,6.077351006679395,-4.154642771149875
5537,13.212319510922587,13.126347721609573,5.18782817601271,-1.9174304386876742,5.9370305559562375,-4.254081403901724
5538,12.10872840773919,13.296901866420535,5.052064932811238,-2.083122195112878,5.793745579752613,-4.333682277143165
5539,11.871409256586716,13.463152050463655,4.9294138457025305,-2.628268029368229,5.648118404146693,-4.395784677146688
5540,11.986044837233495,13.625529456134037,4.819461534480549,-4.056252386450382,5.500693267942834,-4.4427906315083066
5541,12.226466494112929,13.784449486095692,4.721727507888858,-5.069669007958723,5.351932362046139,-4.477351999429238
5542,11.255951597785014,13.940311289993295,4.635736294834398,-3.7438439066818745,5.202203134647552,-4.502439638710594
5543,10.918316412633677,14.093498572417985,4.560857048797615,-1.2631839365337498,5.051769719465433,-4.520933565066421
5544,10.834604169241366,14.244368426579802,4.496218441868551,-0.23617685349212536,4.900807563643124,-4.535103125858213
5545,11.982214690555384,14.393246468542555,4.440841276740715,-0.4072122265800857,4.749429511074886,-4.546651251710618
5546,11.883136668999189,14.54042451169585,4.393859987100042,3.2049222617998936,4.597697480195749,-4.557108629491253
5547,8.75600235571362,14.686170467682558,4.354520901677832,10.274724860614427,4.445622269108802,-4.567449173190612
5548,11.029352375324873,14.830725905141039,4.321547045202454,12.623474118314732,4.293200868649708,-4.577013190301047
5549,13.299705493355113,14.974273604029388,4.293491314119935,14.738062365160744,4.140488056422066,-4.583695147716078
5550,15.884827428734829,15.116958659415701,4.2695394227908245,15.100115711501147,3.987621192135303,-4.584680429161949
5551,17.865245297521966,15.258909565548777,4.249556542851289,14.969425206321432,3.8348426944779357,-4.576740695397266
5552,18.976337760999158,15.40026242893912,4.234044426593897,13.524856983110837,3.6825051457754854,-4.556567752774425
5553,20.163373838269994,15.54117919398837,4.223922413353973,10.816624843603904,3.5310715109596407,-4.521042280905312
5554,20.077171843459624,15.681857256496052,4.220409605515973,9.99340264596924,3.3811023270484646,-4.46761731926117
5555,20.707885416281673,15.822539834356101,4.224846928304196,9.328827924871604,3.2332303563422293,-4.394226223711599
5556,19.374251046250762,15.963513718382998,4.238614438117745,10.527068914189059,3.088153912134358,-4.298979299398846
5557,19.669801891351145,16.105114130230618,4.2629457823587735,9.741728967500393,2.9466317363823062,-4.179863931881666
5558,18.86336292751003,16.247710103873583,4.298878223447797,10.554398049043357,2.80949631667558,-4.034763489443316
5559,18.3898317323507,16.391706011793804,4.347330792834878,10.987267644985337,2.677647503752752,-3.86151583940723
5560,18.93533654489262,16.53753215672924,4.408989570442063,10.035802014769658,2.552061927381765,-3.6577336359120904
5561,18.210552870952007,16.685638649823275,4.484508241607106,10.795651791308202,2.433798594691946,-3.4210683684587972
5562,16.895640749120208,16.836499372836382,4.574470123984131,12.391305249699712,2.323990702817845,-3.149163759367819
5563,16.954254816173915,16.99060332475555,4.679110770435102,12.047039008104448,2.2238543440674245,-2.8392793472485467
5564,16.03586208229384,17.14844009086539,4.798433570314042,9.703027983136565,2.1347054130012753,-2.488457367220489
5565,15.266371504850627,17.31049889610982,4.932267675495865,4.856261809055098,2.0579571862527253,-2.0941116604964485
5566,15.59411480327946,17.477257935898447,5.08014367632569,1.2080748577222096,1.9950979689681787,-1.654700684779522
5567,15.565222902636256,17.6491751411982,5.241477578268761,-2.3279883040216305,1.9476438072674238,-1.1699253576909008
5568,13.51983445721097,17.826689774449697,5.415679464740428,-1.0244228844864978,1.9171029451221187,-0.640538508189773
5569,13.503493244965716,18.01022043884756,5.601799007348127,-0.6179435708558998,1.9049412400547723,-0.06761334495065774
5570,17.517290527541054,18.20014304160624,5.798525605259677,-3.9246809426203413,1.9125953887920748,0.5480375610742039
5571,19.204130395238543,18.39678881253154,6.005087555541309,-4.504684479126283,1.9414770774597192,1.2051710338961763
5572,19.00487337901988,18.60048221197566,6.221503370015871,-3.1552590880580027,1.9929401243851532,1.9019604968763015
5573,18.524006606227942,18.81155570386593,6.447953236245887,-2.1144396058309383,2.0682744439181393,2.6366818407938752
5574,17.888256376646208,19.03034576105872,6.684454528927066,-1.3079313237307133,2.1687189137714116,3.4079475364945444
5575,18.77621729184182,19.257186005794402,6.930794657392525,-1.600184353112013,2.295470946351109,4.21461861816076
5576,18.144537605720284,19.49239873821822,7.186732269015419,-2.346658312641651,2.449693488315462,5.055598806298816
5577,16.14012291041786,19.73630149039543,7.451995412416839,-2.463615182913003,2.63251086677103,5.929595578631146
5578,17.554742132828363,19.989198432379343,7.725848897048291,-5.581833414371118,2.8449998602242053,6.835137900003916
5579,18.594856609157272,20.251358083531983,8.007395953057106,-7.389730498681345,3.088186726771291,7.770214873971333
5580,20.14028468766685,20.523024829249817,8.29602824522242,-8.982639514141766,3.3630141851556274,8.73201531884762
5581,19.901238155745993,20.804426633213478,8.591442533431213,-8.337379163491434,3.6703210813611324,9.71714531496232
5582,19.93874726060498,21.095787664811898,8.893447597017783,-6.6987654237154,4.010823872819782,10.721983460245426
5583,18.494678193886443,21.39732313968133,9.201737075012417,-4.0951271031213565,4.3851199787108275,11.743151639322825
5584,18.589303444083257,21.70923680314606,9.515707282479102,-3.2559597128907853,4.793700648774637,12.777796277555797
5585,19.134078057211887,22.031703625179937,9.834462647597189,-3.81030588245315,5.236973063881214,13.823459338110125
5586,21.061234138477896,22.364867646319205,10.157108344939374,-5.982809461438322,5.715264604648645,14.877598465154986
5587,21.601658178762133,22.708844181509228,10.48301963721709,-6.7056992551392085,6.228812961558213,15.937128775001899
5588,24.474390032474343,23.063735622133677,10.811838029794067,-9.301445964087577,6.7777398563154385,16.998387343063122
5589,23.28747709056961,23.4296333834955,11.14360864914934,-7.582764027110237,7.362038784429088,18.057059762938067
5590,26.18257809534116,23.8066428654103,11.478520123991665,-9.944982564712369,7.98154384051131,19.10853269319906
5591,26.565719719001397,24.194868058428277,11.816904622600326,-9.349892595197133,8.635940963975692,20.147918088448225
5592,27.428364309694427,24.59443650691699,12.159468003556988,-9.132866902459376,9.324738379741191,21.16987569473067
5593,27.42246891815534,25.00549925866541,12.506984230036213,-8.707169730560189,10.04726601029107,22.168986285390275
5594,27.43982477246549,25.42823545558607,12.860234123069674,-7.0160260686405,10.80267079876721,23.13971634078549
5595,27.519917445369085,25.862848200203388,13.219876219986144,-2.4567309753175692,11.589913766343436,24.076627348486426
5596,26.490649888869992,26.30956053691848,13.586456059102066,3.3105627644345077,12.407779288666305,24.97498085586222
5597,25.2976548318331,26.76861193747686,13.96024697900451,7.845810418134192,13.254912490067584,25.83133531530163
5598,25.87164288932711,27.240243668852113,14.341057173269132,9.577951480919864,14.129868309686413,26.643533602479632
5599,25.435904852295007,27.7246824156948,14.728464392836642,13.31361381023504,15.031148063566226,27.410094490024157
5600,26.719641557076706,28.222141295041222,15.121924776786635,14.228580658647743,15.95720794235469,28.130085695541098
5601,25.78269784308954,28.732810734147243,15.520874553102466,17.36635333335569,16.906487109935632,28.80299476655469
5602,27.009734643923363,29.256866265248053,15.924651607620213,17.813289915256206,17.877407593458337,29.428633035255984
5603,27.63883731730458,29.794454174655257,16.332483097630952,17.969705241870216,18.868395978952698,30.00705935040184
5604,28.378360786428406,30.345698471756783,16.743714323889307,17.85041001691384,19.87787821681846,30.538130540074704
5605,25.671869768841205,30.910701796247878,17.157732193178763,19.801261052337637,20.90427134829101,31.02141147743117
5606,25.788343832666136,31.489547284635368,17.573465130800905,17.538196560194507,21.94597231531387,31.456436652820088
5607,26.947876587784627,32.08226613830127,17.989286327273515,15.687392183869548,23.001367125145684,31.842386599154953
5608,27.57017720444495,32.688833039786935,18.403584503960744,14.838821815913079,24.068798088590867,32.17751826402775
5609,28.24207668713992,33.309171771898654,18.81483500845256,15.136138707708099,25.1465350094142,32.45937152226206
5610,28.459729110077394,33.94315537368377,19.221523195187622,15.826380382748809,26.232756190075005,32.68508528436605
5611,28.45390391639141,34.59060665157783,19.62208017636801,17.633986857690445,27.325540695038605,32.85162352741877
5612,27.927497698261817,35.25129405210831,20.014778010975398,20.247773122079337,28.422864425236256,32.95599764113726
5613,27.774492385518666,35.924925185642856,20.39761509055097,22.858926903561695,29.522607204447755,32.99555081258976
5614,28.498151652512494,36.61113505814504,20.768290360151447,24.247748121890012,30.62256781274224,32.968076480892975
5615,29.214312665189194,37.30947787631962,21.12438541082831,24.542303021891698,31.72047896984062,32.871635789864726
5616,28.00001884429958,38.019427418866925,21.463490052055896,27.36518482903952,32.81401019873322,32.70421337658746
5617,27.82800970187546,38.740377213123345,21.782910603318975,29.45232297471982,33.90075986161312,32.463931575717275
5618,27.41231555585084,39.47162145908819,22.07953445937168,32.573739152328045,34.97827230378104,32.149318640647984
5619,26.290293138118066,40.21234617708146,22.349945677348586,36.994799337258144,36.04404777098965,31.75935551831877
5620,26.334111258343224,40.961617837578096,22.59028076693717,39.10798057242083,37.09556267166896,31.293826027925817
5621,23.926708563127324,41.71836489487727,22.796294340232528,44.00885575644948,38.13030283951804,30.75317079986796
5622,24.41140081744494,42.4813707935936,22.963165590050068,45.86173402147028,39.14577405832682,30.138563240409297
5623,28.548577276766306,43.249242600880606,23.08556180665157,45.13732036943385,40.13954038887866,29.4518761837859
5624,30.495165836326454,44.02040824737037,23.158609918066553,47.25682308251537,41.109232470579215,28.694851491188302
5625,32.72204051280899,44.79314992875171,23.178112664200228,48.60400252021962,42.05253048829121,27.86914650592326
5626,32.626177343458565,45.56561575831705,23.140263806220105,51.82552168014168,42.9671755709741,26.976649609027064
5627,33.82113241103541,46.33583418249972,23.041344215751316,54.648092537033094,43.85097379555968,26.019652277371854
5628,37.86465345059859,47.10170537270047,22.877568801172927,54.238874348895024,44.70181905613222,25.001077325666188
5629,38.697783699056664,47.861005435911245,22.645703024604842,56.03980223727466,45.51771228393743,23.923948494300085
5630,40.754113736399745,48.61141890767413,22.343010721276357,57.96069248996807,46.29674895575223,22.79124862622357
5631,43.11678184712237,49.350539483996336,21.966960898063377,58.738676407054186,47.037128859019,21.606276837763012
5632,45.75808049822643,50.07588296754502,21.515458180171372,58.89948163468162,47.737167411603096,20.372507633414898
5633,48.11505430241306,50.78490336267443,20.98693352533676,59.01028756874237,48.39529603457999,19.09334092419563
5634,49.800812278679764,51.47501186923414,20.380347853038927,61.1610396957212,49.01005680654947,17.772015047639442
5635,53.33976376757104,52.14359321954369,19.695055192837643,62.13345056636663,49.580097037755955,16.41191535867936
5636,56.81346293324496,52.78801554875665,18.93098446066979,61.43216068083447,50.104184497128095,15.016715451321012
5637,61.763745545442596,53.40565885025501,18.088912123631005,59.67646779177582,50.581211401177356,13.589966536501024
5638,65.02794245900152,53.99394302366538,17.170679642904183,60.117237207621145,51.01018226622816,12.134705597827242
5639,66.67677453580202,54.55037082644862,16.179170668151208,61.78069046904136,51.39019177436584,10.653639362599137
5640,68.27024083804776,55.07255440154213,15.117829206800977,63.25901177562292,51.72042489040144,9.149667163749058
5641,68.56875599647081,55.55822610690202,13.990421011722596,64.75718500151913,52.00016958528244,7.626049908834318
5642,73.62803621319482,56.00524913565697,12.800843307465115,61.68217978152816,52.22882821765706,6.086400412117392
5643,73.54026525746688,56.41161566073303,11.553651341643807,63.88845712472235,52.405929612756935,4.534021408372801
5644,73.27425121484097,56.77549255843322,10.254012736140119,64.98567688238776,52.53109631154858,2.9720261129716974
5645,75.09561224993531,57.095216509809035,8.906927967115728,65.22022913421151,52.60406468695505,1.4039740312279392
5646,78.33836501956785,57.36928775624094,7.517527141472797,64.12107504047253,52.62469458029711,-0.16640675701683705
5647,77.80142270387952,57.59638498590722,6.091605113199456,66.0904050320062,52.592970903153926,-1.7355306585721664
5648,78.94447104558638,57.77539476378757,4.6352845718270785,66.186605158438,52.5089925363923,-3.2996810333349558
5649,79.09374879352609,57.90540395736236,3.1547179472206466,64.52477224215124,52.37299216759826,-4.854816886754598
5650,77.7898698622397,57.98570929360228,1.6562038893685127,60.933391132724495,52.185338077275325,-6.397097326261658
5651,77.852998598199,58.01581754998693,0.14583808202246473,58.777576050894055,51.94651901251415,-7.923414496603733
5652,78.25828741172127,57.995431832403774,-1.3704847123580066,53.70127533902554,51.65711044416841,-9.43145174679021
5653,76.81666317947511,57.92445190249639,-2.88680152226636,52.15670096046168,51.31775556272814,-10.919889310058757
5654,75.79271560198923,57.80297839758602,-4.397289895464276,52.455042021322626,50.929117823497826,-12.388298461001881
5655,74.5470261007329,57.631299242798775,-5.896465397860879,55.00363382045805,50.491868998661346,-13.836327537844788
5656,74.90771055272609,57.40988070439529,-7.379137503333446,56.235629753523895,50.00669598764151,-15.26307872176659
5657,73.40741596212224,57.139356742576545,-8.840188833561626,61.09344892218908,49.47433041721024,-16.66695484515781
5658,75.29017837565912,56.82053478215785,-10.274598319954329,61.78521042029544,48.895565664630986,-18.045301859890195
5659,75.24593450696062,56.45438352124626,-11.677200382888842,62.62437787039562,48.27131029321756,-19.394475254155985
5660,75.16939861240765,56.04205475663193,-13.042454193471222,62.86287729231833,47.602600647687254,-20.71042397137102
5661,76.02674409341961,55.58488657501484,-14.364721121203488,61.562561359493145,46.890615361792825,-21.9887444363102
5662,75.40361847898555,55.08440668188503,-15.638117131052667,59.84239398962802,46.13668435193324,-23.22498565576346
5663,74.57191718565592,54.542345432944664,-16.85658095436697,58.51890391202923,45.34228298474193,-24.414927804358157
5664,73.56367578156495,53.96063461826056,-18.014112630375934,54.32071614402237,44.50902249830936,-25.554573415141846
5665,69.66338003786602,53.3414045909196,-19.104818694598755,49.09485061751384,43.638644757065805,-26.64050407066867
5666,59.29894943206111,52.686980038620646,-20.12335701100696,47.790217976164,42.73298889359812,-27.67044939770777
5667,54.36914116992901,51.99984745685247,-21.066317247063218,44.07947680900621,41.793948130551954,-28.642846023297288
5668,52.156302301609486,51.28255888881643,-21.93236386742793,39.853762747882115,40.8234658253783,-29.55660206176777
5669,47.5431975877374,50.53768986569061,-22.721014624711664,37.51151489431349,39.82350799310077,-30.411521846700147
5670,44.521384724836956,49.76782458050232,-23.43258487935106,34.57299287345336,38.79603103559829,-31.20809337417711
5671,41.624021003658406,48.97551754040054,-24.06830007769564,31.59947988257133,37.742968434822295,-31.9472884190019
5672,36.63507695252942,48.16327124198928,-24.63003356306512,32.660311493556534,36.66621180766483,-32.63064850852999
5673,35.70190987810046,47.333515302862864,-25.12059279071135,28.740584653141823,35.56759186758696,-33.25968288119842
5674,36.52057288375301,46.488565055941855,-25.54342167832999,22.788080233215496,34.448899615584935,-33.83600241630585
5675,36.90676586634859,45.63062052430753,-25.90173213782485,19.74699974361745,33.31185837316657,-34.3623562979543
5676,34.67438612895885,44.7617829134202,-26.19830369159537,19.598727308641344,32.15807586238798,-34.84249564489218
5677,32.48046835814292,43.88406694486784,-26.435933617792635,19.982129029802138,30.98902533017376,-35.28030518930791
5678,33.69902236685027,42.99938733890069,-26.617817678910214,16.29490452628319,29.80605551643412,-35.67928928826415
5679,31.678560630217966,42.109545766273826,-26.74703460392557,17.25565498016121,28.610406044289483,-36.04309383412598
5680,30.740991855828064,41.216251698638985,-26.826518491865805,16.690446741803257,27.403182594159055,-36.37541644609506
5681,30.078865480317383,40.32111120014944,-26.85937815143994,16.574788151586574,26.18537828121648,-36.67953861233844
5682,26.63705702948902,39.42562648854299,-26.848694325353932,19.90197383413792,24.95788002000316,-36.958482460114226
5683,23.961069405144244,38.53119824512584,-26.797891750995113,22.12796074641635,23.721479450542198,-37.21442893255784
5684,21.7087466049817,37.63910037180998,-26.711038732338146,23.66931717796902,22.47691809116597,-37.44836681507909
5685,19.883329187360694,36.75046232963663,-26.592670764210418,23.467438158470628,21.22492166287026,-37.66035575512593
5686,21.522477186745913,35.86625565419595,-26.447664911481645,21.642892511034248,19.96622770749091,-37.84988497252254
5687,22.867584230720535,34.98728466887119,-26.280662311473755,18.75804111169731,18.701595998035422,-38.01637167562124
5688,23.245083758969372,34.1142115000977,-26.095598146892947,17.677696016822466,17.43180292911616,-38.159558146825376
5689,23.691301994184766,33.247578125744994,-25.89589091155876,18.551638157459024,16.15762545491373,-38.27939942771987
5690,21.449106804898104,32.38781877266045,-25.684577911955913,21.07951322854605,14.879842967268168,-38.37550295798961
5691,22.78674577106765,31.5352729316146,-25.464706801910246,19.74387092785412,13.599258591047757,-38.446590836391266
5692,23.52900208615794,30.690171652533103,-25.23920512104059,17.519165414378662,12.31673691150875,-38.49082743853144
5693,25.45242220042271,29.85265925687856,-25.010438679361826,14.628681952956242,11.033203428478995,-38.50652543225526
5694,22.82894339975799,29.02280907390898,-24.78012668573376,15.283467204244019,9.749635216025066,-38.4923765477121
5695,24.290818566936736,28.200650811162976,-24.549844508610423,11.414199903691767,8.467044991964855,-38.44702323455923
5696,24.03796426361671,27.386152773334953,-24.32109459207563,9.774994831372311,7.186500333721117,-38.369204349728406
5697,24.568627895358425,26.5792445050246,-24.09495622120163,6.89701904075028,5.909098035316294,-38.25809672889171
5698,25.10676643165028,25.779822358588177,-23.872226263146068,3.9793862275427756,4.635960551795003,-38.11316855049638
5699,23.925326323011348,24.987762754148196,-23.653303786443747,1.6007097191105686,3.368220131949869,-37.934370542497
5700,20.743845201728206,24.202935439491927,-23.438446862965314,1.0967574688055066,2.107002515628537,-37.72206317210074
5701,21.61317185932698,23.42519962995051,-23.228327854557342,-2.639782243118134,0.8534159204764862,-37.47665949819846
5702,20.035717305152573,22.654380249188105,-23.023730589094278,-3.8371773428180944,-0.39144145091802685,-37.19882919358349
5703,18.942258444037712,21.890284257344224,-22.82531392089858,-5.734526727828126,-1.6265060257624135,-36.88960409437209
5704,17.221475473129523,21.132692654461533,-22.633905629923472,-7.179967164109762,-2.850748390542833,-36.55010746226476
5705,14.742381468658465,20.381357215349325,-22.45052570203363,-7.167001198918264,-4.0631798565800645,-36.18159393498269
5706,12.716920135176233,19.635990940992624,-22.276594273793826,-7.714110861626189,-5.262854652875013,-35.785168823396525
5707,13.154708659926076,18.896250930429737,-22.11397875680829,-9.453876761569752,-6.448857778139833,-35.361658180845346
5708,12.05377234157599,18.161725690538738,-21.96456181457002,-10.375839614212893,-7.620298531598036,-34.911873368520915
5709,10.541095131320851,17.431946809458402,-21.830105495462906,-10.931783508347912,-8.776316002707894,-34.436670995504606
5710,11.056821751982316,16.706385324174544,-21.712542752932976,-13.69731556295752,-9.91607659796501,-33.93678134053794
5711,10.676980125071735,15.98444395926287,-21.613738376768445,-14.87986477789368,-11.03876809207709,-33.41308720609459
5712,9.044856650068285,15.265469432389981,-21.535321703192103,-13.164146511221318,-12.143615745037982,-32.86672205174526
5713,8.322277172640018,14.54875584571673,-21.479006984812248,-12.01860294561417,-13.229882895526774,-32.29840881313827
5714,9.160057723639412,13.833535633402498,-21.446645133945275,-12.48705311045456,-14.2968429992472,-31.708119125413106
5715,9.061039723163283,13.118979503453712,-21.439857000245972,-11.748991455624136,-15.343757503887648,-31.095403748247747
5716,10.681053509556694,12.4042118333861,-21.4599409664409,-12.899609352294988,-16.36986991579705,-30.45945901122785
5717,11.1681219555534,11.688316772357652,-21.507756695666657,-14.744404640967076,-17.37438810463617,-29.799234327972002
5718,15.495973350255383,10.970361387008323,-21.583637779909033,-21.747246788477128,-18.35648553766185,-29.11382257758037
5719,16.73736149480843,10.249407587030383,-21.686988604043236,-25.97759873622949,-19.315309609808196,-28.403336889532707
5720,18.160949545822458,9.524562146738774,-21.81617142444109,-31.426836697313867,-20.250041330297364,-27.6692721765024
5721,17.300469068045285,8.79499615873431,-21.968937215319677,-32.72636395835006,-21.159927754908356,-26.914281153087565
5722,17.23805897545554,8.059966332384128,-22.142736940987646,-32.80487083089353,-22.0443267405032,-26.141745792304505
5723,16.84170573241687,7.318813696001801,-22.334941012886205,-32.86647457849165,-22.902710807728656,-25.354986169607514
5724,18.132469762523108,6.570970264858381,-22.542768549795134,-32.99797957418843,-23.73465915181037,-24.557084039220936
5725,14.791464168818276,5.815962459348792,-22.763084252185447,-32.983426179380174,-24.53984974367672,-23.750898514623113
5726,14.425436192823836,5.053431314712685,-22.99283421878108,-33.07531525941108,-25.318052386118577,-22.939062653794124
5727,12.79013628912304,4.283106844763386,-23.22929013140083,-33.03435273106872,-26.069120587262994,-22.12398556034886
5728,11.95609721615694,3.5048119726192963,-23.469793334811506,-33.138877082298855,-26.7929847568085,-21.307856504564704
5729,10.650114551210336,2.718453955775953,-23.711822086995216,-33.17017313417957,-27.489644354233974,-20.492654882537487
5730,9.633749356870325,1.924023833486282,-23.952940204660226,-33.30227769194777,-28.159161748977667,-19.680169051895167
5731,8.056849877651544,1.121591275465271,-24.1908217762216,-33.38199209335247,-28.80165562436032,-18.872008514536383
5732,5.884043503775288,0.31130238173817526,-24.423289057457698,-33.4262515203018,-29.41729564994676,-18.069619171127957
5733,4.173033712274217,-0.5066279950319088,-24.6484820788465,-33.530897395984915,-30.006296902435516,-17.274278270016925
5734,2.274457571486255,-1.3319297568515913,-24.864876283527586,-33.52217876421273,-30.56891420128122,-16.487106069081374
5735,3.4324582512164032,-2.164286413933748,-25.071239516160087,-33.43241525263214,-31.10543730704094,-15.709065842373029
5736,2.412832518638763,-3.0033457245955972,-25.266203248970427,-33.4400042604729,-31.616185257439422,-14.940942774602153
5737,-0.04365413761862046,-3.84869996386511,-25.448129833940634,-33.49914376232972,-32.101500158681084,-14.18335409921843
5738,-3.4348095905045675,-4.699887713524973,-25.61564805296207,-33.57200969114839,-32.56174219738732,-13.436778855428564
5739,-5.405750857774774,-5.556409834062581,-25.768003966458004,-33.64348626939179,-32.997285415709655,-12.701575105380911
5740,-5.784832141430793,-6.417754644622173,-25.90498705093043,-33.82662349215305,-33.40851387107938,-11.97798916988706
5741,-4.6524307812573324,-7.283408970791276,-26.026480785936315,-33.93454447242728,-33.79581802703546,-11.266179314464075
5742,-5.905478465503153,-8.152853363684594,-26.131999821623964,-33.93198383573612,-34.15959249204365,-10.566228341968689
5743,-6.473294690402918,-9.025542292232874,-26.220818735203146,-33.85663753070846,-34.50023324983337,-9.878123035403377
5744,-6.577151279480826,-9.90090794603147,-26.292223811310667,-33.8662553419957,-34.81813402773721,-9.20173384459062
5745,-5.070287049328193,-10.778357212986919,-26.345341274035896,-33.983769042105095,-35.11368217280608,-8.536823518664747
5746,-5.203828819750842,-11.657264030967196,-26.378828069093494,-33.74873175106314,-35.38725559564819,-7.883082490195932
5747,-7.857765800575632,-12.536945750926485,-26.390875751501355,-33.77132289167381,-35.63922100548581,-7.240099085974521
5748,-8.075555035357066,-13.416655747733953,-26.379828874716722,-33.9378465340598,-35.86992886804649,-6.607351892655906
5749,-10.952954331882845,-14.295601009240933,-26.344197399001494,-34.05753512987409,-36.07971113166287,-5.9842758440445465
5750,-12.828471829115049,-15.172935574334053,-26.282690030316935,-34.295399748059,-36.268880590982796,-5.37028293245374
5751,-13.640373480639047,-16.047780344595395,-26.194461081719986,-34.407417227110855,-36.43772999382645,-4.764778994139789
5752,-14.629908094405861,-16.919232979782052,-26.07880393866811,-34.483250611500644,-36.58653252392545,-4.167168655402058
5753,-16.424534892421146,-17.786367273839936,-25.93502018589902,-34.47778407793225,-36.71554123751992,-3.5768372408097804
5754,-17.465227255441086,-18.648234325508653,-25.762566887581038,-34.43939826730736,-36.824988339979434,-2.993139227454442
5755,-18.548149153264916,-19.503871733012005,-25.561065619991936,-34.45217522958004,-36.91508385268355,-2.415387112527867
5756,-21.303447309272055,-20.35230536684145,-25.330198348909505,-34.44951548938222,-36.98601414748129,-1.8428599126598755
5757,-21.903288718473473,-21.192551622939305,-25.06996439318229,-34.58788712026222,-37.03794118019421,-1.2748142040118182
5758,-23.066139842174852,-22.023636326386935,-24.78061087820457,-34.57965963800336,-37.07100176108208,-0.7105084742496004
5759,-24.568694255016887,-22.844592348152943,-24.46239851505526,-34.689832284873624,-37.08530841181085,-0.14920792592420185
5760,-25.845437823419918,-23.654462894057286,-24.11573870458838,-34.74845626722538,-37.08094895614369,0.40981412254371463
5761,-29.350308890709165,-24.45230826179217,-23.741213628108433,-34.82384092935919,-37.057987470307935,0.96726073144211
5762,-30.10017787507138,-25.237210469264515,-23.33987743326288,-34.894790198023905,-37.016464907380886,1.5238109709638081
5763,-30.157335028259112,-26.00830009067636,-22.91318159938088,-34.966145664088856,-36.95640007224368,2.080112562163201
5764,-31.92440026232996,-26.76475590922324,-22.462466232799212,-34.93778006104985,-36.877790736570006,2.63677695874982
5765,-32.350810837459356,-27.50579783952964,-21.989115556428196,-35.131251235206435,-36.78061494166036,3.1943886005555555
5766,-33.22248099954124,-28.230696946318453,-21.494617286782827,-35.28268180789603,-36.66483149653297,3.7534812361486303
5767,-31.330741525951797,-28.938772325315163,-20.980434179148855,-35.373925770976925,-36.53038285925045,4.314505658832424
5768,-32.0016200142341,-29.62939255826171,-20.44766421532355,-35.384866490566715,-36.37719778594414,4.877839365515122
5769,-32.30931335062618,-30.301949939670067,-19.897015842763235,-35.4098388203433,-36.20519356821611,5.443801886175734
5770,-33.59581221541014,-30.955860281112592,-19.329140317121798,-35.52212140215809,-36.01427766019909,6.012659054010463
5771,-33.21820338099797,-31.590559294144853,-18.744728705324256,-35.63058969112579,-35.80434963128208,6.584602324989746
5772,-31.817650409475927,-32.20550886146754,-18.144415609122397,-35.49505294245439,-35.57530417186644,7.159730722446902
5773,-31.934521348991236,-32.80018700141968,-17.528385387610292,-35.64073422218464,-35.32703424978562,7.738082018450818
5774,-32.01326875972693,-33.37406788730823,-16.896451638751202,-35.644935402023215,-35.059432037303054,8.319621498613863
5775,-29.630059386843595,-33.92661711066976,-16.248283281899134,-35.82454282131639,-34.772392816544695,8.904215449245676
5776,-33.49435148751741,-34.45728677276817,-15.583039054538546,-35.70133295520148,-34.46581767402001,9.491620347366556
5777,-34.22094203528162,-34.96548638097233,-14.89993685746036,-35.73934427597524,-34.13961812672026,10.081496011667781
5778,-32.32897248078045,-35.45061589659886,-14.198722784353137,-35.907610108137945,-33.793717939908824,10.67342083495678
5779,-33.59158867212974,-35.912067899929205,-13.478821923835866,-36.0871666154843,-33.42805673772314,11.266842593293163
5780,-36.881831907283456,-36.349204024854586,-12.739425019235355,-36.269001810265856,-33.042595100355946,11.861051529838562
5781,-38.19033907217468,-36.76136290121156,-11.980266212773465,-36.19127442977024,-32.637319969067235,12.455172454177905
5782,-36.37972901490877,-37.147888439039484,-11.201637199671772,-36.20662752791011,-32.21225027007742,13.048197110362807
5783,-33.38303569122438,-37.508138714523014,-10.403636244963721,-36.18703814039707,-31.767440161709715,13.639003043384434
5784,-33.512028659606855,-37.84146418870373,-9.585535708802055,-36.30167660080756,-31.302983400518457,14.22633907496932
5785,-32.37084530420017,-38.14717442844315,-8.746078381051312,-36.40073859399254,-30.81901755671176,14.808804682657115
5786,-36.60440496374846,-38.42453608077382,-7.883761510299756,-36.54243820628507,-30.315729755007983,15.38482653350469
5787,-36.81020233113374,-38.6727585291298,-6.997455484712916,-36.39371096896447,-29.793362454478114,15.952648685759563
5788,-38.85385132008641,-38.891033113088014,-6.086612679865304,-36.42044213505787,-29.25221984262401,16.51036372532344
5789,-40.05857325398575,-39.07853270778749,-5.150950600166908,-36.5702693363641,-28.69267153945655,17.05592423273451
5790,-41.11126143162852,-39.23442981976581,-4.190609450973213,-36.75969637824422,-28.115158227108378,17.587092858502942
5791,-43.1695288706677,-39.3579066711857,-3.2060140560181694,-36.72154728169258,-27.520198682223022,18.10141272143424
5792,-41.18833650701345,-39.44816409016702,-2.198010302010296,-36.69711017066326,-26.90839737901276,18.596230095418615
5793,-42.75408340201863,-39.50444069131972,-1.1674237541083343,-36.6415131169798,-26.280450009195114,19.068721112836435
5794,-45.647130193027806,-39.52599234044091,-0.11499640977522319,-36.795772509719164,-25.637149304823666,19.515889453742048
5795,-46.04583860829531,-39.51210711863807,0.957878273470385,-36.95228642767405,-24.979390712278978,19.9345350892297
5796,-45.88435076822427,-39.462133788876216,2.049318486241667,-37.04945010690852,-24.30818029887502,20.321218307023905
5797,-46.121005207432546,-39.37548588622196,3.157397647965361,-37.06420527706625,-23.62464282514405,20.672264051508193
5798,-48.1360839959711,-39.25164061234519,4.2801576847100975,-34.13136555310616,-22.930029362107806,20.98377917020926
5799,-48.23524117952681,-39.09014204057462,5.41527438357992,-34.69654931055251,-22.225724213796767,21.25209950247168
5800,-49.16636965805643,-38.89062232010653,6.5600667084120445,-32.7073685978526,-21.513222728609694,21.47370494120505
5801,-48.97561892496487,-38.652804260013816,7.711646732811808,-30.193527333447065,-20.794143884383097,21.64507644853675
5802,-48.42305432518964,-38.376512537919076,8.86695140126502,-28.284623990745693,-20.070217632040578,21.763151717325098
5803,-48.062459042277936,-38.06167416659615,10.022951741672621,-25.423427145411246,-19.34326710322809,21.825311534831773
5804,-48.74834447649768,-37.7083157551409,11.17666666853573,-23.82547152904546,-18.615196863051793,21.829430264790144
5805,-49.39656816373938,-37.31656305536043,12.324967362468477,-22.880959884491638,-17.88797175224208,21.77382899251251
5806,-49.69548198573289,-36.88665126430967,13.46441581905605,-22.27754706730458,-17.16360826355096,21.65699046837858
5807,-49.42204456040999,-36.41893533409003,14.591311008789027,-21.36218903848016,-16.44417238768351,21.47741176814165
5808,-50.79938249195632,-35.91389719705707,15.701814634364268,-19.465575815317166,-15.731780812341515,21.233601115993928
5809,-52.54829587189838,-35.37214769179908,16.791779594969043,-17.751934096514198,-15.02859897995058,20.924271966816946
5810,-55.25407771012972,-34.79444522405913,17.85643824890144,-10.33772892332238,-14.336829347887052,20.54846412989372
5811,-54.666286343355004,-34.18171847520565,18.89019406541948,-1.7129613357179778,-13.658701371290999,20.10636731458156
5812,-53.482348202065474,-33.53509895303117,19.88695854384833,1.0273893932296545,-12.996404860248282,19.60035255685291
5813,-50.208394247589965,-32.855921238949094,20.840719376127623,3.8318123219964946,-12.352011200834138,19.034281588666673
5814,-44.272733441947146,-32.145717661289325,21.745930004205736,6.32988436045234,-11.72745275433717,18.41264635514852
5815,-35.52013594981658,-31.406192572002045,22.59820675748106,8.964296662516404,-11.124501443824236,17.740538598910103
5816,-31.571726641572635,-30.63917054412392,23.39513456642118,9.982178394484421,-10.544750181076497,17.023630741637994
5817,-31.772691020473903,-29.846516934240633,24.135963004464998,11.371921995367984,-9.989592727715037,16.267962439184842
5818,-29.234055987316975,-29.030106343826255,24.820266971586022,12.031185707016121,-9.460219351797507,15.479762603413185
5819,-30.768015591688755,-28.19183246946823,25.447729713282907,16.030690060264803,-8.957608554154158,14.665403566149129
5820,-28.044530526656946,-27.333591029607394,26.017937817153367,12.864488945360307,-8.482525780720898,13.831796970671233
5821,-25.791207880592072,-26.457303281658007,26.530402480189625,9.862713243504118,-8.035488756109409,12.985832989069483
5822,-24.60893251973831,-25.564897530928086,26.985117033967043,8.212305434189588,-7.6168035814496,12.133347479083056
5823,-24.799174068941937,-24.658295479393537,27.382322682754605,7.944305566546404,-7.226598924170538,11.279355772654167
5824,-22.633042056773082,-23.73940935207778,27.72214063185581,7.4210082687290395,-6.864846529939322,10.428467646051773
5825,-22.464980004123387,-22.81015277060315,28.004714451754165,7.891301400584112,-6.531367747767087,9.585063389945816
5826,-23.067099749243024,-21.8724283886275,28.230259989933977,7.7597720606713665,-6.225842303942934,8.753412030618719
5827,-19.030864378890406,-20.928135437940885,28.398650923919142,6.353517503558578,-5.947806945725839,7.937737947880974
5828,-13.244158280750227,-19.97918499369956,28.50999173196792,1.9296378859443877,-5.696659774084202,7.141950072504661
5829,-8.268129013241275,-19.027469322476357,28.56556605743778,-2.6261570647093038,-5.471676940892195,6.369011689634165
5830,-9.598558120856653,-18.074813923203706,28.567975354612773,-1.5493207657465575,-5.272058994775258,5.620479983622455
5831,-7.909052915199821,-17.12293763216884,28.520080002713577,-0.38619146666717086,-5.0969782753173645,4.8973316701840774
5832,-2.2158069193885797,-16.173475256356134,28.42451056801215,-4.8339616095113485,-4.945570216762986,4.200820834694632
5833,-2.3494921313406074,-15.227970260968029,28.284712715954896,-2.844133946548908,-4.816923553004389,3.5316645789044587
5834,1.6364341807691383,-14.287827741959141,28.104677045807335,-4.167036953848509,-4.710125911502689,2.890172857821045
5835,2.9820537236744475,-13.354325124580873,27.888686594012093,-3.6672707697020286,-4.624245362482986,2.276719788613595
5836,5.1138866902913,-12.428581969025002,27.641538595132175,-4.29603145777989,-4.558344592261783,1.6915284343254378
5837,5.189262438456138,-11.511555884905395,27.368270914948816,-3.4270913951488495,-4.5114768001946235,1.1347801059623563
5838,5.568759990951251,-10.60403057469508,27.073975612266157,-3.5321974366512023,-4.482692585197626,0.6066750608231608
5839,4.174437365930363,-9.706624177420984,26.763541071474908,-1.8139456129989497,-4.471031796139746,0.1075158905207374
5840,1.725220251938125,-8.81979450326342,26.441436372377858,0.1391920216291993,-4.47552485916291,-0.3621609489589206
5841,2.379340973573442,-7.943861752595794,26.111293731033278,0.30691154975386326,-4.495175859403674,-0.8012741230806064
5842,1.3682171848733293,-7.079041587861202,25.7762163013704,0.7956786392029755,-4.52894313403495,-1.2084233304884906
5843,1.4905457079786006,-6.225447332504434,25.43899529597871,0.7032398847494221,-4.5757374147695735,-1.5821027052686354
5844,2.150301669303381,-5.383108568129288,25.102034229121905,-0.004525919286152202,-4.634416647719526,-1.9207354668380194
5845,2.252404011448351,-4.551978383896307,24.767600723597443,0.1872839557939443,-4.703786445892108,-2.2228481427841595
5846,3.901480564208485,-3.7319351865561248,24.437826843515982,-1.4220871022173895,-4.7826065239051365,-2.487024943379521
5847,3.610567579299788,-2.922789927661908,24.11485952404754,-1.3107048583957095,-4.869588108784076,-2.712038837450743
5848,4.596337374628756,-2.1242778849529556,23.800805398312114,-3.1655396638134476,-4.963409113068519,-2.896860893245079
5849,4.803878485283708,-1.3360695677744339,23.49763536381004,-2.5700046088955304,-5.062712168333748,-3.040694548803935
5850,6.0246960840575845,-0.5577688606989528,23.20726181711346,-3.560690019612281,-5.166122082988782,-3.142901785048049
5851,4.5894518930815025,0.21108122003313,22.93157661151175,-2.466406819873697,-5.272238954003618,-3.2028731987985015
5852,4.698427276137941,0.9710029134018305,22.672209649517995,-2.8813327577608163,-5.379646962908682,-3.2199528245019904
5853,4.99196715108468,1.7225618633343296,22.4303662822715,-4.005736663452183,-5.486902475637084,-3.193351922891816
5854,4.842813283165166,2.466360665553264,22.20708695510232,-4.105427993995505,-5.59253709110147,-3.12247873575652
5855,5.091108635449117,3.2030343270078174,22.003211220605706,-5.468601443220521,-5.695067724687519,-3.006891873506623
5856,5.363375079762974,3.9332414135936444,21.81937322415126,-6.861519818383279,-5.792996549335244,-2.84633652337853
5857,6.653557297637457,4.657659208617901,21.656066391213578,-9.18318757429919,-5.884823492912754,-2.6409379012634826
5858,6.749749345427623,5.376979173007883,21.51380018092176,-12.603686733780634,-5.969059076086143,-2.391345373771472
5859,4.224702309973621,6.091912554012685,21.393075522315996,-12.037627430914739,-6.044246517830852,-2.099036000568728
5860,4.448907059160342,6.8031842078289495,21.293818890973263,-15.10782016625111,-6.108994809457392,-1.7658875967802468
5861,3.69832851625046,7.5115004800775695,21.21540254160577,-15.30278634036317,-6.161972357616202,-1.3941295393923125
5862,3.4696485967203827,8.217544377269334,21.15690935975651,-14.403541671014757,-6.201936778750213,-0.9864592362284696
5863,3.3205872330509223,8.921961104061337,21.117066294143854,-13.484379572277994,-6.2277363066981,-0.5454555465194533
5864,2.958731053938503,9.625348796878924,21.094334383578996,-12.305350987490442,-6.2383004818515095,-0.0734171487967572
5865,2.830750019465676,10.328250062966603,21.08688934832113,-12.141757722868498,-6.2326307832845504,0.4276746917587815
5866,3.085116770812336,11.031141420100333,21.092624950125085,-12.054510755485481,-6.209788835734257,0.9560390888719938
5867,4.3462122049094365,11.734425059641609,21.109244699873937,-13.745862501077326,-6.1688948440264175,1.509928217061054
5868,6.656761094980371,12.438424400091929,21.134468359717708,-15.725505683211459,-6.109126954596854,2.0873462389341
5869,8.973493313878544,13.143389616956123,21.16633753752297,-18.33916611595204,-6.0297384280974775,2.6857364626967373
5870,8.885673114060928,13.849513569260127,21.20337241253705,-19.31697417361145,-5.930077857083738,3.3018384684113578
5871,9.018070850969917,14.556947777791926,21.244214776224226,-20.85635821371588,-5.80961586353672,3.9318311511427373
5872,10.143753800243019,15.265794554341742,21.287302849350578,-21.25622354518694,-5.667955780340889,4.5714863607081035
5873,12.603210469294169,15.976101301081965,21.331051327918917,-21.692665178083544,-5.50485010615618,5.216248597716917
5874,14.87794626591776,16.68786464286967,21.37419699525294,-21.258866538747753,-5.320205873826428,5.8613926825315055
5875,19.699947565646276,17.40104776743216,21.415969155207772,-21.68756507552633,-5.114090593987413,6.502141331250559
5876,21.67064166609687,18.11559591988352,21.456440520492173,-18.994104033471586,-4.88672978507639,7.133659911494803
5877,22.71226866388723,18.831477135464972,21.496481586831724,-14.990418948278482,-4.638513266554426,7.751386107561968
5878,21.214050027336427,19.54869469233897,21.537198081041815,-7.5296904042144135,-4.369970711238926,8.351682765934063
5879,21.63488536657734,20.26729034086776,21.579414728447013,-4.451837340302532,-4.081734415492155,8.932540675550626
5880,23.89761127729702,20.987322340902104,21.623582536031662,-3.7764289748182023,-3.774467999535551,9.493434943332604
5881,24.42404043080921,21.708862509936537,21.67033763538866,-2.284460037692483,-3.448838752603315,10.034310242486761
5882,24.39858839291361,22.43201151659468,21.72051654691554,-0.46194017087981365,-3.1055139833697667,10.555339427315484
5883,23.548783153681775,23.156896946397573,21.77481545876626,1.1253764371053592,-2.7451494574489494,11.05708874948155
5884,23.244054084313046,23.88366588051243,21.8335850800511,2.508429326502963,-2.36837473340433,11.540526871216038
5885,23.129022372720826,24.612469285067647,21.896788573381674,3.3934066077371625,-1.9757809993678803,12.006954541437443
5886,23.297166470884214,25.343451785404543,21.964110234842646,3.3802608885137033,-1.5679110973085004,12.457895363650934
5887,23.035357676417075,26.076743300723823,22.035025184796453,4.410103354236412,-1.1452546417911513,12.894883553943277
5888,22.941032585612927,26.812453464390973,22.108776874387317,4.577536041955867,-0.708252193712282,13.319481012384026
5889,23.113723752053176,27.55066175901631,22.184337352729067,3.9677138704318935,-0.25728924096554967,13.733299843387833
5890,22.799098243538285,28.291409287906244,22.260471146952785,4.818429435448735,0.20730112918024024,14.137754324411162
5891,22.50452098268992,29.034693168813163,22.335701753939503,6.1443465051783335,0.6852277139951946,14.534158409362822
5892,25.34221116787251,29.78045607150221,22.4082414016336,5.591008623786337,1.1762450231377617,14.924009568109536
5893,25.43691100402259,30.52857592892207,22.476459060138918,6.639169203930649,1.680161685202497,15.30877607061591
5894,24.97846600093427,31.278886675511473,22.53893760903514,7.5610650634278045,2.1968300945121557,15.689851819102312
5895,24.94467715682819,32.03117176952441,22.593983017904193,7.682134392092351,2.7261518064759844,16.068771904456064
5896,25.824742004252936,32.78515221003842,22.639604620374918,6.038372667286865,3.2680815548092266,16.447070967749696
5897,26.532333937529764,33.540478744216074,22.67371360805157,5.4273780570189984,3.8226232043259643,16.82589792439046
5898,27.956006848086684,34.29673311724186,22.69423282334241,3.5140996702468925,4.389808083101924,17.20590335419384
5899,27.55525049560305,35.05342759910557,22.699177257141443,4.543781529389264,4.969683427938887,17.587195668111928
5900,30.6126637040019,35.810011601051286,22.68648903136601,0.1267463562415827,5.562287794309386,17.969581313573435
5901,30.07339485364001,36.565860201196635,22.654280291037203,0.6014923522866127,6.167655515510449,18.352188679913137
5902,31.679737004062883,37.3202969537871,22.60081273292311,-1.1682282783832534,6.785767039636928,18.733381787302275
5903,32.971911896492124,38.072581050058176,22.524282147097736,-3.6986006567092318,7.416547634663934,19.11115015578721
5904,34.58955201517216,38.821915763593616,22.423091287063457,-6.6603021836485965,8.059843716689409,19.4826581580331
5905,35.831016568583074,39.56745380252907,22.295852308471176,-8.384467010118456,8.715391511866141,19.844064023905137
5906,37.43966135431909,40.308305917491694,22.141380231525645,-8.446387513536749,9.382781318283085,20.190636042520786
5907,36.53503926201108,41.043545817964116,21.95869286474128,-5.036001600759022,10.06143391470086,20.51718018383997
5908,39.178202767320926,41.77221877514111,21.746693208075385,-4.388227194171108,10.750593330539083,20.81880018292047
5909,41.007467300795994,42.49332536516914,21.504325099408703,-1.3170444946288313,11.449353926895558,21.09099983605801
5910,43.15538763083648,43.205840448435026,21.230981851693542,1.5519995067423054,12.156659986276283,21.32962957034831
5911,44.05457022944648,43.908724155282044,20.92643501182227,4.450295970983802,12.871329231585445,21.53121405334752
5912,45.454059942550145,44.600936115889844,20.590698765001072,6.810563990558606,13.592074256499451,21.69292411882033
5913,46.858812494720326,45.281437406282116,20.22392166044714,7.166208475153994,14.317524172840134,21.81249911212656
5914,49.10365016675634,45.949197559919654,19.826465119171566,6.985060201061373,15.046240863974555,21.88786718866944
5915,50.47586459807108,46.60320174756022,19.39903277528842,7.678213492495473,15.77671531875143,21.91676621379858
5916,51.22354429112168,47.24246641160555,18.942669577700038,8.462904005219357,16.507358611561127,21.896793204017413
5917,53.707117431853845,47.866046386073556,18.458543396467668,7.825918214808951,17.23650153235259,21.825547663034364
5918,54.08655420414695,48.47303597137006,17.948114808666382,11.054880995459868,17.962395122430085,21.70043398489664
5919,53.64858754697594,49.06258737331798,17.41308713916176,18.426917573315734,18.6831971313457,21.519025629424284
5920,53.73845346009812,49.63390844731418,16.854977080774418,24.13255771149717,19.39699683105837,21.280257323335707
5921,55.249661839866256,50.186252512036276,16.275076938392203,26.92488211103499,20.101880952901414,20.984795146493855
5922,55.33171985627824,50.718913576540324,15.674750008788507,30.97475610112687,20.79598317415796,20.63435788476287
5923,56.13232402816677,51.23123584595551,15.055435168404152,33.292315843547655,21.477504811885606,20.231473742677277
5924,56.15614242572475,51.722609254433934,14.418547156136583,35.92999698613009,22.144748090336446,19.779413218857638
5925,57.361491341307485,52.19247232303128,13.765474052543496,35.89366772105974,22.796132359809448,19.281983103540696
5926,59.56868944336391,52.6403075246035,13.097643780139308,35.85298429032386,23.430213630572492,18.743180931143755
5927,58.60935185640465,53.06564857504057,12.4168552514233,35.60100659286395,24.04567775521903,18.166801632306413
5928,61.76010509935054,53.46809787469839,11.724963095342531,35.67337143223406,24.64133373939292,17.556410807864005
5929,59.58533845848246,53.84731278139674,11.024024715193903,36.18596308796161,25.216105142409965,16.915367253328277
5930,60.40355287455418,54.203032855711314,10.31612641047964,36.73288041120799,25.769024889614805,16.24694270328659
5931,60.30364889319016,54.53505454209538,9.60304347154434,37.025179345129686,26.299234655962405,15.554398753474352
5932,59.42678115986776,54.84323575381427,8.886555734367931,38.293913995604896,26.805984806513095,14.840960729141432
5933,59.25393973836284,55.12749159105324,8.168202586931343,39.54667324552288,27.288632037905167,14.109931886547127
5934,59.35522400274082,55.387782592943026,7.449279226141101,40.75805862463095,27.746646932282903,13.364843308373313
5935,60.16145034154568,55.624110206129316,6.730989232763562,40.566769701388296,28.17962159179672,12.60945262279959
5936,60.572567552053506,55.8365152084606,6.014597288188632,40.12205145102378,28.58727710713621,11.84753665651117
5937,61.495644268250444,56.025083358675225,5.301482368093744,39.938427574471575,28.969457368897466,11.082652656682423
5938,63.11918484298669,56.18994736633351,4.59316222032033,39.8406293041904,29.326120617581704,10.318146984036378
5939,61.91680525562412,56.33129417336325,3.8914807245927108,39.72915414510567,29.65733383449989,9.557214283348525
5940,61.77097192169172,56.449379414639694,3.1982988540015,39.65336638957483,29.963268236471606,8.802915791055526
5941,60.47876422955173,56.54451409696335,2.515238520979004,39.71846623678714,30.244194887236926,8.058190151773026
5942,60.1008909045429,56.61706198270496,1.8436760914975636,39.912539066510035,30.500480913256474,7.325887153154458
5943,60.806406038585315,56.66742583639652,1.1847146516822349,39.82387753858228,30.73258736411389,6.608815237639227
5944,59.91548690879167,56.696042959483776,0.5394877315111657,39.498267315463366,30.941068595765756,5.909725897448865
5945,57.38983079986247,56.70339168516393,-0.09091045371658169,39.66529529718697,31.12656909061048,5.2312435051592665
5946,57.23698079261519,56.68998226256934,-0.7058990898328332,39.728366130745016,31.289818162776374,4.575910265760523
5947,60.56139774616846,56.65633174584174,-1.3052947617044808,39.57152639774863,31.431629774994516,3.946250740591868
5948,57.15991265252791,56.60296261178904,-1.8884354366697664,39.4537330795215,31.5529015454825,3.3447301840781662
5949,56.13527615826979,56.530436050063756,-2.4546576022542865,39.05351266384909,31.654611787266393,2.7737338909223475
5950,58.59396764376524,56.43931877163875,-3.0039371998747555,38.60110230715614,31.737817138210655,2.235536967984757
5951,58.62886824703471,56.330173570072105,-3.536012589304036,38.55004242438282,31.803647585132044,1.7322602364958684
5952,58.093383595235785,56.203584599018484,-4.050221547687762,38.381935188011994,31.853301153977046,1.2659274884753025
5953,56.53082755326007,56.060158800226255,-4.545941235982873,38.281218087343106,31.888042751030397,0.8385127525172464
5954,56.01907629426916,55.90052184995296,-5.022820646980151,36.81250971429826,31.909202004144863,0.45193753262950054
5955,54.58538304313125,55.72530409042758,-5.48077216177834,35.771358861805865,31.918171919872364,0.10788164290191915
5956,53.85793798315323,55.535137039167736,-5.91994766003797,35.313015217112024,31.916394113671657,-0.19235280493425932
5957,55.88877960178085,55.33064091309171,-6.340766054266496,32.44192635939683,31.905348399543414,-0.44768774705554293
5958,56.3024429162807,55.11241930221664,-6.743393751420506,31.247008014143532,31.886548263867954,-0.6575383073389318
5959,56.51307116334371,54.88108132966368,-7.127570795577398,30.0185309491669,31.861512512387485,-0.8219197965232894
5960,56.85073712540973,54.63724791584481,-7.492877546577432,28.798437718111614,31.831753610766402,-0.9412013715488854
5961,55.404820538999736,54.38155615989185,-7.838742172474227,29.152639711608643,31.798765754284226,-1.016108149528474
5962,55.02103243053061,54.11466510434653,-8.16468336025487,28.123460080971654,31.764013067464504,-1.047484677082533
5963,53.655361897022814,53.83724393587486,-8.470414169062153,28.79927690106551,31.728933442478723,-1.0362657984421553
5964,51.065848848291985,53.54997082640905,-8.755826866197793,31.556532892858684,31.694928680901693,-0.9834285195031001
5965,51.93208814265808,53.25352214479501,-9.021317892845246,30.567688005703133,31.663371541178517,-0.8894290669959481
5966,52.05963951293849,52.9485496335527,-9.267453144294926,28.328773966496243,31.63563340976863,-0.7544509514722542
5967,51.05617820736317,52.635691935175345,-9.49456130401277,28.654863686977237,31.613074811080367,-0.5791488416192259
5968,50.0516293556667,52.31557887995185,-9.703009432537648,29.150853846658322,31.597023486994015,-0.3644543684379009
5969,48.23646382082316,51.988824639672835,-9.893369062061481,30.506720423498706,31.588777853184506,-0.11117117629384055
5970,49.81515921087822,51.656020942481085,-10.066534832344516,28.295493214728396,31.589612075241092,0.18017607899576404
5971,50.40259378423079,51.317722317516534,-10.223338468978511,26.902715853615803,31.600789591784224,0.5089366495334247
5972,51.073073190301315,50.974465044549184,-10.364189794317333,26.380264426392458,31.623541185209987,0.8739220771346368
5973,51.30265398899077,50.62677633122871,-10.489210226898287,25.592414160347985,31.6590510635932,1.2736540591662937
5974,51.28461776022153,50.275184362755965,-10.598284598826524,26.178346587033744,31.708451455821073,1.7064507843740806
5975,48.84413658595391,49.92022402464028,-10.69116230031078,27.683169986807144,31.77281444921814,2.170587789476439
5976,48.043372683436026,49.56244020940191,-10.767853242966368,27.96110253535032,31.853157308452836,2.6646345947041183
5977,46.68970986527486,49.20236714177585,-10.828743332552264,28.433548277934392,31.950456755531746,3.187404302261072
5978,46.26199252149644,48.84052398723176,-10.874432096204032,28.293494244431074,32.065650928603574,3.7377951815638966
5979,47.62386354718411,48.47740500202892,-10.905676605883379,26.564226194382954,32.19964310096934,4.314723331162398
5980,47.55027683650627,48.11347888017287,-10.922987219054754,26.304984682518366,32.35329915068107,4.916789822328198
5981,47.419787102400484,47.74920585409193,-10.926574608869402,25.907945443875306,32.52742908912455,5.542257256217837
5982,47.42179564403025,47.38504057291491,-10.916571510177953,26.231503021641487,32.72278296776226,6.189241900905991
5983,47.99046573022772,47.02143442008007,-10.893021442771378,26.008223209501864,32.94004521585162,6.855794154439607
5984,48.72785530996771,46.65883914339682,-10.855774843805008,25.51853942136566,33.179835911391564,7.539917969403547
5985,49.24949484126542,46.297716097159736,-10.804379948341065,25.11835574799987,33.442706413811855,8.239443314119619
5986,49.1402726522327,45.93854714684075,-10.73809015214863,24.50795380029686,33.72913213233287,8.95199308456231
5987,49.27785640519142,45.58184342034983,-10.655990414404855,24.726010786297124,34.039505952782676,9.674958218539516
5988,47.25940557297471,45.228147785880424,-10.557055024872568,26.678182848230776,34.37412934690217,10.405582565702005
5989,45.99679782735915,44.87803975202499,-10.440432324667768,28.12308383475154,34.73321145716281,11.141336781328484
5990,45.39833453561291,44.532118964235906,-10.30565389888519,28.75166955630594,35.11688513232407,11.8800935179274
5991,43.58612692341413,44.19099615876598,-10.152424577188341,30.0739817127467,35.5252176916913,12.619923310882832
5992,42.869016520536015,43.85529065909002,-9.980705496750879,31.406999256668158,35.958213353049594,13.359069025542496
5993,41.58638272863111,43.52561579231592,-9.790733264403784,33.04807440592106,36.415822293394136,14.096043273619294
5994,39.77674771049338,43.202575108129764,-9.58294291007551,34.521943158191846,36.89794957129088,14.829668486496637
5995,41.59243496240618,42.88675293164422,-9.358132231108165,31.88125575542098,37.40446685916058,15.559090554151283
5996,43.67958780576261,42.57869962605589,-9.117003124424734,29.287960917129553,37.935222274900966,16.28313484401602
5997,43.043495202454004,42.278952723349235,-8.859584353497887,29.748449498946627,38.49000918209498,16.999694172891182
5998,44.9861680931218,41.98806066915603,-8.58559852432002,28.160572735648827,39.06853521976038,17.706182781433597
5999,43.390029052213634,41.70657948839457,-8.29448612183679,30.531653658420424,39.670421367523886,18.399678738626655
6000,42.89986985238933,41.43509492770024,-7.985550987308585,31.41601342756438,40.295180469002155,19.07720104766959
6001,41.98893011736116,41.174209422573995,-7.6583249722110835,32.37380215879051,40.94223477070186,19.736070398504104
6002,40.69816055932249,40.924539929552836,-7.312469110083839,33.50865745831774,41.610918495569095,20.37369229126682
6003,41.71141311585791,40.68671148190174,-6.947895913161446,33.7826011829672,42.30048092345298,20.987587753878287
6004,41.024357637011136,40.461346868675406,-6.564486669010101,34.700041667428025,43.010091012494314,21.57528533159205
6005,41.482359450963294,40.249079037301065,-6.162005280991991,35.201735161219986,43.73883327889245,22.134282671042094
6006,40.60473994818998,40.05054651660927,-5.740184636304946,36.59523041359441,44.485709857230454,22.662074561043575
6007,41.112486306308845,39.8664000615474,-5.298758933306189,36.68077864933724,45.24963824962869,23.156218181460773
6008,40.306727591787705,39.69729592105553,-4.837460466094861,38.31990582164278,46.029457735994505,23.614265989149956
6009,38.961870126701854,39.54390269714108,-4.35601331471144,39.677280083113445,46.82392264890535,24.033797345324643
6010,39.62685350317191,39.4068950334081,-3.854413404843946,39.73944677545627,47.63171089234948,24.412603098277614
6011,39.66378779647004,39.286941803484815,-3.3327145777783684,41.16077779053501,48.45142952212386,24.74844692655946
6012,38.67643616109956,39.18471406155621,-2.7908280872610547,43.64372299507201,49.28160735412011,25.039071094213377
6013,38.47036968895586,39.10088659766741,-2.2287734775309787,46.1132486092437,50.12070092840475,25.282553096952824
6014,39.76997628856754,39.03612916305414,-1.6467200901045231,47.4734048485401,50.96711089391697,25.477458650107785
6015,39.4983610712252,38.99110525832711,-1.0446525595312295,50.08712667097319,51.81919817174527,25.622672313460413
6016,38.97748323007208,38.96648565908539,-0.42238633083083954,52.852105930745125,52.67528904814766,25.717417001371352
6017,37.64592551172319,38.962946169605054,0.22015566151637245,56.888999225349124,53.53369263850336,25.761461443753255
6018,36.33813278928382,38.981162703186484,0.8827792087485875,57.83518378996803,54.392719811064545,25.755330875827198
6019,36.46103033082317,39.02179811685496,1.5648954418596617,59.14003272365659,55.25071469689184,25.70003614236054
6020,34.38108634854889,39.08548906597713,2.2657305436659314,60.40489368761459,56.10605555388858,25.596667496900984
6021,35.43520367914175,39.17284681976602,2.9842041659099294,61.80367936066017,56.95715919668524,25.44644253788448
6022,34.5519375731303,39.284436010371124,3.7190609561499244,63.25979270577167,57.80248505641421,25.250721201998125
6023,33.764453841200876,39.420784216842684,4.469041384043173,64.58579055407134,58.64054061015178,25.01103569312111
6024,35.71827076660325,39.58237210264067,5.2326006058590835,65.67005614956736,59.46988743595562,24.729081598882665
6025,33.18677740082936,39.76962425723329,6.008322910596107,66.84207366409339,60.28914605007729,24.40666497213215
6026,33.99149847358059,39.982926963347076,6.794654812032661,67.13551949151727,61.09699843409776,24.045682228844534
6027,33.046221151706305,40.22260124470213,7.589726485303885,67.30952678158482,61.89219153200026,23.648005747600855
6028,32.6042984547847,40.488908729034,8.391579845730313,67.50320830791475,62.67353215060449,23.21533904167726
6029,34.659784375301996,40.782039901084154,9.197975287966074,67.73660594029272,63.43988080144541,22.749205866217466
6030,33.86514947695549,41.10210708156507,10.006829957513439,69.18961397109288,64.19014587501898,22.250963338956993
6031,32.078770429438684,41.44916189825172,10.816157307377985,70.73445722773363,64.92327835737588,21.72199382609932
6032,29.64028898617424,41.82318423539027,11.623487784970088,73.95991983701785,65.63827879675894,21.16390489674629
6033,31.239770388440103,42.22406108391639,12.425616364924323,74.32061947736165,66.3342053504923,20.578798135074763
6034,33.275413150134376,42.65155865971856,13.219098031194498,74.85277673075555,67.01019867243059,19.969098587955045
6035,31.623555327524052,43.10533428599602,14.000905138143587,74.98750882816557,67.6654785896893,19.33716006444392
6036,30.846891139422297,43.5849523355948,14.767936062437954,79.1637563059688,68.29934267672685,18.685237578122482
6037,31.874762556727468,44.08986335682522,15.516589255828741,77.43444761179512,68.91116109489747,18.016035496760665
6038,35.922778292993335,44.619391619316715,16.243154123352177,74.91699038281644,69.50041170984423,17.33243681781417
6039,34.194416553025015,45.17274029838203,16.94452104302382,77.07544393659342,70.06665688275174,16.63651443263042
6040,34.50117829186363,45.7490263555183,17.617764304570365,76.73239448406736,70.60951267201959,15.930116022858698
6041,35.47618408766281,46.34725791868672,18.25957882300127,76.59635395391149,71.12866461760899,15.215194299116845
6042,39.417909080330304,46.966331610385055,18.866675461644817,75.31011366227307,71.62385895862738,14.493472807100787
6043,44.15391696138127,47.60503628279638,19.436315197268783,73.88343201278266,72.09489613808238,13.766312760218327
6044,45.90984874702236,48.26208595686964,19.96686237165118,76.80131109365095,72.54161314264194,13.034528272943646
6045,48.11282151867303,48.936160440906455,20.45745401177374,80.12120317490627,72.96386468961195,12.299018732135707
6046,48.123187978840555,49.62591622432122,20.90761790185862,79.1195132704369,73.36154772478432,11.561481878462772
6047,49.77917859870971,50.3300016343637,21.317008150146002,78.15107218108264,73.73463014817614,10.823838248572528
6048,52.72224157595494,51.04705010099762,21.685319388641418,79.9557470980481,74.08313694135582,10.087600801245742
6049,53.38155875618134,51.77568959360646,22.01271881362654,82.03011697232847,74.40713686825919,9.354299543192113
6050,56.97590507934055,52.514564688572726,22.29969432667886,82.7732504342064,74.70675691090196,8.625941301013071
6051,59.033415531025085,53.262335882051715,22.54714813639378,82.58341279266523,74.98219962166006,7.9048591370222
6052,59.594299862960725,54.017707897665645,22.75660182814388,82.32459216191177,75.23374752003677,7.193382876738141
6053,60.28345724402777,54.77944267059464,22.92974282788215,80.47710665696943,75.46175848010927,6.4936972643535995
6054,60.96481141908167,55.546357419524455,23.06821884834477,79.5322213151704,75.66666067099368,5.807602519741266
6055,60.41642054307457,56.31732392715096,23.17365408677297,79.62151752247044,75.84893198142535,5.136419255316724
6056,62.05624044679079,57.091267691975986,23.247463825742365,79.5538333350973,76.00908862134813,4.481283281715065
6057,62.47269958019833,57.867154848867116,23.29099591408145,79.43135609518609,76.14768420020636,3.843282703473534
6058,63.50117137113503,58.64400075291475,23.305673510666196,79.28733863796319,76.26530746824636,3.223432922498475
6059,63.71611638352382,59.42086641624486,23.29290374393672,79.29940065042408,76.36257972837292,2.6226716119407456
6060,64.64009123811383,60.19686100251053,23.254047600758412,79.41742685318289,76.44015224237575,2.041884867381043
6061,66.09738285527949,60.97113625629542,23.190404514070337,78.33241061281691,76.49870538619832,1.4819521289916793
6062,66.31458313017393,61.74288797011522,23.103397488002066,77.94498604059831,76.53894905097519,0.9435888009993931
6063,65.89964340074624,62.51136275549556,22.994468629724985,78.00356448030817,76.56161130626495,0.4272766408336537
6064,68.68550238929359,63.27585254543022,22.864801606710436,73.8681753047533,76.5674341603641,-0.06656084854505195
6065,71.30487204475051,64.03568286260959,22.71570469229875,70.50964219410935,76.55717391636195,-0.5381106315024198
6066,73.24509925004921,64.79023285825014,22.54906326022514,70.01121399150625,76.53156011826394,-0.9886733767499578
6067,74.4470739995742,65.5389537466246,22.367215515220877,69.2718385895694,76.49126235791195,-1.4201179578302003
6068,74.26007265002242,66.28138055926486,22.17274337499397,70.57030306690558,76.43688558774193,-1.8344875114391357
6069,73.24905445336707,67.01713663829086,21.968157948991944,71.56857522710905,76.36896319048267,-2.233727958059646
6070,73.0475870028105,67.74592442253099,21.7555723889501,72.16253269638182,76.28797039053795,-2.6194255017558277
6071,73.67823598358162,68.46750813088754,21.536701765902748,72.88124871929551,76.19433482369895,-2.992907434183465
6072,73.68506450866325,69.18170454025784,21.31310929749013,73.33810436950836,76.08844322825905,-3.355279881649267
6073,73.46426687406871,69.88838208405355,21.086239491842633,73.89658820361609,75.97064949825567,-3.7074444899698022
6074,73.27659936832292,70.58745383971402,20.857293752009838,74.5370253268593,75.84128026226107,-4.050118659004056
6075,74.93401058563798,71.27886833418754,20.627203703007808,73.35049584649332,75.7006415876554,-4.383804752468308
6076,76.14172872551717,71.96260075324787,20.39691275562795,72.90779777840123,75.54902661209651,-4.709046188497794
6077,75.69749025268494,72.63866251789607,20.167585884619683,73.84200048628799,75.38670517508888,-5.026585196447186
6078,74.92142387460707,73.30710647888918,19.940299391335046,74.83772680395924,75.21392093233337,-5.337044234658634
6079,74.18978411575836,73.96801581065174,19.715748183650987,75.8233843510369,75.03090222611164,-5.640708945387161
6080,73.34146511739691,74.62148969113258,19.49420529190995,76.84118257415656,74.83787366930756,-5.937517425610324
6081,74.83240915257609,75.26762949677907,19.27551335086939,76.58164567117421,74.63506773107095,-6.22705393450417
6082,76.20247220616187,75.90652391452387,19.059417299501646,76.30074519346064,74.42273674034061,-6.508731114432464
6083,77.15796819978512,76.53825731674584,18.845896427720277,76.15664802499566,74.20115232344212,-6.781980240236294
6084,77.66507123502222,77.16291700970523,18.63508689623977,76.01550027300135,73.97060472432486,-7.046231260661671
6085,78.73262855188591,77.78059644316183,18.427155529090555,75.89407932697333,73.73140357273134,-7.300889307945653
6086,79.23874629664415,78.39139404497793,18.22231856726532,75.70224598563803,73.48387877046181,-7.545328706155843
6087,79.92939179787182,78.99541768097951,18.02084358352971,75.52932464094118,73.22838165898762,-7.778897983706656
6088,80.19714101897459,79.59278361721324,17.82299546538276,75.37616602631351,72.96528557154804,-8.000925108344674
6089,80.43010129910509,80.1836173786717,17.629002966407796,75.36794575762505,72.69498665176464,-8.210709420636704
6090,79.71629864858484,80.76805048164043,17.438992608747768,76.61496120919952,72.41790494350559,-8.407494941461735
6091,80.03230470711085,81.34621688592155,17.25284464713532,77.84004680650432,72.13448698900052,-8.590260083076089
6092,80.22689282794033,81.91824012478278,17.07020730166647,79.15411071241658,71.84522093796718,-8.75753230274519
6093,80.43685833365592,82.48423070603265,16.890633683059804,79.44082087988747,71.55065150215084,-8.907376320637184
6094,81.40231032985339,83.0442823703201,16.71356783474579,77.59071221534217,71.2513958499247,-9.03753200024532
6095,83.91591062145731,83.59846856168237,16.538461142373677,73.82577134885562,70.94814936880115,-9.145883382951894
6096,84.66965881884751,84.14684644647835,16.36511664516277,72.70467720410986,70.64167029106125,-9.231059887944753
6097,85.55280823547544,84.68947633802655,16.1936592909597,71.25053248760435,70.3327453762715,-9.292326831872941
6098,84.78933492791964,85.22642373254233,16.024295202738088,71.19995896183573,70.02218183560305,-9.329240963524299
6099,83.41088769979899,85.75776268487576,15.857087763867952,72.6075406174208,69.71079597870322,-9.34149066747544
6100,84.00220927838053,86.2835629168002,15.691622992267398,72.0194781070617,69.39941579110469,-9.32847005257834
6101,85.61078510336817,86.80387088436025,15.527212659253422,71.47532715363124,69.088897975198,-9.28935875642182
6102,88.07525706213819,87.31871042741709,15.363340107361907,69.2507677817434,68.78012520734323,-9.223412301727336
6103,89.35968650249382,87.82809355818438,15.19994042217725,67.41602156164726,68.4740038217495,-9.130205835080787
6104,90.52085943218668,88.33203978889557,15.037353855537035,64.22623894011932,68.17144481833785,-9.009826695299097
6105,91.80489061144146,88.83058381522018,14.87613364170734,62.48245904650048,67.87334870872957,-8.863018868441799
6106,93.14031999785064,89.32378203167606,14.7170475499599,59.810509888635266,67.58057689377506,-8.69117065427929
6107,90.96386639566434,89.81172031855084,14.561105395179013,60.11467835013002,67.29393733177761,-8.496239118595028
6108,90.85541238281189,90.29452239135466,14.409046032585309,59.57323895071491,67.01416095253539,-8.280447261973691
6109,91.07624871842106,90.77232338738986,14.261124194747268,59.20655087278436,66.7419075143127,-8.045969140349598
6110,88.21746174182496,91.24526400433781,14.117468481775717,58.81252965875635,66.47776300984542,-7.795031762232085
6111,89.5910657801999,91.71348795284158,13.977673846646468,58.37583875412162,66.2222387301639,-7.529895491764691
6112,91.25650232747235,92.17710892744758,13.840974438648885,57.83263220971304,65.9757699770611,-7.252866945981111
6113,92.59859637414402,92.63621958208483,13.7069177521159,58.345907927443534,65.73871426709849,-6.966323807446528
6114,91.73158173563148,93.0909034442553,13.575361295981097,60.142059900542506,65.511348389898,-6.672576308264695
6115,94.66762373133477,93.54124366848357,13.446097341189613,57.80899452891802,65.29387584654751,-6.373522202508113
6116,94.6194597973307,93.98730993366794,13.319091248760486,58.695326944783716,65.0864469097308,-6.071072936019348
6117,93.91766288967143,94.4291830850676,13.194604516306825,59.971201823209555,64.88913765081288,-5.767291903429452
6118,94.60814534308274,94.86695023475507,13.072655081750497,59.60195938039692,64.7019607828355,-5.46386078842545
6119,97.7889321267432,95.30069342385097,12.953128395907711,57.1734565822787,64.52488026491785,-5.1622692822694205
6120,99.55542081397384,95.73049212781558,12.836355980928573,56.16949836069324,64.35780949735087,-4.864368941696924
6121,100.22310509978008,96.15645048924621,12.723276619927475,55.45916833916725,64.20058900213806,-4.572470562500968
6122,97.08250869630022,96.57871056914408,12.615063810245317,59.0142908938908,64.05297812651747,-4.289091636355344
6123,98.03773167286435,96.99745474326257,12.512397189153788,58.290296337911315,63.91464955971437,-4.0162812983135865
6124,98.49906846519978,97.41287038175433,12.415506364314197,41.95247639432658,63.785226039963234,-3.7556251680337738
6125,98.99061763195311,97.82515516755018,12.324707547655933,60.94604526128535,63.66427454851212,-3.5112061824847984
6126,99.56715230633122,98.23451755159806,12.24033556649708,61.46088612384753,63.55114562779758,-3.286675131045733
6127,97.00613214870218,98.64117753864998,12.16276189387898,65.0031527330714,63.44516287310907,-3.0827470475184526
6128,96.90310698171606,99.04536834452333,12.091941560617414,66.45472384184029,63.34562915796302,-2.899501081672682
6129,97.4134520974551,99.44730697602448,12.02731287215208,67.39016867441288,63.25186280099756,-2.736243226855315
6130,97.31661762051536,99.8471892026668,11.968254829995146,68.64585964188674,63.16321294283933,-2.591895777241504
6131,97.94497846219785,100.24519063135749,11.914088692998419,68.19394446678413,63.07906974918146,-2.4650280741362707
6132,99.32759020466126,100.64146178220003,11.86409611204624,67.71996394606057,62.99887773789691,-2.354064240718259
6133,100.32294861017994,101.03613037216057,11.81773966422881,67.52859186612594,62.92213213313357,-2.257541646035115
6134,100.71304380822858,101.42931109314861,11.774717921860969,67.65221934596181,62.84837496149457,-2.1740732616602187
6135,99.7398880521712,101.8211115669513,11.734818322447325,69.16587613256556,62.77719391568956,-2.1022597528272158
6136,100.15479788947403,102.2116323146451,11.697624872406749,68.93971870266688,62.70822431130609,-2.0404367640174215
6137,100.64929437880642,102.60095322511175,11.662522232612389,68.80521539491906,62.6411647980884,-1.9867276447366322
6138,101.12196680948352,102.98913379681926,11.628914330512927,67.77186096461512,62.57577580165698,-1.9392891477509622
6139,102.52983251518765,103.37621418047928,11.596233297560019,65.78250688156817,62.511878854905,-1.8964319936593554
6140,103.97466349559943,103.7622160166566,11.564075622570371,60.00686372038132,62.44934700207969,-1.856897161927371
6141,103.88641931701439,104.1471525553173,11.532347038013029,62.65856608937287,62.38808571077651,-1.8205615054462854
6142,104.10448007444448,104.53103915252413,11.50104036367999,63.970617271296675,62.32797623504994,-1.7877480062511353
6143,105.43484312063109,104.91388857956264,11.47005339755843,64.55890773001067,62.268902510359766,-1.75817217860466
6144,105.93653587006659,105.29570937902803,11.439400176481271,64.43540842691459,62.210764756476294,-1.7312492285865844
6145,106.29368145493723,105.67651525799472,11.40925346007208,64.3037745989628,62.15348589512066,-1.7063078170916413
6146,106.56168899516368,106.05632627636616,11.379800314857604,63.91129037431304,62.09701090200352,-1.6826973811953394
6147,106.60193163301291,106.43516861231856,11.351207663578222,63.47839311711928,62.04130606970764,-1.6598283801115699
6148,107.4391444664211,106.81307345393805,11.323575452942976,61.718914933414055,61.98635567666275,-1.6372173278492497
6149,107.78774880324659,107.19007364251476,11.297021579272197,60.72128342610364,61.93215824785102,-1.614690295200809
6150,107.29604754199023,107.56620822588953,11.271728016553979,61.56443599529479,61.87870965698269,-1.5924671112320254
6151,109.00416859207738,107.9415221769517,11.247743466976843,61.179909045657865,61.825993773768886,-1.5707745691748798
6152,110.03526753264967,108.31605779035465,11.225185775069804,61.43056585743673,61.773991352371034,-1.549755476621364
6153,110.64133085044136,108.68986789528968,11.204468609507856,61.91932935703397,61.72267674199413,-1.5295569761119765
6154,110.23132939451459,109.06302236432184,11.186137808114367,62.590352199349724,61.6720208872969,-1.5102008931247823
6155,110.18851917525942,109.43561041583064,11.170657288161081,63.42005350098535,61.621996682452476,-1.4915214268784638
6156,110.78472780339361,109.80773285019924,11.158312739038863,63.672597796420774,61.572586125505005,-1.4731146439508436
6157,110.27876220413611,110.17949793176656,11.149361401574538,64.53951002634852,61.52378903952242,-1.4544008922187146
6158,109.40522897096358,110.55102361030421,11.143963318095231,65.78831410222742,61.47562606602376,-1.4346194499804454
6159,109.60930385129919,110.92242881963958,11.14196286702878,65.71235719002541,61.42814774285706,-1.4126805652588459
6160,109.3174253031026,111.2938211347728,11.14299440113875,65.88921179437557,61.38144736167317,-1.3873058588044174
6161,110.50382710482268,111.66529511304883,11.146568760802893,64.44386406556575,61.33566068560343,-1.3571879430398681
6162,110.18568268871287,112.03692571882632,11.152219338152065,64.18435978431597,61.29096816547051,-1.3211943053066122
6163,114.04552520167807,112.40877640225897,11.159498135838675,60.32346431171089,61.247581065249655,-1.278432494050925
6164,113.58466256311384,112.78089226121557,11.168373258057045,61.16792270560606,61.20573933253378,-1.2286096733830831
6165,113.52114442716164,113.15333461946277,11.179207615843438,61.09852278397389,61.16567375369078,-1.171868885101226
6166,113.54539091786563,113.52617276893847,11.192175425966653,61.66172908140109,61.1276147401937,-1.10822573813806
6167,114.11799130520251,113.89947964786055,11.207334240412905,61.529439020204535,61.09179203781491,-1.0376107939208268
6168,115.54450156763491,114.27332838496599,11.224719410176007,59.478935361928166,61.058440687265644,-0.9598795492117773
6169,115.81279130806709,114.64779427520561,11.244552454960512,59.06955949744858,61.02780006786746,-0.875201801081289
6170,116.26516972954403,115.0229652152967,11.267195639112728,58.38445727167718,61.00009390052689,-0.7841036208190388
6171,116.43823758796455,115.39894065114646,11.293006919267867,56.98570728054389,60.97552649314619,-0.6872651549213771
6172,116.45678155889706,115.77583234324788,11.322325560157012,56.667250240148164,60.95427622353213,-0.5856686504956343
6173,116.93914835616705,116.15376235515693,11.355407366505403,55.853621488210464,60.93648191644648,-0.48054489424924185
6174,116.91025314385915,116.53285950101491,11.392470385873423,55.96143983653549,60.92223989724885,-0.37328721073638604
6175,117.62690294102433,116.91326038088182,11.433687526381746,55.6484304489412,60.91159610239739,-0.26538911633068096
6176,117.98126207066657,117.29510533610703,11.479221027728954,54.95532234220569,60.90454728949347,-0.15837093922431933
6177,117.91300094753329,117.67854178273042,11.529279043423344,54.685205077974274,60.901038039782435,-0.053899988758452366
6178,119.6775413284323,118.06372393900192,11.583998471255299,52.93666122934333,60.900953956909575,0.04621476181508655
6179,119.32752869332377,118.45080834748077,11.643654154376364,53.7599560108133,60.90411902390344,0.13986469383816313
6180,119.14091768674865,118.83996754929368,11.708616441713957,54.43608428070239,60.91027826983212,0.22480314374988097
6181,119.2483127240234,119.23138277692837,11.779060455689176,53.84876568541418,60.91910590015343,0.2990050292407176
6182,119.22551400182911,119.62523824633962,11.855033465832605,52.79884215024309,60.93021193844817,0.36045624562870415
6183,119.38477508998271,120.02171834131721,11.936478549716085,51.08621892145983,60.94313631652868,0.40689626222075503
6184,117.52579095606549,120.42100348298736,12.023241552399924,53.32852251305604,60.95733835592955,0.43565017762219327
6185,118.85787626864591,120.82326777814387,12.114797233860273,52.94674380134799,60.97217966170349,0.4441178214145225
6186,117.47724495862217,121.22865663191138,12.21042281063589,55.29466676236186,60.98694621069052,0.4299713688703122
6187,117.71422526849958,121.6372959655196,12.30926818039947,56.448758451224734,61.00084441962818,0.39117096286272357
6188,117.4832964279333,122.04927451060468,12.410192129239164,59.331601878469996,61.01302427488137,0.32619324171452746
6189,117.72955499919611,122.46464210746888,12.51193231526912,61.38479596813451,61.02259063574248,0.2341112678010404
6190,116.91705429679037,122.88340333162262,12.613105647815885,62.67337411547916,61.02863169273477,0.11472887038511459
6191,118.55120469587087,123.30551581732327,12.712120797689863,63.01474111984106,61.03023922710149,-0.03165551259424859
6192,120.45625731259354,123.73087805146861,12.807383577046494,63.773458303840414,61.02652132522849,-0.20450220381214024
6193,121.30068595357551,124.15934138912637,12.897700064487552,64.11939149874195,61.01660574684735,-0.40310762697330915
6194,122.34824664989583,124.59072472243444,12.982158227154414,64.42980443418776,60.999647483430266,-0.6266019142940848
6195,121.93916281563294,125.02481860427,13.059999514274807,65.79637859876766,60.97483228589441,-0.8740136015446609
6196,122.1530215916997,125.46139135671943,13.13043161958035,66.36553348528417,60.941379909993955,-1.144115640682557
6197,122.97859157635479,125.90018071224202,13.192503736154961,66.03783354610258,60.898557909848904,-1.4353844715907726
6198,123.25713201769302,126.34089160579643,13.245289454186207,66.8942875284904,60.845687611887904,-1.7462492870406976
6199,124.68970826508246,126.78320000918777,13.28789576393305,67.18515606393697,60.78214129071286,-2.075046423136513
6200,124.92984523255629,127.22675132339197,13.319552795720497,67.37467067561408,60.7073511836788,-2.4199242949462274
6201,126.21458332719062,127.67117019556913,13.339607686873052,66.7789969599304,60.62081300438311,-2.7789393124547246
6202,125.62263488650451,128.11605850251684,13.34750228399649,67.79952004935942,60.52208856284849,-3.150184292575773
6203,127.48567233873874,128.5610036811689,13.342649211069926,66.63638233238453,60.41080071821139,-3.531661327107507
6204,129.38564321277636,129.0055684499215,13.324517785683128,64.7980023399418,60.286644474374654,-3.921362485654747
6205,128.44015740592732,129.4493048668811,13.293004621519202,66.1169189917178,60.149376552501074,-4.31769115959618
6206,128.38613289015697,129.89176875802278,13.248016173962469,66.68451181202852,59.99879839706824,-4.719089111353476
6207,129.13710736482818,130.33250594514527,13.189178488707114,65.68281487748285,59.834770611744176,-5.1236747714700215
6208,130.15280376256857,130.77104732393659,13.116089915460378,64.38176946649708,59.65722007897024,-5.529584340154088
6209,130.67846088018888,131.2069119395093,13.028480761292514,64.02027913634461,59.4661316557339,-5.935245647402532
6210,130.10944377801087,131.63961270802275,12.926180509967509,64.22465761606594,59.26153703581007,-6.339278928763328
6211,131.2491123495304,132.06865730684046,12.80888303976198,62.93862827267242,59.043513060483015,-6.740268943676853
6212,131.46157694833576,132.49353824400688,12.676238942592022,62.74625540732828,58.81218577289828,-7.136898451260976
6213,133.55926773370706,132.91373990301327,12.527972895043433,60.37745974972134,58.56771983039895,-7.528003232973859
6214,134.78614474591154,133.32873643700978,12.364027433535227,60.17249340656355,58.310318890700024,-7.912729170574941
6215,135.13025932761667,133.73800839858228,12.184715269710864,60.99528142881621,58.04020455236062,-8.29053024159112
6216,136.59300303617022,134.14105078832384,11.990460154726748,60.527852259028464,57.75761687459395,-8.660690109200004
6217,137.31564279314412,134.5373724088974,11.781833730805289,60.5719538907648,57.46282521174729,-9.022357405752572
6218,138.486714821695,134.92650637037752,11.559613744581583,60.01580324881854,57.15612638087711,-9.374657855728579
6219,138.52444188628797,135.30801332520284,11.324742743042435,59.5249252551925,56.83784802136538,-9.716703883444993
6220,138.69524773873314,135.6814892199137,11.078228428345938,58.955367353086075,56.50834612198078,-10.047670673279079
6221,139.2155270912383,136.04656188709257,10.820997244237702,58.160975846386975,56.16800330981344,-10.366794772489278
6222,137.86110544583013,136.4028890361962,10.55396857654813,59.217732345385514,55.81722647048149,-10.673415943365434
6223,138.79059330598372,136.75015979219577,10.277830498267804,58.21951726902782,55.456442246922414,-10.966732162747448
6224,140.28142766273155,137.08807773608072,9.993103267023145,54.74600315800518,55.086110992965,-11.2458268913905
6225,140.99703017709862,137.41636667666398,9.700565158951235,52.73192646056927,54.70672045416305,-11.510339828269203
6226,140.86948883615466,137.7347820800108,9.40122348607531,51.25620785896447,54.31875500441372,-11.760615204830316
6227,144.8938906264728,138.043114909069,9.096076840039302,46.5042566865026,53.92267944050769,-11.997402085768165
6228,146.08398195500345,138.3411872026801,8.786610086008864,43.84429437418251,53.51892819869584,-12.222259016414263
6229,142.84164630613776,138.62888891480293,8.474993322871569,45.057063719023574,53.10786217274674,-12.437727775227678
6230,141.63552733576694,138.9061867575382,8.163004369872198,46.599012042907304,52.689746347013994,-12.646444176448561
6231,142.14827124578412,139.17308920612774,7.851675533610631,47.85618711040239,52.26476589431684,-12.850511099873714
6232,141.5127757819337,139.42963179311224,7.541855090266409,48.99235107802737,51.83304560702241,-13.051489818509907
6233,140.90622529659746,139.67587954547884,7.234295225039631,50.302931647644584,51.394666573082844,-13.250458316663334
6234,139.9988566037093,139.9119181414482,6.929488661794778,52.01893892721712,50.94968171924486,-13.448001356013393
6235,140.78747836436622,140.13784545626515,6.62763128385123,51.4788133040129,50.49813314934862,-13.644122279049782
6236,142.59207956152062,140.3537602270383,6.3288326211369395,50.78324345646659,50.040073567308205,-13.838516255175684
6237,143.23414027799666,140.55976763100762,6.033522119070653,50.01247137807843,49.57556539900357,-14.030926943760669
6238,141.66307038700228,140.75599503497634,5.742430306718518,51.10380292378157,49.10467843772416,-14.221178864696746
6239,143.68782406148193,140.94259631812218,5.456089753977835,48.68318540833927,48.62748680802379,-14.40890977441832
6240,141.56055933764645,141.1197343519082,5.175043567069508,50.02513924744973,48.14408445276294,-14.593814115809884
6241,141.05213208281742,141.28759922259349,4.899765519667909,50.380043962043715,47.6545658669698,-14.775603889001196
6242,139.97692064681712,141.44638538655272,4.630286148981213,49.358781224439,47.15904419349619,-14.953594091515328
6243,141.7224749325368,141.5962849658589,4.366351927558014,48.15079421986785,46.65765959420211,-15.127052332063542
6244,142.62215192087965,141.7374755150566,4.107763107222553,47.05806738526786,46.15057403802529,-15.29542947178367
6245,143.62646283380877,141.87013583967374,3.854670006226968,45.047824660843006,45.6379642960832,-15.458368531545297
6246,141.48412509479292,141.99445351547172,3.607465348105592,46.179095199779326,45.12001613592227,-15.615822320090587
6247,141.83916826900347,142.11063352954744,3.3663344158333075,44.17147674612359,44.596909474743825,-15.767721105002472
6248,141.71653593594945,142.2188758098606,3.1311609548163233,42.91008395751099,44.068834728922106,-15.9139706615532
6249,140.28458063335893,142.31937759320186,2.901829898377599,40.90382419566478,43.535978097306945,-16.054806561623813
6250,142.2190415117668,142.4123311364191,2.677963968193353,37.843809863708344,42.99851429148052,-16.19079252182008
6251,138.89940733753264,142.49790852441475,2.459231842452425,40.32393523996875,42.456591929185606,-16.323086466628958
6252,142.52124121696554,142.57627992591594,2.2450696727786124,36.25658314638845,41.91030852703859,-16.452772044105046
6253,141.49367299773408,142.64757983593333,2.0349341690396727,36.913374327508194,41.3597404595786,-16.58100710791377
6254,140.68271347429055,142.71194220385192,1.8286455581380778,37.95522197596546,40.80490805317767,-16.709293565857415
6255,140.97144523923342,142.7694895398092,1.6257305001904854,38.087857700276004,40.24578755518811,-16.838716358376935
6256,141.32628359824045,142.82032423719795,1.4256198705309941,39.599736947442054,39.68232696261921,-16.970020129956644
6257,141.4786362623024,142.86453086451127,1.227824128244066,41.976717235299375,39.114452879857666,-17.103538051268075
6258,141.7813403080346,142.9021791790809,1.0319150200623994,42.70892584826265,38.54209109253467,-17.238856778077825
6259,141.70841481180454,142.9333251991821,0.8375197887139052,44.05839487179627,37.965195761319144,-17.37493106650959
6260,143.39703764025674,142.95801383166182,0.6442896156667643,42.965302973715566,37.38376235476736,-17.51023522494883
6261,141.1147830265339,142.97627784022654,0.4521076377072575,45.25345521260243,36.797846746322556,-17.643033191630053
6262,142.0793559244843,142.9881543408423,0.2607623299918771,45.22916545751289,36.207560141992026,-17.771237608857717
6263,143.70921544575256,142.99366199555934,0.06984174328323434,45.40533804048786,35.61309757239871,-17.892249573075354
6264,142.7730264837624,142.99281045706118,-0.120682858407406,45.11283120698441,35.014743503787,-18.00327142034586
6265,143.7250502450431,142.9856164716655,-0.31073775296832196,43.97029581144483,34.412879477708984,-18.101345411222063
6266,143.46069187544146,142.9720946068633,-0.5002456672266931,42.40425479129897,33.807987143038865,-18.183548725168066
6267,144.67745914135534,142.95226676051706,-0.689023990023685,41.32580390131319,33.20064289603111,-18.247181865888038
6268,144.27424146388245,142.92615967419505,-0.8767435255322198,39.9826115620794,32.59150835197966,-18.28975831688421
6269,143.32678475041163,142.89381719214825,-1.0629472705191745,38.9850746368775,31.9813256749055,-18.308970772498157
6270,141.4872615287402,142.8552965228271,-1.2473703786773171,35.83172786195911,31.370910300479785,-18.302678683728573
6271,140.07974401557428,142.8106591669031,-1.4301518967715765,33.84799501354041,30.76114709599026,-18.269177242069308
6272,142.13428064151907,142.75995306304233,-1.6119013485068479,29.573933187757703,30.152965151008498,-18.207344091582627
6273,144.1663973496598,142.70319907700264,-1.7931178664942138,26.539630021291885,29.54732415655142,-18.11680631402851
6274,144.50599657190003,142.64041187194272,-1.9736769086320294,24.886860471928046,28.945178063406598,-17.9980972641696
6275,143.43903643470415,142.57162061642717,-2.1530834769171747,23.371726992654672,28.34745100560678,-17.852267674876003
6276,142.85568666803425,142.49687297348157,-2.330931167624044,22.242632507748993,27.75502688508153,-17.68066092977504
6277,141.98608744189605,142.41622520525223,-2.5070376374857517,23.436539137165298,27.16874027695511,-17.48483663719549
6278,141.37603523082942,142.32973713098252,-2.6814134925633937,23.87269881998006,26.589371109268498,-17.266169490636383
6279,140.52116039221164,142.237464305748,-2.8542645131282995,23.773047423998264,26.017662310912684,-17.02561845302455
6280,141.88734477702712,142.1394528301073,-3.0259877354377807,22.726889071108843,25.45432987906686,-16.763921279647462
6281,140.5448923709324,142.03573179005215,-3.1968758670656428,23.898926854545152,24.900067558936186,-16.48181732709702
6282,140.30054251931537,141.92632777230293,-3.3671880884735117,23.654350176233137,24.355542057260394,-16.17986104437545
6283,137.1330310127943,141.81125258415392,-3.537387849214042,26.542106779770577,23.821410155977823,-15.858305572416036
6284,140.05078999297632,141.69050191568866,-3.7084125702014603,22.958558923526468,23.29832168576599,-15.516850606025585
6285,141.16718898011402,141.56402507947382,-3.881201743278808,20.602118608140273,22.78695344890945,-15.155142094634808
6286,140.4525274294897,141.4317551328034,-4.056058208013269,20.79691531848664,22.287978879457004,-14.773555451954596
6287,142.47935431487804,141.2936211989396,-4.233186588387241,17.72579715854151,21.802049752112477,-14.372637292882722
6288,139.69001202659427,141.1495426935776,-4.412556176551448,19.20834724696438,21.32980305993149,-13.953215490667752
6289,140.46699053609814,140.9994507871695,-4.594207686854475,17.42661811679821,20.87183538606796,-13.51621165939596
6290,137.89659627697583,140.84326218112062,-4.778437333116301,18.893311498857244,20.428722282638425,-13.062453576689048
6291,140.50365777706773,140.6808882982951,-4.965762469730066,15.913620710593563,20.001005147622024,-12.592681873869527
6292,140.26150489976348,140.51221134980528,-5.156647627575239,14.460315836533056,19.58921015771379,-12.107732674056404
6293,138.69227339892117,140.33711178979007,-5.35115644190526,14.759794141365077,19.193822969351597,-11.608976459978955
6294,140.98681323414561,140.1554675870116,-5.549570784779689,10.803082954876857,18.815278393715193,-11.097835261217561
6295,141.71106520058282,139.9671404041381,-5.7520116245189,8.955095454016984,18.453967285270426,-10.57615986113623
6296,138.05361079048873,139.772000145377,-5.958096012240901,11.902347592293864,18.110201069639444,-10.046554197386648
6297,141.4526482149751,139.56993400332203,-6.167820150766374,7.3852923779032835,17.78419700544465,-9.511353897648025
6298,139.6189239063185,139.36081213532592,-6.381159604595297,8.82921402828292,17.476110809796243,-8.973028426632013
6299,141.1554540629874,139.14452336301568,-6.597796027773484,6.348610164662816,17.18599511033585,-8.434409940632257
6300,145.65981832743967,138.92095906680768,-6.817392008249783,1.4782142794720983,16.913816813754092,-7.898395799016278
6301,147.57343575342054,138.6900305624657,-7.038646431296769,-3.4252685461265173,16.65943539040143,-7.368892857959235
6302,141.4425718207657,138.4517159713879,-7.2592362287646495,-0.5484987120240845,16.422557289890143,-6.851183072122193
6303,143.17831668032483,138.20608148054805,-7.477395669590408,-4.5985429227886385,16.20268985225995,-6.350776721775251
6304,145.0007055301788,137.95322292674854,-7.691940623058855,-9.782655437205577,15.999172175105127,-5.873290636743098
6305,142.05121273170613,137.6932854390108,-7.901083728339131,-10.802931646622064,15.811137143143744,-5.425651829695228
6306,144.63200714269914,137.42648401152593,-8.103128973658613,-14.33100793741113,15.637462053125445,-5.0156516959414255
6307,144.11854448240953,137.1530768407669,-8.29635684623895,-12.65742976323525,15.476760363414316,-4.651704194542079
6308,140.67478596640117,136.87339355511,-8.478660085803682,-6.563822392668783,15.327348440155973,-4.3424493302416955
6309,138.99680530168504,136.58783283504664,-8.64843763447027,-1.190060442167649,15.187263741398203,-4.095325994050896
6310,134.8436564650375,136.29683104614531,-8.80476599610347,7.231719524274894,15.054326707219246,-3.9160248028507816
6311,131.10951684900968,136.0008484353064,-8.94750304126589,14.47307933265202,14.926195421208151,-3.808144344406461
6312,127.40063399152123,135.70033084339425,-9.077592213221948,20.950491922886712,14.800450417592149,-3.7729152385928177
6313,127.14065889961103,135.3956756210916,-9.196995049499463,23.74075191242848,14.674667738635296,-3.809490338953321
6314,127.49454655239855,135.0871978400943,-9.308173275664018,24.09909500633937,14.546484394995261,-3.9156069711493036
6315,125.42950107923964,134.77513073604734,-9.413483477911342,25.910836844916943,14.41362727389201,-4.0884964906649035
6316,123.74969280285316,134.4596322749002,-9.515444419192818,26.755445214365835,14.273917962284267,-4.3250287388139785
6317,121.82453158406798,134.14076777476782,-9.617038410679584,28.368633814114787,14.125292024637744,-4.621638019989618
6318,123.38081599640135,133.8184963808549,-9.72168949985047,27.888702023646204,13.965808760951626,-4.974350282145448
6319,123.64276260969338,133.49265514144446,-9.832781248605897,28.888393976952045,13.793668672494714,-5.378977138656795
6320,123.11571010082034,133.16297763094784,-9.953330467637898,31.316581435614097,13.607210285041173,-5.831203600130932
6321,124.60802890565722,132.82909977693527,-10.086295912311982,30.404531186621583,13.404921765819319,-6.326151618842584
6322,127.7535647764017,132.49055790346037,-10.234394128310953,28.699113694146888,13.185466843785001,-6.858659886235312
6323,127.66978872391465,132.14680683504787,-10.39955201079195,31.224347610059496,12.947677773403631,-7.423893603215879
6324,128.0083189036729,131.79725443607424,-10.583139705297384,33.0871962528589,12.690540603570609,-8.016828068747968
6325,125.86033345371033,131.44126418802804,-10.786386378935191,35.61222979954378,12.413222568820434,-8.63171246668962
6326,125.64917533467538,131.0781620108119,-11.01068535326462,35.34568657298051,12.115093105791301,-9.262064017536877
6327,125.1698957226197,130.7072184978104,-11.25767382937866,35.905797430587285,11.795751634317975,-9.900978528443583
6328,126.56989223669649,130.32765042218665,-11.52898252376076,34.86751585841395,11.455027870561729,-10.541416332946403
6329,125.187434832689,129.93861966289302,-11.825993637214651,35.566203458746585,11.092990545454882,-11.176310716430926
6330,130.0599457735735,129.53925084637234,-12.149972469948835,28.296639655869797,10.709940489466334,-11.798540960462631
6331,131.37761464378366,129.12862149822976,-12.501548105945233,26.514926630271276,10.306421148090706,-12.40185265536045
6332,128.12427278868086,128.705814305976,-12.88030868595186,24.475839523449295,9.883150312442304,-12.981220373236475
6333,128.64855992286655,128.26993425249964,-13.286006255915055,21.80045447576134,9.441006456541608,-13.532063902655409
6334,126.74648391629701,127.82008055558165,-13.718670989906485,19.124079477795874,8.981012718931943,-14.050375396246926
6335,126.63349642250397,127.35535618650587,-14.178406231773124,16.307305879068224,8.50431476345848,-14.532808676158542
6336,125.04633443726435,126.87485347346345,-14.665478970181027,13.604876784442482,8.01215880718804,-14.976695120594341
6337,129.98702551876562,126.3776575884938,-15.180268452566423,10.46212310348217,7.505868422085523,-15.380042755522613
6338,131.3050407568944,125.86283557662568,-15.722509862432474,7.564023002403445,6.986822623486533,-15.74158032822993
6339,132.7995182871985,125.32949026433164,-16.29085720917466,4.568518716460048,6.4564297335368614,-16.06078240548443
6340,130.74725150482146,124.77677842934737,-16.883390412783754,4.694722781591196,5.916103796454237,-16.337843893097794
6341,130.43030788891576,124.20393090347939,-17.498110838549223,2.825980522585951,5.367240140663675,-16.573227150243422
6342,128.1589256433589,123.61023770677743,-18.13320478564826,3.9257820110607042,4.811221986438009,-16.767491690596795
6343,125.81531555423494,122.99505058443617,-18.787069976114452,3.0041143974381157,4.249407361290555,-16.921147072596142
6344,127.49242740206887,122.35776637503646,-19.458610628996382,-1.9634953409400282,3.6831455149315997,-17.034510141333627
6345,127.39453800126033,121.69780987583641,-20.146643827740007,-3.9961718176428747,3.1137733518683137,-17.108605743877725
6346,128.52095734493201,121.01465678652046,-20.849558918830127,-6.377489452640688,2.5425717986730847,-17.145330815128816
6347,128.85087485806693,120.30783928124774,-21.565392580270455,-7.405885412677897,1.9707512975263928,-17.147069055441577
6348,126.23763412719225,119.57696394783576,-22.291758237329447,-5.273575450421973,1.3994338616436464,-17.11654122763269
6349,126.6281323259833,118.82172206542577,-23.026395062538185,-5.826895016226629,0.8296485490175467,-17.056133952512656
6350,128.60987943241122,118.04187094366655,-23.767151766375747,-7.967152431937656,0.26235826480946933,-16.967829366525315
6351,127.68299953386403,117.23724528100072,-24.511296028757172,-7.860822877066568,-0.3015400754174742,-16.853841061598974
6352,127.75584021018207,116.40778454174941,-25.255703052824288,-9.608809670634798,-0.861231139297129,-16.71651686914885
6353,127.99314978782452,115.55353174414577,-25.99713204683482,-12.539012928069198,-1.415974533360731,-16.55828165851825
6354,128.76985071688304,114.67464240529375,-26.732045726725033,-16.343886463249127,-1.9651165831983457,-16.38209023804433
6355,127.18542440439376,113.7713953623641,-27.456498300250516,-16.869061351391572,-2.5081138825636864,-16.19173478770749
6356,123.63684668101817,112.84420918527705,-28.16639907791597,-14.916566769926845,-3.0445655690455116,-15.991488972323836
6357,120.81370820395622,111.89363542383637,-28.858148470418925,-12.952010649062885,-3.5742131473852754,-15.78525369420182
6358,117.34188967686833,110.92033262058246,-29.528815150519137,-9.637227533255654,-4.096915815325633,-15.576188849312517
6359,115.55189883399834,109.9250477471351,-30.176117781107408,-6.897382094272771,-4.612625737339443,-15.366512796233343
6360,113.41753097916441,108.9085914351753,-30.79826473502905,-4.519768044592297,-5.121350001741189,-15.157389141332068
6361,110.3044893671264,107.87183009813316,-31.393748795935963,-0.9971425063018415,-5.623118346761581,-14.949068176674064
6362,109.47445478483687,106.81567484877957,-31.961537731454754,-0.4529080614514669,-6.117954546852793,-14.740772551892247
6363,105.26245209345832,105.74106091603618,-32.50087443237874,2.932832296690748,-6.605836516887731,-14.530971967314539
6364,101.09400246211577,104.64894988662098,-33.01143470204117,4.725253171290689,-7.086686011340429,-14.31740559405541
6365,97.74612435617026,103.54029860256676,-33.493818339917425,5.666251188133472,-7.560330223158092,-14.096898545560377
6366,99.53973376911263,102.41602866395982,-33.94941558279527,1.5523371786481164,-8.026479247711121,-13.86572753383728
6367,98.37786750857109,101.27700423038041,-34.37951575020563,0.006404080413673796,-8.484712058747244,-13.620501341597242
6368,98.43284631273924,100.12406094727945,-34.784977662664005,-3.261004875378589,-8.93451267048427,-13.35853292658122
6369,96.30321561417067,98.95800571953615,-35.16648391641297,-3.5599471043415036,-9.375280920519325,-13.077715975278776
6370,94.6617382238134,97.77962868618525,-35.524680772768136,-4.088924663655604,-9.806360402169522,-12.776342069420767
6371,94.0998260763565,96.58969366801827,-35.86042664315826,-6.318524567720871,-10.22703705848071,-12.45269625854763
6372,92.79851076264153,95.38893357664136,-36.17455541463919,-8.275825821074221,-10.636540152739364,-12.105347141098619
6373,92.27435133744792,94.17805664037566,-36.46782253856422,-10.284609584873422,-11.034060201220617,-11.73336246802732
6374,91.35076138854915,92.95774540740375,-36.740896302548904,-10.82652537426003,-11.418764317274519,-11.336279750355658
6375,90.4133042018773,91.72866355353906,-36.994298754503205,-10.607513895702212,-11.789812184577661,-10.91389947563238
6376,90.53195835520744,90.4914588237702,-37.22846445388541,-11.77826653471439,-12.146357615650011,-10.46595776592036
6377,89.53246215327545,89.24676592328004,-37.44358297540366,-13.409535878870678,-12.487542702305685,-9.992224074606462
6378,88.01096780057921,87.99521995874329,-37.63960581296537,-14.705273811027382,-12.812505887290442,-9.492780768259372
6379,86.34434970900611,86.73745886908235,-37.81648814111371,-16.57337445451126,-13.120394753522977,-8.968046408597603
6380,84.79824595101437,85.47412074933571,-37.97428607437993,-17.791957057856813,-13.410375647863615,-8.41881592109897
6381,84.01763777702665,84.20583979745702,-38.11315857323741,-19.814386641314428,-13.681649148262908,-7.84625432376858
6382,82.0116875159637,82.93324351111988,-38.23323412797741,-20.652642938510603,-13.933459269448187,-7.251925121014642
6383,77.42755420118917,81.65695752225852,-38.33467776227508,-18.753611674438673,-14.165110822997217,-6.637739424300957
6384,76.06806015843607,80.37759832696821,-38.418255436118756,-19.892298380067388,-14.375975231068251,-6.005378713403449
6385,75.11582444905333,79.09574049318394,-38.485236910561866,-20.851088211581043,-14.56546940389078,-5.356345599857342
6386,73.06510824880908,77.81191586626409,-38.536854847301925,-20.182718379044964,-14.733064937725407,-4.69239506070342
6387,72.59811431496233,76.52661683669714,-38.57440693105232,-20.944784912198024,-14.878295741271009,-4.015272159037151
6388,72.13304067264917,75.24028873752727,-38.599183201212526,-21.510088253310798,-15.000749748327884,-3.32668937285189
6389,73.16184243469112,73.95333795661631,-38.612229890747756,-22.222962367169345,-15.100075032794468,-2.6285167578485957
6390,71.86613943523265,72.66614007814408,-38.61412675216812,-20.629812284410967,-15.175984198851124,-1.9227814586660052
6391,71.1890926851468,71.3790628398051,-38.605110444764605,-17.227032011142875,-15.228260463372202,-1.211353663014867
6392,69.82140390063678,70.09246604849311,-38.58532817956501,-13.816812519593753,-15.256741109718782,-0.4953415903134939
6393,67.58617166384275,68.8067076278341,-38.5548485131757,-9.825515203381762,-15.261283236059768,0.22517165815143514
6394,64.40937681622016,67.5221428142814,-38.51389324980836,-5.470288282262615,-15.24172966584202,0.9512085149382976
6395,64.48302861314494,66.23911474451354,-38.46310676184501,-5.697111865043922,-15.197869335063881,1.6850303285160262
6396,65.05004758528982,64.95793569682506,-38.40321305925997,-8.115690190285548,-15.129394310607617,2.429502921020781
6397,64.0911138530736,63.67890054056288,-38.334459579008,-8.567081610158553,-15.035902473662496,3.187082032451194
6398,63.55472996157052,62.40230505822453,-38.25677132672254,-9.654046142756009,-14.916922175110871,3.9597725465695266
6399,63.27215467671072,61.128449118781376,-38.16991563695243,-12.299098861661285,-14.771917637224528,4.749318994807492
6400,63.26007767165964,59.85764401576103,-38.07340236720158,-15.355363728830866,-14.600300908790372,5.556871693513745
6401,62.6153005960839,58.59022229430127,-37.966406793282275,-17.464195163517964,-14.401459524323611,6.382686077113577
6402,62.07326799401215,57.326550229542214,-37.84782442637347,-19.36204879701672,-14.174788503649467,7.226194429830439
6403,61.773674427751295,56.067033999209706,-37.71635087938755,-20.80474982729416,-13.919713229001582,8.086169957506204
6404,60.601785898798504,54.812126837583044,-37.57043171292054,-21.438438644049533,-13.635710506482386,8.96081748067382
6405,59.86454498333124,53.56233855168167,-37.408357399698886,-21.76310287678023,-13.32232539695666,9.847952893532428
6406,57.80996397663699,52.318236344269785,-37.228329850357085,-21.961326096621043,-12.979180313580224,10.745160747885105
6407,56.14928788675612,51.0804498949912,-37.02859527864664,-21.33454788541072,-12.605981347097654,11.649850213305788
6408,54.9735159393574,49.84966332569334,-36.80758330316163,-21.038492269596304,-12.202523632693172,12.559387664446167
6409,53.38255017056318,48.626611008113755,-36.56377824639215,-20.335436841398746,-11.768688836134576,13.471161212849632
6410,51.80359862580183,47.4120781092672,-36.29571095963321,-21.331340531385628,-11.304446218503196,14.382583032863057
6411,50.10849360892438,46.20689694413821,-36.00202119371659,-20.314264493880813,-10.809849967277039,15.290888205332385
6412,48.27599932199493,45.01194336301943,-35.681475742250015,-19.728741029642435,-10.285053671481037,16.193172377845578
6413,45.676194047531865,43.828131894654874,-35.33300905552231,-19.094871226605314,-9.730305142087333,17.08661792226197
6414,43.16621348564022,42.656409425984606,-34.95586094932328,-18.419932460470662,-9.145945809996906,17.96842800623927
6415,40.50891890200219,41.49774116469999,-34.5496808032982,-16.149266211373032,-8.532409941671382,18.835831032336916
6416,38.14902211803335,40.35309737243139,-34.11453984860149,-13.729696607227694,-7.890223741174445,19.686315291750603
6417,36.39606847620064,39.223438508126556,-33.65091287674218,-11.276577042289787,-7.219988922221342,20.517879796103063
6418,35.825125785805504,38.10970318064858,-33.159548075686374,-10.276681913585534,-6.522365088100908,21.329052977419416
6419,33.93260034746187,37.012801969747464,-32.641205604261785,-8.02426132259044,-5.798052057060048,22.118673335423168
6420,33.154816525602264,35.93362280703113,-32.0966832179592,-8.277246155341032,-5.047786865739363,22.88585155155814
6421,32.566552395283324,34.873023088550184,-31.52685216528898,-9.620277200874334,-4.272328620289505,23.629776354841024
6422,32.553819589597865,33.83183266267853,-30.932468639118902,-12.04149486273213,-3.472468442083295,24.349172264174282
6423,32.12986647763749,32.810858512608924,-30.314065660771092,-14.897621467906639,-2.649050469344553,25.041969792037
6424,29.54900405090118,31.810894951960456,-29.671934538997657,-14.530628737193751,-1.8030037892808282,25.705073311824236
6425,26.938732856561398,30.832729543342413,-29.006512887540854,-14.051915209010332,-0.9353789152229371,26.334768803368128
6426,24.60458196859959,29.8771274261244,-28.318716101631125,-12.798202841356613,-0.04735253572295295,26.92721317798221
6427,22.031288286160404,28.944815136567005,-27.609907268043496,-11.223373264654533,0.8597686299758771,27.478559893313697
6428,21.034556943419204,28.036466941588166,-26.88189848492156,-10.971529405114367,1.7845514571646268,27.985116075232447
6429,21.516530775182098,27.152688570905568,-26.13675901105875,-11.919303923456319,2.7254430349913736,28.443188071812045
6430,21.442512964883363,26.294016340850916,-25.376368157410347,-11.071077104304223,3.68076399528543,28.848701314316735
6431,18.44551268313219,25.460930693744878,-24.60228546431562,-6.629831264966526,4.648689789279156,29.19728445968265
6432,17.45417719732001,24.65386397656321,-23.816275571411705,-4.854252773986474,5.62724962593094,29.485066730701654
6433,18.090696837836063,23.873178988984098,-23.020452298832623,-3.8183669499104127,6.614360904659266,29.708812359759985
6434,19.32992125397103,23.119167156641034,-22.21674612619683,-3.561766866867046,7.607837116581606,29.865411350718762
6435,19.25124037183137,22.392062580570975,-21.406580392394705,-1.9783086488978938,8.605388328040517,29.95165138508519
6436,17.950885282848635,21.692061797148053,-20.590985615154995,1.3492418498705945,9.604613875587285,29.964297694896498
6437,14.512823206946651,21.01933020622731,-19.770985164173513,7.4347660367733255,10.60300817436695,29.90054886546301
6438,12.241117311560634,20.373996119536486,-18.948102894536802,12.346906341636881,11.597983799951486,29.758706177993375
6439,11.444163978420349,19.756123346591522,-18.124515717983094,16.43601950975976,12.586921919566509,29.53840987386822
6440,11.449164967807668,19.165695071670946,-17.30266902134275,19.742875013129463,13.567211124876033,29.240343689695827
6441,10.749427131082738,18.602612078502005,-16.48494627939625,23.327183977308934,14.53627816554623,28.865998331522647
6442,12.422624164526727,18.06669865304453,-15.67366274606881,23.97493747564498,15.49161101364421,28.4175993641158
6443,10.826874346671131,17.557701228764085,-14.870825496171154,27.82554430222237,16.430784789820617,27.897715507195038
6444,11.044548163801217,17.07531028663312,-14.078274707180984,29.331052953080246,17.35145871412388,27.309302679762997
6445,13.457828838848668,16.619149581618686,-13.297908057953478,29.049241378966713,18.251404968471483,26.655836704216327
6446,13.063816888042783,16.188783082769554,-12.531092433230402,30.840784812264943,19.128514494404968,25.940704639056058
6447,14.237256569725988,15.783743419403326,-11.778762618938128,30.537528097512748,19.980785277741887,25.167253791075854
6448,12.926203183933385,15.403532241507012,-11.041613271334718,32.32487860199336,20.806331413810025,24.338795615875046
6449,14.124813302073283,15.047635867981011,-10.320242741484709,31.605413847314168,21.603371652133557,23.45861276195924
6450,13.343663217794917,14.715516058741365,-9.615156640079574,33.86214369092586,22.370238931273974,22.529905392522505
6451,13.299869680029833,14.40662542530904,-8.926696190848986,35.48793163380229,23.10536534496839,21.555869708966195
6452,12.87088751787533,14.120402979351432,-8.255229968827118,37.64978594887003,23.80729691187172,20.540055902326877
6453,12.966034102020489,13.856276760720565,-7.601108357186712,40.18950901305145,24.474702405123516,19.486363701153806
6454,13.177568238590625,13.613662422205651,-6.96464954308575,42.77997974969516,25.106387825281974,18.39918834611451
6455,13.540563071251576,13.391966791181515,-6.346050755989765,45.11468869357837,25.70131496153115,17.283494772053203
6456,13.518676903199191,13.190592371806334,-5.745354747525742,47.67847843866875,26.25862081008552,16.144797899604928
6457,14.325940029247763,13.008943141346466,-5.162490634115153,50.18458244043829,26.77763482150481,14.989169728089458
6458,14.382950262590422,12.84642632953199,-4.597213788209915,52.852673972336504,27.25789879195815,13.823276110830616
6459,14.41349366178774,12.702462222132471,-4.049099884428209,55.24631161148537,27.699186562226853,12.654403721392882
6460,13.015464399861358,12.576486337236776,-3.5176660035065765,56.59415908298668,28.101525706717677,11.490454887642247
6461,8.258575444814518,12.467951155232033,-3.0025924338815813,60.87944802066539,28.46521688806967,10.339762855900343
6462,11.181826063239576,12.376313508311338,-2.504439842715227,57.856878136093144,28.790843230444366,9.211384622822703
6463,6.790937173343797,12.300988499051018,-2.0240117974034177,62.53252833210843,29.07930919625785,8.11446245124575
6464,7.55534357113528,12.241379388484443,-1.5623052789217695,63.19179658283031,29.33180739386075,7.058293104011497
6465,7.825182523868916,12.196834813789566,-1.120836469852966,62.80489537498434,29.549862069858616,6.05288621644732
6466,13.002106607533587,12.166656957160912,-0.7009522701160975,54.493542985777964,29.735333141623904,5.1082219531725315
6467,16.30694588077059,12.150104662448493,-0.3031785215145977,46.09160675734964,29.890410200070118,4.232927022415112
6468,17.000915261330274,12.146445055726605,0.0732271415628638,40.652242317574846,30.01752827645158,3.4330921860255614
6469,15.80695614437187,12.154986471886017,0.429604722711705,38.50094152946002,30.119283012471822,2.7127080081952926
6470,15.745566437342193,12.175085370574052,0.767219149918974,35.3509748403272,30.19837547699793,2.0746022690777544
6471,15.300267821138835,12.206134415213949,1.08714441891129,33.51298571923594,30.25758983041034,1.520787545241653
6472,15.405858118433219,12.247561665168138,1.3903715738261013,30.863377835534592,30.299761313347375,1.0525141257225457
6473,14.724078629556493,12.298825853469022,1.6778303659610927,27.839556042446915,30.327757438791842,0.670349906814689
6474,14.581610194714624,12.359417022898878,1.9503510824620474,25.760238895676068,30.34445130713502,0.37400869813730253
6475,13.881818272769134,12.428849258966492,2.208624809674502,25.592166996546553,30.352691352000996,0.16243881481509348
6476,16.560037780261013,12.506658676877178,2.453198053019241,21.844931850930195,30.355280561456027,0.03425067210537591
6477,15.062988792164445,12.592395795834442,2.6848896196518623,23.07606713862107,30.354974730141354,-0.012529140607089317
6478,16.58692463556425,12.685651318187302,2.9046696398519423,21.12408400562208,30.354445285415554,0.019751476442610993
6479,18.158572805751607,12.786040438491238,3.1134856254041665,18.99944334563665,30.356291495237528,0.12863755542529276
6480,18.81447105158027,12.89321702654758,3.312716613429405,17.764959994520765,30.363021122443907,0.3110677289822483
6481,18.978485676272467,13.006888212719865,3.5040420170187314,16.87467983721679,30.377029343836345,0.5634798447205291
6482,15.272729292646908,13.126819827682162,3.689230331678157,20.86099272212769,30.400586445425276,0.8819927090556412
6483,17.166607275658983,13.252836901498409,3.8694886501337233,18.401880542539402,30.435828857773387,1.2631799298325141
6484,13.850008211497675,13.384785737691077,4.045718061293506,21.183653124668382,30.484798440747443,1.703833469670606
6485,16.245257702494214,13.522551438917976,4.2185697318839654,18.384907449719194,30.549417755751428,2.200780749038991
6486,17.516754480524607,13.666023719816675,4.388517714545204,17.25707506044654,30.631517157350043,2.7508297735256804
6487,17.102901857762422,13.815119286554323,4.556539495109551,17.941313169557233,30.732806407319806,3.3501828397299604
6488,17.93702670942032,13.969793019490645,4.7236965876099735,16.955552774901548,30.854862679998707,3.9949490103872876
6489,17.080191990091144,14.130032392394988,4.891067830344049,16.88962242240983,30.999136341345626,4.681159299132549
6490,16.827309295961644,14.295864208180248,5.059681856264513,17.055229910683295,31.166939966607544,5.404648726768482
6491,16.982617242851646,14.467344516145955,5.230353793119491,16.75179802438717,31.359446256463524,6.1612207296862564
6492,16.88757428638738,14.64455446105488,5.403834099937477,17.02227190588094,31.577688015253294,6.946604670511043
6493,18.41070808854036,14.827600122808454,5.580830346219541,15.031242446793499,31.822553234497594,7.756463931715096
6494,17.969312182810576,15.016609817469517,5.762208891124843,15.14123187379407,32.09478561070097,8.586137179918065
6495,14.670526609089485,15.211747382216776,5.948941625306299,18.43748772475078,32.394962379825465,9.430606472929277
6496,15.386704239799093,15.41320592582327,6.141387141853398,18.006944105978164,32.72349270889625,10.285275266779124
6497,18.7685765442298,15.62117319167367,6.339461019076502,14.6339158440381,33.08064739761074,11.145879665520617
6498,18.68559850946635,15.83583666042837,6.543627342529756,14.786958680309112,33.46655135326429,12.007488209952122
6499,17.48733540993029,16.057415014508987,6.754777905044982,15.265938441215056,33.88114661160755,12.864580126724974
6500,17.18765515863782,16.28615518743137,6.973549105624102,16.12644555968292,34.32419002837929,13.711609589614042
6501,19.634800891543208,16.52231828821726,7.200287632060629,13.37958469679053,34.79525391758182,14.54310242437657
6502,17.194938372292608,16.766174362902078,7.435590373179117,16.096481715828403,35.293730190004396,15.353168021503265
6503,18.221523836504616,17.018024313095868,7.679983920834221,14.58292161353745,35.8187984523487,16.135767142844983
6504,16.286543184276287,17.278173290957692,7.933710996523402,16.784467125221596,36.369447999527395,16.884887285809818
6505,17.935137246217895,17.54693837953076,8.19680310573661,14.667727582716594,36.94445760473602,17.594458291069728
6506,18.99928130557538,17.824626831340133,8.469170516803164,14.130874943022974,37.54241188559871,18.258255221934867
6507,17.36725911136126,18.11154974731764,8.75104562975876,15.362844522905903,38.16167461953168,18.869484123661167
6508,18.176772139995773,18.40802987332405,9.042492440737124,14.446818998993933,38.80037749384279,19.421273403972954
6509,15.607618476405344,18.714382576700114,9.34336588335908,19.78717673728974,39.456426179796544,19.906611389733193
6510,13.830782431056969,19.030920932214656,9.653169585782067,22.22085143983965,40.127484919825,20.31895178394535
6511,12.850016888101806,19.35792721575225,9.970668291690234,25.82533334981386,40.8110229653929,20.652706962806313
6512,12.293998993106182,19.69563215166067,10.294120986176463,29.72608198592586,41.504332050678755,20.90298575907898
6513,12.152694100965759,20.044201948164016,10.621459286804225,33.72890706223569,42.2045553493315,21.065808310819882
6514,12.24584493753721,20.40372943744762,10.950409066870996,36.724077533566884,42.90871927140008,21.138162814825385
6515,12.47178766252976,20.77422921928875,11.27858374328813,41.26903322279621,43.61376620365319,21.117869250849992
6516,13.068657131957886,21.155635020333495,11.603535626140182,45.636427253027506,44.31657722145675,21.00365928044088
6517,12.423272740582739,21.547798261031428,11.922827569495045,51.19608592677456,45.014010155682584,20.79538050104837
6518,12.154217837042301,21.950490191633165,12.233900181565787,56.4305361835073,45.70293592152664,20.494148467010973
6519,14.311081679663607,22.363391606469147,12.533939894383561,58.44914983821437,46.38028672014998,20.102477687662343
6520,15.220523967107956,22.78608618459207,12.820292581006836,59.61718893933744,47.04310110070413,19.62375805171579
6521,16.71450904662462,23.21807777853627,13.090635826435086,61.50010481354053,47.688537256931035,19.0616540250112
6522,15.631904698470432,23.65879523968774,13.342877517193479,63.7055923762351,48.313878035704874,18.420089217713134
6523,17.956038855351313,24.107602946349168,13.574856939180506,64.074347439587,48.91654320477858,17.703406227796563
6524,18.108403277016347,24.563785702299775,13.784465722228063,64.8128088721549,49.49410511755798,16.916147841855533
6525,19.681809556975505,25.02656732783104,13.969829183189404,65.31084462970205,50.04428639423561,16.062845989635335
6526,22.407661471837613,25.495107647845735,14.129192612950305,65.80728055187973,50.564961516867,15.148048772861813
6527,23.400802254732746,25.968513502027726,14.261302122584638,65.94364263124368,51.0541563124264,14.176292934669412
6528,22.11517633229099,26.44586112268471,14.365316776636998,66.3749779331713,51.51004771251163,13.152059146695798
6529,23.5639252550618,26.92620128713686,14.440210767091894,66.739649548897,51.93096025553945,12.079771961958592
6530,25.636730606460326,27.408541840490837,14.484840132246628,67.22528994595908,52.31536584330887,10.963843918763096
6531,27.631718762635412,27.8918572959533,14.498441421025827,67.4298344704386,52.66188318345699,9.808694246111571
6532,29.592704150137074,28.37510460189256,14.480712477631457,67.65096683724016,52.96927879304964,8.61873611516831
6533,29.63629966380854,28.857238127795398,14.431795678810015,68.5380881830254,53.23646559113488,7.398348757848439
6534,29.472437015899196,29.337224313813227,14.351987932847834,69.38404281748308,53.46250204357287,6.151990764268369
6535,30.284780339131625,29.814037323318587,14.2414251945147,68.59103062152039,53.64659830875277,4.8843050936170584
6536,32.34771598651964,30.286652660114207,14.100197570877597,67.81567816356821,53.78812238314734,3.5998815900322256
6537,32.55152408538241,30.754050494710427,13.928681547604711,69.73724710099745,53.88659041475492,2.3030284575457927
6538,31.68352536644969,31.21523142995452,13.727450898378901,72.0868341766834,53.94165761365039,0.9981886579256383
6539,32.83083849043318,31.669213887935687,13.496842548259487,72.11180059006003,53.953136325283296,-0.30958254698592924
6540,32.22211790109152,32.11502093317182,13.237098870038384,71.89908185242348,53.92101877718466,-1.6148866890910796
6541,36.28403795091531,32.551687145938246,12.948408525652972,71.88518927064624,53.845477212677224,-2.9123501504676597
6542,36.07494829429411,32.97824816821535,12.631342450184597,72.81947870903133,53.72686210048682,-4.196617001672145
6543,35.073397376287055,33.39377664261722,12.286916139865589,74.22662221654181,53.56570274589908,-5.462165576481617
6544,37.44912660656792,33.79737591087306,11.915839845049518,72.76615423972021,53.36271772872138,-6.703084428850872
6545,36.327047586026225,34.18816596562052,11.518906353439817,74.6368216506078,53.118830450642356,-7.91341589307045
6546,39.5306677487616,34.56530300110238,11.096976745933844,72.03506267803797,52.83515666918335,-9.087074854811554
6547,40.58511766165562,34.92796441534944,10.651107440984795,71.65484984484053,52.513025460321586,-10.218006465218927
6548,40.80850423422646,35.275376830501365,10.182878032464906,71.82648128390872,52.15395623816875,-11.300509217135186
6549,41.902687992706625,35.6068229508471,9.693952541913298,70.58969132232596,51.75965817917924,-12.328811323819728
6550,42.11531651707638,35.921640333295585,9.18608996884327,70.27188359374122,51.33203548324744,-13.297187362636294
6551,41.96868035436528,36.21922894876999,8.661147537954506,70.29444608030033,50.873179021670154,-14.200020861763925
6552,42.72774308928087,36.49905016915922,8.120901220929682,66.9584367079878,50.38536742579651,-15.03160743148257
6553,43.80448120803472,36.76062236349863,7.567132196523794,61.04495595281699,49.871071859571316,-15.78659462775331
6554,44.8982557450811,37.00352564892747,7.001814124978694,55.2280717531722,49.33292778394629,-16.460856412140963
6555,44.8976356073202,37.22740997183055,6.427168410255426,50.21680125877663,48.77368143209525,-17.05185457928369
6556,44.56662099903601,37.4320035429445,5.845509598557328,46.20039824558617,48.19613747866071,-17.558497911776207
6557,43.2628009095553,37.61711061173437,5.259039205517659,45.77859469726182,47.603114904643505,-17.98086858544753
6558,43.44706758397433,37.78260615664568,4.669657693515035,43.78200067526086,46.99741290629754,-18.319534682027268
6559,44.02651575212315,37.92842112463537,4.079046909204678,42.37733407333421,46.38181259250835,-18.575245651542147
6560,44.05883111067579,38.05454261725932,3.48895597284951,41.31749892122062,45.75906319619473,-18.749075109041833
6561,43.138111578351264,38.161018189492005,2.9011845378112255,40.4197132682681,45.131874251905565,-18.842279001321742
6562,45.01822179101152,38.24795491978007,2.317365561882063,35.33550103789807,44.50291126277328,-18.856218509255278
6563,46.01375130919388,38.31550922695081,1.7392459056737053,28.937554896946708,43.87479301795521,-18.79295755832949
6564,44.53636406485687,38.363904646824984,1.1689770711271308,25.568457518079015,43.250047425551315,-18.656080567495792
6565,44.67742049002523,38.39344103169262,0.6086216647833709,22.476772002100162,42.63105431345549,-18.450438034620262
6566,44.09525417380961,38.40447942447721,0.06003198894330097,20.71424693849474,42.0200182232433,-18.181656244537194
6567,42.7513059504235,38.39744316428884,-0.4750112817565366,19.16010684557844,41.418943897153014,-17.855900406533465
6568,42.15854896667663,38.37281200569344,-0.9950144856520282,17.661751095087368,40.829624862807734,-17.479648682227626
6569,42.64112061467603,38.33110886524537,-1.4987672447615452,16.64370803207008,40.253633985004505,-17.05965613233751
6570,42.325448863035504,38.272894189376004,-1.9850657018576356,19.059059155845063,39.69231445398523,-16.60287872773697
6571,41.95135226277903,38.19877115178819,-2.452666323280255,20.066900588028062,39.146775403155374,-16.115895535462563
6572,40.17213359713796,38.10938310115732,-2.9004084666409113,23.422994469717693,38.61792141828773,-15.604611993094935
6573,37.58901666296027,38.005410587345466,-3.327427378199097,27.03058689755204,38.106467936949045,-15.074124845761894
6574,35.84895894092562,37.88755460927738,-3.733478240788699,29.939387758310303,37.6129797619036,-14.528340625543343
6575,38.571833495020975,37.75651203795955,-4.118926117242694,27.831554386716235,37.137911895246155,-13.970047423994671
6576,37.07017347624014,37.612959534794534,-4.483952911366167,29.597917970159727,36.681643266970624,-13.4017702002836
6577,34.96036460212027,37.457581843868475,-4.828518096492189,31.17820575578058,36.24446054856058,-12.82594619898557
6578,35.39242024817925,37.29105832836172,-5.153073728393736,29.074840368921585,35.82658018703825,-12.24438215124458
6579,35.94818008912407,37.11404359530889,-5.4582734812870015,27.600081073629937,35.42816840514428,-11.658835421169051
6580,34.63627187695218,36.927173429609255,-5.744573053898314,26.804058809265456,35.04932449229365,-11.07147406398159
6581,34.11109602562545,36.73107205838234,-6.01248647547223,27.784246776254577,34.69007013421217,-10.484688225778704
6582,32.968369419905144,36.526340997911106,-6.262744005269489,29.590987038217264,34.350345277241736,-9.90073090979525
6583,29.678175851884934,36.31355579136437,-6.496264318898746,33.262053649730404,34.03002140689249,-9.321336756478509
6584,28.99830964500795,36.09325670998452,-6.714563192148297,32.26657218622816,33.728922826809836,-8.747327692444529
6585,28.820831798467545,35.86591824522115,-6.919682357534533,31.350805920238713,33.446866227396185,-8.179035371381715
6586,28.96608119269316,35.631944552815554,-7.113724471913017,30.087464366516883,33.183653802051055,-7.616988937521754
6587,30.709406244209863,35.39166994709362,-7.298728386364033,26.997122767297824,32.939066964894735,-7.061960490839105
6588,30.22545502420527,35.145362660391285,-7.476381594565709,25.925127575451782,32.712856435995114,-6.515294023455311
6589,27.639828500338755,34.893244507455904,-7.648111962397763,28.169879008518734,32.504714029997714,-5.9788824682475905
6590,27.571184646850217,34.63548852956477,-7.815729692247331,29.656980786738657,32.314264271445275,-5.454379777109466
6591,26.633120994532884,34.37219586130608,-7.981363863361075,30.948480080482284,32.14108871152375,-4.942825694812818
6592,26.797206669635703,34.103397605340696,-8.147215773620573,31.167350914339877,31.984742558457754,-4.444792709537655
6593,27.134718014518175,33.82904814306471,-8.315522690091086,31.21362325206661,31.844769197554573,-3.9605797131391363
6594,26.91436021739895,33.54902942600129,-8.488366523792621,31.068435460548073,31.720703910915145,-3.490402106626398
6595,26.817061072868555,33.263157041478536,-8.667729328855707,31.166787430966707,31.61207572377948,-3.0344507367939677
6596,28.349097205874358,32.97118080407758,-8.855556246396894,29.01873651926698,31.51840719512888,-2.592888812958467
6597,27.16776216226623,32.672786625052076,-9.053493141231819,29.866478248391644,31.43921646958225,-2.166154257573343
6598,25.866130627631374,32.36761459466212,-9.263045938588839,30.59362973243381,31.373996911290657,-1.7548526475970405
6599,28.374909243386973,32.055250229146154,-9.486000035032625,25.43949808481075,31.32222629307578,-1.3593338954391676
6600,30.524940658634304,31.735214592326614,-9.723869492324368,19.106683087556277,31.283374651594713,-0.9805888193453605
6601,34.1746427764447,31.406992262991196,-9.977381556618301,11.017380972220948,31.256853705119422,-0.6213028982973157
6602,33.52446803603656,31.070055821885393,-10.246304642285615,10.070675229138033,31.24195445837489,-0.2862964935783907
6603,34.378085172584065,30.72390528683882,-10.529862216088599,8.870875413426731,31.237767272214196,0.018272516795647675
6604,36.62788898622018,30.368065007479487,-10.827145915748844,5.978274957068265,31.243172626161268,0.2859299024880535
6605,34.43158683654067,30.002095559122232,-11.136681505142398,8.807359720419456,31.2568292657134,0.5095927022939684
6606,36.48347626014044,29.625619573803327,-11.456879457484188,11.196374298150403,31.277145472980866,0.6821656755087702
6607,36.35374465720812,29.238303595289953,-11.786061317092997,18.195510212717465,31.302306977413984,0.7973244734561291
6608,36.432091244137645,28.839882152663794,-12.122149221120111,24.42053809836092,31.33030043787794,0.8501340252828449
6609,34.445409105669206,28.430160313881945,-12.46295610675542,32.827444088375884,31.358982579099507,0.837617820700487
6610,35.1510509771042,28.009018412213432,-12.806458512414878,40.30535641188011,31.38614162592464,0.7589667252409349
6611,36.4958124869628,27.576396413054287,-13.150699918842115,45.43318161421722,31.409580360782236,0.6157254112532584
6612,35.93823005210919,27.132305084290625,-13.493291950148976,49.562910339854255,31.427189986674858,0.41130553044260054
6613,36.12078010298093,26.67684361637769,-13.831598805660885,50.35536057750838,31.43700072947841,0.15048925097021382
6614,35.355472426425685,26.210198497246566,-14.16290668726159,51.458779721446575,31.437222603406205,-0.16121339667426682
6615,34.105648803225215,25.732649837226916,-14.484451334831352,52.07747948072415,31.426253169700125,-0.5180119535569006
6616,33.73220530794253,25.24456840825781,-14.793627739224977,50.896895891084455,31.40268847316908,-0.9138582793490713
6617,32.27036899679101,24.74640798794525,-15.087928683498806,49.97139353172058,31.365329284410187,-1.3427826518858588
6618,30.960501213932407,24.238706496024555,-15.364973204687704,48.90156883928309,31.31316962971002,-1.7991194695011004
6619,27.878976374156956,23.72207644096607,-15.622642924789218,50.50111785338794,31.245387986443447,-2.2774865287743573
6620,26.261609429134996,23.197196967705274,-15.859320155848451,50.32213591798204,31.161337194458397,-2.7724050194511918
6621,23.265865441180527,22.664788430576174,-16.073931071413536,51.867919912952715,31.0605609851467,-3.2781623117031167
6622,20.770675701108583,22.12560156294437,-16.265930604419232,53.77160412395733,30.942793040344856,-3.7888150447432523
6623,19.669720903658447,21.580393056948225,-16.435430853995516,53.44176493823082,30.80797331549715,-4.2978744155602655
6624,19.624732768039205,21.029906172678004,-16.582917422389656,52.55037965953916,30.656268079307505,-4.798580026225547
6625,18.52854653881675,20.474865228788914,-16.70888338377914,51.42383403114715,30.488067980415448,-5.284310470865634
6626,18.832259121795357,19.915980613759395,-16.813827113066857,49.524745902561094,30.30398071458313,-5.7486968440773545
6627,16.40025188894215,19.353943421251124,-16.898199184486202,50.50747758393965,30.104821524143624,-6.185767773470072
6628,16.657610935463932,18.789434001460315,-16.962599971025405,47.88698476858852,29.89159619635179,-6.589631161385903
6629,16.037519979803232,18.223103423182764,-17.00778570088751,47.51228295877145,29.66551278005123,-6.954577126605166
6630,17.131305240035463,17.655581621401147,-17.034398382762834,43.69292328996178,29.42795772124478,-7.275275854261398
6631,18.43149710687706,17.087476864331908,-17.042840979298468,39.70515645002702,29.180494389767137,-7.546952252324548
6632,15.83403185886448,16.51939222278125,-17.03299159261846,39.055082372847735,28.92482757108981,-7.765920043782071
6633,14.547889045583688,15.951944091490677,-17.004752278420963,35.303954896786124,28.662766386848332,-7.929107793017671
6634,14.165270760308024,15.385742070886518,-16.958433737782556,28.900761784853657,28.396220384888633,-8.03402154623491
6635,14.630615284768844,14.821381842305174,-16.894426244059638,20.577120841759054,28.12716495043267,-8.079598716278351
6636,15.473806162969682,14.25944698794921,-16.812939651703847,15.389641944924946,27.857580470470076,-8.066886986278163
6637,13.43483042881925,13.70051919885825,-16.713821750041056,11.256560703909699,27.589372484680794,-7.998863078205289
6638,19.053269005211934,13.145192204613139,-16.596931469509457,0.5905935042404593,27.324322931923057,-7.879809732622505
6639,16.384358287741495,12.594057100890954,-16.46142977349232,-1.9165587531590802,27.064051835839294,-7.716131047373249
6640,14.640421178160478,12.047763553046984,-16.305874489950448,-2.9428090885939753,26.809914195431507,-7.516111878281997
6641,12.184684348573517,11.506998801560924,-16.1293164576181,-1.922538022310718,26.562977710620494,-7.288486012791662
6642,14.06183191764807,10.972475789205777,-15.931269368631238,-4.2601427560289835,26.324015127912062,-7.041913616553508
6643,13.12325833263318,10.444914176985508,-15.711173054868564,-1.9338452625113263,26.09351680285026,-6.785178491535824
6644,11.296478533252127,9.92506425221454,-15.468169845481148,1.3144309629805093,25.871669895143008,-6.5269963111591345
6645,10.44956859376534,9.413702853953431,-15.201657531687989,3.7651732701259135,25.65838371543965,-6.275186531558141
6646,12.854648833353663,8.911620416768674,-14.911278145183022,4.439798364901378,25.453324126372465,-6.036656445826978
6647,12.178706047333472,8.419617644274563,-14.596291312478211,9.91367883863289,25.25593995238452,-5.817786388422732
6648,8.746203728190826,7.9385343292701265,-14.255551710352306,18.497560958515393,25.065471700477616,-5.623982551944433
6649,9.319121648210114,7.469247530251076,-13.888380250980372,21.307852924737233,24.88100778225489,-5.45850303143224
6650,8.227153007675765,7.012642312538102,-13.494381751275064,23.68200215022584,24.701571498382133,-5.322855827633255
6651,5.393206548715129,6.569622080166072,-13.073100529873924,29.321842299073666,24.52615072707934,-5.21772388963857
6652,3.4354682594595958,6.141102277213173,-12.624530921934838,32.386047399501734,24.353723239072895,-5.142545699027625
6653,2.0728955054322697,5.727986685370416,-12.149250197525244,34.99039360259232,24.183314347144165,-5.095413699131477
6654,0.36144108326709595,5.331152264044824,-11.648204211719158,38.427151180778196,24.01402899246413,-5.073526425532133
6655,0.729015011093057,4.951439737922472,-11.122675493288412,39.099405096809335,23.84507925210869,-5.073133573859874
6656,1.0862245372772001,4.589640564492263,-10.574030934862293,35.559670172060734,23.67582008754014,-5.08982352352378
6657,-1.8327688577452743,4.246504342264986,-10.003419387468144,36.94603178527322,23.50575768387377,-5.119560762753288
6658,-3.019714819559618,3.9227459386610533,-9.412265819949395,36.167720404503726,23.33451603668992,-5.158579533617473
6659,-4.86795562026689,3.6190199542683597,-8.802506595339182,37.12694250766765,23.161852381632606,-5.20297290692918
6660,-3.2343245757055885,3.335912165638441,-8.176436107781406,34.660226249932734,22.987651176227974,-5.248755912101402
6661,-3.912374228156731,3.0739242137495992,-7.536293400817025,34.5197177626835,22.811935320825846,-5.292116166903487
6662,-2.494987571724835,2.833492605583973,-6.8840943637025,32.20990443376232,22.63484343176774,-5.329576956164743
6663,-2.885003337814297,2.614984589502766,-6.221670233518626,32.001599726844816,22.456630190414863,-5.35797347008188
6664,-3.1944937271877687,2.4187145900160645,-5.550631229412202,30.723658804519914,22.27764520042895,-5.374462514311524
6665,-3.865148694306687,2.2449425075419525,-4.872629910286481,31.119876961925343,22.09833268946076,-5.376368786562988
6666,-3.4706844030865147,2.0938725959969657,-4.189409558863169,28.661800682245442,21.919220614658084,-5.361094819136358
6667,-4.448396317635009,1.9656485369510746,-3.5027062232964434,26.853109475323436,21.740926368185004,-5.326296448979164
6668,-5.234601362086615,1.8603588477772028,-2.814301150376759,26.24825009699235,21.56413418472614,-5.270210844409178
6669,-4.560095876736044,1.7780284602592906,-2.1262031615180743,24.36235008624182,21.389578978557726,-5.191381272294837
6670,-4.692910521435366,1.7186119703426646,-1.4404097885715172,24.06328286346421,21.218042099906484,-5.088669135194106
6671,-3.0916563397079604,1.6820011410211895,-0.7588169345623741,21.38039087840373,21.050334369544785,-4.961209280804546
6672,-1.0119211149098621,1.668024174705173,-0.08308786254670242,18.9400089672055,20.887294814519514,-4.8085295348152
6673,0.12300046056824857,1.6764619501847426,0.5856690588884073,17.060871636615104,20.72976573389044,-4.630870383102987
6674,0.2639363179251386,1.7070687786310668,1.2468243120137368,17.56010743475484,20.578570122312648,-4.429066965079134
6675,1.034259345680322,1.7595835709856584,1.8999322961305265,16.97136667597084,20.434494602885163,-4.204113706716939
6676,0.9230481064069574,1.8337309317064352,2.5446705565350145,17.311335698858215,20.298295875198185,-3.9569744360674264
6677,1.866123094693265,1.9292282747546594,3.180795815059747,18.190625950629013,20.170696307147335,-3.688608296682432
6678,-0.6438770947155881,2.0457839860437517,3.808163267095633,23.6889305261369,20.052388655419357,-3.3997538979003927
6679,-0.2839300444265207,2.1831058258943683,4.4263635697054005,25.04444521151551,19.94404604728731,-3.090164918439271
6680,-0.12603296050600815,2.3408748906907784,5.0346299096995395,26.42143601730514,19.84637766085674,-2.758542154237773
6681,-0.8172689613169468,2.5187478198743376,5.632228597827407,29.079806566484933,19.76014323700479,-2.4031494367934947
6682,-0.33213850350018825,2.7163567972126055,6.218296725295263,34.419066556254904,19.68616769840384,-2.0216231829157216
6683,-1.5002674771259572,2.9333009348940218,6.791884899862417,37.91083191896601,19.625368358143742,-1.6103867189890941
6684,-0.4625398367324941,3.1691491238701,7.351880520731504,36.27101270816422,19.578808583804566,-1.1645301354257498
6685,0.20296736186261377,3.4234263029427887,7.897084264810892,35.90294976390001,19.547733015782025,-0.6788521692515559
6686,2.2412825317234484,3.695621408190826,8.426477201293265,33.33784344040009,19.53355177252113,-0.14843858981727465
6687,5.186293845736256,3.985191449695673,8.939364176544702,28.16046134288085,19.537837109794207,0.43119539402615814
6688,10.190964551731222,4.291579019960473,9.435707533694027,20.060973520533793,19.562298132122873,1.0633847183972556
6689,11.028476289997684,4.614238618608608,9.916563132305454,16.527723728966578,19.608729424354024,1.7494857424001964
6690,11.693115434552507,4.9526832287808364,10.383762037646726,13.708209160402788,19.678930514949553,2.4891144673328647
6691,14.87834184862891,5.30648942111839,10.83926038064078,6.974003578612326,19.774670388842882,3.2809248796999313
6692,15.406515754130517,5.675300587490222,11.285483837088798,3.7925852368574766,19.89765884026288,4.122125629114404
6693,13.213068211161234,6.058855010257643,11.725302819382616,5.159065532984016,20.049478764117175,5.0084183627329715
6694,14.20206423348823,6.45698744211573,12.161228231169602,3.8162474542954925,20.231553397778413,5.935193977413391
6695,12.893063780246287,6.869603559002283,12.595475632562927,4.737662905512934,20.4451583626114,6.897797237721406
6696,13.513890192821071,7.296685817619925,13.03009243799902,3.6139981124715774,20.69140654695984,7.891451406138472
6697,13.332944180648314,7.738276388202218,13.466898863625993,4.094113585228641,20.971255123020633,8.911281288919568
6698,12.637884921882101,8.194479075194991,13.907651363130586,6.172385472433604,21.285491966221144,9.952237763145781
6699,13.233110431360943,8.665453145744257,14.353842622109259,7.499289587662261,21.634737640563685,11.009563802302011
6700,13.057144642763285,9.151401916668942,14.806812607235935,11.294724382820448,22.019462886374612,12.07891007626234
6701,14.80593191791398,9.652573986226653,15.26782133339049,10.186419518170894,22.439998312314508,13.156579815733362
6702,16.870384755975426,10.169256672228308,15.738215910541884,8.031533080604376,22.896568207423503,14.239156089888105
6703,16.22815405666579,10.701788380262778,16.21975912915819,7.13110287395223,23.389275384973715,15.322606295874177
6704,16.912894162696457,11.25057394750552,16.714269246852744,4.286299383199136,23.918075293815114,16.402302338160553
6705,17.95007145968576,11.816072996719628,17.223410048020273,2.486627292343371,24.48276220751775,17.472907295442823
6706,18.210647493851848,12.398801284040205,17.74893567350653,2.3265628868218187,25.08293578017797,18.528230997661677
6707,19.597159169531583,12.999335374953397,18.292622499030784,1.6414679320672576,25.717977607361863,19.56161863970129
6708,18.395489971885812,13.618309450642258,18.85631587225017,5.627527140845871,26.38704368949139,20.56610605973546
6709,15.306145816847812,14.256423099770075,19.44170728355551,11.090727632165553,27.08905134467756,21.5350260332597
6710,14.517331828722554,14.914423269545958,20.04966320741694,15.401036868789205,27.822712091708702,22.462912581373846
6711,16.204887638797324,15.59306731359787,20.68028069166899,18.09784261678844,28.586578850102484,23.345539582156416
6712,15.634676539635796,16.293108648990557,21.33359166701144,22.145924601329682,29.379081397185796,24.179500202542368
6713,15.790612534908215,17.0153067580653,22.009589202160615,25.44819390909656,30.198545530271975,24.96215915458592
6714,17.37329074840081,17.760414595801265,22.707993271720017,26.779724205259058,31.043225340824858,25.69173446187909
6715,20.16307098560041,18.529172976179968,23.42856419448138,26.94946607535981,31.91132782773058,26.366885742924406
6716,21.303149767847906,19.322318875433357,24.1714873687493,28.08229531211262,32.801017723686485,26.986241164161093
6717,20.24405490897849,20.14060546742992,24.937300313370763,30.92793369984824,33.71041057200799,27.548361199534206
6718,20.006381063626392,20.984805562991408,25.726312965824487,32.08669009524756,34.637575136988765,28.052130402741433
6719,18.673283918038624,21.855692998484887,26.538395215223503,35.446456548001734,35.580552598857416,28.496755690090296
6720,16.30503350791891,22.754031910672975,27.372928335647337,39.70853794112857,36.53735884966145,28.881837798460737
6721,17.0458133856501,23.680554887528043,28.228480113731553,41.090992429814804,37.50600845208813,29.207828349376932
6722,14.992351348433917,24.635930584921745,29.10310496601051,44.128325876801185,38.48454740628658,29.475732000471915
6723,13.934274408016583,25.620761885262077,29.99438226719546,45.18224662369401,39.47105725211959,29.686921090829337
6724,12.497387910519263,26.635556069401442,30.8991401852699,46.94456211287074,40.463675479008536,29.84308413136855
6725,11.319512792500422,27.68070456428007,31.813538532078045,48.2981800433257,41.46059619421083,29.946034112997992
6726,11.766121600253431,28.756458638206645,32.733041979737095,47.97169048928188,42.4600777532084,29.997751524183798
6727,11.38500657246721,29.86290736292921,33.652691076019764,48.73623306620351,43.46044629582308,30.000072720041295
6728,13.176106848701355,30.999971376607963,34.56721160899677,47.762993744257415,44.460082601211155,29.954601812718344
6729,13.896811264300641,32.16738813686233,35.47120541920437,47.87178362383061,45.457419750004306,29.862614475145435
6730,16.227559606492523,33.36471840455492,36.35930517674197,46.245645387473445,46.45092356622085,29.72496087981348
6731,16.513138514934077,34.59134181531179,37.226245666496176,46.55071820720819,47.43908380865854,29.541969523057467
6732,16.946004739650796,35.846468115654666,38.06679027976486,46.29041864459691,48.42038820109135,29.31347777742829
6733,17.754662534805817,37.129127833962784,38.87544020023096,47.39827115662146,49.39331566048709,29.0390368092579
6734,18.92471970151926,38.4381641290034,39.64650385431266,48.641664933543396,50.35632398837521,28.71803321907418
6735,20.00904306211953,39.77222809091696,40.37419851667767,52.11157344622302,51.30785120842537,28.349915365071503
6736,25.006434704527702,41.129777363448575,41.05268365843912,53.72199280391561,52.24631834604664,27.934547788763737
6737,31.148118412539734,42.509073668146236,41.676622866963946,58.365461636671284,53.17015439434295,27.47226944190075
6738,37.52550198690949,43.90821888791284,42.24192916131436,62.292657777986676,54.07780297550669,26.964072315442635
6739,46.009670331117654,45.32520227890053,42.74596401493632,63.840592182834115,54.96775921537246,26.411950532610398
6740,49.03892300294359,46.757949822241926,43.18788008457634,68.79916612569318,55.83859967768072,25.81844507350972
6741,52.623883237011775,48.20439428453895,43.56811833844976,69.51440451710548,56.688988886939775,25.18680261693639
6742,54.88564161425468,49.66249104480524,43.8876751513272,70.93502620143315,57.517719852143145,24.52085760019621
6743,59.23515607361385,51.13023929462743,44.14798440680496,69.45029170697637,58.323712726952856,23.82451237891214
6744,60.42866636134284,52.60569000525891,44.35102802042511,70.92583594433347,59.106020677403954,23.101416687627996
6745,63.175389340874396,54.086974495989104,44.49917450805259,69.65821973502071,59.86380717279472,22.354982710137108
6746,65.0105135928725,55.57230163912908,44.59493863407058,68.78763599303451,60.59635285807976,21.588424533894752
6747,65.12792179810323,57.05997040492714,44.6410753522645,69.4672337658609,61.30303547505437,20.80441667493602
6748,65.76833378188948,58.54837332928005,44.64018787106035,69.36621777734862,61.98331396974216,20.00539123252839
6749,68.25296621148524,60.0359829296645,44.59454953957209,68.05282110824845,62.6367282238896,19.19366009799738
6750,72.32017150967611,61.52134329858485,44.50645586831303,66.41636873830942,63.262891309608655,18.37112651281206
6751,75.0295260493991,63.003079987552034,44.378734554005064,64.89446813867372,63.8614699914104,17.539064792606887
6752,74.55697168827432,64.47992560218519,44.214779769611035,66.55270746863158,64.43216229578245,16.69809747632918
6753,74.43876947595936,65.95073197219277,44.01787835736293,68.28200003988755,64.97467648983235,15.848693503425153
6754,75.4077635087569,67.41445082600939,43.790790989663435,69.3678969704489,65.48874186267746,14.991660010976773
6755,79.52369899219522,68.87011803817033,43.53596848276702,67.17324913839576,65.97412049056413,14.128065645576271
6756,82.32394641124716,70.31684872486052,43.25618367442807,67.04913580198729,66.43061290571588,13.25866556018461
6757,83.46174867359761,71.75386361646554,42.95480626184499,67.60997773816365,66.85803152790977,12.383730043941554
6758,83.84644624558273,73.18050247565019,42.63536271976115,68.1506536398006,67.25619490864531,11.503462888886773
6759,82.1921255826074,74.59622113111628,42.30118009012067,70.81474635125957,67.62492905383556,10.618108919379239
6760,81.52687243477703,76.0005811483249,41.95497395350145,72.07508750635688,67.96406883660393,9.72827547704874
6761,81.49271477964386,77.39321939468304,41.59869561184486,73.33266941326471,68.27348075230547,8.835048213694137
6762,82.68769415503681,78.77382752244789,41.233776442687926,71.95882200845631,68.5530720508502,7.939790761112988
6763,82.80573851244061,80.14213782419557,40.861408052159405,71.49421013775535,68.80280013637967,7.043761875955994
6764,81.16054707610805,81.49792139259185,40.482568525406464,73.88393842375493,69.02265617591394,6.147868220515491
6765,81.14707154741943,82.84097572588934,40.097603777864705,74.63718108520044,69.21265801774737,5.253232898222322
6766,83.2550592402898,84.17109497778283,39.70621175355646,74.351490604362,69.37287170246209,4.361385432967069
6767,88.09364649412373,85.48805650945977,39.30800434816483,70.9951526046967,69.50341704661184,3.4738727968819916
6768,90.2251955583865,86.79162860099382,38.903232802455605,70.10332039899299,69.60446322225422,2.5916571471762495
6769,89.90803486468168,88.08160536295681,38.49279515353395,70.53322436859494,69.67619418975693,1.7150344897597591
6770,91.07327146629542,89.35781494456275,38.07747357547555,71.01045251932601,69.71879885490488,0.844206448331164
6771,91.62636971206352,90.62010360132184,37.65779475521789,71.61335568649832,69.73247461964567,-0.020507462674572707
6772,92.1680290322652,91.8683345949106,37.234163419436825,71.87682380916883,69.71743169072657,-0.8786354797419449
6773,91.71561410011105,93.10238116261763,36.80677376759462,71.8445374437259,69.67389892099621,-1.7295768045691773
6774,91.05659205743157,94.32211951275025,36.375464149389174,72.05134854407319,69.60212657042196,-2.5726875512267355
6775,92.69444064211416,95.52741210591024,35.93954275748182,72.34248161927033,69.50238641758109,-3.407280735391538
6776,95.4286878888572,96.7180890299157,35.49810273047463,72.41573052216472,69.37497452139586,-4.232569822928696
6777,96.04539628213493,97.89395228794189,35.05053106168667,72.53899135400127,69.22021509605251,-5.047680317176244
6778,97.98073575677432,99.05479110069481,34.596361129373605,72.74329912245904,69.03846250025077,-5.851666540452527
6779,97.29686034051026,100.20037636323346,34.13515833422892,72.69956738466544,68.83010399335568,-6.643484064695855
6780,97.50591052938995,101.33046832297674,33.66633120186336,72.87161925458798,68.59556356260438,-7.422006573348767
6781,99.2929476982498,102.44479844335768,33.18887925158407,71.95727338334333,68.33530355513243,-8.186022808210751
6782,101.03607723261878,103.54306027308235,32.70176507472989,71.07681745757813,68.04982870872367,-8.93435831396694
6783,102.81461586017842,104.62491611500634,32.204147189161176,70.1356551629307,67.73967966753463,-9.666024374548954
6784,103.8956253687275,105.69000341902643,31.69538360451135,69.15350888043497,67.40542708375374,-10.380214582182106
6785,104.79619466760411,106.73794168864043,31.17493829648197,68.23579802973106,67.04766536205582,-11.076312705619031
6786,106.08797627225222,107.76833263879189,30.64225569432608,67.2663561244417,66.66700623671247,-11.753882122735249
6787,107.79621575165191,108.78075873492884,30.096797182593633,66.23689711155154,66.26407322054014,-12.412657030592271
6788,108.6506695550533,109.77478578429813,29.53816648436785,66.0312903298871,65.83949576800632,-13.052552345578263
6789,109.30502321891595,110.7499698338867,28.9660500369736,65.87228103611204,65.39390306416826,-13.673543588534685
6790,111.21997589679755,111.70585578676304,28.380065814612365,65.14025053032012,64.92792619543734,-14.275531103199413
6791,116.8541601768049,112.64197422152752,27.77992669875829,60.52978064374108,64.44220099062163,-14.858412180484919
6792,119.13230117414548,113.55785090001359,27.166186800051193,59.19109790237977,63.93736538340501,-15.422737033530787
6793,119.52547864195057,114.45305334153093,26.540301414743865,59.66448849971226,63.414018521719576,-15.969793229957965
6794,119.60412201550429,115.32720432766318,25.90385375873943,60.53468425356897,62.87271250140781,-16.500844115206768
6795,120.30679449880516,116.1799769254469,25.258234101737784,60.660154415556065,62.31396224737246,-17.016794923773944
6796,121.40768960044562,117.01108660111237,24.6046920993043,60.83716750473528,61.73825950648955,-17.51823925124647
6797,122.3563235729292,117.82028973206718,23.94449520449733,60.51765714789738,61.146079630622694,-18.005557017349254
6798,122.72299824899933,118.60738628141219,23.27897172181558,60.504319346058054,60.537889038666265,-18.47897566454865
6799,124.2394683320246,119.37222118018822,22.609408171716794,59.64039107985468,59.914147919652784,-18.93859363266639
6800,124.43508187926241,120.11468015952664,21.93714032687126,60.174340454711825,59.27531612982184,-19.384456621894053
6801,125.2766398896323,120.83469720197964,21.26353441267696,60.17304232333066,58.621850811526514,-19.816471653457732
6802,126.76442801236792,121.53224912037177,20.589893410738966,58.17048799308657,57.95421801959132,-20.23427437439203
6803,125.79698671145026,122.20735676269557,19.917655886111874,59.02882321869066,57.272899186567045,-20.63760195893984
6804,127.25617214687966,122.86009284611256,19.248133662903584,58.063774914093216,56.578377888995334,-21.026161137127843
6805,127.09145232787162,123.4905656735558,18.5825142352099,56.84681976289863,55.87115511075852,-21.39946991674968
6806,124.48943013607018,124.09892712845989,17.921986771025615,56.12096702840073,55.15174656121202,-21.757162332038433
6807,123.72745278572391,124.68536479162418,17.267144799554117,55.14971056232797,54.42067762195596,-22.09894917391832
6808,123.72793135040412,125.25007011509683,16.617903945718666,55.25526155142873,53.6784832829508,-22.42457790803922
6809,124.60001852250726,125.79322505467209,15.973895420029436,54.68127005701004,52.92570576142001,-22.73370565475048
6810,128.87237277763415,126.31499647643213,15.334715444136577,51.505249392248516,52.162902905967435,-23.02583688672989
6811,131.62131469045988,126.81553941761453,14.700566873354717,50.68626704886816,51.39064996897135,-23.300808342013717
6812,132.33445727531907,127.29503426798911,14.072544625961498,50.04795058985806,50.60951568316652,-23.55882255868213
6813,132.1781370657554,127.7537090593453,13.452112706526549,49.365892272837016,49.820061798392544,-23.80006778623688
6814,131.80274470643636,128.19184178175755,12.84067841236812,48.64505879713393,49.022844497417395,-24.024695066848736
6815,131.3091953162367,128.6097542868365,12.239436616443697,47.62870868799412,48.21841546060263,-24.232828114252634
6816,130.82822107326228,129.0078042228538,11.649325682016638,47.09324100447881,47.40732262313389,-24.424610796896502
6817,130.45474713072588,129.38637599897095,11.071017722781562,46.23550403292633,46.59010807414286,-24.600177510279018
6818,130.52620989583082,129.74587207103923,10.504942308432419,45.64674563628374,45.767310789115285,-24.75962768955938
6819,128.9455463384874,130.08670548619978,9.951374346420891,44.544481850807415,44.939466228172236,-24.903031993534483
6820,129.4201432799182,130.4092970274673,9.41026018175208,43.61922173993257,44.107108656212986,-25.030467085654422
6821,129.50718729769747,130.71405616498325,8.881283031795988,42.58774383615631,43.27076842246194,-25.142064250995446
6822,130.27738692610373,131.00138256292036,8.364116342730341,41.87427557103693,42.43097103947996,-25.237997606902844
6823,129.88951017592296,131.27166392116527,7.858472990379397,40.94425246879025,41.58823524866842,-25.318451502718062
6824,130.6262738796095,131.52528076227898,7.364039785285428,39.8892134499017,40.743074272632086,-25.383604482172686
6825,130.32011917042382,131.76259990685097,6.880477513398517,39.160303688558045,39.895994949856906,-25.43367927819876
6826,129.07446933001233,131.98397926317222,6.407437989900302,38.32428345936613,39.0474956540855,-25.46891226099831
6827,128.93336729110774,132.189762439511,5.944274063354129,37.74957449678915,38.19806746579035,-25.489520373009853
6828,128.49768103403025,132.38026420072916,5.490068848903746,36.80816409486806,37.348194295884845,-25.495677849597982
6829,130.07784392846406,132.5557670294379,5.0437607633719495,36.04356753966475,36.49835560915049,-25.48753168652567
6830,131.81487339253044,132.7165149182873,4.604403984241685,35.08130486962244,35.649025516783134,-25.46522981565264
6831,131.26443652079976,132.86272729505401,4.17149596215765,34.55943607018868,34.80067362144031,-25.428924286473915
6832,130.97924899677085,132.9946146490978,3.744664951200889,33.349558522229515,33.95376389768487,-25.37873539301117
6833,130.4363268274262,133.11237162513407,3.3233735920052254,32.417970797503045,33.1087579285729,-25.314788854652583
6834,130.89359385184386,133.2161728885648,2.9069242605990553,31.81322859665596,32.2661113073747,-25.237277239885714
6835,130.99613210887765,133.30616657584068,2.494573649644991,31.196971665976733,31.426272779247185,-25.146370615155487
6836,134.01017870666666,133.38247779854115,2.0856328784179823,30.552067361151913,30.589686599697668,-25.042170422830594
6837,133.15987317633653,133.4452087677352,1.6798517798893897,29.788923977005737,29.75679475105848,-24.92471635460646
6838,130.8366222413202,133.49446791720044,1.2772812646032605,28.702220204470933,28.928038842723904,-24.794009226860823
6839,131.02923739233188,133.5303608520421,0.8774836744557035,27.79617012484485,28.10386080260109,-24.65007784167307
6840,132.57509497737962,133.55296682883082,0.4796918583782883,27.70106518235167,27.2847003199457,-24.493001533156296
6841,131.54585107354328,133.5623403092673,0.08338848143580435,26.981740360479762,26.470994033724004,-24.322764141198903
6842,131.2593832264122,133.55852606092654,-0.3118717250376335,25.8833693445614,25.66318271053244,-24.139227802145946
6843,130.38799535890712,133.54154886093147,-0.7067305058680518,25.216986801906145,24.861712180247608,-23.942283824514732
6844,130.23691946736903,133.51141069386867,-1.1019986900598155,24.630753027425413,24.06703045556479,-23.7318466358378
6845,130.66544863706278,133.46808228159415,-1.4986321432617444,24.160036510514814,23.279589071191754,-23.507779579030892
6846,131.87936499711392,133.4115018843179,-1.8975345485000616,23.409055306596883,22.499845150296064,-23.269867902553774
6847,130.09729330592214,133.3415799783608,-2.299350496535908,22.862338468109257,21.728264544354836,-23.017845480034733
6848,129.24211534708996,133.2582118512155,-2.7047902529922396,21.830661557216146,20.96532211829375,-22.751408470235894
6849,130.6013142216354,133.16126062816133,-3.1149334542365636,20.93201107350849,20.211503979672443,-22.470259555600283
6850,129.61721239601863,133.05054962093305,-3.5307579736014816,20.65269304062309,19.467304814587063,-22.174162916949474
6851,130.30024213982364,132.92587676325456,-3.9531550267199123,20.017531602530866,18.73322645187581,-21.862835143083625
6852,128.26026449762924,132.78700595248506,-4.383025597219188,19.063751086273896,18.00978247171482,-21.535908984681278
6853,130.6254548322073,132.63367505677328,-4.821433260554215,18.407821269219014,17.297499186230393,-21.193036734832127
6854,132.52134901229078,132.4655770684481,-5.2693497811795,17.450182279329056,16.596913356059346,-20.83389655832452
6855,128.43603924624384,132.28238507136132,-5.727065492827137,16.757386805926416,15.908572749008759,-20.45819646447157
6856,129.24060165931766,132.08377270225964,-6.19514406291259,15.258814556766012,15.233033591761242,-20.065683349456656
6857,130.18614821788972,131.86937546716715,-6.674580238617978,14.547791854651905,14.570860525711648,-19.65622715890475
6858,133.21226981260833,131.63880068635177,-7.166047106209277,14.160490057881049,13.922618447834259,-19.22982748949095
6859,133.4152119848336,131.39163899341986,-7.669560986980883,13.294454766112182,13.288872026412252,-18.786452399503453
6860,132.64655932943333,131.12749662055305,-8.184586992151424,12.168888095481265,12.670188287867362,-18.32606568669714
6861,132.00729176429078,130.84599986060977,-8.710598323305021,10.626379260131998,12.067134313965775,-17.848741065444507
6862,132.26918933547648,130.54679006566604,-9.247196405288207,9.822786896052989,11.480272216837728,-17.35476732401267
6863,127.24821787871005,130.22952010025722,-9.79395242631469,9.45351877227641,10.910149825698264,-16.844605178167214
6864,124.27073169868456,129.89385990391173,-10.351053588267689,8.450582510657895,10.357298538293247,-16.31871770447279
6865,127.96301192225783,129.53944986103937,-10.919779390561786,7.510263626612314,9.822235312066745,-15.777605040697011
6866,125.87123768250339,129.1658746112076,-11.50120042592846,6.714314379861079,9.305458202246779,-15.22189451580866
6867,127.14739070373659,128.77270316597748,-12.096041034867397,6.2115962262246285,8.807442344346168,-14.652315234829132
6868,126.38004776320233,128.3594718755498,-12.705032825637588,5.350952937655549,8.328637186591504,-14.069638515587952
6869,131.93550443782763,127.92570097760164,-13.328711831201687,5.015491272403622,7.869466443306971,-13.474693155402178
6870,132.0835103806182,127.47089108680301,-13.966776129284781,4.170750986482389,7.430324309564692,-12.86834633599713
6871,133.7206118190046,126.99458256898265,-14.617943544967247,3.43134726105626,7.011576687573829,-12.25150715667871
6872,132.05055968385466,126.49636151713852,-15.280527994047333,3.240971679388835,6.613557165786111,-11.625192712500443
6873,126.80464334263615,125.97588070271283,-15.952703377289694,2.3573411565056404,6.236563840073799,-10.990436903695265
6874,127.40466113322596,125.43284795865254,-16.633520533132184,1.5386698808249406,5.880861372206427,-10.34831809150974
6875,127.55109940930876,124.86697933383735,-17.32256300924,1.0923538936106354,5.546675967306483,-9.700058819926047
6876,125.41482682274702,124.27801042470321,-18.019138457183033,0.3982333862600882,5.234190784211357,-9.046967151583448
6877,124.0707632048388,123.66570343669181,-18.722678694554986,-0.15561581270164027,4.943544823867587,-8.390424573294357
6878,125.68527289000545,123.02983184506621,-19.432954440676724,-1.1645890066439506,4.674829145991733,-7.731908460910013
6879,125.80513233544593,122.3701731406467,-20.149510591745496,-2.0274531380049154,4.428084259806919,-7.073045407299761
6880,125.12070104828314,121.68653113894985,-20.871441490655513,-2.5841207653199945,4.203292785505083,-6.415663701806693
6881,125.09917263034471,120.97874370793633,-21.597725681451863,-3.2172501649109932,4.00037334635314,-5.761732602960388
6882,123.6188873698964,120.24668276018639,-22.32723977718969,-3.4136530986432945,3.8191772786410567,-5.113334693321114
6883,124.98650695433733,119.49026105612369,-23.058869605313816,-3.777633229173574,3.6594843667983987,-4.472618789998255
6884,125.36370090175444,118.7094247864988,-23.79129640598819,-4.677148645081147,3.521002692641173,-3.8417663493971244
6885,120.60458450335834,117.9041746290578,-24.522713367481543,-5.287770719484286,3.4033666101719238,-3.2231023734624653
6886,119.70007436310782,117.0745772286667,-25.25172942557667,-5.977403909817113,3.3061292010770087,-2.619138339877911
6887,120.23683359338469,116.22072600068603,-25.97755260514127,-6.8324805918675935,3.2287573875133964,-2.0325471251964045
6888,122.96408870140138,115.34274038832395,-26.699195283642254,-8.066405640989302,3.1706260593972484,-1.4662053432193267
6889,124.47714868414378,114.44077964844321,-27.41492694350697,-8.856067865175596,3.131010364632108,-0.9232800976681377
6890,127.33445864132214,113.51507859209015,-28.122121839863965,-9.522969193424736,3.109074052886039,-0.4072248693228908
6891,130.17500016847717,112.56597152578561,-28.817232565677813,-10.174262855098782,3.103862040010582,0.07829941947768981
6892,128.82684171663524,111.5939297543783,-29.4955856412885,-10.92389897977202,3.114294014184552,0.5294398646630549
6893,126.21504314127215,110.59959914969971,-30.151999986662332,-11.710199914377739,3.139158030988119,0.9421344643267493
6894,120.73500005727227,109.58379642193414,-30.781590972579806,-9.234367083042478,3.177102978473002,1.3120875704438184
6895,119.13499292038267,108.54749308486106,-31.380378334417216,-10.877806233253686,3.2266305356843734,1.6352454325862276
6896,112.69294709494856,107.49177119963966,-31.945129474892013,-6.642866790279925,3.286119340645417,1.9076650718893373
6897,106.25042154158096,106.41781778653493,-32.47349658009995,-1.3253775235340441,3.3538082071436626,2.125772660795777
6898,103.54051588312295,105.326871427633,-32.96473111494748,2.683594798919401,3.427837518031802,2.287395929155809
6899,101.83677120043251,104.22016904553843,-33.41912360700505,5.548098845493868,3.506301269087383,2.391728400167139
6900,97.57880667480428,103.09892985383266,-33.8372941085872,10.460469361672693,3.5872860780429447,2.4389630233454263
6901,98.7341636681746,101.96434943829928,-34.22041789220174,9.860556010047773,3.6688988039770782,2.4304254777004908
6902,98.78311463888183,100.81756866101921,-34.569796149750616,10.292873220572332,3.7493144432229775,2.3680585363100715
6903,97.24580192475352,99.65969636164924,-34.886211745781,12.622314003781938,3.8267693730644163,2.2537559562982312
6904,95.65522743035041,98.49182121130048,-35.17032616036339,14.844102782441254,3.899564840309526,2.089798699086698
6905,95.46688891856043,97.31500795095835,-35.42292015367302,17.502817105849743,3.966089286336863,1.8791221622415555
6906,93.2334206576228,96.13029320105561,-35.644690353726816,19.257342082717116,4.02483965112563,1.6253667686265905
6907,88.49520333822231,94.93869526070989,-35.836342352138075,26.10713289165571,4.074447070911969,1.3328105716970162
6908,83.82346458951707,93.74120371091307,-35.999265083476715,32.09088690265264,4.113693689238764,1.0069949942149758
6909,81.88919644108034,92.53874425514478,-36.1358915019904,29.456793986821907,4.141580070526301,0.6553566249918719
6910,79.9247496840026,91.33214427744704,-36.24928001251455,26.512282319840395,4.157384130904889,0.2858201726301868
6911,84.41437795442486,90.12212558764381,-36.342710535222054,23.734161754551764,4.160634748701646,-0.0945257030059965
6912,83.5001786346397,88.90929690843224,-36.418728132760805,21.24575899201467,4.151082417371156,-0.47944614465041724
6913,83.71141099464819,87.69421037879309,-36.47898590972076,18.71834919892558,4.128671672391619,-0.8634885025917294
6914,81.59031918747368,86.47736451445085,-36.52488046675401,15.630379984099733,4.093516517198374,-1.2419412374749372
6915,80.89553217543087,85.25921834767615,-36.557730771015784,12.779321089989423,4.045875589893289,-1.6109192700679897
6916,76.84411185495333,84.0401824630498,-36.57891242843945,13.527308023191338,3.9861218991938414,-1.9674083568698353
6917,73.61080692232451,82.82062418578019,-36.59014440255014,14.286978095450138,3.9147150327686338,-2.308691016381015
6918,75.32975723108288,81.6008395028798,-36.593866288175434,9.331464310486055,3.8322091647684404,-2.6318060710046876
6919,75.20668838363589,80.38103309990183,-36.59238013215905,6.942209050416466,3.7392612947016546,-2.9343933879628947
6920,76.63418197985585,79.16134749406919,-36.58738789691071,3.9444291066871955,3.6365829389042474,-3.2151589288379956
6921,75.82987783760355,77.94187390677445,-36.580034815450944,3.3217432824390585,3.524917366112455,-3.4735806301634264
6922,74.80365061743645,76.72267850637246,-36.57101074221998,3.164562972631572,3.4050108968933523,-3.70964292694951
6923,73.83654844182566,75.50380652395978,-36.56091510013617,3.2329433277349438,3.277607837649154,-3.9234117868514917
6924,74.40693369334257,74.28528416636338,-36.55028117851387,2.240508127967999,3.143450111103253,-4.114929606771307
6925,73.67257840746566,73.06712111205886,-36.53933881304724,1.466145528487118,3.0032791971977337,-4.284337298064454
6926,73.65514507397535,71.84932824549357,-36.52797988120902,0.1544551039125821,2.8578276245656227,-4.431997705825554
6927,73.70971663272563,70.63192245331159,-36.51584582075991,-1.906293515969793,2.70781268347603,-4.558541403483076
6928,71.66381812422972,69.41493852410957,-36.50221042704466,-1.9556134914869148,2.5539248643334176,-4.665056517651751
6929,70.38099591031359,68.19844175817528,-36.4862816109121,-3.7386022018443583,2.39680891563258,-4.752899756132702
6930,69.0673418194202,66.98251975004877,-36.467400407547146,-5.411682092995434,2.2370648805912374,-4.823654048412632
6931,65.5624620124365,65.76728173100547,-36.44493224788242,-5.03904204622944,2.075231979071738,-4.879369131819686
6932,64.39106709740098,64.55285760018994,-36.41859757106367,-6.357335002596827,1.9117736051365917,-4.92224030294126
6933,64.85774582354064,63.33937522626789,-36.388450892908146,-9.79084480457027,1.7470826255423206,-4.9545551076258265
6934,65.70119692645798,62.12696087399606,-36.35429048670552,-13.219878248566879,1.58146993129487,-4.979258899580063
6935,64.88777795168119,60.91575586048752,-36.31535906964718,-14.418048767884521,1.4151320322369831,-5.00026839218304
6936,59.819424173260494,59.70593693601958,-36.270534495069526,-11.717921741568759,1.2481187051493339,-5.022139013279247
6937,57.469544679197696,58.49772022748289,-36.21920923794846,-10.329943459739354,1.0803227646850333,-5.049153276056775
6938,52.09901010957013,57.29132298682302,-36.161519314626496,-4.177180488740532,0.9115084867455489,-5.084935995711211
6939,50.5389005109891,56.086952273174454,-36.0983897266334,0.6835362775919975,0.7413270316376193,-5.131940606404118
6940,49.43631985185976,54.884763671714126,-36.03141759191992,4.75207198582838,0.5693791129852743,-5.190932401999694
6941,47.57682808110725,53.68485776704646,-35.9622381157218,10.282549097087283,0.39526487150430634,-5.261297999671659
6942,43.54067711155354,52.487281130666005,-35.89256977333317,15.812066155734925,0.21862591300716372,-5.340945160120787
6943,43.379537078835185,51.29201978215758,-35.82465122484962,16.53862570055709,0.03920186082958721,-5.426084838579418
6944,42.505812830242505,50.098971049009364,-35.76098945685288,15.90548498009133,-0.14311307623146413,-5.511944749279888
6945,43.43712017878523,48.90795381836739,-35.703890195291166,12.8265976425987,-0.32826112245573863,-5.593684923397254
6946,45.918577386787206,47.71871170265662,-35.655296087048036,7.160086781025342,-0.5160254044579478,-5.666962736945086
6947,47.47125558507411,46.53093407923085,-35.616288342475464,3.1532730651898646,-0.7060586382520777,-5.7286805746423495
6948,48.519385126705636,45.34429247982492,-35.58699481779826,-0.6579536846624592,-0.8979374427674377,-5.777123088349536
6949,46.504302992908556,44.1584677580443,-35.56680354107311,-1.7955345056020775,-1.0912001774753801,-5.811680700037594
6950,46.15898174095224,42.97317224375338,-35.554893537097314,-2.9200099180010284,-1.285382822769944,-5.832422459748657
6951,47.34627748794358,41.788141522237815,-35.5504422370478,-8.191864712965419,-1.480028341458624,-5.839696176649385
6952,43.70220878103516,40.60314276128353,-35.552149395287636,-7.305869734748377,-1.6746959012132363,-5.8347429898513035
6953,43.51856213769469,39.41799822921864,-35.55872766514266,-7.077295379418061,-1.8690112074487109,-5.819398334539658
6954,39.25807769657525,38.232560916940685,-35.569106444395864,-2.452581852697193,-2.062655790182547,-5.79527406408585
6955,41.1912188137393,37.046724466258915,-35.58252347256978,-4.262826175209682,-2.255362811721101,-5.763202645762289
6956,37.46941715273486,35.86039268543603,-35.598209956624736,-1.262087198728139,-2.4468692999000328,-5.72354057711957
6957,37.477102556574955,34.6735104691506,-35.615310334530115,0.07904429540928959,-2.636932183529072,-5.676410192832176
6958,35.19192308626443,33.486038663134025,-35.6331684396336,1.507808950799543,-2.8252966460888445,-5.621231440754981
6959,34.12312941142936,32.29796590650836,-35.651113701974936,2.777125280445887,-3.011680946246071,-5.556956105497209
6960,33.739619472515656,31.10929774966903,-35.66862104626832,2.716100926719321,-3.195760386455325,-5.482079034523641
6961,31.310135570284796,29.920057836757138,-35.68502793118725,4.28083865205457,-3.3771528818809804,-5.394860310542084
6962,31.755407842752895,28.73029588758988,-35.699736513701446,2.8128642034558737,-3.555417740491464,-5.293282063927512
6963,30.673745614311695,27.540075402510375,-35.71209024452743,2.27593478553392,-3.730038352809481,-5.175258554213782
6964,30.88889907248185,26.34948987128805,-35.721173298003194,0.15598889097091728,-3.9004349774390494,-5.03894970002759
6965,29.23408117206904,25.158663849310162,-35.725844668838675,-1.0805142791271862,-4.0659683328113205,-4.8828591988295456
6966,28.29276198633595,23.96776689336547,-35.72482331169299,-3.188586054237817,-4.225958924027686,-4.705939906503809
6967,26.951400901294907,22.777008961863963,-35.71686006511644,-5.295743079499928,-4.3796976599115744,-4.507593619050172
6968,26.666418302533355,21.586642889024375,-35.70069104989681,-8.1413667280083,-4.526465165297697,-4.287802294786154
6969,26.06520136787993,20.396962891870842,-35.674940149180294,-9.376834642921295,-4.665551146230651,-4.047239696381957
6970,25.29430334165654,19.20831354574569,-35.638009107554396,-8.519648195913227,-4.796281145056494,-3.7871439475013746
6971,24.303320971344395,18.021095618033883,-35.58815004311761,-7.294834983171903,-4.91802740939741,-3.5087693008861676
6972,23.227110460387483,16.83577020953785,-35.52352377264877,-6.212787001278116,-5.030199098448906,-3.213022867116093
6973,22.099411892494988,15.652860699857298,-35.44224570658271,-5.34680894807056,-5.132228933871816,-2.9004339368251397
6974,20.362947673445785,14.472953829099001,-35.342406819708415,-3.763970971860914,-5.223561360903915,-2.571210272229578
6975,19.086363345058444,13.29670024521007,-35.22217263822648,-2.2069906554181955,-5.303642952020454,-2.2251667373042583
6976,15.521907142002492,12.124808986550569,-35.07980636917039,0.9015200968930088,-5.371905810057532,-1.8616258078473846
6977,18.25568106044482,10.958046487265378,-34.913941919134395,-4.268197380841087,-5.42775133921028,-1.479194130784065
6978,13.725395896999531,9.797212858608276,-34.722988955742444,-2.1798750513267606,-5.470518752109803,-1.0767664042025826
6979,11.279436337333477,8.643180556882548,-34.50527817302409,-4.084252346875601,-5.499535766157119,-0.6536808730506216
6980,10.302888098906601,7.49686098040667,-34.259833423201684,-7.704752729227238,-5.5140974769798445,-0.20923775469237071
6981,8.976209317971993,6.359191662002436,-33.985845425771075,-11.207711756630701,-5.513484949803277,0.256447651223195
6982,6.7991551741630465,5.231137952021932,-33.6825077609834,-10.901352605293106,-5.497000966898298,0.7422028438455452
6983,4.252630737293445,4.113691144603543,-33.349198104127034,-8.477359061703318,-5.464004760213574,1.2463774379731385
6984,2.072713519053633,3.007858078413463,-32.985662626634465,-5.707268206766059,-5.413909137700089,1.7677197005679535
6985,2.570484347406646,1.9146469694945782,-32.592019726091465,-5.323538720540327,-5.34615678017571,2.305737915430486
6986,0.1540195603493994,0.8350567633406989,-32.16831093614494,-1.8540506988202452,-5.26019327667139,2.860391822723991
6987,-0.4384354611197182,-0.22990709291508438,-31.71454000406915,-1.2544160828314688,-5.155463991994111,3.4321912873687133
6988,-1.0543460129728013,-1.2792459035972445,-31.230839210395615,-0.9530398522603889,-5.031380524180142,4.022222906094433
6989,-2.249869610375589,-2.311963040274792,-30.717206120639815,-0.6199040555779334,-4.887315798254482,4.631673233097859
6990,-1.744555110835018,-3.3270596449732324,-30.173598058207478,-2.3906726015611923,-4.722602308640285,5.261783301755325
6991,-3.5389650561696753,-4.3235362441552905,-29.599770467441616,-2.140260239562366,-4.536530244804127,5.913534449949118
6992,-4.66359649155359,-5.300377676136007,-28.99537135851186,-4.164881141414526,-4.328366678643677,6.587629772302961
6993,-4.1642876265518645,-6.256561001389414,-28.360189372915528,-5.432076574683322,-4.097354926650596,7.284449910597955
6994,-4.666049539885854,-7.191056967663709,-27.69381869370232,-6.972783090908905,-3.8427366846038136,8.003820699218615
6995,-7.077942909955633,-8.102815580969569,-26.99557272015637,-8.034861338448643,-3.563766880036022,8.745078216459806
6996,-7.076822771645895,-8.990761815674134,-26.264923576603287,-9.576748956751715,-3.25973147017316,9.50709215446635
6997,-5.630562253982995,-9.853810486076455,-25.50143425470102,-10.917912747355231,-2.929960736404932,10.288258295149022
6998,-5.679492257014549,-10.690857432654202,-24.704192140000174,-12.213408547459636,-2.5738475838298918,11.086449455275876
6999,-6.668177493538228,-11.500756628743133,-23.871824023365917,-13.902496103670721,-2.190864106053207,11.899044381440758
7000,-7.566289293334184,-12.282312367545263,-23.002866086698077,-15.178406664376098,-1.780577958400508,12.722868100103387
7001,-11.412961806833563,-13.034281034523005,-22.095898429974746,-16.724749030202318,-1.342672899379648,13.554186774307253
7002,-13.206357383780322,-13.755372262876913,-21.14997867521497,-18.539147949305736,-0.8769655067800244,14.38872076326067
7003,-15.078754090514458,-14.44427961287067,-20.16478408853849,-16.516730997202608,-0.3834248484956034,15.22155630655604
7004,-15.766370321248042,-15.099691202112812,-19.140327377993003,-14.916906671154102,0.137804913657045,16.04766793408259
7005,-19.94282884591025,-15.720301438070203,-18.076802028235406,-9.166183107375623,0.6864196804432356,16.86241791289227
7006,-23.584458276862904,-16.304811337328506,-16.974935075988434,-4.661383821323923,1.261966107849863,17.662102465672277
7007,-25.196169137532973,-16.851963776469432,-15.836436922131156,-2.6967768281959223,1.8638931781547208,18.44437567046221
7008,-25.302019905321245,-17.360573798803916,-14.663630870927555,-2.4967404886638036,2.4915911525473438,19.20767852838315
7009,-25.857321231711875,-17.829539167864603,-13.458938637763485,-1.8839224634089788,3.1444050800469308,19.950591080015446
7010,-24.617531873881205,-18.257836374654815,-12.224734885122608,-2.268791136266728,3.821630557881707,20.67162382414343
7011,-25.952149066029726,-18.644521493539443,-10.963159065384076,-2.661538801492611,4.522513334989826,21.36912337612049
7012,-26.64385255821358,-18.98871364568042,-9.67624354222881,-3.1515582273342346,5.246238782956406,22.041115789888934
7013,-23.25885273305379,-19.289604396354697,-8.366213314876454,-2.1803913912074506,5.991921054315755,22.685284007154234
7014,-27.357437078813252,-19.546461200005517,-7.034796957557479,-1.3247507680027013,6.758591050100022,23.299164012946598
7015,-29.65278602786989,-19.758590860191863,-5.683746217832546,0.9670973145658621,7.5451986551788615,23.880338552536585
7016,-27.391411247178862,-19.925377614527687,-4.315693897049471,-0.6685196232740509,8.350613620269128,24.426627434205006
7017,-25.20520159091315,-20.046303786661827,-2.9332215028175312,-1.9071666413250057,9.173640484125862,24.93571131180606
7018,-24.805077819141353,-20.120925714715522,-1.5382063926847067,-2.317803316548691,10.012994374389532,25.404601276057477
7019,-23.913909903211188,-20.148850879507474,-0.1321122517517459,-2.2805759885480654,10.86728056919636,25.829815965240506
7020,-25.913134250301322,-20.12973319816564,1.283804502046486,0.8729085498158469,11.734982105405566,26.207566642434188
7021,-29.060093902304867,-20.063263912704375,2.7081239898232035,6.113242845984445,12.614451678691973,26.534282973514696
7022,-25.907536684658776,-19.94919159884409,4.138648355816326,6.319985542110416,13.503934303639879,26.807382996797102
7023,-28.181885808964847,-19.78735402231662,5.5731537296667355,12.204236702640799,14.401610545145113,27.024831696564426
7024,-31.6511410628223,-19.57764801686631,7.009505804200771,19.70618639005083,15.305589750077507,27.18523404767265
7025,-33.308758038466735,-19.320053635369902,8.44466093509439,24.776654560197343,16.213959481656623,27.288917674629786
7026,-33.21894427613372,-19.01467062119335,9.874743611154777,29.132131262550104,17.12485092838616,27.33781024996798
7027,-31.530337278265478,-18.66173739462625,11.295561469008035,31.33413135691326,18.03648016498782,27.3349705783067
7028,-30.133427791097333,-18.261633189926147,12.703088707505508,32.87846592835176,18.947182300273273,27.284161563582305
7029,-28.49541965787522,-17.814864814125883,14.09364637072148,33.25617832643967,19.855424269226642,27.18943221362963
7030,-25.859970062647484,-17.322056765211382,15.463880870269122,32.43098180553838,20.759811114515248,27.05484686792655
7031,-25.99015143417202,-16.78393942277461,16.810934373897854,32.68697810281762,21.659080727088412,26.88413378174328
7032,-24.00159669308477,-16.201327806951525,18.132168287667987,29.68522981324311,22.5520866999648,26.68066836087709
7033,-24.32719161238433,-15.575128203596742,19.42505370713098,28.805916992091213,23.437791951146885,26.447151195553502
7034,-22.953804391340448,-14.906324226476126,20.687129260823465,27.822735500256428,24.3152301130017,26.185441254293824
7035,-24.423306033671462,-14.195986252875178,21.91589681637258,30.715843790372233,25.183488034766473,25.89685836460438
7036,-21.750359808143862,-13.445264438717954,23.10863886724901,29.6584207316903,26.04168733730866,25.58274677549221
7037,-19.71406655550278,-12.65541032839191,24.262599598925398,29.38538743316792,26.889004486465954,25.244466978430662
7038,-17.080187920811383,-11.827757798789595,25.37549438473528,28.67392557353392,27.72465180253737,24.88292800846393
7039,-15.384115646693004,-10.963710702742892,26.445492536647066,30.084216442166223,28.547866353696882,24.49864224300052
7040,-14.142861647914767,-10.064724963013123,27.471155680915018,31.75250039692061,29.357894618737404,24.091979300262913
7041,-12.824842412625218,-9.132300324015224,28.451220064040513,34.16849705633042,30.153998307047743,23.663523722805255
7042,-9.669507767755674,-8.167976958743756,29.38453016747515,37.422471302001895,30.93546286692442,23.214228559824228
7043,-6.069967649508533,-7.173331646183548,30.27031362013659,37.272595875236874,31.70161354436936,22.74565541059479
7044,-6.577003489594429,-6.14995605073465,31.108511213665903,38.84082458678006,32.45183989429741,22.259597327229166
7045,-7.787210742812354,-5.099430898605821,31.899223517955274,40.71055877328928,33.18558669951797,21.757832785474243
7046,-5.400202959970424,-4.0233411495376314,32.64198735072601,37.00441721923616,33.90236207999569,21.242430824032574
7047,-3.8601228421421485,-2.92329840855742,33.336198290027106,33.67092657822744,34.601748754453475,20.714971707308614
7048,1.7265542725122092,-1.8009279302024912,33.98151228517156,30.90107941624595,35.283360193816264,20.17577830284562
7049,2.9006490577055275,-0.6578642562126493,34.57831457317552,31.453735156043223,35.94680064130985,19.624060539507084
7050,0.6098717555010189,0.5042930413425433,35.1276588585468,37.03478714465835,36.59163089645007,19.058498632042955
7051,0.888235630843124,1.6839796676904708,35.63009000054737,38.72190714792151,37.21736721677938,18.47849034924881
7052,3.586577060593255,2.8796323747123678,36.08550536994044,40.64479211608834,37.82353025306666,17.88432531821325
7053,2.3657173537246603,4.0896800256865005,36.49389176204981,43.23604462415115,38.40965557132693,17.276646796026114
7054,4.862522618378227,5.312558492182355,36.8550979438647,46.00860843863909,38.975306706135065,16.656592006699213
7055,5.962919454814311,6.54668655527748,37.16880063659354,47.40359337160925,39.52009503844021,16.02592451466272
7056,5.895779583827078,7.790478534621925,37.43484611125766,46.16435079304337,40.043701673779246,15.386862483820174
7057,5.8958937139321135,9.042342962694658,37.65286581401813,44.9295422718057,40.54588587069489,14.741488364445239
7058,9.36981181399556,10.3006695888898,37.82211011406174,41.74002442282655,41.02646756474226,14.091364171932597
7059,9.349056952890658,11.563816970298774,37.941972706066984,42.03198786570481,41.48531014882373,13.437247874104727
7060,14.759806068607183,12.830134435960932,38.0119858291328,37.90998586547623,41.92228408968258,12.779326870862135
7061,16.444729673113198,14.097949358907627,38.03210708993369,37.87247904848549,42.33726527354787,12.117085816134257
7062,14.44581304892978,15.365608241956512,38.002972407118705,43.236084012312574,42.730089810758194,11.449264147157052
7063,15.317759997222936,16.63148085271554,37.92479397679392,46.70416138390887,43.10054955002501,10.7752731820743
7064,15.340454189805989,17.89392784040944,37.79723966977272,49.968175492757055,43.448441356229814,10.095724029148556
7065,15.395388971638836,19.15129683070039,37.619734424968314,54.58491496446558,43.77359781863491,9.412122054176315
7066,18.400910780311133,20.401910135407327,37.39134002223629,55.91732115037601,44.07591615984157,8.727044426000816
7067,21.20073026339949,21.64405283218281,37.11120039568365,57.51166797484936,44.3554007803683,8.04385965866917
7068,24.2059663181801,22.875990161786238,36.77895206878516,56.80920370109196,44.61217347041951,7.3662849659178775
7069,30.563247642425964,24.09598297010182,36.39472688905316,50.75736981945556,44.846486444762824,6.698090443808091
7070,38.18140096143757,25.302305287723115,35.95968432487757,43.30627762228153,45.05871283334005,6.041968782470732
7071,41.2688993678915,26.49329525842699,35.47670122638625,39.51907559457101,45.24928436359421,5.398538353109963
7072,43.62632020312866,27.66741870281553,34.94988991368391,37.91186982222001,45.41861539021405,4.766686468641126
7073,45.122521540834185,28.82328791933925,34.383820681379774,40.96661830871629,45.567063461503615,4.1444447622453495
7074,43.9078302991196,29.959673414907517,33.78329039144095,43.63095113776123,45.694911707697074,3.530012865660055
7075,46.159637508832205,31.075507278768647,33.15279690329356,44.86032992178751,45.80239765254762,2.922399765789443
7076,45.18729989082652,32.16985987512709,32.49665738757887,45.30344898460274,45.8897383587497,2.3211584590247725
7077,45.57144809632577,33.24195110460724,31.819050615109923,46.457685398092664,45.95714154981594,1.7260616750039404
7078,44.47977601169353,34.291129916134416,31.123745736138737,47.17249119773889,46.0048091370833,1.1370966631619694
7079,49.34087265242598,35.31686748701649,30.41409125248471,48.03212858373861,46.032947994026735,0.554511492687837
7080,46.319813820200054,36.3187359996334,29.6936876433924,48.48715342689461,46.041776569929155,-0.021222916355725374
7081,49.929206758786705,37.29644666324265,28.966107496254665,49.37607524177473,46.03153313293635,-0.5894456476283949
7082,46.58949574862475,38.24980983271704,28.234716516989096,50.297040596905745,46.002480193420595,-1.1492957263100934
7083,47.30879242109289,39.17876109770859,27.502633358557276,51.25010858426333,45.95491341784901,-1.699637199557671
7084,48.35260481286674,40.083318723287526,26.77230710736648,50.363333590991786,45.88917104678342,-2.2390440477446916
7085,49.21437370909342,40.96358157153302,26.046176381201533,49.68358211349634,45.805643814666034,-2.766063543976216
7086,49.76367118267342,41.819730482034295,25.32669775526948,49.30989426641604,45.704766810518336,-3.2794537108486566
7087,52.36449580254029,42.652028088550985,24.6162794251385,48.677231418546,45.587013567276124,-3.7781017985578202
7088,51.54383848660775,43.46081577704353,23.91754694103639,48.17025748518566,45.45289335728115,-4.261012193217333
7089,48.02688172750449,44.24653121795341,23.233146535018605,47.422148129531976,45.3029460877283,-4.727321293474738
7090,50.94143387676739,45.009692212711435,22.564842319101608,46.631885186183965,45.13773860438283,-5.176309890354247
7091,51.07292967406497,45.75085403922685,21.91407850465712,45.880712435317164,44.957858761704685,-5.607440670259578
7092,54.04541686175388,46.47063077968858,21.282528561276415,45.10795018485334,44.76390922636553,-6.020354219462831
7093,54.06850958696959,47.16968927664528,20.672110283191927,44.723676903636374,44.556501813740496,-6.414862147696674
7094,50.72546995802351,47.848771465234705,20.084975930346403,43.98816799597145,44.336251749852416,-6.7908884359092525
7095,51.10699236941024,48.508687672001706,19.52257914580347,43.49019955903805,44.10377591801321,-7.148459985652167
7096,50.11246701701581,49.1502767416216,18.985734075653298,42.92097970030039,43.85968775080894,-7.487719798087689
7097,54.10858162461916,49.77440327704526,18.474970174028584,42.48463160753353,43.6045945981407,-7.808898701624791
7098,53.3654132020108,50.381941419890175,17.99107502363185,41.805581217722604,43.33909450403395,-8.112302825578013
7099,53.25284065752087,50.973808278620716,17.535136776567306,40.81540571659177,43.06377440976883,-8.398326748226097
7100,52.48007295505097,51.550950538327996,17.10793797981001,40.36353294461833,42.77920605415221,-8.667532844478778
7101,52.03730251487505,52.11433747727472,16.709955693663545,40.01108706340429,42.48593888680358,-8.920614668524749
7102,50.65228303643513,52.66494758457223,16.341316625574684,39.69398587387664,42.184498409583895,-9.158299453135932
7103,49.434530208348285,53.20375858564636,16.001710032221474,39.75086580832371,41.87538558992785,-9.381325559886236
7104,49.249326675914546,53.731728253387,15.690276132275649,39.26783857644605,41.55907670559148,-9.590379255136412
7105,51.096652554551376,54.24977699446474,15.4057878885963,38.748402621691596,41.23602697291876,-9.786117172665385
7106,52.27287085989355,54.75878077929342,15.147109880174483,38.28447714229745,40.906668894080454,-9.969249940771547
7107,49.90047513404577,55.259584319809704,14.913403569092907,38.063191811753924,40.571410310200655,-10.14053740134969
7108,48.65970083736216,55.75300768389961,14.703502382217906,38.05378787355255,40.23063306732381,-10.30074245869379
7109,49.22150107719515,56.239817811957565,14.515554615455741,37.8685373138278,39.884694146287735,-10.450561792997917
7110,49.90804698352708,56.720711324929994,14.347461836575874,37.3751849921685,39.53392894779061,-10.59061891370753
7111,50.110470756610674,57.19631526772929,14.19716734556033,37.03505794251322,39.1786528853739,-10.721534638570667
7112,49.731618186039675,57.66718914796735,14.062604400849139,36.68490706127929,38.8191599718859,-10.843948735687263
7113,49.477322114074276,58.1338222277859,13.94153928197877,36.2737543122327,38.455722969661416,-10.958497331279844
7114,52.567726644316146,58.59662510009927,13.8315047082353,35.67376998130814,38.08859348313391,-11.065822257834235
7115,53.550603758676665,59.05592254166825,13.730316925672739,35.37415264164767,37.7180014858058,-11.166607069356154
7116,54.27738468623002,59.51197956181078,13.636260768556845,35.07109711913563,37.3441530118435,-11.261559391822829
7117,55.16232262597194,59.965006592905375,13.54773918599939,34.569337869779176,36.96723085968428,-11.351365770028394
7118,54.29323784155845,60.41516217421074,13.463259610593106,34.091444657638746,36.58739529384161,-11.436720785260377
7119,55.98920789932496,60.86255723361158,13.381197526915116,33.66014231569393,36.20478280733359,-11.518352163787995
7120,58.50049028690686,61.30724200933842,13.299917911432857,33.21312221204573,35.81950514958908,-11.597009453585976
7121,58.42634557306702,61.749218427707106,13.218278714722551,32.93662982618457,35.43164884376119,-11.673458624177009
7122,59.69635850983057,62.18846059031992,13.135368446926208,32.66104697668193,35.04127457464394,-11.74845826625237
7123,60.80708074553908,62.62490965750219,13.050322407341746,32.30922183839935,34.6484182926777,-11.822733340662666
7124,61.33051248677422,63.0584820841427,12.962499698907344,31.94815535007912,34.2530923519331,-11.896985637069264
7125,60.91312521618397,63.48907630409601,12.871373052891073,31.77016120100943,33.85528591687308,-11.971905749241536
7126,60.58882606700774,63.91657362100211,12.776302465978056,31.480084007375297,33.45496530198366,-12.04814648987309
7127,60.311941871705706,64.34082980182788,12.676410044038526,30.990371734441084,33.05207615088154,-12.126311591583026
7128,61.22566403089864,64.76166762393801,12.570601837754367,30.74866255085982,32.64654452921146,-12.20700130433574
7129,61.182418500364804,65.17886992434484,12.45775292963522,30.416913691415687,32.238276063925824,-12.29080442811286
7130,61.82167368772584,65.59218448591369,12.33674322557647,30.12760474477946,31.82715756733727,-12.378274023458253
7131,63.17800097768966,66.0013194727166,12.206417759691135,29.75276244047913,31.413057795695273,-12.469933658895442
7132,63.1465566308441,66.4059456698931,12.065796013767951,29.317300673317675,30.99582865674424,-12.566282951896994
7133,63.20682923441237,66.80570587363447,11.91397347462555,28.90085558481701,30.57530559890214,-12.667818393491252
7134,63.47292481427289,67.20021056820147,11.749930301729137,28.518727230108226,30.15130743051149,-12.775038579538336
7135,64.84734275148824,67.58903456041641,11.572577077181592,28.195428990922892,29.72363636026625,-12.888435273353114
7136,66.59738289994594,67.97171570668024,11.380951848523253,27.97417686515125,29.29207841228795,-13.0084784916186
7137,67.54847788006035,68.34776468365129,11.17444255303468,27.645402580785372,28.85640446082501,-13.135591457548124
7138,67.31886586883999,68.71667854354922,10.952725968273143,27.149898949192405,28.416372315118075,-13.270150225139066
7139,68.77267944941289,69.0779464148695,10.715475380283124,26.786103556523656,27.971727779149074,-13.412523200895397
7140,69.19599327368888,69.43104356890143,10.46243753704303,26.214615052353608,27.52220410172505,-13.563075017602308
7141,69.54103869432599,69.77544225067237,10.193532092082478,25.97620024835554,27.067522777975586,-13.72217642204566
7142,70.72641436728593,70.11061237504026,9.908689236488897,25.590559622729188,26.607392340255338,-13.890184138123818
7143,70.8182962672429,70.43602153310496,9.607965685124,25.35501076801677,26.141510502100665,-14.06741165357186
7144,71.99061007286875,70.7511434207152,9.291509854389304,25.03899392541483,25.66956489668388,-14.25412712824496
7145,71.38400029285334,71.05545552339758,8.959562901113287,24.59429739065054,25.191235360217668,-14.450541283951388
7146,71.18887380712101,71.34844761412275,8.612357992350894,24.404490260653574,24.706195477753788,-14.656836654211176
7147,71.05999932100126,71.62961272288764,8.249920254490348,24.13022017426769,24.21411291660359,-14.873146869418647
7148,71.31794989759334,71.89844229775544,7.872141255647591,23.867007857012695,23.714652353125878,-15.099529268913692
7149,72.3693310397532,72.15442213993082,7.478849972334984,23.334369456539235,23.207477632009343,-15.335973672119554
7150,73.73600148773853,72.3970322959111,7.0699920414102735,23.188903247493883,22.692254108317908,-15.5824385542895
7151,71.97370380676252,72.6257549426915,6.645798528268969,22.89577755066132,22.16864839505671,-15.838831193388412
7152,71.46951772078634,72.84008553112903,6.206371579271988,22.328488919069443,21.63633202875868,-16.104969610652233
7153,74.20174276548767,73.0395130479763,5.751410426136303,22.314315145291374,21.09498375434656,-16.38064275484597
7154,74.24769145243471,73.22351289287145,5.280884088489515,21.892413870187298,20.544289178435616,-16.665566383082844
7155,73.64045664323824,73.39157198720893,4.795117690481305,21.551901689119944,19.98394599547437,-16.959358708492633
7156,73.7309296536028,73.54318740557021,4.294300539662217,21.050145431217047,19.413665264536107,-17.26158610293634
7157,73.78532191929594,73.67785868985308,3.7784975634995988,20.66279851246793,18.83317358861195,-17.571772059125088
7158,73.94179746554347,73.79508724313685,3.2477526597565287,20.291229163128932,18.242213793927768,-17.889401158928404
7159,75.33506911998835,73.89437553383685,2.702103624635228,20.30600194827555,17.64054684468339,-18.213896639243092
7160,74.46241552814632,73.9752274847792,2.1417865088847776,19.883134685465947,17.027954017978228,-18.54455744701621
7161,74.27317992409067,74.03716130109584,1.5670879931225556,19.822502356652834,16.404243014882308,-18.880562650483856
7162,74.94333194034714,74.07970001765403,0.978115619912856,19.414928752715383,15.769249841279304,-19.22097937408843
7163,76.38941418391464,74.10236900909003,0.3750329099261762,19.00813230518588,15.12284438994308,-19.564757193289914
7164,76.5961427874165,74.10470221164911,-0.24169162360585972,18.730377023551753,14.464932695059977,-19.910776235280913
7165,77.73122756368137,74.08625623418297,-0.8713474084059669,18.60825850917908,13.795459307591019,-20.257824466651712
7166,78.26069815748484,74.04661238442205,-1.5130219453224925,18.150926044256778,13.114411063949863,-20.6045519308422
7167,77.87992392258141,73.9853881044948,-2.1655465737356394,17.843377067007467,12.421822512201539,-20.949494011239214
7168,76.58832249248422,73.90224261283967,-2.8277155221893935,17.73676877093294,11.717778129867249,-21.291095567850455
7169,76.33139859450331,73.79687373634884,-3.4985502373653787,17.39967090356251,11.002416141011508,-21.627655364199292
7170,76.48994010961663,73.66900593034865,-4.177274402833362,17.090407995989025,10.275934438920629,-21.957327074851083
7171,75.56709169603087,73.51838877615995,-4.863091649005042,16.500932876090303,9.538594336021436,-22.278146084155985
7172,76.61432672690728,73.34479982041498,-5.555277849177713,16.236421350094233,8.790724699976897,-22.588063747152614
7173,76.51948921587963,73.1480369195481,-6.253042169836007,15.779082623645749,8.032723419544595,-22.88493755449368
7174,76.38916327131575,72.92793034242591,-6.955397081463417,15.234744058448058,7.265062196343985,-23.166508411080933
7175,76.1068832854139,72.68434378078388,-7.6613265473988434,14.925697777085176,6.488289525472533,-23.43043930395997
7176,76.5096403151676,72.41717523926599,-8.369806934191644,14.699334761071341,5.70303290941332,-23.674290459527782
7177,76.9881102255093,72.12635665183777,-9.079720742657855,14.454272766294963,4.910003494837348,-23.89546944332941
7178,77.49420391197123,71.8118605230888,-9.789736459033804,14.47177763381248,4.1100016131913595,-24.091219228024592
7179,77.1169793196662,71.47370755456885,-10.498286150842091,11.515105661353587,3.3039222129690415,-24.258579736993212
7180,76.2511810830616,71.11197477969932,-11.203685671976729,7.850914355625548,2.4927629640584787,-24.39478912667045
7181,75.17311959383274,70.72679517643707,-11.904331642119175,5.3739232357325335,1.6776029378576782,-24.497829604460687
7182,73.75138424598131,70.31835267022471,-12.598798669888609,3.0069371084736645,0.8595743237610994,-24.566354748733982
7183,73.75968568085166,69.88687526511116,-13.285915076172685,0.4409381507770149,0.03984595460874618,-24.59949558981712
7184,72.54976212122956,69.43262499847987,-13.964594464766193,-0.016075240872439167,-0.7803920488933753,-24.596873166349692
7185,71.81365204848584,68.95590230079341,-14.63379741372627,-0.867266703236993,-1.5999455898145667,-24.55831417922103
7186,71.6238209408992,68.45703850423145,-15.292635443062963,-3.1129548536799376,-2.4176129941747773,-24.483596021585264
7187,71.32400415682405,67.93639327125588,-15.940212690408515,-4.586933985760055,-3.2321853245869177,-24.37271314133703
7188,70.70192141971064,67.39435765820421,-16.575554501774477,-6.142080982398795,-4.042460536930579,-24.2259703918478
7189,69.7408022939715,66.83135630447092,-17.19766528865172,-6.226625876529482,-4.847250017376771,-24.04388144607871
7190,70.09860051944763,66.24784663896077,-17.805620566796847,-8.340344385660359,-5.64538596666916,-23.82696363911425
7191,69.61438760868084,65.64431493335113,-18.398415078293908,-10.496484345801441,-6.435714259984388,-23.575822834221793
7192,68.25890883281447,65.02128563374117,-18.974885847498584,-11.763987853255493,-7.217107488950613,-23.29146362441349
7193,65.37356383110307,64.37932254351789,-19.533961072767703,-12.917652426546134,-7.9884785016119535,-22.975165987930982
7194,66.25742627402745,63.719021562223325,-20.075011465714105,-14.87087551764111,-8.748785221479345,-22.62833903674705
7195,67.31926827531971,63.04098844580361,-20.597511713414924,-16.692246381657185,-9.49703443739509,-22.252626120324788
7196,66.52212774304463,62.34585411466233,-21.100448158548346,-18.602961098428082,-10.232293629500997,-21.85000755340908
7197,66.54039960400024,61.63429190190039,-21.5825635887618,-19.752263397374996,-10.953701607622362,-21.422798019556968
7198,65.7654529285855,60.90701654207821,-22.04250743219454,-19.779438647979774,-11.660480164138129,-20.97355062428815
7199,63.03088550654029,60.164791406420754,-22.478827677749607,-16.43951801215227,-12.351938315908239,-20.5047810433933
7200,62.37041934152289,59.40842803022824,-22.890375669239553,-15.899596374731928,-13.027465567031015,-20.018304418340716
7201,60.242189289325566,58.638766361804784,-23.276284756402106,-18.23006931103508,-13.68649194379762,-19.515155674754343
7202,59.77715315125088,57.85667571313476,-23.63587605120273,-20.87850887763485,-14.328475945347972,-18.996437546204376
7203,58.57455376112853,57.0630412917246,-23.96862554121533,-23.187737380528986,-14.952921113544578,-18.46379967911726
7204,54.13994604782309,56.25876734372041,-24.274022881319297,-20.86268531588705,-15.559395923955789,-17.91944061598614
7205,55.994531279922974,55.44477309963665,-24.55215837979111,-25.092100289060227,-16.147550487943654,-17.3653735055533
7206,55.93249391299654,54.62195678506767,-24.803265360073894,-26.241935627974243,-16.717087490992675,-16.803717035637753
7207,55.29909868867087,53.79122207563172,-25.02706719179816,-25.587191831718698,-17.267798290319504,-16.237217649956754
7208,53.59885131056812,52.95348563894779,-25.223144770087984,-24.61252808038448,-17.79956866765646,-15.668528829994202
7209,53.952675408156935,52.10967909095919,-25.391177902656388,-23.47338743440028,-18.312366878985785,-15.099900792884213
7210,50.50613866313166,51.260740445437364,-25.530796564113842,-20.759048245877104,-18.806228720515406,-14.533114098132174
7211,47.5430014394503,50.407625986684934,-25.641838907585566,-19.323315665098036,-19.281241152194596,-13.96922659079971
7212,49.84202341361208,49.55128451826499,-25.72484312069669,-23.245883982877793,-19.737510493235387,-13.408534916408836
7213,47.7108441970682,48.692636445305155,-25.780191946408806,-22.959605879512537,-20.175143479955185,-12.851567035082851
7214,47.03458664843548,47.83260505517107,-25.807988146010565,-24.574619781439388,-20.594281628907577,-12.299258706593506
7215,45.90102167448976,46.972103902237784,-25.80849638160913,-25.27341815301071,-20.995094060394752,-11.75261587298806
7216,43.703299969384446,46.11203862973046,-25.781994592945487,-25.035099656027576,-21.377789353773448,-11.212866617126132
7217,42.853564135478294,45.253304262708085,-25.72900023772128,-26.73050939003911,-21.742618501536494,-10.681190986852549
7218,41.13455429313177,44.39677194721571,-25.650228348250295,-26.23838254163404,-22.08986875289695,-10.158874544294303
7219,39.35813933345706,43.5432890394914,-25.546520871217382,-25.888509914235662,-22.419876804489448,-9.647275894713285
7220,37.95119590133255,42.69367055580122,-25.418985247988672,-25.660657592923094,-22.73302047921117,-9.14752772610047
7221,36.45056820083006,41.84869002295882,-25.268949037692394,-24.627860824817922,-23.02971198622948,-8.660581179160456
7222,36.248970715725314,41.00907395328839,-25.097920171316517,-25.015478038838324,-23.310392557821867,-8.187109249105866
7223,36.03653880716237,40.17549534487105,-24.907409201261324,-24.820265706987065,-23.575519269503204,-7.727603134793117
7224,35.501823827939276,39.34858000653764,-24.69873943903231,-24.069542089873437,-23.82556610014141,-7.282501483295114
7225,33.30356450029933,38.52891271560223,-24.473098379239637,-20.599299444200803,-24.061019368389545,-6.852025671203421
7226,32.377464667070036,37.71704011458833,-24.231835065538547,-19.68822425784893,-24.28236781155497,-6.4356972122870815
7227,32.07722723284929,36.91345704456633,-23.976520527385645,-21.484510101940252,-24.490065849208683,-6.0323181803492965
7228,31.4156381123842,36.11860541276262,-23.70866793139907,-23.57596069739671,-24.68452235691159,-5.64075848189912
7229,30.804990931202536,35.33287918247306,-23.429695779040927,-24.841492312770043,-24.866116414668625,-5.26040633782257
7230,30.061972389798534,34.55662569415989,-23.14097672064424,-25.140719726966864,-25.035216112766427,-4.891093240682416
7231,30.861419986144664,33.790147401096775,-22.843852429751195,-25.521180731706444,-25.192189297380786,-4.532831217456099
7232,28.42043012240236,33.033702198843145,-22.539426780857283,-23.1160926885684,-25.337404860596834,-4.185684878598259
7233,28.600944165851157,32.28751894903962,-22.228821287353515,-23.498519078670938,-25.471234955954003,-3.8493728314823095
7234,26.73961866240045,31.551780779686244,-21.913270156349736,-21.701057346307266,-25.594029716028988,-3.5232714140908072
7235,26.134497236389223,30.82663427194964,-21.594037170382165,-21.542405117668665,-25.70611971689339,-3.2065083845300535
7236,25.746584886334603,30.112178301660766,-21.2725356415031,-22.15232201538003,-25.807796941664325,-2.897885694147817
7237,25.015724226457117,29.408465229182767,-20.950112475928382,-22.892496194481325,-25.899312096503245,-2.5962406107309732
7238,24.070456515809536,28.715504136598874,-20.628070058966355,-24.39379831735758,-25.98087964904639,-2.3005824356738103
7239,20.92156379423429,28.03326055858501,-20.307752331435065,-22.764680914165126,-26.0526842588815,-2.010228045452873
7240,20.773688736018396,27.36165398116987,-19.990907549387504,-24.105004984013306,-26.11489485207658,-1.7244525032985614
7241,20.275042449762104,26.700533388625843,-19.679572885381678,-24.586922693060856,-26.167647759101403,-1.4424679997989287
7242,22.17925762155365,26.049682455477758,-19.375683471525633,-25.37708920370025,-26.21105938539651,-1.1637406019120355
7243,23.98071469029586,25.4088211571908,-19.08077033515852,-26.460533886012392,-26.24523046589554,-0.8879112386702559
7244,26.838456386127586,24.777631099800523,-18.795621380577394,-29.6404669057546,-26.270253467974527,-0.6148879128441287
7245,24.70948859316262,24.155779731818974,-18.520142520978204,-27.33589795326975,-26.28622299341848,-0.34520379937955425
7246,24.539134020759764,23.54295493173531,-18.253944968870375,-27.533830062793676,-26.29326705459983,-0.07951614626882986
7247,23.68558943567491,22.938850067227616,-17.996798252202808,-27.24420410943035,-26.291524069836402,0.1818344826157947
7248,23.697451184487655,22.343168381588455,-17.748443194825736,-26.75611505534959,-26.281144755758778,0.43852194677933554
7249,23.61451618414372,21.7556205209059,-17.50856736970947,-26.56982699784819,-26.262289273384447,0.69033395119666
7250,21.37817095923073,21.175930556941157,-17.276692969518717,-26.229894814663247,-26.235122492345667,0.9371541350497736
7251,21.981715434813626,20.603840989604652,-17.052513498383135,-26.018860526607277,-26.199812331047795,1.1789375441104966
7252,21.189575221339386,20.039096323715615,-16.83579398943964,-25.54938319252289,-26.156526656071634,1.4157118637138666
7253,19.809567368048892,19.48145472364201,-16.626158470489152,-24.930439999199784,-26.105431540133537,1.6475942855137582
7254,18.54860804909187,18.930685759016338,-16.423387071427413,-24.674406557254386,-26.046687037037383,1.8748498172542938
7255,16.372781654192973,18.386562252213515,-16.227487816988955,-24.42391718719,-25.980441552316584,2.0978572443870647
7256,15.120347296931715,17.84885323788374,-16.03881697704333,-24.052771264768367,-25.90682988741158,2.317052087208431
7257,15.597551578378976,17.317307787077294,-15.858079740958875,-25.26952455634408,-25.825971413169356,2.532941507578368
7258,15.13350165808833,16.791647921819816,-15.685937575972737,-24.306827376921092,-25.737967120239688,2.745883953435513
7259,12.916497642295251,16.271578615345778,-15.522892784274092,-23.45108903437783,-25.64291248294032,2.956174983668376
7260,11.650562047984314,15.75678840286821,-15.36969084476243,-23.00053171311331,-25.54088878799513,3.1643533415824976
7261,9.798611080602539,15.246932559028282,-15.227441271710846,-22.780033084284376,-25.43195559350149,3.3711227137573907
7262,11.798032842067188,14.74162565142082,-15.097564849269753,-27.28752574865686,-25.316147273744637,3.5772552046048745
7263,16.143622506696904,14.240428235743632,-14.981309475196465,-33.76773045320477,-25.193471913194497,3.7828520126527465
7264,17.194731257483276,13.742871686407723,-14.878829859245801,-36.49460826643205,-25.063957139567787,3.9863449764145287
7265,16.539001326663307,13.248506245127246,-14.789329692083184,-37.491404022478235,-24.927715581433528,4.184759317900628
7266,18.025918523918946,12.756916373602177,-14.711806369420248,-39.429377290192676,-24.78497318504108,4.374527021338288
7267,17.68667534394926,12.267719153832562,-14.64498707351435,-37.86880967125646,-24.636080446677642,4.551602178188805
7268,16.02530914719511,11.780583902034554,-14.587282479357118,-36.33513371369504,-24.48153303982849,4.7118393919462775
7269,15.679454726201648,11.295233655208754,-14.537255574369539,-34.623314395549194,-24.32195782054789,4.851508265260058
7270,12.19015853121327,10.811433530409918,-14.493623213563698,-32.93907007757101,-24.15809915547782,4.9673143029145805
7271,9.926826038430534,10.328992107637841,-14.455528433053502,-26.804283089529605,-23.99080353368692,5.056419917099202
7272,10.816775544940596,9.847731634873018,-14.422826016186328,-25.62546276489644,-23.821004494337874,5.1171009852530425
7273,12.01403342078851,9.36747037322542,-14.395431666869216,-24.686668916204574,-23.649663468003382,5.148670808958613
7274,11.652625385609731,8.88803619041507,-14.372807735686326,-22.35956155743912,-23.477759773740633,5.150706855754148
7275,9.533307612202384,8.409283190846331,-14.354149571336588,-18.054947317774804,-23.306283010953106,5.123221199198387
7276,9.26512888187955,7.9310928856592975,-14.338878927659927,-15.745655154375086,-23.136211693794074,5.0671610042414805
7277,7.922651209044934,7.453357929002336,-14.326630285183931,-13.715008049115525,-22.968472277337007,4.984406150542249
7278,10.602650038551882,6.975984199980369,-14.317135484525373,-17.245991845541937,-22.80391795042459,4.877431643859751
7279,8.995190589351628,6.498882230033978,-14.309785446751416,-16.588240563474464,-22.643310167746357,4.748439973417096
7280,13.254100614352458,6.021998503530274,-14.303669670931086,-22.30089536922838,-22.487355285530118,4.599158019494922
7281,6.638490835492662,5.545304251971905,-14.297341519122838,-17.76744547797108,-22.336699633113362,4.430513912484226
7282,6.046208652742464,5.068842402255418,-14.289563000954463,-18.838326473283708,-22.191987691364503,4.243214838459615
7283,2.5833912873217573,4.592666718574941,-14.280026220259483,-17.1387642400408,-22.05381864388272,4.0384389539162235
7284,3.099295922447619,4.1168406542381195,-14.268884624404915,-19.357482378742773,-21.922758427770088,3.8174158366745736
7285,1.3025888295126045,3.6414077436146135,-14.256588308799758,-17.081391483087067,-21.799324254771083,3.5812578297921682
7286,0.6232221329494514,3.166401433651469,-14.243636372758285,-14.793747041278223,-21.684007905783943,3.331047963867597
7287,-0.15650992412948148,2.6918319854307278,-14.230754781109685,-12.283927930276668,-21.577254390513243,3.0685124051016643
7288,0.301216330241781,2.2176844482441567,-14.2187452659733,-11.38512706849604,-21.4794404121105,2.796057691697005
7289,-0.8426297306412502,1.743915634365841,-14.208316366014326,-9.459576505352047,-21.39085054440011,2.516566812135377
7290,-0.8792734026316644,1.270463357176535,-14.200137690124617,-10.061715180433957,-21.311669291301474,2.233315024022602
7291,-1.5027265933772476,0.7972397883575333,-14.194913534801987,-10.9298455015713,-21.241962876131936,1.949749431515304
7292,0.30678144043665806,0.32413578818973576,-14.19330558156287,-13.92735382410477,-21.18168599586712,1.6690763662955632
7293,-0.527368245427836,-0.148980583746658,-14.19565842155083,-15.091914487406115,-21.1306911183789,1.3939080014911553
7294,-1.346222968786552,-0.6222414399136529,-14.20203090255062,-15.610027894733705,-21.08875879576771,1.1262210542243878
7295,0.5744753833460047,-1.0957826439166993,-14.212586949501556,-18.964704738492976,-21.05560971476394,0.8677282054553004
7296,-1.4185244181962509,-1.56974723654709,-14.227185848821584,-16.520397414273823,-21.030910248737356,0.6195550781720982
7297,-3.325446202358146,-2.044261700504805,-14.245556741945668,-14.558131077211073,-21.0143060428858,0.38268331901704755
7298,-3.3396743366774855,-2.519451019343468,-14.267867656882668,-15.118788476762859,-21.005398027469553,0.1587437007362169
7299,-2.7696890482437717,-2.995452877630316,-14.2944310780091,-17.046377942941135,-21.003723129503385,-0.050428375046216445
7300,-2.4196834676182246,-3.472413091210741,-14.325335402874968,-18.379298945558574,-21.0087599191393,-0.24336908868011875
7301,-1.2549887093656473,-3.9504752378219807,-14.360390516441115,-21.076255548916116,-21.019947735415393,-0.41909896631098675
7302,-1.1133089565854923,-4.429772458973482,-14.399039049986904,-22.24316551229311,-21.0366998502267,-0.5772353738997538
7303,-3.2038107208546145,-4.910411174487774,-14.440387012141116,-20.759063983515574,-21.058430093675376,-0.7179660888873229
7304,-2.32668200393098,-5.3924649264495566,-14.483687461260688,-21.638975287824657,-21.08456425615252,-0.841425999150136
7305,-2.3502065890258272,-5.87599033857182,-14.5282307325053,-21.655570592607177,-21.114525160285385,-0.9476530304787545
7306,-3.856180380716679,-6.36101364194991,-14.573036644120712,-20.81142354523636,-21.147741124851105,-1.0368100798736535
7307,-6.135301830410782,-6.847526114846534,-14.617208428911127,-19.329294542355733,-21.183645832276962,-1.1089275908573093
7308,-6.870387961353211,-7.335494203877318,-14.660267702713128,-19.74117660342214,-21.22166963090826,-1.1636798057213937
7309,-9.406464152198875,-7.8248772950274095,-14.702039393657142,-19.425616730536134,-21.261224485991722,-1.2005708251275138
7310,-8.146380497285213,-8.315630163454461,-14.742689525085204,-22.708442011671394,-21.30170768591676,-1.2191075369456605
7311,-7.078312970111615,-8.807723263366423,-14.782428114920965,-24.20827086195488,-21.3424983217881,-1.2192261666698911
7312,-6.310846741610554,-9.301125371115859,-14.820972827880246,-26.554433655570804,-21.38298943036142,-1.2015620463061438
7313,-8.181662441371989,-9.79578811855844,-14.857621834914196,-25.701900169792204,-21.42260245820851,-1.1673103292404896
7314,-8.704462813289858,-10.291633493443472,-14.891690450072508,-24.20077000644195,-21.460810118977452,-1.117876363438235
7315,-8.42841730818982,-10.788567481896607,-14.92270263291819,-23.556316101849944,-21.49712754910439,-1.0543039293191825
7316,-9.96419875355304,-11.286480335638018,-14.950071407384558,-21.754281247109397,-21.53109704759873,-0.9773066717529311
7317,-11.626832751924931,-11.785238909055577,-14.973249187048312,-20.17166809505312,-21.562281327221253,-0.8872239850354013
7318,-12.155958927960748,-12.284696948107905,-14.992015790095765,-20.659784225264723,-21.590245313267758,-0.7838822696729864
7319,-12.028678565774205,-12.784706628395295,-15.006328517499936,-22.447536801595568,-21.614540145199452,-0.6669363763542613
7320,-13.7181096597072,-13.285118849274568,-15.016055802424972,-22.223037829369403,-21.634707738358042,-0.5363718118851146
7321,-13.326957281720189,-13.785777015223626,-15.02114960845784,-23.796590717053235,-21.650298265991793,-0.3923999309578541
7322,-13.95124937294877,-14.286528823171757,-15.021606094775706,-25.129780255669843,-21.660867733755232,-0.23542737849517437
7323,-13.705624853204986,-14.787217421542007,-15.017307176927686,-26.62106982476199,-21.66599342455814,-0.06628914892779392
7324,-16.143976400637623,-15.287682634966936,-15.008042162650543,-24.6905284251146,-21.66528701035042,0.11376209041175755
7325,-15.59800429890162,-15.78775356571871,-14.993777549472496,-25.01979329264779,-21.658409285197354,0.30353964714770143
7326,-17.36932106195705,-16.28726780493177,-14.974612454157352,-24.74976683837418,-21.645051033873905,0.5020938147805154
7327,-19.325331186393555,-16.786061062662533,-14.950679564446148,-24.50938890639187,-21.624936364211987,0.7084630687781512
7328,-19.90972495563782,-17.283979775894846,-14.92251737980073,-24.213321589484593,-21.59782016262203,0.9217568054601522
7329,-18.616233212798743,-17.78089555464925,-14.890893950369968,-23.972283624929403,-21.563485910514643,1.1411571684956456
7330,-17.1324953477306,-18.276706039252844,-14.856323947463324,-23.554441026151473,-21.521743018055652,1.3659170325660597
7331,-17.66235645531887,-18.771317151146803,-14.818761440921175,-23.315391034363067,-21.47242477501024,1.5953759366174403
7332,-18.29064243157137,-19.26462346864759,-14.777871378760725,-23.3331908452398,-21.415384622281156,1.8289575600888597
7333,-18.41878515452709,-19.75650857639752,-14.733344022556665,-23.217925493442863,-21.350494271004315,2.0661026671034044
7334,-19.78265005425862,-20.2468464034847,-14.684835616318388,-23.020322868193126,-21.277644444474262,2.3062483837852454
7335,-19.700990707548424,-20.73549761748541,-14.632078210259536,-22.70246560308886,-21.196744378751966,2.5488578781815185
7336,-20.74510537209799,-21.22231828416867,-14.574848943615493,-22.44267427182718,-21.107720585928828,2.793448105482952
7337,-20.956722908714124,-21.707154213726444,-14.512923020027824,-22.21425552047065,-21.010514505053102,3.0395966505253114
7338,-21.025739491940893,-22.189846485503857,-14.446117885860854,-21.947793231826054,-20.90508080922714,3.2869260033246306
7339,-20.970208802122155,-22.6702287394505,-14.374148844683408,-23.765527685187585,-20.79138610483146,3.5351021108732006
7340,-23.582134157901887,-23.148123075149417,-14.296589993960058,-22.42477763177361,-20.669407335168927,3.7835276573582632
7341,-20.786997254295304,-23.623334739047838,-14.213253075141576,-26.654145239450237,-20.539150927674243,4.031499353033858
7342,-22.36884181854336,-24.095673280158856,-14.123780856537493,-25.981443443999872,-20.400640711633336,4.277846855828997
7343,-22.16104635006902,-24.56492012948367,-14.027494783994623,-25.456679290746344,-20.253961137285643,4.520830972705827
7344,-23.316282940542628,-25.03083959909183,-13.92378061174842,-24.44548349056337,-20.099251980119615,4.758848168276515
7345,-24.863542761217712,-25.4931721702669,-13.812025919327109,-22.456911657566337,-19.936704592733875,4.990478490851391
7346,-25.679527616459136,-25.95164132704697,-13.691882120647278,-21.41101920120345,-19.766553414062855,5.214700884565531
7347,-25.97531866797944,-26.405964311643384,-13.563215124346808,-20.461110750230688,-19.589057867096173,5.430896052589329
7348,-27.089156945611467,-26.85585566867009,-13.425920428426537,-18.683149938091383,-19.404493677223567,5.638689782568029
7349,-27.73086007358701,-27.301025673538486,-13.279968687307058,-16.86112867204313,-19.21314521492497,5.838059663690398
7350,-28.92254076262086,-27.741186914490562,-13.125458510852486,-13.992894645729933,-19.015289699644207,6.029462711992277
7351,-29.52988521269383,-28.176056240928652,-12.962629486615231,-10.983135946408467,-18.811181034125486,6.213995520143403
7352,-29.423272881927993,-28.605362213598244,-12.791858602354171,-8.711023766678629,-18.601023331634646,6.393568979375903
7353,-30.92683690402723,-29.02884681441893,-12.613468800956511,-4.856153889721,-18.384943102167092,6.570817805373057
7354,-30.90215400380631,-29.446260133662012,-12.42786394337104,-3.0951124360547055,-18.162968811276443,6.749224428125906
7355,-31.99729830892345,-29.857371077310333,-12.235542760177314,-0.5530684069933045,-17.9349948069587,6.933041237336628
7356,-32.95486679857213,-30.2619629843405,-12.037039958587226,2.3475462645411227,-17.700766062120667,7.127093593437248
7357,-31.182831657223204,-30.659840407882815,-11.83307419215435,0.20933756516562596,-17.459855234062882,7.336947462590722
7358,-30.909102364892398,-31.05083459715079,-11.62412367217847,-3.922852180621618,-17.211636231281286,7.568211528161779
7359,-31.713830198727557,-31.434781986028046,-11.410245092788713,-6.77487004117674,-16.955307798852097,7.825489315468168
7360,-30.454253981849963,-31.811517603336704,-11.19145887320057,-9.67230995634074,-16.689936943583408,8.112270754013249
7361,-29.771337393900513,-32.18087924424142,-10.967604680200616,-12.201722831791365,-16.414489748584547,8.43111323722221
7362,-30.13189612984678,-32.54269124868341,-10.73812238079217,-12.617221276575876,-16.127862727768594,8.78368675157085
7363,-30.60225752019754,-32.89675406962756,-10.502295179320882,-14.522828158769755,-15.828910631813157,9.171139786384837
7364,-30.86676052727702,-33.24284426063814,-10.259423387644873,-16.39028549201577,-15.516453408676272,9.59418860004992
7365,-32.03261333267293,-33.58071562880389,-10.008812479288238,-15.440788840351324,-15.189298058476496,10.052897469234248
7366,-32.02698883196045,-33.91009842592402,-9.749878918387935,-16.027087240870728,-14.846260244060655,10.547099055732128
7367,-33.54090019860444,-34.230707556696416,-9.482112475516402,-14.90224560441795,-14.486158121427687,11.076580370458684
7368,-34.8197130663561,-34.54223925762511,-9.205130551759808,-13.682344779513272,-14.107821552696743,11.641103948405167
7369,-33.39910451252366,-34.844382926813736,-8.918871832132318,-16.754481330892283,-13.710084524867343,12.240671185781258
7370,-32.37855006528782,-35.1368307131006,-8.623162661292199,-19.311988792326936,-13.291776806977992,12.874892642904188
7371,-31.69456125344832,-35.41926043756655,-8.317377959937637,-21.309107460425075,-12.85175834867373,13.54242039073224
7372,-32.2564189832558,-35.69132257709644,-8.000553693437737,-22.14836794134785,-12.388948780929177,14.241101581249183
7373,-31.159759231363665,-35.95263068379573,-7.671625211708566,-24.36921134001554,-11.902351576590451,14.968227337374476
7374,-29.804577951731623,-36.202764257877014,-7.32936902489147,-26.85915309601173,-11.391066958437545,15.720492558188823
7375,-28.500272257115107,-36.44125528545516,-6.972120995890272,-28.560734865011874,-10.854318739377863,16.493743250318307
7376,-27.56614863825131,-36.6675723242697,-6.597748855875629,-29.353179703495336,-10.291484075082991,17.28304628580645
7377,-29.348448964130277,-36.881105209180205,-6.203718358144599,-27.960913041930752,-9.702115653657433,18.082934158357116
7378,-29.801107349886564,-37.081153548146006,-5.787555975164835,-27.84314589676751,-9.085955131192517,18.887857221257196
7379,-31.05131728487729,-37.266942274191194,-5.347059022599119,-25.138972840490112,-8.442925172240287,19.692311108396076
7380,-35.03779189994066,-37.43762414965261,-4.880220661813404,-19.953134029381886,-7.773134390632778,20.491023838290168
7381,-38.420809472125924,-37.59229031831209,-4.385759753678187,-15.430940396656396,-7.076856916354275,21.27970147353215
7382,-39.7887346210883,-37.73000813323116,-3.863442640171897,-12.63390685857059,-6.354487625730635,22.05529054677268
7383,-40.15781473644098,-37.849853160990214,-3.3136986616381847,-11.610622622497637,-5.6065042132360965,22.81561502110367
7384,-40.96052024173031,-37.95092137734037,-2.7371771550532387,-11.330850700663333,-4.833446624323724,23.558848305052365
7385,-40.1695051515535,-38.032331637993764,-2.1346688543930625,-13.758977945323984,-4.035914326232605,24.283131392277628
7386,-39.34979675155396,-38.09323263429991,-1.5069390970398189,-17.16270095107086,-3.214571198171882,24.986052260376887
7387,-39.899255166310994,-38.132794244463085,-0.8544925399091241,-19.846524997939703,-2.3701775088741464,25.664090946191248
7388,-40.83162702814769,-38.150198803627184,-0.17777871406604362,-20.905096933026172,-1.503631801759132,26.312574554677322
7389,-40.4100640869388,-38.144646158734155,0.5225409687180971,-21.337147220307088,-0.6160058718956583,26.926019266757454
7390,-42.54891540874009,-38.11536273904598,1.2457309005695905,-17.82998028826661,0.29143614935803175,27.498458754734177
7391,-43.96030926642773,-38.061597432029515,1.990794928512436,-14.752004774756756,1.2172247117532868,28.024117037217135
7392,-44.04203757195716,-37.98264307714515,2.7561966200631005,-12.450139405305492,2.159710618505841,28.497924753493127
7393,-43.668815645896856,-37.877850990691975,3.54015777616425,-10.59280018020548,3.117086361986162,28.915334721186696
7394,-43.11445885640998,-37.7466325587342,4.340916220022173,-8.293882098125621,4.087399599918287,29.27213572763042
7395,-45.12453483835309,-37.58845657602383,5.156812612690409,-5.979919831123681,5.068562077161523,29.56444795360551
7396,-47.92080643434743,-37.402845051221504,5.985928112649042,-0.7739300298832603,6.058362796825321,29.7887873371377
7397,-48.955193220589074,-37.18939470184723,6.825578040954063,2.3451520909995907,7.054481232970703,29.942494964190452
7398,-50.49644443578229,-36.9478065151579,7.6724487491269855,7.350569686204565,8.054529127771351,30.023854567929078
7399,-50.08417916270554,-36.677898118572095,8.522775919827943,10.90283433299851,9.056071537499308,30.0320611793737
7400,-51.207352155135766,-36.37962145383604,9.372551292036135,16.173486228624085,10.056666539729598,29.967284736120654
7401,-52.35245311787715,-36.053061365769686,10.217576400570074,20.752898313889716,11.053890519907352,29.830709441962142
7402,-50.560308670719344,-35.69844969379803,11.053222567755547,23.25788171726964,12.045380502527074,29.624687148331876
7403,-48.31972459680044,-35.31617986125265,11.874856040961781,26.09676383271581,13.028869663129477,29.352327446713122
7404,-48.14468361748848,-34.90679262440058,12.678333167904547,30.730071320800405,14.002202332307949,29.017240890063427
7405,-46.56655193896175,-34.47095765005901,13.459751784229539,33.97254765751032,14.963352389133705,28.62385817974051
7406,-43.970155839075176,-34.00947583878528,14.215344739988502,36.75922220043567,15.91045954429065,28.17749350280789
7407,-41.48413274751713,-33.523268000726446,14.941832214357973,38.783973400792604,16.841851955987565,27.684073833089098
7408,-39.51657612921701,-33.01335369116141,15.636549230702954,41.12949766742875,17.75606446649659,27.14996227755572
7409,-35.39586896360311,-32.48083138534625,16.297344944610472,39.37813144724274,18.651849441157946,26.58189736773746
7410,-33.57289977175128,-31.92686402818738,16.922818838254177,39.32286645040867,19.528190957679087,25.986436836927087
7411,-32.918883417692946,-31.35264346279597,17.512292669104887,37.370711411656444,20.384278563619752,25.369606248572794
7412,-30.47061618790658,-30.759377850247056,18.065288764071443,35.21622341848851,21.219498040917273,24.736875041594217
7413,-31.001381688193767,-30.14829087852454,18.581617159071833,35.102083044870454,22.0334035663927,24.092850485840085
7414,-28.76391667319338,-29.5206033729756,19.061193937009797,30.278138100285048,22.825688073306612,23.44155727184793
7415,-27.896176695719024,-28.87754461605722,19.504004762363127,27.6533279249215,23.59617405118256,22.78604694073392
7416,-25.32685102468637,-28.22033638881806,19.910308088017423,25.36831723221991,24.34475786935554,22.128030998169752
7417,-24.165482519645767,-27.550190743522727,20.280680113937333,24.186552523909583,25.071376117727212,21.46826495838532
7418,-23.058710368817046,-26.868291047888903,20.616054422548036,23.403082163808705,25.775975533247895,20.806769451722325
7419,-20.707787426506748,-26.175787115352858,20.91750082184335,22.773247529609648,26.458494081175367,20.143060047864587
7420,-20.047878783243746,-25.473790993099346,21.18639891024822,23.898754750032793,27.118846203105534,19.476235886893924
7421,-22.97266233427408,-24.76336052133631,21.424368638558118,29.085253754852232,27.756909806968295,18.805270128507416
7422,-17.545433535971164,-24.045499750528805,21.632483134026348,28.51974402886208,28.37253087833936,18.129881465319464
7423,-16.997816257413255,-23.321194979067887,21.811975253179696,32.10163672053939,28.965568571322926,17.450289316205776
7424,-21.0135503985741,-22.59136806698349,21.964751872998374,40.459209722284015,29.535883499419747,16.766981912961345
7425,-21.44136512808911,-21.85687818753466,22.09198792031266,45.55088616085857,30.08336736552035,16.08204992120898
7426,-20.14003897165028,-21.11856887229598,22.1939798081765,48.27020117171426,30.60802016083368,15.399417722822655
7427,-18.027577161660485,-20.37727953365623,22.27093483411741,50.46230067062332,31.109995213708526,14.724011783526052
7428,-15.509453219207995,-19.63383988335482,22.323347914247158,50.39747527196538,31.589620946402082,14.061336246125347
7429,-13.47834597985526,-18.889056339373084,22.352181761113936,50.952275547623216,32.04741763011688,13.41706561779338
7430,-8.555513373724795,-18.14369443261389,22.35885426648622,46.37006379385262,32.48409198758831,12.796807869182274
7431,-6.894040335522487,-17.39846605494067,22.34559580144751,43.40184416388064,32.900538154729034,12.205439075223161
7432,-2.4802255307962535,-16.653988045850724,22.315394184757487,36.63986651846038,33.29778792593652,11.646585682547297
7433,-1.7618391461551401,-15.91077310929017,22.2719191221232,35.12253865556225,33.67697720023219,11.12230623560702
7434,1.2543201355703582,-15.169193437709177,22.219382266357925,29.096543456268023,34.03927500831032,10.633312667946768
7435,-4.592447370362464,-14.429480958199642,22.162329813646604,33.5392211698359,34.38586471142864,10.179084941996308
7436,-6.045098422386749,-13.69170478346607,22.1046667702591,32.807840853072534,34.71788067111007,9.758762163811134
7437,-8.7040906766818,-12.955836506849035,22.04899299533774,31.809791090512874,35.036448855682714,9.371934407972518
7438,-6.04234210903861,-12.221771917110221,21.997077802355847,27.56671613331683,35.34267629830824,9.017837835245288
7439,-10.839868211597418,-11.489364653358646,21.950472332118665,31.832160566213545,35.63763804469907,8.694836329986586
7440,-7.3144244314779865,-10.758407094968977,21.910192062318075,28.9008324925682,35.92233205364068,8.401207704676033
7441,-8.083865502321267,-10.02868518253744,21.876845703102763,29.92031484001275,36.197718558344135,8.1353419618927
7442,-11.984778077474338,-9.299950714762126,21.851234582289976,34.158066911136885,36.46468818443353,7.895261522861716
7443,-10.350728348500484,-8.571936210384775,21.833248658964514,32.58268873639561,36.72406932653492,7.6796899225040605
7444,-13.237380977291803,-7.844400804164492,21.822224182213894,35.657583176248735,36.976667512600464,7.4876683274969125
7445,-12.622485535129638,-7.117121264903849,21.817094692315322,33.70887642111194,37.22324721503471,7.31838475362526
7446,-9.77558478933914,-6.389927824676803,21.816239579342987,29.252356818492927,37.464559829508815,7.1711204545328044
7447,-11.439803170821504,-5.66270529294765,21.81833672714074,30.939058683412725,37.701321912003564,7.044131660604016
7448,-9.858988925611463,-4.935372042867421,21.82202361211398,28.5367442960779,37.934168606882416,6.935191632837707
7449,-15.564038806497633,-4.207903718806718,21.825709012344156,34.14412493042326,38.16366802085941,6.84189738698656
7450,-15.272436294461714,-3.4803247753778104,21.82697208971504,35.39668930245003,38.39029509934819,6.762253787858157
7451,-10.591704517533275,-2.752772246159049,21.822370644504417,32.22085077125752,38.614484940049955,6.69521796341332
7452,-4.149984359686079,-2.0255000657441826,21.808985493474335,28.093991198344114,38.83664296357574,6.639394008582542
7453,-8.478647206321432,-1.2988398799274266,21.785335052714046,34.963885108357644,39.05711120728879,6.592233716597988
7454,-8.192557195240083,-0.5731443955632463,21.7500357517711,38.57639844883977,39.27612521134894,6.551530956882132
7455,1.8890753240215306,0.15116250352398009,21.700886911161163,31.49056295846188,39.4938799377476,6.516573005863506
7456,-3.683878547757392,0.8735813985141645,21.637013937748165,40.61559705249712,39.71056341173984,6.486065700090506
7457,-8.220635243724116,1.5936300993738577,21.55799755812027,49.56943684344705,39.926284317753634,6.458953507826983
7458,-6.008762867029432,2.3107812357221826,21.461700662299435,50.422098335074566,40.14116031226164,6.436804969624248
7459,-1.6849027111547557,3.0244101435271533,21.34542670938132,49.05023736460309,40.35540464906192,6.422582845475482
7460,2.947295984990423,3.733809683014271,21.207238277125594,45.827071109678855,40.569332501960005,6.419108877946158
7461,15.472778498854634,4.4382260286688595,21.046318122958535,32.8178220197109,40.783345240924994,6.428457847815565
7462,19.204749988955076,5.136897557878173,20.864190154794812,28.602106430685737,40.99789635848104,6.4502271010254475
7463,7.584422589034543,5.8291720389885135,20.664587160376335,40.93735839582014,41.21336038099336,6.481388861535677
7464,10.832726529644635,6.514536701903262,20.449862073020828,35.70840121798642,41.42998894925009,6.520058803534177
7465,17.444148808806094,7.192496177189902,20.220918027861472,26.6394619513421,41.648030967895636,6.565345071063433
7466,11.296932434774634,7.862597903760694,19.979921595374257,34.44756358363509,41.86767862065432,6.614165040156266
7467,12.186491969743829,8.524490950214853,19.72890791463506,36.155685562476876,42.088975303906054,6.663183511766135
7468,10.290152953171518,9.177858431403031,19.468932227739497,39.94321649456964,42.31189085477206,6.710414802614757
7469,11.010964467012379,9.822419765397486,19.200704483871736,40.48216287790373,42.53633629074704,6.754624390752717
7470,12.743997925657526,10.45790539699448,18.92456682333613,42.5144866927224,42.76219914748891,6.7951545881214415
7471,12.513244412518803,11.084057553619894,18.641035933012382,43.331710559967235,42.9893465966218,6.831663098779153
7472,13.338351266823773,11.700641125861972,18.350664283845628,42.76408174505849,43.217643354074184,6.864163997632744
7473,14.115291108295773,12.307435172542936,18.053907930766478,40.926897162038514,43.44695752979732,6.892640749326091
7474,16.163126204998733,12.904234987913071,17.751279237704438,37.34195189570818,43.67715273736259,6.916651169147734
7475,22.560567100701473,13.490853788389899,17.443531642098815,28.785209878109924,43.9080676077405,6.934878458543103
7476,20.54659178553054,14.067137097386325,17.13249843697671,29.9452894421094,44.13947796793213,6.944131752800331
7477,18.641551484669932,14.633020350855013,16.820491820868124,31.196550528642362,44.371009724593854,6.940051536912826
7478,18.23905371880343,15.188503218777534,16.509071382389067,34.65654807131956,44.602148070392985,6.918568027403005
7479,15.491379132122672,15.73362510968095,16.199286823888794,38.90369026279028,44.83224759308739,6.876243216084994
7480,17.02025590913494,16.268455673703453,15.891555746977133,39.847847913710865,45.06056428479865,6.810716577737743
7481,16.49780953628225,16.793062159479426,15.585953923593099,43.2840795908798,45.28629536493657,6.7203313782730945
7482,15.848036652765384,17.30751926860966,15.282549243460508,44.82502142335589,45.508586376683525,6.604014739998334
7483,15.436293017534565,17.811898775710127,14.981080773245807,45.30310667759959,45.72656301426979,6.461367280885959
7484,15.900399861398174,18.306257986826047,14.680978226120942,49.76572400391076,45.939344195409255,6.292224384218059
7485,17.92574282092268,18.790630657451523,14.381530586952529,51.85005490543226,46.14604463988433,6.097092072866985
7486,16.500129123888897,19.265026692622882,14.082251487981274,53.804355696464455,46.345817000267054,5.877387538667982
7487,18.625885949826394,19.72944742331694,13.78260117142263,51.722841056992436,46.53787047579553,5.63506808418321
7488,19.48531585329833,20.183866770717724,13.48200438815013,52.00799782231756,46.72148820587927,5.372013829529969
7489,21.083584099471043,20.628247715860283,13.180193159734408,51.40287566432744,46.89600473109753,5.089781908898701
7490,21.5210033504336,21.06254631470002,12.877131319591868,51.94904065672772,47.06080699980585,4.789828621437451
7491,20.780027384236625,21.486723137166408,12.572954750993066,54.776428001091546,47.21532663919336,4.473551041705193
7492,20.10159936096257,21.900743298099556,12.267626540246273,56.82026459279578,47.35904373591953,4.142800415642149
7493,21.144180350350602,22.30456490651616,11.960774062987056,57.71849832401901,47.4915133335695,3.8001080033393464
7494,21.73353822122522,22.698128235632026,11.65195723023885,57.77604458982751,47.612384269475484,3.44840148816985
7495,21.49710143862254,23.08136205519875,11.340860053192934,58.90959444280952,47.72140676611416,3.0907130079378575
7496,22.576363774095068,23.454185572511555,11.027103511654825,58.38306711740131,47.81843180333801,2.730217633589156
7497,21.727263828372774,23.81650228930907,10.710321488071237,59.63148114429538,47.9034212750201,2.3701500620110494
7498,24.804992397252274,24.168207005049638,10.390072773474088,58.16018584712947,47.97644180747208,2.0138252703798187
7499,23.73747199947255,24.509173807540677,10.066141384612788,56.63934571467213,48.03767629304542,1.6645015964266108
7500,20.506199430548275,24.839283097357157,9.73850725909319,59.357783822104466,48.087408580567185,1.324972476133901
7501,21.340918745958277,25.158407624813556,9.406411303086752,53.69912037797269,48.12600779145435,0.9981929301471482
7502,25.312228392437724,25.466377184229607,9.06864150693135,47.0119269088847,48.15395477591033,0.6866676254552573
7503,28.317268201299427,25.762983725275646,8.724607278591545,40.823299133296416,48.171785633151366,0.3910554749708339
7504,28.085734325594636,26.048017669469044,8.374665523992952,40.09533770367456,48.180025140908384,0.11009391886823039
7505,29.373061000985643,26.32129476020851,8.019499084704034,39.76086012000235,48.17912522774258,-0.1585119927869627
7506,31.129910679807054,26.582650941782646,7.659864779023966,40.3004804087513,48.16945767472259,-0.41721628857040116
7507,30.540327010499244,26.83195241214344,7.29689260031952,43.77661091206302,48.151310808504554,-0.6684409204388331
7508,30.415491561811013,27.069110448470614,6.931810181192777,49.089285727625594,48.12489494669333,-0.9140065525163621
7509,29.503806528633564,27.294073090889626,6.565666580717746,52.22745506819136,48.0903770383368,-1.1544203059380465
7510,29.64123991001966,27.506821553851797,6.199288006437982,51.04701058731064,48.04793359296413,-1.3889235800708022
7511,35.287037717759716,27.70735895798549,5.8333204441319,49.50324980071224,47.99778213299874,-1.6164552115674624
7512,38.228104226672585,27.89570958346059,5.469208403311292,46.25126231614986,47.940169912192964,-1.836345363845453
7513,36.716297258448385,28.071972851539577,5.109615452200114,48.859305129953455,47.87535910874238,-2.048621314860455
7514,32.58291723212833,28.236350613607264,4.757363474380583,53.76925814036272,47.80359515786893,-2.2533878940864227
7515,31.996149470728582,28.389130416498283,4.414384246468437,52.39187553158568,47.72513324913662,-2.449611678016055
7516,33.852657418258794,28.53064289670516,4.081860485706379,47.89405053344669,47.64028771266786,-2.6357116025156557
7517,33.494875143433184,28.661254448878708,3.7611199607772505,43.7058244366562,47.54941914230224,-2.8109559766883407
7518,34.724765727836164,28.781384227423644,3.453672838965929,42.44689399280081,47.45289064755531,-2.9758786171345264
7519,35.05444967060468,28.89149930480977,3.1611216863151625,44.20627920453734,47.35102723449327,-3.131795479288648
7520,34.71868381657912,28.992125673177988,2.8852667433742774,45.9678939954439,47.2441042822694,-3.2799185984101697
7521,35.48966161615045,29.08385042103472,2.627876008540291,47.33492769133127,47.13236599459926,-3.4209053815909485
7522,37.63190408890045,29.167317407080674,2.390753594197168,46.731886484904024,47.01604392349667,-3.5549154829480045
7523,36.960829730680736,29.2432339939812,2.1761107641309607,49.147146127095766,46.895371629069395,-3.6819610359642496
7524,37.586939903815995,29.312391458022738,1.9863538476316833,49.89468053094397,46.770579854432384,-3.8017494512698846
7525,36.569135069680755,29.375657583823312,1.8238609148486162,50.55936316275627,46.6419216656514,-3.9134813233484067
7526,35.079921253669575,29.433982185679312,1.6909320982916576,51.02378610181161,46.50968109954249,-4.016109558010328
7527,34.52077355061464,29.48838639037609,1.5894766499598134,50.21827895758824,46.374181028450714,-4.108380364092596
7528,37.209782150413346,29.539947295676633,1.5210824625433794,44.71772512552154,46.23578907526965,-4.189050856797145
7529,37.71854574103375,29.58979188787898,1.4876383868841714,40.467833588311706,46.094910971330904,-4.257775149299086
7530,34.941323776856194,29.639123188135578,1.491493710969003,37.7324266877996,45.95193739864971,-4.315615741230161
7531,31.944153697944476,29.68922480194358,1.5346456498976835,34.80979827194251,45.80720325524889,-4.364631653408644
7532,30.588903582275798,29.741432898128757,1.6182179669282348,33.69579658982673,45.660961955089135,-4.407680487231644
7533,31.706632795893405,29.797105999738797,1.7426719963107118,29.812070103324004,45.51335788943345,-4.448176831915873
7534,28.26466943627158,29.857611031216138,1.9084177101753852,30.878038929994815,45.36441683296141,-4.490234755318809
7535,26.19210230324939,29.924333847083822,2.1155021855005174,30.50334853546356,45.21400890574553,-4.538343235642515
7536,22.738576064397087,29.998644510249505,2.3631335562843248,32.0815255718166,45.06186061725191,-4.596843942419042
7537,21.838882538378243,30.081876084169444,2.649677241186872,31.542238719640594,44.907552642917594,-4.669854592999698
7538,21.173705133984217,30.175289659661964,2.972827897752719,31.70502455733788,44.750536977718596,-4.761292848497121
7539,18.180463530130254,30.280064610686292,3.3300212159131526,35.135186848115254,44.59013311968445,-4.875086062055765
7540,17.123868305687157,30.397291074056174,3.7181193988205408,36.10660332969033,44.42553124024821,-5.014580105782898
7541,16.37689198469968,30.527939237274328,4.133349417047381,38.209904243355325,44.255827779298926,-5.182417997346711
7542,15.126331131237091,30.672847701859332,4.571633186206476,39.37106481763344,44.080036707091764,-5.380735824567857
7543,11.701840251927145,30.832714783021427,5.0285546074167975,44.41144984729523,43.89711205766107,-5.611132866159316
7544,10.506252379053336,31.00808467568712,5.498957069551604,46.9320114072991,43.70596118268114,-5.874232874260201
7545,14.494308691722182,31.199311920991533,5.976947094165794,43.039153785135625,43.50549653271039,-6.169479644211862
7546,14.269521557877367,31.406547815298172,6.45699193568781,44.99231537843666,43.294662539733686,-6.49646280090078
7547,14.647358747480371,31.629778050037388,6.934059203264447,45.587315313338465,43.07239901265034,-6.854999245566695
7548,12.829710995583712,31.868818428849135,7.4030752536075894,50.27409603900911,42.83766259002924,-7.244462559087488
7549,14.694468768062094,32.12331640027789,7.858683599401619,50.593197465579934,42.589434842044504,-7.663372951917111
7550,20.046279668601745,32.39273066880924,8.295461368369281,47.83874232107716,42.32677105990143,-8.109434429912277
7551,22.57254334154931,32.67634715816918,8.708980902277403,51.455189384865776,42.04880588005035,-8.58063717106699
7552,17.941160135322637,32.97332939562774,9.095903794454934,54.815093330156444,41.7547285818303,-9.074762780290477
7553,18.4138024832579,33.282740744466174,9.452492265491728,58.3020560238034,41.443821694697654,-9.588470398298483
7554,24.23784636326041,33.60349554666052,9.77429994907137,53.56154395487768,41.115497221943734,-10.117311057737872
7555,27.10107948520671,33.93436074107093,10.057723103986973,52.824863218928414,40.76933429084846,-10.656927141815693
7556,27.782349457444216,34.27401042025965,10.300352910478026,51.777417469530405,40.405035412489354,-11.20367520753696
7557,32.34242319623532,34.6210509351028,10.500207917717113,47.38950359115054,40.022422610346,-11.75407146841625
7558,33.190640052805946,34.97402428144079,10.655983962765205,45.80368962522736,39.62143064792827,-12.305329321409033
7559,36.69042363990349,35.331449865953815,10.767077014712214,43.24792911808973,39.20206732225206,-12.855433947205732
7560,37.656343810422975,35.69182941575494,10.83342396270698,43.50563918801255,38.764401718114556,-13.402864399745518
7561,39.416972139775446,36.05367813013428,10.855519017402813,45.51076818159342,38.308543028935695,-13.946314016317238
7562,40.070458079285764,36.41553068358179,10.834154436672883,48.48612317803902,37.83464745036007,-14.484006775417484
7563,40.45669196950898,36.77595509257914,10.770373846852301,50.04284248810637,37.342942577241196,-15.013287788956298
7564,40.73227892842398,37.13355560670528,10.665268078791357,48.734469609363956,36.83376159776299,-15.530684651438165
7565,41.99230944892075,37.48697296449856,10.519919605659602,47.88306748461764,36.30756360047865,-16.032539193533815
7566,43.600604073505686,37.83488358041592,10.335533520563729,46.44147438317724,35.7649256515274,-16.51536044629669
7567,45.668002341974265,38.176008532536144,10.113637154280468,45.42932574789904,35.20653957072554,-16.975839476198118
7568,45.503897014316316,38.50912605736795,9.856201960685276,44.24834549392253,34.63320301978086,-17.41086850207278
7569,47.14002057178073,38.833088663248496,9.565382156402968,42.76355824021098,34.04581500392069,-17.81749757640796
7570,50.97235689634596,39.14681820112815,9.24345314130548,36.16497643713848,33.44536984802033,-18.19300055518145
7571,51.23797574562975,39.44931887266886,8.89340866199852,30.411032557737784,32.832948300241924,-18.53567667707619
7572,53.278757013660005,39.73971211192805,8.518760205930427,23.398705362374727,32.20965806954858,-18.845481674750815
7573,54.433692395030306,40.01723621973089,8.123274063028063,19.41418784517772,31.576582855258536,-19.124085902651977
7574,53.85548710193434,40.28126371612992,7.711107283269705,18.36241813723653,30.934719009371783,-19.374608147826642
7575,50.97425441781854,40.53131003861554,7.28642214775828,19.361386894427667,30.284942312070093,-19.600726518804343
7576,48.239036383538036,40.76702519264714,6.852790066874448,20.34525710335855,29.62800390811816,-19.805934905699054
7577,46.32510597212411,40.9881627097405,6.41287503742781,21.49313723346347,28.964546651690156,-19.993238034054936
7578,45.48833725518655,41.19455019514233,5.968581781630533,22.384209619490818,28.295121372514497,-20.16512728703635
7579,42.367883390509725,41.3860681618492,5.521342412152883,25.967247794393387,27.6202048325544,-20.32359264785841
7580,41.25680649351912,41.56263968928585,5.071941423693502,27.38048766234391,26.940215195990604,-20.469758881929074
7581,40.51744820055755,41.724197590095436,4.620479336400329,27.741436985493223,26.255554240425795,-20.60380631834864
7582,41.605875782616856,41.870671645045874,4.1667312256203815,26.2379584864492,25.566628108100694,-20.725448533222792
7583,42.519738682286224,42.00197967180346,3.710478269049915,24.994303181299742,24.873857671544275,-20.834364743792193
7584,42.04215330570685,42.118036862982535,3.2517580829150106,24.66408432340512,24.177670458514548,-20.930437211085522
7585,42.0878108750268,42.218763543997795,2.7906363751544916,24.084376633310526,23.47849519080524,-21.013575693659927
7586,43.369266870632366,42.304079287992835,2.327082388726538,22.72548045477791,22.776765412270553,-21.083617764586222
7587,41.7783338328134,42.3739023699129,1.8612350466012373,24.233300893187277,22.07292067316616,-21.140480954038186
7588,42.209216994745546,42.42816162443292,1.3931641822562568,23.566288931364895,21.367400015334674,-21.183851634497675
7589,42.951082405764524,42.466779982063315,0.9227486756331871,23.118080416822977,20.66066389753298,-21.21308157220117
7590,41.78853748813016,42.48967820280846,0.45002798607214345,24.256084570020874,19.95319457718793,-21.227478363375898
7591,42.14058945870088,42.49678184780146,-0.02503013079980576,23.507167386130718,19.24549867330792,-21.226036734248943
7592,41.28499156857583,42.48800952742181,-0.5025829029479212,24.229561810049475,18.538125461571333,-21.20748311442412
7593,40.78767874983671,42.46327632093826,-0.9828621886859779,24.7798142666513,17.831666465679646,-21.170337453336074
7594,42.0255116587039,42.42248538150941,-1.466296045038895,23.800141848225508,17.126769631348928,-21.11272021454365
7595,41.34470124664397,42.365523251269,-1.9531926683226075,24.50819702358784,16.42415178471007,-21.032605845389618
7596,43.00670700341257,42.29227253695457,-2.44376288815765,22.54495744697637,15.724595908322954,-20.927799882546445
7597,41.28115751889035,42.20260572539183,-2.9380522651048935,24.20402777150123,15.02896512587364,-20.796086005022623
7598,40.92680306686748,42.09640238594758,-3.436091582603389,24.418985745432337,14.338190174654779,-20.635085654924872
7599,42.17035813981319,41.97353295321827,-3.9381917844289305,23.216447912964156,13.653292748878648,-20.441935440008756
7600,41.76818741519859,41.83385626698565,-4.444497524424662,23.834848454321374,12.975394478654195,-20.21371425774257
7601,41.98657059920674,41.67723311825662,-4.954989299328645,23.72817623310847,12.305711798362477,-19.947385217224607
7602,41.933866241505854,41.503523647030406,-5.469630875031619,23.879394242527653,11.645568797505888,-19.639634943810744
7603,44.45197845671041,41.31259105992118,-5.988312259334023,17.788794965136248,10.996402802108427,-19.28694569052679
7604,44.497913533090745,41.10430282974147,-6.510502624833983,15.67442314727549,10.359772418137435,-18.886488213236756
7605,44.10052849085673,40.87855755159892,-7.0352304990640135,13.641909379986274,9.737303587892644,-18.436462165660163
7606,44.87245732658675,40.6352874631372,-7.561512129186312,10.32720398438552,9.130674940426758,-17.935496622267515
7607,44.918364476671435,40.374456742986496,-8.088238323094288,8.409772471148543,8.54160381307481,-17.38283303208877
7608,45.2343740924756,40.09607157493092,-8.614103313513688,4.679405007426311,7.971819404954173,-16.778313072025
7609,45.83182323907823,39.80018318875225,-9.137667332586084,1.734343341803978,7.423049608273143,-16.122445935620373
7610,45.75331883369998,39.48689375275851,-9.657269383093627,0.37894243800460004,6.896989675912815,-15.416567137031905
7611,46.11825312891215,39.15636522987934,-10.17108071329087,-0.8384777294256054,6.395278465804349,-14.662491849746967
7612,45.18924246953842,38.80882170520579,-10.67713424134908,-0.20206611606555214,5.919490219263017,-13.86226499987858
7613,45.192473142809504,38.44455628045607,-11.173445934008548,-0.4613026028528253,5.471127465812444,-13.017872554392751
7614,44.647012969893936,38.06392530960522,-11.65806357601518,-0.40154381011971907,5.051632048970167,-12.131106969943147
7615,45.22628032367453,37.66735204205506,-12.129004815061286,-0.8556356690953208,4.662387001149567,-11.203661313405423
7616,42.999476310327545,37.25532498860113,-12.584166699498844,1.245485328162104,4.304721294743139,-10.237167028282423
7617,42.18601542000117,36.8284075954218,-13.021571029523464,1.078626456761313,3.9799091992640725,-9.232899573480356
7618,41.49194219817073,36.38722025329957,-13.439566946955601,1.010845044006686,3.6891946565111153,-8.191745292409731
7619,42.07698052686605,35.93243646562476,-13.836598678295893,0.03055261047008173,3.433792846436757,-7.114533889767804
7620,38.473702227995815,35.464780341413174,-14.210993430741077,2.1345727509877435,3.2148923971932617,-6.002169712533492
7621,39.330856914218,34.985036903575356,-14.5613900619772,0.11327741819940229,3.0336481989345243,-4.855319476801592
7622,39.630254257331885,34.49402100394803,-14.886694904265276,-1.18380589894916,2.8912044320731556,-3.6745780948222273
7623,38.5209293301465,33.99259057662434,-15.185497953570284,-0.5682999308620396,2.788676325946376,-2.4609857965241533
7624,37.68321592273876,33.48165447371001,-15.456362064882825,-1.1242054903828915,2.7271387123048787,-1.2156477361162765
7625,36.9071035384956,32.96216643896548,-15.697989081129649,-1.924970342638332,2.707633143538624,0.06036419188156561
7626,37.44396001435039,32.435121868301366,-15.909167598461362,-5.9226383097864925,2.7311629917636497,1.3657884041247081
7627,37.512105034623566,31.901555265734725,-16.08856616905003,-8.380469055110623,2.7986857038136046,2.6986491803935375
7628,39.53484759076881,31.362550790364697,-16.234605664473758,-12.500854853018652,2.911072937123219,4.0559973126119475
7629,38.99285231678,30.819248221436474,-16.345236542430275,-15.285129768985684,3.069085524654401,5.433878643105848
7630,40.231541802423216,30.27286835420268,-16.418028128299227,-18.920451243377748,3.2733315133302754,6.8272720655117
7631,39.190709113957645,29.724713012883193,-16.450284108973428,-20.21175080044428,3.5242369956885145,8.230147995386538
7632,37.95915615399863,29.176182746937783,-16.43911598955846,-20.675786465675777,3.8220080463560446,9.635676565824156
7633,35.86958035118588,28.62877194691263,-16.381810104572505,-19.468808903151306,4.166615433410125,11.036685297851063
7634,35.17390893163178,28.084062073299616,-16.27598367927474,-19.92566701326936,4.557787066212782,12.42601666652118
7635,33.5498222465334,27.543706368294313,-16.11950571089812,-18.563844701605888,4.995016544511537,13.796515279345098
7636,34.27777098481126,27.00942835923974,-15.910428798411811,-18.889186344335194,5.477554751502455,15.141037128948348
7637,32.17854088682512,26.48301111506686,-15.646778998037085,-15.97290717030016,6.00441901977476,16.452455563456706
7638,31.357258041740568,25.966309759370603,-15.326628550893098,-15.150977020988726,6.574385122399569,17.72387910904737
7639,29.49349037966663,25.461235878340652,-14.94832887113553,-15.239967746451654,7.186010960377918,18.948809071275114
7640,26.83314595413132,24.9697545012949,-14.51047870593733,-14.388407577881303,7.837639060484577,20.120680039990674
7641,22.546034656879716,24.493870631278163,-14.012201358621912,-10.537231326854041,8.52738962971063,21.232852152061135
7642,25.411862954782144,24.03560774405344,-13.453509386291671,-14.157606648809988,9.253162537288652,22.279185386303233
7643,24.353463736868093,23.596970005525385,-12.834487784375117,-12.825366521429487,10.012668655464179,23.253363550452786
7644,20.760299163049545,23.1799752250951,-12.154819407995543,-8.724942513564386,10.803386773985505,24.14850933651185
7645,15.932088646763072,22.786648711659016,-11.414751576349591,-3.585025850610691,11.622569277898302,24.958322764595778
7646,15.58176165889812,22.418991786671793,-10.615663390565437,-1.5033332352106612,12.46727495829189,25.67763851953397
7647,9.764792500725546,22.078937818954653,-9.759590852643303,5.441960169792068,13.334411845867233,26.302117732596013
7648,14.114643251464491,21.768352396495573,-8.84938181798935,5.343971609438782,14.220749473798291,26.828509314406254
7649,6.197300059035552,21.488979031088697,-7.888005554395168,14.386301205965239,15.122979133494317,27.25431964036143
7650,6.819402036111705,21.242485359535895,-6.878874096039311,15.669247647593238,16.037704116489053,27.57811916655634
7651,13.389816609127815,21.030387424686076,-5.82640609925722,13.142582626819191,16.96152041126474,27.79974355685912
7652,4.848051991764599,20.85405828625208,-4.733882482272822,24.898803005400183,17.891020353612994,27.91857013571347
7653,-8.509647017620033,20.71479525920122,-3.6048195477475353,41.15542817068446,18.822758420312304,27.935073091990095
7654,-1.4338388394187922,20.61373698306891,-2.445943171733571,36.25945790923964,19.753358559745667,27.853615421246367
7655,-0.3376048454997982,20.55173238108565,-1.2648776261444183,41.90297648496586,20.679666115062062,27.67997254148602
7656,13.028045253439082,20.529411807992616,-0.06800773280609462,35.452650557895694,21.598690062511402,27.419754906315497
7657,10.73986551388166,20.54719853223191,1.1404447426191133,42.3567141865221,22.507649775483095,27.078178589940052
7658,12.584992822129333,20.605441457500557,2.3579059550418258,43.789443616944666,23.403901968507405,26.660255312899324
7659,11.116979978413292,20.70439226256803,3.5817248706237237,45.46400281196257,24.285000129676384,26.171968057497033
7660,12.311347502506408,20.84422311554214,4.8092831582667905,44.492862609729656,25.148699839007207,25.619497571043404
7661,10.559310799442025,21.025011139785818,6.037886287753675,45.042336261930856,25.99296663441261,25.008869745314986
7662,5.521111370084086,21.24674886805905,7.26470912532875,50.08696949427733,26.815957822028206,24.34579379055144
7663,3.954099805528245,21.5093250814744,8.485856956313942,51.94656666307408,27.616019553782706,23.636562848830565
7664,2.232733203676942,21.812472665146647,9.696380836690448,50.65103772981014,28.39172867861691,22.8882553859731
7665,3.16439623798286,22.155750470587098,10.89075870824523,45.46621246521144,29.141903246180913,22.107799425196877
7666,1.60579957286547,22.53852324569633,12.063254956949017,44.253778339463324,29.865581973630036,21.30093244296633
7667,6.798798052036655,22.959967467717032,13.207932776779128,38.51216606721118,30.561965409045335,20.472221462434295
7668,5.829227518319779,23.419052097481604,14.319276216974668,39.93166323260051,31.230396737792322,19.62498825674995
7669,10.288426963329803,23.91458588218201,15.392266423877956,36.03238263689053,31.870297959495332,18.761708938967576
7670,5.9548107774212236,24.4452031924068,16.422261505965192,41.7476022553317,32.481177333723494,17.884296320221402
7671,11.776339421617081,25.009403315913023,17.40448565511791,38.36616425080105,33.062584380843425,16.994747252057145
7672,15.906366448477174,25.60550223608133,18.334221517389437,36.55867686905869,33.61416048386064,16.095228329089935
7673,19.223478681064897,26.231684750405652,19.20805901975294,36.3816814163046,34.135599602782754,15.186966062991516
7674,16.822010550944977,26.886039504064858,20.02351374045194,41.67241460239755,34.62662488806007,14.270732308148482
7675,19.527086194004127,27.56658566643578,20.778046997242274,40.34950741503965,35.08698175665932,13.347908788116136
7676,20.561686474507233,28.271242637214343,21.46896675207989,41.54112327607788,35.51648547393448,12.420325778874854
7677,22.68059120467376,28.99785011657444,22.093931082665073,39.96974759135534,35.91500347525098,11.489661708669878
7678,23.83222319780389,29.74417137605868,22.65085416799529,35.85984618138167,36.28246292117914,10.557415405738197
7679,27.8064196116415,30.50790706110746,23.13791749568102,29.420648141611224,36.61883116896686,9.624126976121623
7680,25.93860533606137,31.286699209104082,23.55384022721111,34.65531866234603,36.924071386253914,8.688663188639154
7681,25.539018303956954,32.07816307625487,23.897425370560494,38.965511309104045,37.1980753815428,7.749616287266825
7682,27.18757837696155,32.87986090047478,24.166905264867005,42.0158121262957,37.4407124720717,6.806911724996709
7683,27.383658480837344,33.68929009391267,24.3604610675915,47.008973810733906,37.65186949654258,5.861492652063838
7684,30.527811619866295,34.503891638314215,24.476308660161052,49.33075260664806,37.83147864887596,4.915430820573015
7685,31.806673785567416,35.32104400459007,24.512919127426507,52.75091105031143,37.97956488458078,3.9718276239349137
7686,34.56784327819105,36.138086246809316,24.469178621494372,54.21178882905065,38.096267157138286,3.0345895662938105
7687,38.32106501556079,36.95232257935636,24.344331048203713,52.57142562430805,38.181870855667036,2.1083095988872813
7688,45.00755356597475,37.7610416500229,24.13834644394278,51.17536005917859,38.23682113039744,1.1975238996572912
7689,46.633617084901445,38.561545675619215,23.85250591767214,49.43613246854446,38.261705782310855,0.30629622160141423
7690,49.244255683003374,39.35120871120104,23.489087379428497,46.13834920639911,38.2572408785042,-0.5617877795299009
7691,53.208557709657676,40.12748483424778,23.050762285351354,40.88854595586754,38.22425326367553,-1.403894500031484
7692,58.075214776451446,40.88792619689113,22.540946942097477,34.65987284920192,38.16364791183543,-2.2184558135095855
7693,59.6053230111515,41.63021463038761,21.96414232752396,31.81547177926693,38.076356209441556,-3.0055965530031514
7694,61.8874718650643,42.35220235205939,21.32557717429119,30.116015258062774,37.96327480830189,-3.7667687467693867
7695,61.65265225939109,43.05191977534036,20.630829365448378,32.18738565273863,37.825238292990264,-4.504070309613795
7696,61.31663508735544,43.72759097642262,19.885569815848108,34.884560995182156,37.66300345432764,-5.219506510022356
7697,62.81406735127122,44.37762442973023,19.095180031963253,36.01497025006516,37.47727119232211,-5.914328871237444
7698,62.51210852884727,45.0006029785535,18.26501709001505,37.5599530878561,37.26871486291181,-6.589168001961276
7699,60.82730610876838,45.595292235731236,17.400426536055065,39.18150435155418,37.03799332552469,-7.244198042024834
7700,61.47182058385098,46.160631414290506,16.50627740985872,38.53244174776499,36.78576832677682,-7.879056938382014
7701,61.99021793871735,46.69571072972182,15.587111558885844,37.82000636115066,36.51272286296589,-8.493166211286045
7702,64.61578832771205,47.199772184882896,14.647480123504693,34.33611086179879,36.219557246024415,-9.086071730026823
7703,63.87409573528972,47.67220940462213,13.692247236896407,33.47820196337433,35.906984747630766,-9.65785917140515
7704,65.45773035090667,48.112588667342656,12.726411961691504,29.909937379464793,35.57569996793074,-10.209169774227718
7705,64.91519536060265,48.5206368687349,11.754962821318244,28.72786710538992,35.22637342934892,-10.74120721678181
7706,63.284419452962666,48.89625285543054,10.782916990016851,28.56111155032461,34.85961948681195,-11.255780354993696
7707,63.01909950950496,49.23949800140269,9.814851932749065,28.667268151945265,34.47598807234934,-11.754792135538707
7708,62.22607385481886,49.55057631761381,8.854956264108509,28.96828980852149,34.07596667777604,-12.240042932202257
7709,60.65487902390332,49.82982841900992,7.907163920696085,30.73200129393757,33.65998521020252,-12.713156039337257
7710,59.46584414504499,50.07772057899355,6.974969490316418,32.66704274651704,33.22842294182022,-13.175326378951553
7711,58.3212610158622,50.294826385031016,6.061378720390174,34.414140624942135,32.78163011827242,-13.627072827846938
7712,56.51223882129126,50.48181249368623,5.168981197438143,36.91959298332334,32.31995141996376,-14.06823610638023
7713,57.23237027430121,50.63942513152689,4.299867210358137,37.13825718373711,31.843747711180402,-14.49788947860931
7714,55.6690772670088,50.7684703077101,3.4559138847274795,40.16970079114823,31.353425454723137,-14.91456166057322
7715,56.5165555615091,50.869819390508724,2.6388303392767654,40.13367808752824,30.84944360047552,-15.316154344768478
7716,57.677604404336265,50.944392330328554,1.8501849891957178,41.70505705568054,30.33234849840524,-15.699975942024338
7717,58.850198782710514,50.993165056455105,1.0918187624455555,43.059972363620076,29.8027785376739,-16.062954715425892
7718,60.09995987972639,51.017180247824925,0.3659012635278813,44.713086381561865,29.26148485071018,-16.40142813948758
7719,60.00554653000559,51.01755847402363,-0.3250485167316697,46.36912774145493,28.709349995041393,-16.711127147567666
7720,58.503529506964,50.99551034670948,-0.9783434118886447,48.00115194416507,28.147409707539,-16.987127998248788
7721,54.07185231129774,50.95233557989772,-1.5915304261531915,47.82626739304149,27.57687479515814,-17.223852341245465
7722,52.40034732800988,50.88940831829927,-2.1630292194797107,42.23073701597055,26.999152884789304,-17.415336744340486
7723,49.161472502033426,50.80813363193241,-2.6921512320073404,34.57781235181493,26.41585234553544,-17.556305101299277
7724,49.05108534732156,50.70993156949878,-3.1789166459399354,27.690385959372463,25.828732544702685,-17.64327873606902
7725,45.64731669158369,50.59620585553641,-3.6238169981385226,22.40047661366826,25.23963376313084,-17.67476711332213
7726,40.208241305448055,50.46834376962288,-4.027834874683762,18.831759949908246,24.650414737147877,-17.6509155902054
7727,38.23393171700199,50.32768353055749,-4.393231889064033,14.369596138181208,24.062906057117146,-17.573011604093676
7728,37.35552006318578,50.175461643685274,-4.723332112958687,8.7338963860783,23.478880630208298,-17.443361821297714
7729,36.06932598180754,50.012794723026914,-5.021840272255496,4.158038564281668,22.900015269030632,-17.265600274701143
7730,36.01919680999317,49.840672292201575,-5.29273615018063,1.429785417668981,22.32784061189489,-17.04470655561483
7731,37.00036658822807,49.659945646348206,-5.5401484604500695,0.0008564870594369722,21.76370149865631,-16.786575231739764
7732,38.83938318662892,49.4713290615049,-5.768014999308946,-0.6619144922752014,21.20873559644557,-16.497550081130647
7733,39.3856020558443,49.27541131306094,-5.979799272309272,-0.41625921719604264,20.663864826580934,-16.18411950903294
7734,38.07501840588951,49.072675776684285,-6.178552913598345,1.7621522671665844,20.129794295843375,-15.85267039844874
7735,38.16309607842845,48.86350778548772,-6.367381939499985,2.157653987344446,19.607020133351018,-15.509068726690423
7736,39.262732670348335,48.648183647384286,-6.549512904864052,2.064040011900701,19.09585638073068,-15.158640568673434
7737,35.34020999510895,48.426873591830116,-6.727932625587023,9.290926556522649,18.596444095439455,-14.806513358837474
7738,36.20891999344338,48.199654805678485,-6.905982758938087,12.243514640943388,18.108755490141515,-14.456603521825908
7739,36.73802301947035,47.966474741234244,-7.087392374133756,15.5251495026517,17.632670527317728,-14.11116698575265
7740,37.503092721993234,47.727161980736234,-7.27561421983232,17.581467805279217,17.168011024424672,-13.771389319406868
7741,39.85718500309597,47.48143379324542,-7.473838337292769,18.717850348475096,16.714577906023937,-13.437522434199494
7742,43.014018359061964,47.22890609158338,-7.684718814163958,21.196433538139544,16.27217619547804,-13.109206956705535
7743,45.12501171393555,46.96911920563449,-7.910016158406847,23.31244762639308,15.840630775576901,-12.785412746650868
7744,47.560473193610655,46.701571681022926,-8.150631357125881,22.984432464980387,15.419815345701315,-12.464296478108103
7745,51.4757191841183,46.4257437818261,-8.406710912809494,18.025613089535895,15.009677677036361,-12.143622197325863
7746,49.1091051521747,46.14112428683563,-8.677376161304835,18.578404995537312,14.610240532546257,-11.821816550796509
7747,48.3739487924477,45.84725203773911,-8.961434813307072,18.62547309495787,14.221556573649927,-11.497840986137948
7748,50.7674510847862,45.54369529928182,-9.25806979709094,15.075168911305639,13.84371780013706,-11.170450554852263
7749,49.6142714052204,45.230047384599715,-9.566128601797317,15.649962380707336,13.47685986999311,-10.838807264272834
7750,50.68342464383253,44.905953392495334,-9.884182497812652,14.644428877319982,13.121130649185538,-10.502404849120364
7751,47.96871970034927,44.57110188474554,-10.210720416707204,16.706516751307262,12.776699546718419,-10.160693645750065
7752,45.050081649339226,44.22523869804819,-10.544378000757106,20.624585206503937,12.4437510728022,-9.812862762833934
7753,46.587483267210374,43.86814335136173,-10.884527359930338,19.24245331846781,12.122508695862823,-9.457111317506524
7754,46.014533303697505,43.4996035407195,-11.230641465743538,18.868299198233004,11.813276984968432,-9.091164047313418
7755,47.41443480001841,43.11943392031216,-11.58194196975618,17.029597587903865,11.516431092708595,-8.712913100729747
7756,46.0511115412915,42.727474076069086,-11.937416218967982,19.460490370041185,11.23241611158645,-8.320489557987125
7757,45.62299773072087,42.32360617238096,-12.295931303606125,20.40791077240131,10.961731788842787,-7.911850063668071
7758,44.605130586967576,41.907745322495344,-12.65650236338864,21.51893342901805,10.704959440675244,-7.484366413976495
7759,46.797876727777606,41.47983934815505,-13.018237663236576,20.37003995890221,10.46277402791102,-7.035025875632028
7760,47.36396903696145,41.039862811612906,-13.379945290601327,20.564984533361596,10.23595771563311,-6.560747150620836
7761,47.49533543318411,40.5878429954483,-13.739894030839253,19.800666268653103,10.025390884536298,-6.058521053734944
7762,46.530676911755656,40.12386987622362,-14.096116313533145,20.2341559345397,9.83205631205078,-5.52535802707701
7763,46.68827602646362,39.64810190787942,-14.446632270456519,19.562155724278284,9.657033682731164,-4.958257646648523
7764,45.90724180262072,39.16076105819319,-14.789442303299296,17.577285510311384,9.501505802274211,-4.3542001799418095
7765,45.770203598170525,38.66213908765947,-15.122496303456785,12.193412726879316,9.366753670735044,-3.710511823793192
7766,45.388316614905186,38.152594637962736,-15.443734066859669,6.75267969188603,9.254138347354665,-3.025571359441379
7767,42.89008545654738,37.63255681653549,-15.751022638096401,4.682739665564398,9.165048913438952,-2.2993304288077088
7768,38.91001732236848,37.10252646208964,-16.04250424087237,4.906861166480795,9.100849652100818,-1.5328275349090692
7769,35.59240682186254,36.563056533810666,-16.317128289863234,4.711130661136309,9.06286041111168,-0.7273528640025173
7770,34.65068767781633,36.01471790943209,-16.574770344785748,1.3978467828549697,9.052359461167317,0.1158228151388041
7771,31.904085040356456,35.45807184415828,-16.815777578140043,-1.74542253063251,9.070581932120934,0.9949141455043709
7772,30.97102002056914,34.893666070889424,-17.040881310840028,-6.557756346867436,9.118687070867608,1.9071745169488086
7773,30.267859403691254,34.32201309010228,-17.251193336101487,-10.534815248473187,9.197726899917521,2.848664439009525
7774,31.653074981777152,33.743586515149325,-17.44789982315382,-18.124436860093255,9.308598033468243,3.8141185107104913
7775,33.764001774007205,33.15881976855869,-17.631914498434362,-24.565060295240876,9.45200146729822,4.796523097760179
7776,32.19984652527354,32.568125548587034,-17.80345823400168,-26.718756349824595,9.628366239985588,5.786740423581849
7777,27.652312117924755,31.97192255295858,-17.962495801814757,-23.90132825600641,9.837784162203677,6.774307165404672
7778,25.867588993273184,31.37062582846605,-18.109724302265455,-23.994967409343225,10.079986717679233,7.748801332191109
7779,27.254802642405508,30.764607599474218,-18.246604386532663,-26.825310483855098,10.354370917683084,8.700138809797018
7780,26.13562734601956,30.15418553603054,-18.374476285780936,-27.802037876651305,10.659995971665701,9.617723863228491
7781,23.62802870650233,29.53964251375549,-18.49445948564412,-26.039731155909877,10.995552508564984,10.490308388227811
7782,20.47238015143158,28.92122157032093,-18.60803062648575,-22.359781489770548,11.359349864214222,11.306665752826754
7783,21.669854414162018,28.29910713865644,-18.71732514239831,-21.398218228682673,11.7493302254201,12.056274606019608
7784,25.899073472563266,27.673399894161044,-18.824585182100115,-20.39535492329329,12.163101504615529,12.72919171233954
7785,27.05067102193089,27.044134793183098,-18.931060377940767,-16.604170803332096,12.597943006242737,13.315646431461552
7786,24.91106946164217,26.411329202298326,-19.037013604556563,-9.177318518710955,13.050811266712966,13.806454818643692
7787,25.867338975263593,25.775000552879327,-19.14266698221155,-4.244253168444601,13.51837332748565,14.193969073462078
7788,27.233246353753582,25.135151403484222,-19.248229872178158,2.7271132442569552,13.997075871610438,14.472242474659742
7789,23.362180149732595,24.49178522806745,-19.353376551766495,15.912138787735927,14.483189492462966,14.636957806686564
7790,23.281629270839034,23.844926300033123,-19.457963004212182,24.518640052649616,14.972873058722875,14.68665168728597
7791,24.533104924889038,23.194587694453304,-19.562240968113667,27.42325191197351,15.462299604948697,14.622956083060403
7792,22.06683354292187,22.54077690215888,-19.666095166369857,32.16258127696982,15.947736797593569,14.449069094689477
7793,19.489622911007967,21.88351468336198,-19.769397034774858,35.96401440343389,16.425570877927996,14.16918053065058
7794,14.14557484302156,21.222817099840555,-19.872573027282634,43.01137987654319,16.892348832970274,13.78860699051737
7795,22.645455269339482,20.558676481543138,-19.977031524211206,36.17229233440209,17.344811343962487,13.314137850131242
7796,22.340822864268947,19.891014998226474,-20.08351461943274,37.81451759906247,17.779958022979024,12.752456763501403
7797,23.073232269165146,19.21977550691429,-20.191347711644312,40.24613803276826,18.194975128195914,12.109342609154439
7798,24.880669526402077,18.54492515078352,-20.299593490296157,39.70971461128971,18.587247530255986,11.391053634839974
7799,26.30442889650615,17.866469274227878,-20.40673679677056,40.82633139872827,18.954378703851912,10.6040098627596
7800,21.763315261949657,17.184476030998816,-20.510580745892195,45.3145820756655,19.294181521106626,9.75460466612752
7801,22.033861193222247,16.49909722450173,-20.609189708489588,44.35661846813882,19.604685681593747,8.849959752598586
7802,23.972806840968527,15.810530050432844,-20.70105976753979,40.21286557940567,19.884178837946532,7.897625089766098
7803,25.429028886589716,15.119026573332413,-20.784154140270445,37.66347336772226,20.131194020911487,6.904304273744852
7804,25.990227422638675,14.424919774414814,-20.855725954528133,37.055310794471836,20.344465789529522,5.875627320888608
7805,25.37432792582995,13.728644843030537,-20.912522299318876,36.58660900721041,20.522902508970727,4.816686265818575
7806,23.93432382082287,13.030751621126889,-20.951091644718698,36.57550010011239,20.66557820725076,3.7323547628550813
7807,23.42063417574998,12.33190540004929,-20.968080862450105,37.54994012841101,20.771726159827733,2.6273873671330072
7808,21.2844899400672,11.632879563630215,-20.960219644675124,39.9912829183139,20.840737365059628,1.5066448827600532
7809,17.10724684607788,10.934557423737616,-20.924423853277982,43.639706973275224,20.872169152011736,0.3754700023451285
7810,14.738476636710987,10.237917973411683,-20.858340376971096,43.90947297463444,20.865768698549303,-0.7599039546986042
7811,13.840064163914624,9.544001398606209,-20.76038207819618,42.067603700576996,20.821508888365162,-1.8926647469297997
7812,12.677003330868363,8.853892501531938,-20.629240878274338,41.35778486027036,20.739591048753983,-3.016226375127218
7813,11.36499814170109,8.16871867338792,-20.463709436642464,39.27870082482792,20.620427130023348,-4.1243635192863515
7814,9.091965704722716,7.489645205755774,-20.26274395314845,40.25267372564079,20.46463348080156,-5.211235674601813
7815,8.008634220276901,6.817869076511356,-20.025630864482025,39.64695794101415,20.273011418383227,-6.271125782092231
7816,6.446577068123744,6.1546031481236385,-19.751954832117175,40.81112907053891,20.046558428662077,-7.298210360512272
7817,5.196727776415309,5.501072087703545,-19.441495369203267,42.043487538509936,19.786464061015742,-8.2865207162072
7818,0.9007116784556546,4.858503456843421,-19.094254315247184,45.464846669859114,19.494123714248264,-9.22965943507295
7819,-2.555989854642289,4.228121800020399,-18.710865460095434,45.28208787841896,19.17115343201088,-10.120454935684862
7820,-2.453207547698931,3.6111124261703917,-18.292926150520806,40.98220771646716,18.81942671853594,-10.951162550825106
7821,-2.644667767660659,3.0085933899856787,-17.84234697908503,37.415767366121415,18.44107592862254,-11.714603863367206
7822,-3.264575752577109,2.421622627564723,-17.360870378171917,33.571505467237245,18.038453127644793,-12.404661632614662
7823,-3.181317588382961,1.8512020314408844,-16.85018255257838,29.569262447333244,17.614098486448228,-13.016204474404134
7824,-5.7752028268721,1.2982771240594975,-16.311877401347772,27.080594750177156,17.170706162684517,-13.545144825123554
7825,-7.5598978042781555,0.7637435380176996,-15.747755115616267,24.17841143655731,16.71108883143999,-13.98823129908088
7826,-6.635218143575276,0.24842678301841303,-15.160105284203748,19.270594436087848,16.23815740941246,-14.342879863344375
7827,-8.904147622794676,-0.2469301475958836,-14.551189267007295,17.162137843794497,15.754896840550366,-14.607529178504466
7828,-8.744503710769866,-0.72165250144874,-13.923318027494368,15.060864690063084,15.264322130845494,-14.78151905380285
7829,-8.57394206109071,-1.1751513494288415,-13.278971931835827,13.427174180224043,14.76946223696351,-14.864670483740143
7830,-10.54866094048475,-1.6069172969044618,-12.620444215128217,13.892178449482799,14.273344098596151,-14.857213324374827
7831,-10.083680152603277,-2.016514297104056,-11.950164753973956,10.35965965955009,13.778981348671854,-14.759403857401487
7832,-10.946114668938856,-2.4035949471693923,-11.270662813960396,8.99810845046747,13.289383841436052,-14.571807224391264
7833,-11.197824545598868,-2.767891818034749,-10.584408295121486,8.412463840943829,12.807527533712436,-14.295570009600604
7834,-8.350749345361788,-3.109222166844158,-9.893925041794073,4.33141000318723,12.336345840796012,-13.931983892459217
7835,-10.10377735311916,-3.4274868208210205,-9.201246032816279,5.852817829494015,11.878728607548489,-13.482892782601494
7836,-9.521423530960215,-3.72263856903191,-8.508143476230938,4.218098446568277,11.437486321955912,-12.950383100530125
7837,-8.935887544829104,-3.994696385903083,-7.816472445648175,2.550445145269549,11.015369734179814,-12.336424453883907
7838,-5.74354613651861,-4.243736732075122,-7.127830001244861,-2.317870983084717,10.615058025030319,-11.64334913749797
7839,-5.4198590002568565,-4.4698850526527405,-6.443173935234245,-4.5696926012153085,10.239146458346616,-10.87433906346087
7840,-3.9593868556497753,-4.673281661090738,-5.762868536269217,-7.7161519066695305,9.89010208746626,-10.03351949913986
7841,-1.6150537703639989,-4.854076288404022,-5.086948909883748,-8.668340210030713,9.570245158403958,-9.125710646522549
7842,-5.476388851324441,-5.012411588416321,-4.414827247802666,-9.605307756365463,9.28172137769809,-8.156242719088649
7843,-5.5476521013181035,-5.148398104924199,-3.746090894148888,-11.55449308755432,9.026495643798048,-7.130636384649138
7844,-4.473474684143284,-5.26215098135958,-3.0808682134785714,-16.522610178277546,8.806345618721481,-6.05476063200638
7845,-5.220791393866564,-5.353789319156104,-2.4191012977628112,-18.034264514697675,8.622844934997623,-4.935442379889237
7846,-5.762254295379116,-5.4234244012104345,-1.7606530918368968,-20.050835300152016,8.477316126728866,-3.78041208073272
7847,-5.051458503883741,-5.471166191945231,-1.1055542034077437,-20.76627488796204,8.370817462948775,-2.597875915025618
7848,-5.9132023447264555,-5.497128014770951,-0.4537926057537067,-21.36023547721556,8.304124399060491,-1.396408842655017
7849,-5.437392777816402,-5.501419032328811,0.19463224141422764,-21.991226556032558,8.277723540105107,-0.1847547804262728
7850,-9.51951212601849,-5.484152532010002,0.8396679877038382,-22.371539573697376,8.29180741369874,1.0281740448972876
7851,-10.718289667955036,-5.4454411664818885,1.480724086334142,-23.602651160773114,8.346268476431593,2.2333168547757776
7852,-11.763026760247854,-5.385437592921059,2.116416384463462,-24.25349604271085,8.440695204017125,3.421363055174087
7853,-11.755688963387977,-5.304346740850991,2.745012434101759,-24.8310559677329,8.574359346776532,4.582700060650877
7854,-11.383671429106444,-5.202436763980942,3.3646045424195536,-25.57573637907999,8.74620854139385,5.707498701368525
7855,-9.107404818832743,-5.080039771356354,3.9733142149722367,-26.354083229243372,8.9548592602011,6.7856877566188345
7856,-6.500449728770103,-4.93754914964946,4.569623408527823,-27.18088716959079,9.198587725168439,7.806912946642797
7857,-9.532158876795446,-4.7753982107878326,5.152700837196069,-27.826797787215526,9.47532012331062,8.760514032045377
7858,-11.455366101188487,-4.594035760503055,5.721606752210997,-17.478333146194004,9.782621993971464,9.635534383471818
7859,-13.058260236221107,-4.393957760640433,6.274613515608691,-8.366076762161796,10.117689082208742,10.422373317298366
7860,-14.821686640031947,-4.175728192795809,6.809412428597536,0.31335220592443136,10.477446881791355,11.114228483933069
7861,-14.145243108081187,-3.9399969320672636,7.323132009120428,5.984413748776191,10.85863764780428,11.706839877890598
7862,-14.062492088355294,-3.6875193921877805,7.8126716331006545,13.367815586557072,11.257902873650728,12.19797126517463
7863,-11.945478515266718,-3.41915215652722,8.274970972691857,19.627767501498028,11.671835732149255,12.587211586089975
7864,-12.216307114262117,-3.13585466067499,8.707219359446368,26.717093693323832,12.097050312723393,12.876057655824082
7865,-10.932797960814048,-2.838670865897462,9.106798623177593,31.668728447757942,12.53023957587086,13.067866575962821
7866,-9.724943971419343,-2.5287347524631505,9.471154862764848,33.53574723579516,12.968241417787581,13.167658321120985
7867,-7.984157633150088,-2.207260541713139,9.798014368570131,33.40133732906136,13.408083463945593,13.181337267825155
7868,-5.761425218175231,-1.8755337945584751,10.0854480086079,31.263721435608858,13.846997235642592,13.1149348982039
7869,-3.7217452386521295,-1.534897341139279,10.332018903078687,28.31047849883946,14.282412457159186,12.974014165611427
7870,-0.2859286300098373,-1.1867325343532293,10.536824021098132,22.82272057433734,14.71193151335002,12.763250985683037
7871,-0.054538171332959406,-0.8324424063994035,10.699672124843723,21.74357822022401,15.133295856204722,12.485937459206333
7872,0.8889497746129906,-0.4734210593636479,10.820812842237137,20.620217734252194,15.544327343963776,12.14426264476665
7873,2.2968458137799774,-0.11105488358359433,10.900564437308182,20.19255282879041,15.942913365855832,11.739964304246886
7874,3.1783661974549515,0.25328323645689754,10.939487558465265,21.045789859311114,16.326991630913568,11.274429166275874
7875,3.1725119576993537,0.6182442869807567,10.93837523315358,22.223962015418593,16.69454197694089,10.74899085902274
7876,5.923379627381263,0.9825082520004695,10.898042253937884,21.643418005857257,17.043591021515084,10.16517331709359
7877,9.950498087807395,1.3447804372432823,10.819603165948987,18.76930940424701,17.372220198080463,9.524482783785473
7878,10.524288099963039,1.703815129730402,10.705072379425996,19.746639800057196,17.678556540434116,8.827811014901883
7879,10.849122538638401,2.0584519292050154,10.557041210658761,19.733647594657043,17.960740932407255,8.075673289889505
7880,11.574974437737671,2.407617877107653,10.37812847888518,20.855699080651675,18.216934759760083,7.268640773150832
7881,11.059558408766126,2.750327161130694,10.171004585763994,22.753218931715068,18.445316983950644,6.40736949072922
7882,7.6214070278052715,3.085684849491919,9.938268341767564,27.72761225605562,18.644092725808697,5.492892428539662
7883,9.425677481783717,3.4128783839151984,9.681829822240495,28.36204616026322,18.811509812519954,4.5272009230353305
7884,10.886262181497408,3.731140170974619,9.403257617565624,28.89072346576964,18.94590612067772,3.513065902963479
7885,9.877698695256838,4.03976222508624,9.104509829155642,31.84487517385135,19.045714206050853,2.453386374119475
7886,9.81330809649087,4.338107492918328,8.78751855593158,34.226225886474225,19.109465212285684,1.3515444205617833
7887,11.690210912129468,4.625596795481679,8.453966088476971,33.841576212385945,19.13581716742164,0.21169120671135744
7888,10.067995160164047,4.901705232150126,8.105717127279913,37.29569904253478,19.123577959399775,-0.9617385873095863
7889,10.61729494031051,5.165977937300339,7.744590437071048,39.004220092012176,19.071701261601,-2.1638559419668724
7890,12.11577068715971,5.418011261288196,7.372164881435546,39.331797721549776,18.979320896601983,-3.3889946060256193
7891,10.716300883670447,5.657455596062709,6.990247057141588,41.78407498764092,18.84576828786596,-4.631164104128942
7892,8.071642648635109,5.884027731764302,6.600585199473139,43.77141216237611,18.670576622993387,-5.883926993063149
7893,5.29992108709657,6.097494609360918,6.204256874421636,46.62699126436665,18.453506488328415,-7.140139737298892
7894,4.571196369288651,6.297644856725745,5.801468784472421,45.68192202712355,18.19456730717346,-8.391880317786082
7895,6.310944274506385,6.484259194992413,5.391845601506362,42.56291234097016,17.89404780047601,-9.630871834355688
7896,4.536093505857742,6.657101230159502,4.975104826153842,42.428059798619856,17.552509184883082,-10.849358532262983
7897,5.7410046191393915,6.815932850069336,4.550905287141576,35.612580197367336,17.170757231658477,-12.039973038290555
7898,8.41426590445731,6.96049491596894,4.118771741137182,25.374682646614033,16.74984431566371,-13.196273955219961
7899,9.089061835325849,7.090517632811815,3.6787605229663445,17.181527564217376,16.291005634643813,-14.314236405677816
7900,6.758835200723199,7.20574561750003,3.2313850001680766,17.83549727055363,15.795561888618524,-15.392445432799216
7901,4.380003387175345,7.3059432994896865,2.7768759044032487,17.181638487036537,15.264842605790532,-16.430465270561882
7902,5.218020406574639,7.39087067779358,2.314731684748308,14.960835768115501,14.700197537247732,-17.427707543548514
7903,5.968649507421668,7.460258745139574,1.844194138888815,10.202137229661659,14.102995436220631,-18.383848462090604
7904,7.451073184264762,7.513816953719501,1.3647183529175866,7.006392001178696,13.474607639775025,-19.299429335618576
7905,10.606046526012019,7.551239968667413,0.8760731908190822,4.270192415928349,12.81636681384606,-20.1759920702522
7906,7.412336781069525,7.57222183310744,0.37870357949739475,6.508918293094666,12.129541501758212,-21.015769341756886
7907,6.019119796459794,7.576486873967239,-0.1269599992847592,6.6399126576827,11.4153155243956,-21.820867786873315
7908,8.056373903108351,7.5637578331551225,-0.6411729050327342,5.191652403427312,10.674816982633324,-22.592833319582688
7909,8.216009840352063,7.5337420136317235,-1.1640934687719806,4.535230654782225,9.909126636423421,-23.333191413438612
7910,8.495250758297445,7.486151601903657,-1.6955469824524716,3.241227641153955,9.119270888404083,-24.043556539354476
7911,9.777620267145632,7.420705548134892,-2.2352819357521714,1.6879709367787825,8.306222867133123,-24.725601887647763
7912,9.059401671257657,7.337132806186846,-2.782797794344587,1.1114099390540844,7.470897429227565,-25.381185687346388
7913,6.983091218038934,7.235185695178586,-3.337487973859079,2.429341900252709,6.61414382131003,-26.01223775939048
7914,7.156809470127906,7.114633607929574,-3.899133855842347,2.118950539552017,5.7367482452682,-26.620326064874433
7915,7.76443684728554,6.97524343812243,-4.467766655695189,2.270024297383543,4.839455416985068,-27.206610869053822
7916,5.356909575839299,6.8167824975498945,-5.043262746815302,5.347931492956903,3.9229741873312785,-27.77201222767645
7917,6.358026248729744,6.639025921668076,-5.625721860852759,4.817442869379931,2.987987935139971,-28.316700326740026
7918,7.199927464171013,6.441734373493044,-6.2154028697326025,4.43474608640058,2.03519416554861,-28.840191227348456
7919,7.9663358523298236,6.224665730352569,-6.8122348136504,4.61574304607899,1.0653085199834074,-29.341856066051747
7920,7.807429031477208,5.987585385916351,-7.415845956957927,5.061855568561043,0.07907042781182705,-29.820810065612
7921,9.049521551619197,5.730275999888708,-8.02570669402626,4.530933640909282,-0.9227454843907261,-30.275784315823397
7922,8.606083177929202,5.452538272981267,-8.64105282998099,4.54847173206845,-1.9393151932430661,-30.705226889448966
7923,8.458863433138648,5.154205811223308,-9.26092184537552,4.285737390463112,-2.9697606103539904,-31.107362061881155
7924,7.4997795061977595,4.835143483289565,-9.884353390023408,4.0836845339382535,-4.01313933070181,-31.480146173729384
7925,6.218952801028417,4.495248918555081,-10.51045981566019,3.07001415411537,-5.068437021935949,-31.821296297955737
7926,6.412914308889301,4.134446162245553,-11.138588565629606,-2.4520303283574947,-6.134559083898859,-32.12839821026998
7927,8.636735785011508,3.7526763475131073,-11.768144507363692,-6.833288584515003,-7.210330235953948,-32.39969410263907
7928,10.103574265254405,3.349903195087973,-12.398062555852771,-12.092983937094495,-8.294538690741463,-32.63458030721884
7929,10.182432419443542,2.926138843789589,-13.02661215269212,-17.905225421546554,-9.38596892310187,-32.83356559491985
7930,9.277828343518784,2.4814623849084985,-13.651709982577938,-18.95194727962663,-10.48344306373612,-32.99848163749861
7931,8.499165842234156,2.01602484495106,-14.271266381374232,-19.806915428064293,-11.585867698935111,-33.13185455566782
7932,4.734841917931984,1.5300446261502163,-14.883306654585517,-20.449856557296535,-12.692233367447308,-33.236166125781814
7933,4.767628936923801,1.0238044013120255,-15.486390182580665,-21.22837638389541,-13.801612107320565,-33.313792414483245
7934,5.2632567160112815,0.49761861397817186,-16.07948368864849,-22.143201320919815,-14.913152861746191,-33.36699137656286
7935,3.3508727018654776,-0.04816117793120722,-16.66132179531029,-23.169134838734266,-16.026078199091423,-33.397942515184994
7936,1.510333385014289,-0.6131361723758475,-17.230690396283848,-24.013630075960037,-17.139682362758524,-33.40878314550871
7937,3.2743640446579074,-1.196873871016797,-17.786768282078878,-24.798408506634672,-18.253330408792003,-33.40159762965939
7938,0.21099812377004756,-1.7989207245144394,-18.328574803896494,-25.292580390810137,-19.36645553806915,-33.37838140892052
7939,-1.211876282058186,-2.41877885794323,-18.85514619820026,-26.196744417925174,-20.47855583605337,-33.340988981045726
7940,-0.8201279802838811,-3.0559304710611235,-19.36600411593853,-27.16226740931846,-21.589188136805532,-33.29115188333711
7941,-1.5031866145098314,-3.7098457990057985,-19.86063661862087,-28.128419342164833,-22.697965961609178,-33.230549154372966
7942,-1.4785925430233982,-4.379972912302515,-20.338383101554204,-28.942869084339804,-23.804558080430397,-33.1608170458178
7943,-3.2887026638968315,-5.065738005776079,-20.798483987020568,-29.52555283586041,-24.90868709799703,-33.08352715825318
7944,-2.6947315343900113,-5.766538511437219,-21.240243583396566,-30.406749338855597,-26.010126557647276,-33.0001301098293
7945,-5.19503564898948,-6.481754244669183,-21.662940856213922,-31.302981333492646,-27.10869577198565,-32.91196622788077
7946,-5.6071184827502805,-7.210734568518148,-22.06592768227913,-32.08010236752491,-28.204257639505993,-32.82031300105791
7947,-8.399198104267628,-7.9528160901544585,-22.448774261901306,-32.769644097427864,-29.296716638722845,-32.72637047706701
7948,-10.517978480543892,-8.707319519311568,-22.81130851160185,-33.59392694798781,-30.38601567131046,-32.63123143593633
7949,-10.429235467084082,-9.473569990927915,-23.153866058780544,-34.44425748653763,-31.472132067785267,-32.535889334390085
7950,-11.82944912502209,-10.250910589896938,-23.476858262508074,-35.296726161575286,-32.5550749602698,-32.44126315868943
7951,-12.094423483912932,-11.03869387509512,-23.780661964991747,-36.12491241456181,-33.63488294503123,-32.34820256110542
7952,-9.157354029663917,-11.83628805422972,-24.06566888821505,-37.023710969109025,-34.71162179767683,-32.2574855050868
7953,-10.426920664936212,-12.643071800976124,-24.33163765779308,-37.83580155367726,-35.78538197870368,-32.169826077179096
7954,-11.525704977569742,-13.458397231415926,-24.577840362836163,-38.716833797903206,-36.85627686948877,-32.08587299288315
7955,-11.416482983334198,-14.281594491831868,-24.80366006039371,-39.446775988787834,-37.924440178229226,-32.00620782377417
7956,-14.876293469497028,-15.111974568775507,-25.008383305553316,-40.3907718942289,-38.99002405774038,-31.93133361410652
7957,-17.924947121911657,-15.948820045535422,-25.191549003026175,-41.35451126490647,-40.053195752502994,-31.861685033420564
7958,-16.172502593376,-16.791411168977252,-25.353415961298246,-42.1768502697713,-41.11413639330175,-31.797663885009122
7959,-16.34806691484024,-17.63904777628864,-25.49418600201193,-42.93708680742937,-42.1730400115036,-31.73962170570544
7960,-21.31704065747927,-18.49102356911138,-25.6135751200331,-43.76651792183874,-43.23011117368211,-31.68783013919807
7961,-25.550403733922884,-19.346619450957512,-25.711811578925943,-44.645299154304595,-44.28556202078347,-31.64248256604477
7962,-26.878304295480547,-20.205144341039777,-25.7902381317853,-45.485752393783116,-45.33961001141843,-31.603712244987285
7963,-28.23524814456691,-21.0659686597432,-25.850769611065907,-46.35479990408194,-46.39247617044929,-31.57159440152121
7964,-30.159593707729766,-21.928528981777504,-25.895464420671992,-46.337854375494516,-47.44438297151984,-31.54614516481761
7965,-31.40783912122803,-22.792332954454665,-25.92661262867958,-46.35921679296487,-48.495552514770466,-31.52719438887317
7966,-31.616949989963448,-23.656969823689476,-25.94671936053704,-46.33340406540818,-49.546195930778055,-31.514259851996513
7967,-32.033730946302846,-24.522114245157134,-25.958249430769058,-46.29407897836373,-50.596503171570234,-31.50654612610232
7968,-33.74122496378772,-25.387519785740746,-25.963503502892458,-46.31785533185826,-51.646632339184876,-31.502935680560746
7969,-35.24604636273088,-26.253014478683298,-25.96484078827654,-46.37973354258935,-52.69669888360762,-31.501996332682225
