scorer,DLC_Resnet50_tracking_20252606-16-11Expnt001May22shuffle1_snapshot_best-90,DLC_Resnet50_tracking_20252606-16-11Expnt001May22shuffle1_snapshot_best-90,DLC_Resnet50_tracking_20252606-16-11Expnt001May22shuffle1_snapshot_best-90,DLC_Resnet50_tracking_20252606-16-11Expnt001May22shuffle1_snapshot_best-90,DLC_Resnet50_tracking_20252606-16-11Expnt001May22shuffle1_snapshot_best-90,DLC_Resnet50_tracking_20252606-16-11Expnt001May22shuffle1_snapshot_best-90,DLC_Resnet50_tracking_20252606-16-11Expnt001May22shuffle1_snapshot_best-90,DLC_Resnet50_tracking_20252606-16-11Expnt001May22shuffle1_snapshot_best-90,DLC_Resnet50_tracking_20252606-16-11Expnt001May22shuffle1_snapshot_best-90
bodyparts,point_1,point_1,point_1,point_2,point_2,point_2,point_3,point_3,point_3
coords,x,y,likelihood,x,y,likelihood,x,y,likelihood
0,786.35443,556.0067,0.9567128,809.0977,531.46326,0.97643596,749.6603,451.67572,0.8530859
1,786.4516,555.32666,0.95809454,809.1236,531.47125,1.0,750.1543,451.57703,0.8935547
2,786.6895,555.4131,0.9660712,808.9957,531.87115,1.0,749.6872,451.12717,0.9113419
3,786.76245,555.7853,0.9693765,809.0309,531.80554,1.0,749.8102,450.31537,0.8917723
4,786.54785,555.2612,0.9399205,809.6382,531.5345,0.99275136,749.28705,449.8092,0.9305039
5,786.4323,555.3748,0.9722806,809.2804,531.6376,1.0,748.9605,449.13153,0.93923414
6,786.4973,555.5281,0.9724241,809.1171,531.82904,1.0,748.0739,449.30978,0.93837535
7,786.4222,555.61945,0.9563029,809.24664,531.6725,1.0,748.08606,449.1371,0.927956
8,786.35156,555.3331,0.9329321,809.30597,531.7145,0.9954079,747.6589,449.11502,0.9138031
9,786.3825,555.1247,0.93359333,808.86285,531.742,0.974498,747.8002,449.14105,0.9226252
10,786.3853,555.0205,0.9348983,808.9545,531.56805,0.978822,747.8383,448.82275,0.91946054
11,786.2995,555.0553,0.9454325,808.63165,531.72003,0.9859019,747.8185,449.19287,0.9058717
12,786.1249,555.16187,0.955097,808.6448,531.94775,1.0,747.81104,449.12366,0.8980236
13,786.3179,555.3023,0.95240945,808.9922,532.0037,0.9994671,747.6776,449.12796,0.9240165
14,786.46436,555.4876,0.9621503,808.6383,531.80963,1.0,748.30444,449.10052,0.916681
15,786.6962,555.51465,0.97778827,808.4836,531.66077,1.0,747.6934,449.55905,0.8784392
16,786.6355,555.7965,0.975918,808.1713,531.66473,1.0,748.48364,449.59976,0.8978159
17,786.49774,556.2044,0.98505473,808.17645,531.6786,1.0,749.0083,449.87683,0.8849862
18,786.348,555.1456,0.94146794,808.47253,531.71454,0.99420744,748.3589,449.5272,0.90254223
19,786.5452,555.5372,0.9580795,808.68774,531.60156,0.99076766,748.82025,449.05847,0.884621
20,786.7983,555.588,0.9487131,807.71094,531.12744,0.9773935,748.52136,449.20184,0.9205793
21,786.67145,555.6149,0.9671,807.5655,531.18726,0.9993893,748.7513,449.34897,0.9301985
22,786.55493,555.613,0.97207063,808.29034,531.5706,1.0,749.0326,449.18665,0.9040897
23,786.4054,555.8639,0.97835034,807.38354,531.2836,1.0,749.8614,448.701,0.89622545
24,786.3116,555.88696,0.9911533,808.29205,531.6072,0.9924843,749.85333,447.9301,0.86845744
25,786.37225,555.32245,0.9458296,808.78235,531.50684,1.0,750.4917,448.87802,0.88639337
26,786.4392,555.02606,0.9469443,808.4157,531.6662,0.98272485,750.8868,447.55975,0.88453245
27,786.222,555.6039,0.9483371,807.7234,531.08466,0.95503235,750.87946,447.11826,0.8565711
28,786.25397,555.2715,0.92297274,807.50946,531.28705,0.95849293,750.97015,446.78918,0.8434941
29,786.1315,555.22473,0.937264,808.70996,531.62524,0.97540003,750.7581,446.6723,0.8318651
30,786.2753,554.9694,0.9497644,807.7679,531.0972,0.97855574,750.82465,446.70193,0.84843946
31,786.2673,555.3602,0.95418185,807.8181,531.11554,0.9780327,751.1505,446.70496,0.8417167
32,786.24854,555.35333,0.96674865,807.624,531.08453,0.9709237,751.05396,446.58374,0.84683484
33,786.2551,555.6779,0.95239705,807.5928,531.3529,0.99265164,751.3263,446.665,0.7958342
34,786.3818,555.56976,0.9452823,807.76245,530.92487,0.9699455,751.18176,446.35864,0.81389093
35,786.4172,555.3606,0.9424924,808.8334,531.539,0.9758963,751.45605,446.11853,0.8537798
36,786.71185,554.4065,0.8741136,809.21545,531.0638,0.9228831,751.0275,446.39557,0.8569734
37,786.6732,554.8082,0.84749264,808.75385,531.2403,0.9328941,751.0783,446.07214,0.85827476
38,786.38995,554.5651,0.8662959,808.7814,531.2865,0.9498516,750.7871,446.15158,0.8855518
39,786.08997,554.99384,0.91269875,807.64105,530.88684,0.96749884,753.44025,445.89474,0.81967175
40,786.1301,554.96783,0.912513,808.7434,531.52545,0.9616044,754.9869,445.3414,0.8507798
41,786.38824,555.4976,0.9635222,808.5952,531.9128,0.99856216,755.87646,446.24976,0.7801086
42,786.38434,555.50543,0.9528545,808.6208,531.5378,1.0,755.3237,447.52234,0.75172436
43,786.2579,554.75867,0.9208798,808.3807,531.1747,1.0,754.6199,447.73343,0.80717397
44,786.6128,555.459,0.9591827,808.8889,530.9113,1.0,754.5367,448.18613,0.80155826
45,786.6295,555.7915,0.977648,809.16364,531.05585,1.0,750.3178,451.66663,0.89002764
46,786.67035,555.55804,0.9470127,808.9545,530.591,1.0,748.81433,452.51993,0.8550954
47,786.6811,555.7398,0.97486335,808.9444,531.1791,1.0,746.86707,453.67117,0.79304224
48,786.4219,554.9431,0.93699795,809.41895,531.412,1.0,746.08057,455.53278,0.6813189
49,786.9894,556.00464,0.992142,809.93256,531.24615,1.0,742.7643,456.00775,0.6338593
50,787.03345,555.8586,0.97960144,809.7762,531.3419,1.0,742.38666,458.4232,0.74050426
51,787.1609,555.97516,0.9867871,809.7836,531.0862,1.0,740.92255,459.98328,0.8171095
52,787.2618,556.51086,0.9771493,809.616,530.5765,1.0,739.88,460.89178,0.86522627
53,786.67065,556.2662,0.9688963,810.2129,531.3004,1.0,738.7847,463.51236,0.8719363
54,786.90466,556.0981,0.98906237,810.13837,531.7958,1.0,738.53864,465.20032,0.7223278
55,787.1203,556.4082,0.9864451,810.37915,531.852,1.0,738.1022,464.30954,0.6826236
56,787.0584,556.61615,0.9834644,810.06366,531.6223,1.0,739.5617,461.29373,0.90834904
57,786.18005,555.6781,0.966656,809.1089,531.7133,1.0,741.01825,459.79782,0.8344922
58,786.665,556.26306,0.9826695,808.98224,531.76904,1.0,739.81805,459.49686,0.71043146
59,786.5327,555.909,0.9734866,809.26715,531.58105,1.0,735.29614,459.55118,0.6583092
60,786.9264,556.2537,0.988255,809.20685,531.63214,1.0,738.2649,461.36398,0.6684463
61,786.8411,556.2733,0.9829735,809.41235,531.8486,1.0,736.8383,462.63232,0.695281
62,786.7627,556.0145,0.99321586,809.8532,531.6828,1.0,737.4192,463.4307,0.7371502
63,786.9486,556.7186,0.9907594,809.5932,531.7325,1.0,735.28784,466.3816,0.81434643
64,787.1019,557.1749,0.99424493,809.4484,531.90826,1.0,734.94147,467.60706,0.7701561
65,787.1971,556.77185,0.9999417,809.7568,531.87854,1.0,733.5754,469.11108,0.8053268
66,787.675,557.3718,1.0,809.78503,532.0397,1.0,733.6693,470.10895,0.74743474
67,787.505,558.1106,0.9777867,809.84454,533.1187,1.0,734.4062,471.39197,0.69362074
68,787.823,559.5272,0.943708,809.89166,534.33105,1.0,734.29803,472.75806,0.7094172
69,787.9493,560.3598,0.9003733,809.96704,534.62164,0.99906373,735.36743,471.9213,0.7608952
70,787.7061,561.2488,0.89158696,809.7721,535.0205,0.9931721,737.22675,469.70963,0.7074175
71,787.6841,561.3999,0.8895573,809.1783,534.5623,1.0,740.8356,464.5606,0.7895913
72,787.56085,560.7357,0.9049408,808.80414,534.31647,1.0,745.7117,461.01175,0.9105424
73,787.5175,560.30804,0.9162225,808.881,534.12714,1.0,749.063,457.31723,0.9062372
74,787.5954,560.3517,0.9053648,808.9013,533.9934,0.9990633,749.7697,456.39325,0.88889676
75,787.5076,560.10803,0.9131471,808.8431,534.069,1.0,748.3855,457.65564,0.9585128
76,787.4271,559.5299,0.9326359,808.87067,534.27936,1.0,747.1079,457.7077,0.9879169
77,787.4442,559.4377,0.9398481,809.0617,534.66455,0.98997444,746.2882,458.23926,0.967415
78,787.522,559.7574,0.9156515,808.8512,534.4738,0.99912566,745.5059,457.90933,0.86172277
79,787.4272,559.6922,0.91952306,809.0101,534.27045,0.999199,745.71185,457.4388,0.8320835
80,787.45807,559.83093,0.8908864,808.90173,534.1361,1.0,746.1245,456.91058,0.86932665
81,787.1828,559.19775,0.89221656,809.19604,534.69525,0.9782525,748.1081,455.22385,0.8377479
82,787.06464,560.79095,0.8552888,809.2086,535.656,0.9696701,748.8504,454.698,0.83624506
83,787.7918,562.9444,0.9403062,809.8245,538.2108,0.9318691,749.7784,457.46402,0.9050257
84,787.27966,565.54706,0.9602883,809.9631,540.2823,0.8826802,752.6203,459.39987,0.87434506
85,787.0625,568.3152,0.92951375,809.5444,544.6783,0.9661309,754.701,462.5205,0.85899323
86,786.85016,572.4595,0.9927886,809.0601,548.165,1.0,756.35913,466.12683,0.8919134
87,786.77936,574.9865,0.94860977,808.76666,549.5923,0.99805313,758.32556,468.1288,0.9579624
88,787.0656,575.2437,0.94799674,808.9224,549.7958,0.99630916,759.78406,467.89066,0.91290116
89,787.1616,575.39343,0.9027925,809.0818,550.0761,0.97493124,762.5805,467.73242,0.8980371
90,787.2849,575.9325,0.9019993,808.71814,549.97125,0.990248,763.9188,468.2862,0.9237143
91,787.1878,576.25366,0.89474064,808.72314,550.26965,0.98421204,764.956,469.286,0.85005605
92,787.0028,576.85535,0.85262483,808.6353,549.8481,0.9898483,765.18524,469.3229,0.8393681
93,786.9146,576.72437,0.87991685,809.15564,550.37317,0.96645826,764.5615,469.2364,0.9124305
94,787.03876,577.09344,0.880501,809.02167,550.21594,0.9670109,763.8153,469.31006,0.91526526
95,786.9625,577.11725,0.8505277,809.3939,550.2707,0.9436475,763.09686,469.2738,0.85990024
96,786.99756,576.80664,0.8527143,809.1387,550.12933,0.9433095,761.87897,468.8934,0.8662467
97,787.14545,575.93695,0.8811282,808.91876,550.35205,0.9460251,758.2867,468.3763,0.86134267
98,786.9692,575.89813,0.8799073,809.19714,550.4779,0.94291645,759.5978,468.15778,0.86387986
99,787.1589,575.98566,0.88516253,809.1286,550.1615,0.95908,761.2613,468.3979,0.8477112
100,787.152,575.8561,0.8943215,809.12103,550.31213,0.9600249,760.9045,468.01416,0.85664654
101,787.311,576.0266,0.86580515,809.27216,550.417,0.9382919,758.1788,468.37503,0.8514895
102,787.19525,576.85236,0.86788076,809.11145,550.3322,0.9533511,755.7212,469.18634,0.7728405
103,787.08984,576.6867,0.8331132,808.9542,549.9436,0.96303153,755.4594,468.38696,0.7493486
104,787.0716,576.62524,0.85357565,808.958,550.28815,0.9724367,754.80743,468.56546,0.8049147
105,786.9153,575.36743,0.8601098,809.03125,550.4169,0.96216744,754.75146,467.57986,0.8169234
106,787.1082,575.81036,0.85831434,809.0816,550.36975,0.95852375,751.53516,468.16492,0.79537255
107,787.2646,576.0226,0.8708713,808.8596,550.15015,0.99927396,749.40155,469.0279,0.8514143
108,786.9365,575.4187,0.85712355,808.9317,550.15576,0.9437209,748.9019,470.65778,0.81614995
109,787.3241,575.63586,0.9183318,809.0582,550.40466,0.9510502,748.8111,470.66574,0.76172155
110,787.1145,576.6776,0.8637607,808.9607,550.3284,0.96184164,748.0883,471.5085,0.63433135
111,787.06555,575.7076,0.8761377,808.57404,550.2073,0.978848,747.10114,472.8584,0.74866605
112,787.2683,575.43396,0.86082476,808.86743,550.7458,0.94012254,746.74713,473.42767,0.83603245
113,787.27496,575.4285,0.8778253,808.6263,550.266,0.97129136,745.25244,473.71658,0.7075674
114,787.0727,575.86725,0.89996856,809.0102,551.0812,0.945769,743.74896,475.7226,0.60367656
115,787.4503,575.5288,0.9360459,809.1937,551.2627,0.9674499,742.02576,477.24155,0.72723055
116,787.39557,575.8939,0.91328865,809.69116,551.16064,0.95679164,740.4855,478.98642,0.787688
117,787.3765,576.24054,0.89272815,809.40283,551.1332,0.95855504,739.8215,479.81564,0.7878388
118,787.5733,576.1865,0.9182821,809.5477,551.08405,0.9494783,739.6607,480.10995,0.77677727
119,787.47485,576.2138,0.91381174,809.4855,551.097,0.9506327,738.0505,482.48297,0.77934587
120,786.94025,576.6609,0.8927633,809.18726,551.02435,0.96614295,738.4737,483.34024,0.7243724
121,786.9292,576.0758,0.89128786,809.03503,550.7772,0.9756393,738.5968,482.7731,0.74051857
122,786.47504,576.081,0.8518376,808.7891,550.6969,0.97593266,739.007,480.05264,0.81494755
123,787.0216,576.0322,0.8876056,808.8664,550.59985,0.96977973,741.08386,477.35828,0.78215194
124,787.06744,577.35394,0.87324405,808.8629,550.7176,0.96632034,741.51227,477.97742,0.7661834
125,787.23315,577.4414,0.86602044,809.0492,550.74817,0.96674407,741.85,478.82605,0.78279483
126,787.3429,577.42194,0.8777795,808.83875,550.6544,0.9621884,741.2549,480.13904,0.7140844
127,787.1966,576.9553,0.85668755,808.86163,550.83777,0.9666975,739.66437,480.39258,0.7275991
128,787.07733,576.8503,0.8767345,808.8602,550.73364,0.97581524,739.1237,480.26028,0.7406175
129,787.41376,575.958,0.87672704,808.98627,550.49713,0.9687217,739.0698,480.29984,0.745746
130,787.3608,576.0165,0.8883247,809.11725,551.03357,0.95525366,739.4277,480.28668,0.69921315
131,787.1623,575.5141,0.9027732,809.1066,550.7002,0.9550504,739.7798,479.6046,0.7526157
132,787.31415,575.65295,0.8585301,809.1278,551.13654,0.9775966,738.9365,477.2637,0.7716788
133,787.21814,575.6283,0.8868893,809.0784,550.8203,0.9784861,740.70166,475.24796,0.8444048
134,787.2268,575.7259,0.871949,809.0402,550.67737,0.9817725,742.3726,474.0104,0.85530055
135,787.0649,575.2647,0.9154974,808.82587,550.73425,0.99331456,743.9454,472.30984,0.83408797
136,786.8739,575.3886,0.8909004,808.75977,550.63477,0.97534394,745.76324,470.88727,0.81228733
137,786.6372,575.3099,0.8828475,808.77386,550.8138,0.96542376,746.31384,469.33084,0.8251339
138,786.338,575.22906,0.8562701,808.9099,551.02704,0.9455516,746.6,468.07547,0.8813256
139,786.7593,575.3784,0.8834657,808.7748,550.9808,0.9430894,746.82434,467.69662,0.8937558
140,786.75903,576.667,0.8894473,808.87067,550.93994,0.94135165,747.27106,467.5931,0.9112303
141,786.87256,575.78503,0.8738486,808.6235,550.5547,0.95136553,747.8645,467.79727,0.91036713
142,786.8838,576.66156,0.86316437,808.7197,550.47833,0.93149644,748.2475,467.94934,0.8981559
143,786.87115,576.70386,0.8568681,808.82556,550.27716,0.9570238,748.35583,468.2036,0.8799672
144,787.11426,575.29504,0.8741342,809.02734,550.36005,0.9356449,749.1451,469.24207,0.8615788
145,786.53534,575.5454,0.8704502,808.58484,550.53235,0.9758161,748.94806,469.0479,0.8516592
146,786.976,576.6555,0.8652573,808.7341,550.5484,0.9610026,748.67926,470.04507,0.8407835
147,786.98444,576.75653,0.89419484,809.0977,550.631,0.94465804,749.12964,470.69708,0.8497758
148,787.11255,575.8066,0.9180606,809.1748,550.6942,0.947038,750.0306,471.5332,0.8377454
149,787.2562,576.97046,0.89937735,809.3494,551.1114,0.93802935,749.82214,472.49863,0.84038764
150,787.1302,577.2012,0.86938494,809.1958,550.40796,0.9253318,749.0973,471.9187,0.8085719
151,787.339,577.1529,0.8916033,808.6037,550.41345,0.9731853,748.5526,471.63477,0.682089
152,787.0848,576.93384,0.88294667,808.5983,550.49396,0.95885515,746.3956,472.95767,0.813952
153,786.97076,577.026,0.87860346,808.6121,550.7488,0.9504722,744.1274,474.66394,0.84386784
154,786.9099,576.8102,0.88843024,809.0824,550.82117,0.9352684,743.87085,474.34723,0.78769445
155,787.2806,576.0838,0.88282025,808.8846,550.8543,0.95188445,745.02057,473.69302,0.8078533
156,787.07855,575.77924,0.87572294,809.10815,550.80304,0.95850533,746.7776,472.1306,0.8174752
157,786.86536,575.75366,0.86872697,808.845,550.5838,0.95848805,748.966,470.4735,0.84158444
158,787.07446,575.89667,0.8778293,808.7602,551.1042,0.96327657,748.9744,470.45303,0.8248739
159,787.1879,575.9994,0.87942064,808.8656,551.0662,0.9481023,749.1895,471.90637,0.81390715
160,786.78534,575.49744,0.9146638,809.46045,551.08234,0.92150897,749.1815,472.53418,0.84795177
161,787.0389,577.16876,0.8664786,809.01215,550.94244,0.9451394,750.12274,472.81976,0.84600776
162,787.41284,577.68896,0.87880546,809.0808,550.42584,0.9674558,755.017,473.37335,0.76842237
163,787.122,577.42206,0.8768123,808.44635,549.8965,0.9799755,755.81177,472.3296,0.7442278
164,786.72034,577.28986,0.86506414,808.6383,550.58307,0.9614668,756.0186,473.2501,0.7197127
165,787.08716,577.43286,0.8976288,809.15405,550.6223,0.95342094,755.08984,472.9447,0.79206645
166,787.01465,577.321,0.87632453,809.2134,550.45636,0.97187907,754.17,473.0011,0.80362386
167,786.72687,577.29364,0.8389661,808.7971,550.3746,0.9537606,754.7823,473.07245,0.77119184
168,787.22156,577.69495,0.85799116,809.31726,550.68585,0.94785064,755.925,471.4206,0.8424955
169,787.27856,577.5633,0.860604,809.08844,550.2604,0.95982,757.0483,470.64282,0.86919665
170,787.0307,577.36224,0.8443329,809.1195,550.7127,0.96220464,759.51086,469.577,0.84973884
171,787.1713,577.61066,0.8773784,809.3378,550.71405,0.9448187,762.4905,468.82648,0.8640154
172,787.23627,577.665,0.8765794,809.49304,550.7096,0.9438183,762.6639,469.75745,0.8483492
173,787.21014,577.59045,0.8703031,809.3969,550.48596,0.945102,762.56366,469.72705,0.8487516
174,787.31464,577.7961,0.88006896,808.94574,550.2938,0.9553084,761.02216,469.35812,0.8429764
175,787.42,577.7261,0.8886959,809.0544,550.5924,0.9593466,760.64606,470.119,0.8693926
176,787.0868,577.6298,0.8791367,809.00415,550.87573,0.9574178,761.6479,470.70627,0.8893573
177,787.3254,577.93475,0.8781671,809.0263,550.3927,0.9613093,763.331,470.71686,0.8167765
178,787.5018,577.9646,0.8970009,809.1392,550.7202,0.93841183,763.571,471.11658,0.8595729
179,787.2231,577.63654,0.87560815,808.8642,550.2659,0.95068413,764.1684,470.53796,0.84630424
180,787.1045,577.5611,0.85969526,809.41815,550.499,0.905417,763.42664,469.55865,0.86196315
181,787.00696,577.0041,0.88444394,809.3909,551.2473,0.9178743,762.7595,467.7278,0.8725376
182,787.06903,576.9611,0.8797553,809.2958,550.87726,0.90977263,762.0337,467.69537,0.86743677
183,787.1845,577.03345,0.8940352,809.21906,551.42035,0.90190774,762.3115,467.80582,0.8523658
184,787.20026,576.2598,0.851994,809.4336,550.8761,0.9146869,762.1899,467.72986,0.83945
185,787.1108,577.01575,0.8681653,809.3527,550.7633,0.93060225,761.4143,467.42776,0.825199
186,786.8065,576.8488,0.843876,808.90063,550.4132,0.9449149,759.4153,466.9321,0.8214304
187,787.2808,577.0032,0.84030193,808.6657,550.50836,0.94815046,758.29944,467.24728,0.821731
188,786.8809,577.03125,0.8337788,808.4078,550.56744,0.9636793,756.0697,467.73926,0.69131005
189,786.8473,576.583,0.8596769,808.4373,550.88385,0.9586583,755.9625,468.26575,0.76890785
190,786.8483,575.7964,0.8501299,808.78326,550.7801,0.94795394,756.54346,468.16672,0.8749382
191,787.1856,576.07385,0.8585042,808.445,550.5615,0.964355,756.7375,468.1118,0.8092506
192,786.9325,576.962,0.87700105,808.7006,550.22394,0.95121,756.8532,467.54504,0.7678355
193,786.9341,576.96844,0.8903782,808.9968,550.58496,0.947953,756.79535,467.28845,0.8023418
194,787.14294,576.93445,0.88841844,808.4868,550.785,0.9397247,756.3085,467.44675,0.8807434
195,787.02966,576.792,0.88505965,808.2017,550.5719,0.9460151,755.3307,466.76462,0.8150357
196,787.3833,576.20154,0.86114854,808.6805,550.45764,0.9420059,754.48615,466.53036,0.7942811
197,787.8018,576.07605,0.888671,809.2441,550.37366,0.95783335,755.27014,467.08737,0.7689856
198,788.1845,577.00433,0.908307,810.4827,551.14325,0.9402021,756.0932,467.57385,0.75431514
199,789.18964,577.3377,0.91268426,812.4379,550.84644,0.9665913,756.76953,468.73993,0.838442
200,790.6844,577.27545,0.89992034,813.30237,550.32996,0.9741275,756.9617,469.81232,0.8392336
201,790.96643,577.26965,0.8895164,813.768,550.009,0.9680267,757.8089,469.19098,0.8042302
202,790.7313,577.34906,0.88546056,813.9615,550.2722,0.9486274,761.15216,468.4148,0.6717596
203,790.9256,577.1078,0.8737668,814.23206,550.3198,0.92624676,762.6435,469.53375,0.55813336
204,791.94653,578.12744,0.85457104,814.3515,550.48926,0.92588973,763.2806,469.76126,0.7356518
205,790.9537,577.8878,0.8522867,814.81024,551.0559,0.89639944,763.6513,470.33646,0.763034
206,790.6482,578.3642,0.83888227,814.29034,550.0366,0.90747905,763.7804,471.12805,0.82894325
207,790.6581,578.237,0.84637874,814.18585,550.6057,0.9038281,765.2573,471.68814,0.7713361
208,790.6037,578.18427,0.88729924,813.17206,550.3059,0.9907666,765.611,472.89578,0.8295833
209,790.7541,578.3482,0.8850861,813.13666,550.498,0.9989884,766.21606,473.55148,0.80863845
210,792.34283,578.7315,0.89623815,812.76404,549.9527,1.0,765.7794,473.09048,0.77773637
211,790.7122,578.50916,0.89501613,813.6181,550.3603,0.93747,763.6187,472.7149,0.8376663
212,790.7622,578.14246,0.8760033,814.49054,550.48584,0.9002566,760.9295,472.1726,0.6269028
213,790.88086,577.9803,0.8666814,814.74097,550.4516,0.895113,755.72534,472.93393,0.71752536
214,790.85144,578.1063,0.85331976,814.5791,550.9506,0.8886718,754.56946,473.43463,0.7380782
215,791.06024,577.6796,0.8564282,815.1125,551.2348,0.90666634,752.17413,474.1459,0.7121471
216,790.76843,578.0547,0.8768268,815.0097,551.0144,0.8987626,749.66797,476.18484,0.7356067
217,791.0851,577.812,0.840675,815.3602,551.2086,0.8810863,746.7384,478.3053,0.80452234
218,792.56866,578.4837,0.883861,814.48444,550.8108,0.9131837,745.2597,480.5139,0.80677277
219,792.2982,578.47473,0.8620549,814.41785,550.7157,0.92155963,743.896,483.58813,0.7553649
220,792.9464,578.747,0.9053809,814.6681,551.10065,0.9095335,742.9252,485.4149,0.69947225
221,792.3729,578.63794,0.88968617,815.31067,551.2936,0.8850651,740.22174,487.54443,0.6034374
222,792.36646,578.3725,0.89560884,815.55786,551.26086,0.8853559,739.6172,489.62604,0.5970994
223,790.97833,578.1139,0.8979159,815.77716,551.53436,0.8822748,739.1086,491.30917,0.52459735
224,791.16095,578.39087,0.89930147,815.5143,551.5229,0.87454325,738.75635,492.4691,0.5858133
225,792.6535,578.5335,0.9086322,815.52734,551.18396,0.9021073,738.3204,491.34576,0.45438433
226,792.58704,578.57385,0.8930907,814.9538,550.9254,0.8954585,70.772,10.066126,0.32162043
227,792.69684,578.60205,0.91314113,814.69763,551.3369,0.8941805,735.51843,491.25256,0.63429224
228,792.593,578.3687,0.9011577,814.86865,551.2106,0.89054173,736.664,490.317,0.76817757
229,792.5489,578.48065,0.9240694,814.5687,550.80316,0.9167172,735.0205,487.5825,0.6900714
230,792.4647,578.2299,0.904623,814.78864,550.53973,0.9257789,738.3561,484.81686,0.7722072
231,792.3603,577.9584,0.9042426,815.2491,550.83844,0.8743785,738.7331,481.68674,0.78955173
232,792.22076,577.80853,0.89288276,814.96704,550.84406,0.86239743,739.5033,479.4198,0.8653896
233,792.23035,577.75635,0.89361995,814.7604,551.1226,0.88283813,740.95807,477.79523,0.86623853
234,792.5309,577.5657,0.91363543,814.9293,550.80585,0.89288944,742.6712,476.5612,0.86849874
235,793.3426,577.3786,0.91847986,816.1423,550.921,0.90555346,745.04205,476.41837,0.93225694
236,794.65704,577.51337,0.9337201,817.2713,551.23517,0.9153062,747.26685,475.2292,0.95490456
237,795.9472,577.32074,0.8937022,818.4982,551.01874,0.94281334,749.27106,474.1974,0.91060454
238,797.75775,576.92114,0.88856614,819.6145,550.4264,0.99734396,751.3674,473.73895,0.864966
239,799.14966,576.20746,0.86272234,820.42975,549.9896,0.9840481,753.864,473.76715,0.8192835
240,799.35626,576.233,0.86382145,820.4676,549.65295,0.99386895,754.6408,473.462,0.79531115
241,800.1152,576.0505,0.86679393,820.6528,549.53094,1.0,755.0608,473.05374,0.7798155
242,799.9802,575.51984,0.86670977,820.6776,549.72974,0.99884415,755.6029,472.33304,0.8153174
243,799.9414,575.4291,0.8642076,820.6519,549.5467,0.976847,755.9354,471.87805,0.8282071
244,800.21387,575.1599,0.87952715,820.70465,549.5061,0.9832084,755.9856,471.3506,0.8351721
245,800.31805,575.24133,0.8609546,820.67,549.35223,0.9945258,756.42737,470.24805,0.84230965
246,799.82916,575.53314,0.85097224,820.67725,549.789,0.9812211,756.4757,469.95865,0.8267539
247,800.31134,575.4162,0.8801711,820.8567,549.9416,0.98663616,757.2038,468.95627,0.8386004
248,800.4397,575.4382,0.8735853,821.01086,549.90515,0.97651154,757.6362,469.06226,0.85599613
249,800.30396,575.3056,0.864708,821.034,549.9106,0.97444636,757.91656,469.05515,0.83980024
250,800.1529,575.14264,0.8836059,820.90234,549.4842,0.99468887,758.1811,468.8115,0.83046657
251,799.9992,574.8945,0.8831188,820.97205,549.63184,1.0,758.2209,468.84183,0.8220994
252,799.9069,575.304,0.88184196,821.0638,549.52875,0.9701775,758.23315,468.49478,0.8476515
253,800.0334,575.2411,0.8802719,821.1188,549.48425,0.9863834,759.13245,468.41864,0.82439125
254,799.7418,575.3295,0.8734539,821.09204,549.65405,0.98617023,759.2452,468.53735,0.8312201
255,800.2295,575.5002,0.8729942,821.2686,549.745,1.0,760.3486,468.3565,0.82020795
256,800.3403,575.5268,0.8703765,821.2763,549.56433,0.9914575,761.71466,468.45435,0.86377853
257,800.78296,576.0968,0.8720067,821.5273,549.92426,0.97679234,763.5965,467.9111,0.8703723
258,800.8439,576.16675,0.8722874,821.7092,550.0302,0.9575128,765.3101,467.92505,0.9296843
259,800.30896,575.4777,0.8670143,821.8612,549.9513,0.95170224,766.0066,467.3962,0.90220916
260,800.7922,576.1806,0.8795262,821.9035,549.5182,0.9786637,769.6459,467.8537,0.78855336
261,800.89105,575.3903,0.8834284,822.0781,549.9589,0.9710055,771.37396,467.95047,0.8514055
262,801.3787,576.24664,0.88894856,822.39343,549.85785,0.96604884,774.3359,467.2634,0.87473434
263,801.5464,576.53,0.9015015,822.28143,549.6618,0.9641438,777.24,467.29657,0.87051046
264,801.02234,576.3329,0.8776204,821.80457,549.3221,0.9995405,778.62085,467.18192,0.88897645
265,801.09766,576.591,0.8555959,822.0718,549.7063,0.9832564,780.051,466.2036,0.87772363
266,801.35394,577.0309,0.8678234,821.8028,549.4676,1.0,782.53546,467.95096,0.7269475
267,801.22394,577.17377,0.8608205,821.5751,549.89264,1.0,783.37225,468.96933,0.6788285
268,801.83673,577.195,0.89236677,821.9777,549.7276,0.99793935,785.0352,469.34103,0.69302714
269,801.6799,576.9766,0.890231,822.3084,549.9344,0.98318356,784.62805,468.64926,0.6822477
270,801.24884,577.07697,0.88503855,822.672,550.328,0.946438,783.67444,468.2755,0.7389547
271,801.795,577.3977,0.89091563,822.87866,550.18933,0.93859345,785.1897,469.666,0.7245964
272,801.6424,577.2964,0.87285346,822.79236,550.35394,0.935474,785.7775,470.21753,0.7132738
273,801.7064,577.2355,0.86930764,823.9038,550.5321,0.94133073,786.4324,470.36792,0.70656735
274,801.7277,577.4901,0.8726373,824.11115,550.61536,0.9449981,786.9529,470.46234,0.7512176
275,801.5093,577.14636,0.87078637,823.8277,550.2701,0.9725625,785.9059,470.51993,0.7492589
276,801.4413,577.10205,0.8415105,824.3437,550.1729,0.9275045,784.6174,469.8684,0.74684954
277,801.53406,576.9621,0.87006384,824.5169,550.0712,0.9400591,780.9424,468.39224,0.8624847
278,801.48773,576.7079,0.86322695,824.4752,550.32495,0.9452341,778.9095,467.6887,0.9006688
279,801.45856,576.58344,0.86570007,824.24725,550.4632,0.9301853,778.96,467.85175,0.8909726
280,801.3128,576.63385,0.8756169,824.13904,551.1017,0.919777,778.6876,468.3262,0.7034924
281,800.95197,576.7026,0.85301626,822.7586,550.21545,0.93973464,775.2999,468.8873,0.6878573
282,800.1518,576.9346,0.83758867,822.43207,550.05725,0.90666455,770.8164,472.04333,0.7390089
283,799.31915,576.9533,0.834373,821.85046,549.9617,0.9241734,765.6614,473.25864,0.8464705
284,798.92523,577.07916,0.8682223,821.17346,550.02423,0.9485752,763.01733,474.29675,0.97660506
285,798.9958,576.7101,0.853893,820.25775,549.4484,0.9835016,761.0324,475.25244,0.86908025
286,798.5697,576.4923,0.8615087,820.1183,549.61285,0.9793121,758.2401,476.35043,0.8754977
287,799.0708,576.59607,0.86126375,820.3438,549.7285,0.9781734,755.21576,478.3142,0.87568474
288,798.4872,576.61084,0.8671368,820.5702,550.04956,0.9599561,753.4591,480.9581,0.8154489
289,799.22815,576.4873,0.8821611,820.42664,549.95917,1.0,749.28784,484.4774,0.8714047
290,798.61285,576.6307,0.8861387,820.2448,550.2121,1.0,746.7511,487.45865,0.8577838
291,799.2634,576.74036,0.8723049,820.56213,550.1844,0.9943395,743.50726,489.6025,0.7834651
292,799.98846,576.923,0.8548031,820.80005,550.235,0.984844,739.58624,491.94913,0.79633516
293,799.8892,576.6549,0.84318626,819.87415,549.0368,1.0,737.7443,494.8713,0.78129995
294,800.14514,576.3382,0.8705573,820.41705,549.6052,1.0,736.51556,497.24814,0.71277404
295,800.3956,576.02765,0.87042266,820.7468,549.67346,1.0,734.37714,501.74283,0.7979505
296,800.58405,576.2123,0.8555657,820.73065,549.5389,1.0,734.0218,503.20764,0.7696033
297,800.7214,576.2423,0.8607032,820.54987,549.0643,1.0,733.78564,504.8374,0.7869371
298,800.742,576.3913,0.87084806,821.50244,549.60895,1.0,733.3868,506.51807,0.8398574
299,801.4187,576.51953,0.8770643,821.6851,549.4638,0.9952021,733.59894,507.95764,0.84638387
300,801.49207,576.6161,0.8808778,822.6445,550.1562,0.94517374,732.15295,508.09167,0.7273634
301,801.91174,577.0374,0.89673346,822.75037,550.05164,0.9531035,732.4861,508.16248,0.7633769
302,801.9512,576.9453,0.8830574,822.60693,550.2342,0.97092974,732.8085,507.01538,0.7547659
303,801.8586,577.06354,0.85919654,822.8399,550.58545,0.950437,734.22546,505.98837,0.59576607
304,801.5478,577.1056,0.8384963,822.7071,550.63983,0.96716213,733.33185,508.67197,0.6412197
305,801.2333,576.53595,0.82048815,822.59845,550.75745,0.97307324,77.127846,9.196152,0.39501426
306,801.58484,576.928,0.83102185,822.7105,550.93164,0.9629301,76.8553,9.675175,0.42678618
307,801.654,576.9801,0.84968907,823.2686,551.63226,0.92424893,733.94305,514.19904,0.4268168
308,802.3193,577.4282,0.8665094,824.25073,552.11774,0.9090394,732.3956,514.71375,0.5099029
309,801.99133,577.5072,0.83909494,823.3631,551.59564,0.91841555,731.81024,515.506,0.6180384
310,801.76636,577.17084,0.84624445,824.51245,552.0036,0.9096136,731.677,516.1406,0.58478916
311,802.34985,577.5033,0.86138064,824.7639,552.586,0.9082168,731.40967,515.23193,0.6241696
312,801.835,577.1654,0.84080535,824.8643,552.38544,0.92488897,732.1763,516.375,0.6417542
313,802.582,577.9052,0.8610411,824.6558,552.09235,0.91283184,77.0745,9.727406,0.42920858
314,802.59174,577.16223,0.8718447,824.77234,551.1523,0.95954794,77.29379,9.540847,0.35505465
315,802.6197,575.84863,0.8984911,824.5515,549.89935,0.989533,733.1264,517.1333,0.3050919
316,801.95245,574.9081,0.9435986,824.16693,549.69214,1.0,731.56555,515.4995,0.44789186
317,801.8872,574.59314,0.93923265,823.7957,549.4409,1.0,78.15208,7.583659,0.26446876
318,801.6714,574.2797,0.97276604,823.7695,549.5344,1.0,727.47943,505.33997,0.45337954
319,801.5344,573.6358,0.96528774,823.28015,549.0554,1.0,729.7303,502.1428,0.43350092
320,801.27673,573.62964,0.94351333,822.9681,548.87305,1.0,730.138,499.3111,0.6325871
321,801.2208,573.3405,0.95776623,823.26965,548.46814,1.0,729.8743,498.48053,0.66643715
322,801.0112,572.6309,0.922327,822.8326,547.65717,1.0,730.69666,496.41312,0.7756163
323,801.749,571.30884,0.9316574,823.04364,546.429,0.95144266,730.89685,492.88373,0.8508069
324,801.64764,569.9052,0.8892286,823.45374,543.7027,0.92519957,731.3599,489.88388,0.7575037
325,801.79535,567.84296,0.91065484,823.24603,541.9806,0.89244777,731.5312,486.58353,0.7276784
326,801.9287,566.3283,0.91854143,823.4659,540.07874,0.9140311,731.8704,484.2023,0.79090095
327,801.7002,564.9516,0.8807923,823.5977,539.27454,0.8831772,731.77045,483.74554,0.74797535
328,801.8506,564.5172,0.8715167,823.88727,538.77075,0.871944,733.17535,483.85144,0.62516046
329,802.0021,564.6929,0.88931274,823.7201,539.115,0.8887494,734.64215,483.20493,0.6433585
330,801.82745,563.9978,0.85791093,823.44574,539.4408,0.8939055,734.38684,483.0194,0.6161936
331,802.17145,564.3928,0.9087402,823.663,539.4053,0.9190412,735.6823,482.5273,0.67011684
332,802.95374,566.05255,0.93378544,825.6961,540.46747,0.9123738,734.6983,484.0579,0.6420763
333,803.57764,566.7416,0.91619426,827.6856,542.44867,0.9317987,735.2198,486.5151,0.6705493
334,806.06244,567.69336,0.86761177,829.7441,544.56903,0.9223776,737.5565,491.65674,0.6060872
335,808.74164,569.39746,0.8214571,831.2183,546.1209,1.0,740.23254,497.57724,0.53999674
336,810.27783,570.422,0.8496289,832.56665,546.2713,0.99136144,739.46,501.33044,0.7304863
337,812.0465,570.9639,0.8939935,833.29175,546.0192,1.0,738.57367,505.59125,0.7459575
338,812.6468,571.9655,0.9040189,834.3475,546.9849,1.0,738.21423,506.7381,0.74942243
339,813.62933,572.7815,0.91730523,835.1425,547.84576,1.0,738.22736,507.76675,0.61916924
340,814.0643,573.21027,0.8835074,835.5552,548.51575,1.0,738.97833,507.2325,0.61722803
341,815.0262,573.0091,0.91007966,836.77594,549.441,1.0,739.6221,506.55237,0.58709675
342,815.71564,574.27954,0.9159593,837.4992,550.3816,0.96721685,741.17474,505.8788,0.61742866
343,815.9021,574.22046,0.91361994,837.7774,550.9323,0.94934046,744.24335,504.02863,0.539503
344,816.06104,574.5429,0.901666,838.2482,551.53796,0.9014767,744.39264,502.72623,0.6534573
345,816.2564,575.2557,0.8915324,838.31934,551.87463,0.89731306,746.734,501.87704,0.64905393
346,816.312,575.05914,0.8870962,838.4514,552.0233,0.89948195,747.088,501.0179,0.7646209
347,816.5233,576.21313,0.8608832,838.60297,552.0775,0.8979576,747.2884,500.80405,0.7443374
348,816.067,574.88605,0.88168156,838.92523,552.6783,0.90658504,747.6746,500.84277,0.6891617
349,816.3157,575.09174,0.87721115,839.2329,552.9577,0.9061509,747.5899,499.78635,0.7370515
350,815.6407,575.1389,0.8798012,838.15515,552.2342,0.9285972,746.6398,498.99734,0.7863513
351,814.57074,574.9342,0.8876703,837.24426,552.0797,0.9250227,746.4527,498.93994,0.7911184
352,813.3055,573.6923,0.91015095,835.8481,549.8811,0.99957186,746.2112,495.51495,0.79827505
353,812.65436,572.2506,0.94407445,834.77386,547.70245,1.0,745.2376,492.2101,0.76725376
354,811.88184,569.6531,0.9044566,834.13196,546.2757,1.0,745.0166,490.7765,0.80548966
355,811.1181,568.36523,0.86503947,833.87,545.7106,1.0,744.80975,489.57748,0.78271836
356,810.8574,567.95807,0.8921666,833.66266,545.5631,1.0,744.7166,488.51898,0.7597078
357,811.2064,567.3213,0.9155901,833.5275,545.20667,1.0,745.04065,488.0711,0.75150657
358,811.07477,567.2605,0.91266733,833.5708,545.1119,1.0,744.8395,487.59625,0.7623355
359,810.7716,566.8412,0.93121666,833.63354,544.96204,1.0,745.05524,487.8903,0.7486978
360,810.3327,566.688,0.9138483,833.3831,545.08453,1.0,744.8967,487.51846,0.73045003
361,810.1928,566.4412,0.9269352,833.52515,544.8248,0.994397,744.9353,487.01202,0.7591002
362,810.1716,566.42554,0.92103875,833.55365,544.9371,0.9993759,743.6727,485.6676,0.6878767
363,810.03815,566.4393,0.9088273,833.2525,544.871,0.99284595,743.5071,484.95074,0.5896734
364,810.07745,566.3403,0.89733577,833.42474,544.6238,0.979287,744.58203,484.61444,0.6837019
365,809.7485,566.31,0.88348275,833.38824,544.7082,0.98233896,744.96716,484.8931,0.7195052
366,809.6935,566.2533,0.8911639,833.36334,544.7101,0.9887587,744.7436,484.219,0.7466042
367,809.621,566.2173,0.8901567,833.27295,544.8654,0.9953261,744.65125,483.9856,0.7254795
368,809.809,566.37506,0.8933951,833.16724,544.6718,0.98685,744.8076,483.7503,0.72172755
369,809.8017,566.19305,0.89943075,833.23126,544.8675,0.9845252,744.57745,483.45526,0.70626354
370,809.8239,566.381,0.8945889,833.3497,544.959,0.98222655,744.8718,483.3726,0.70023394
371,809.8553,566.1955,0.9276283,833.2686,544.46106,0.9868157,744.67584,482.84787,0.7096716
372,809.7249,565.3703,0.9539581,833.6579,543.5162,0.9763419,745.6812,482.59927,0.7179077
373,809.6857,564.81964,0.96306086,833.5294,542.6746,0.9853727,745.3403,481.69632,0.7141027
374,809.9204,564.1157,0.9552764,833.5181,541.5467,0.9837598,744.995,479.21268,0.7472617
375,809.7895,563.7454,0.9424389,833.7407,540.92053,0.9901279,745.67615,478.76123,0.69983697
376,809.42737,563.35504,0.90824246,833.6723,540.7492,0.98116356,745.07764,477.74332,0.73014265
377,809.5021,563.13885,0.9208044,833.592,540.3973,0.971214,746.1025,477.8815,0.72694135
378,809.3772,563.56946,0.92041296,833.63214,540.39,0.96374756,746.0796,476.77853,0.67581993
379,809.5239,563.2136,0.93184376,833.55255,540.15594,0.97290456,744.7717,476.15607,0.7266332
380,809.1614,563.14575,0.9138161,833.47217,540.35144,0.9692741,744.57434,476.29965,0.7631441
381,809.1415,563.1436,0.9220893,833.67645,540.13574,0.9699778,745.07245,476.21005,0.6752543
382,809.02594,563.10443,0.877851,833.5282,540.7644,0.9418066,746.21686,477.7122,0.84084195
383,809.26636,563.20386,0.8968752,833.4889,540.5476,0.9551652,746.3398,478.34177,0.8608811
384,809.0401,562.9744,0.9116632,833.8321,540.57104,0.948947,746.3682,478.53998,0.8473843
385,808.7772,562.85266,0.91681653,833.8598,540.4494,0.96654403,746.3475,477.9453,0.82140845
386,808.92004,562.88916,0.8996818,834.01135,540.18896,0.94276696,747.1464,476.78317,0.7647406
387,808.80084,562.94336,0.93333924,833.87286,540.181,0.95172375,746.91925,476.56906,0.7286877
388,808.38184,562.88153,0.91580546,833.5717,540.4328,0.95002836,746.794,476.53784,0.7130848
389,806.9923,562.50555,0.90515846,832.82404,540.7541,0.9408898,745.74945,476.57455,0.83347255
390,805.97235,562.625,0.9415323,831.27277,541.3045,0.9425309,745.5219,477.00385,0.79394525
391,805.3707,562.6518,0.95202935,830.4063,541.3063,0.9468864,743.8055,476.17438,0.7966052
392,804.6912,562.509,0.9347848,829.72455,541.13763,0.9461877,743.05646,475.7743,0.80441165
393,803.6576,562.4456,0.907475,829.3048,540.4575,0.8903148,742.1644,475.63644,0.7559636
394,803.7306,562.8838,0.8955528,829.0281,540.9888,0.85777396,742.3842,475.3071,0.78688866
395,803.5661,562.7557,0.9232883,829.0969,540.5213,0.904588,742.82434,475.2429,0.8181839
396,803.46173,562.64984,0.8851552,828.8819,541.3268,0.89308184,742.71,475.1476,0.78285456
397,803.97217,562.7186,0.9331022,828.95776,541.51715,0.9037646,742.8808,475.75357,0.8050396
398,803.45526,562.6236,0.8924125,828.9891,541.4485,0.88220316,742.5129,475.35568,0.8245969
399,803.6022,562.8076,0.8972257,828.852,542.011,0.8895073,742.7834,475.37598,0.81067455
400,803.7508,562.9735,0.91075367,828.93835,542.35266,0.90972984,743.20325,475.76636,0.8329114
401,803.7041,563.3533,0.9200469,829.0319,542.858,0.91210943,744.0553,475.92944,0.8075552
402,804.09875,563.655,0.93869287,829.5908,543.1026,0.90645015,744.0458,476.70847,0.8155082
403,804.1141,564.01953,0.9483466,828.81464,543.76575,0.9209594,743.95123,477.2014,0.80098975
404,804.0953,564.2261,0.95894825,829.08307,544.05774,0.9320981,744.0887,478.05502,0.83832854
405,804.2124,564.4859,0.9674838,829.1825,544.43585,0.9365762,744.91486,478.3179,0.80940783
406,804.2032,564.746,0.96088994,829.31525,544.49133,0.9245567,744.5703,477.60913,0.74515843
407,803.9515,564.8283,0.9558041,828.9902,544.5474,0.9483182,744.34753,477.1197,0.74442434
408,804.18256,564.5116,0.9420671,829.238,544.75684,0.9438526,744.772,477.53296,0.7984949
409,803.97266,564.6375,0.9484932,829.14465,544.7703,0.93807346,744.6716,477.36572,0.83826923
410,803.94977,565.0573,0.959027,829.0419,544.85004,0.9520292,744.58575,476.87213,0.7746405
411,803.8167,564.9231,0.9558313,829.0611,544.8915,0.95793915,743.85187,476.34946,0.73318493
412,803.88367,564.92224,0.9507053,829.02594,545.12756,0.9672279,744.07007,476.0145,0.70987755
413,803.93976,564.8285,0.9716285,828.9557,545.0974,0.9737219,744.2091,475.55646,0.6940135
414,804.0692,564.8663,0.9605963,829.11255,545.2091,0.9863643,744.93274,475.8618,0.72671175
415,803.94965,564.8734,0.95784736,829.2704,545.1874,0.97515637,745.28406,476.22992,0.73902327
416,804.1061,564.9948,0.95933616,829.35223,545.33215,0.9814084,745.72174,476.69946,0.7613335
417,804.0883,564.9372,0.9457689,829.4551,545.33014,0.9833496,744.97076,476.4862,0.76639456
418,804.1924,564.99426,0.9624199,829.36584,545.5444,1.0,745.4988,476.80524,0.79317963
419,804.1316,565.07623,0.9498472,829.14233,545.6708,0.9988993,746.1316,477.225,0.84294665
420,803.99994,565.32025,0.9514196,829.41907,545.727,1.0,746.4114,476.70712,0.8526366
421,804.011,565.50433,0.9637922,829.3858,545.79004,1.0,745.63324,475.83926,0.83675444
422,804.01825,565.33746,0.9719154,829.4787,545.77716,1.0,745.398,476.7866,0.84724057
423,804.0182,564.8826,0.9521011,829.59094,545.7635,0.99270266,745.9488,476.72803,0.86700326
424,803.88275,565.123,0.9412825,829.53455,545.70123,0.98582023,745.9714,477.2703,0.90795887
425,804.1697,565.2074,0.95471936,829.8912,545.8729,0.995771,746.2913,477.33484,0.8749836
426,803.9817,565.09656,0.9434053,829.80975,545.7991,0.9880083,746.3513,477.59024,0.92437446
427,804.0161,565.2818,0.9604734,829.92065,546.09607,1.0,746.6876,477.39734,0.88885057
428,804.0184,565.317,0.9478727,829.8486,546.1047,0.99940354,746.9042,477.43268,0.8847291
429,803.84235,565.32355,0.95465726,829.9189,546.13196,1.0,746.7615,476.91714,0.8491513
430,803.94055,565.1199,0.93884724,830.2206,546.27734,0.99997586,746.55786,477.68353,0.9122463
431,804.16614,565.21326,0.9473565,830.01495,546.32404,0.9903072,746.7337,477.72586,0.90686375
432,804.0596,565.449,0.9365052,830.0242,546.1619,0.9898207,746.8273,478.3328,0.90329504
433,804.2962,565.33496,0.93289393,830.0814,546.1906,0.97512496,746.8963,478.0151,0.9118714
434,804.31476,565.23944,0.9397438,830.3159,546.42163,0.9954677,746.846,478.1345,0.8957654
435,804.1314,565.04694,0.940831,830.42377,546.2792,0.9866506,746.60425,477.9942,0.8978697
436,804.23364,565.4273,0.951516,830.2972,546.23944,0.9898464,746.53516,477.82816,0.90854913
437,804.351,565.3473,0.94331247,830.27704,546.3034,0.985699,746.5245,477.36853,0.87064934
438,804.4066,565.0094,0.9224672,830.18304,546.456,0.97834426,746.452,477.47086,0.8857866
439,804.37964,565.02704,0.956098,830.28656,546.3797,1.0,746.4711,477.27588,0.8707087
440,804.1814,565.15686,0.9447033,830.2903,546.4079,1.0,746.3307,477.4065,0.86639225
441,804.4933,565.03326,0.9353506,830.34564,546.24304,0.99279207,746.22516,477.53836,0.87758243
442,804.4876,565.2141,0.94932646,830.2492,546.35376,0.9979551,746.4235,477.58505,0.8829394
443,804.46765,565.17456,0.95221466,830.13336,546.24097,0.9968963,746.8335,477.0576,0.84307617
444,804.3888,564.68274,0.91096467,830.3041,546.3547,0.95978254,747.0669,477.53754,0.84198034
445,804.204,564.96606,0.9175953,830.18,546.4105,0.9651304,747.3128,477.39325,0.8622672
446,804.2945,565.13477,0.93580246,830.209,546.3859,0.9767459,747.1673,477.29047,0.88702124
447,804.0885,565.33606,0.9432724,830.1463,546.34143,0.97877234,746.91394,477.48962,0.87952644
448,804.1503,565.2797,0.93415993,830.2798,546.3572,0.9633129,747.0056,477.6089,0.89605254
449,804.21545,565.3962,0.9421311,830.201,546.432,0.98684746,747.0379,477.65784,0.87861675
450,804.1945,565.4082,0.9607816,830.296,546.56464,0.9846688,747.2421,477.47778,0.85995835
451,804.2951,565.0265,0.94472075,830.31006,546.5087,0.9763021,747.4419,477.18787,0.87469774
452,804.3428,565.20514,0.9523394,830.3205,546.34326,0.9843574,746.9234,477.4371,0.8751611
453,804.5308,565.0756,0.9434922,830.3404,546.2882,0.9805998,746.9511,477.05417,0.8591795
454,804.2747,564.8632,0.9325134,830.2395,546.2887,0.96872634,747.0598,477.17636,0.87873787
455,804.31323,565.1922,0.93247014,830.30444,546.368,0.98115164,747.85004,477.6639,0.8642237
456,804.2975,565.28546,0.95978624,830.685,546.48346,0.9849752,747.6539,477.39536,0.8758372
457,804.03436,565.1896,0.94579536,830.39075,546.34283,0.9838457,747.66943,477.1155,0.9040202
458,804.1512,564.9688,0.9537296,830.3995,546.60535,1.0,747.69415,477.03363,0.8905517
459,804.1878,565.2164,0.9500344,830.1779,546.45276,1.0,747.929,476.48193,0.8285063
460,804.21234,565.2787,0.9477924,830.19464,546.40063,0.98437405,748.21533,477.44177,0.88000447
461,804.092,565.2392,0.9390865,830.101,546.376,0.9857994,748.1807,477.37524,0.8829336
462,804.09247,565.3128,0.9401577,830.2459,546.3042,0.97090256,748.5906,477.09174,0.86109036
463,804.11237,565.16174,0.93351305,830.43005,546.41046,0.9822412,748.3889,475.69836,0.84337986
464,804.30273,564.9775,0.9446107,830.3414,546.4621,0.97602665,748.0778,476.14597,0.8419955
465,803.9874,565.2807,0.9395279,830.40656,546.4308,0.96318436,747.98114,476.13657,0.83698976
466,804.1132,565.17615,0.94205874,830.2198,546.51373,0.9866508,748.4646,475.90594,0.84640193
467,804.23315,565.1963,0.9319012,830.2234,546.6118,0.9804916,748.14606,476.13394,0.84626716
468,804.17664,565.4486,0.9424496,830.35406,546.62915,0.982064,748.7496,475.52567,0.78746694
469,804.25037,565.3544,0.94910926,830.13403,546.45123,0.97776216,748.83887,475.78024,0.8236222
470,804.2011,565.053,0.9585361,830.3895,546.7794,0.9832678,748.499,476.07205,0.86525464
471,804.41846,565.1206,0.9625743,830.1805,546.6039,0.99350053,748.7462,476.1101,0.853767
472,804.633,565.0879,0.9638349,830.29956,546.61163,0.98869175,748.84216,476.48425,0.8902711
473,804.29596,564.933,0.9502473,830.36816,546.4956,0.9813574,748.79517,476.36777,0.8685292
474,804.3679,564.9697,0.95243245,830.37317,546.48267,0.98441046,748.8814,477.01868,0.8634302
475,804.34937,565.16876,0.9494803,830.31396,546.5599,0.9801583,748.77264,476.87274,0.8628456
476,804.3957,564.89685,0.94796956,830.4443,546.48175,0.9847899,748.8419,476.87045,0.8755527
477,804.387,564.6787,0.92626464,830.54407,546.4212,0.9712667,748.93097,476.95218,0.87845135
478,804.225,565.1292,0.9372398,830.56824,546.4735,0.96820265,748.9133,476.69147,0.9010456
479,804.3371,565.5391,0.9615728,830.33344,546.619,0.98403144,749.13965,476.79605,0.8668223
480,804.22656,564.84125,0.9339506,830.29987,546.6754,0.97150046,749.0893,476.5029,0.87094176
481,804.3795,564.9388,0.941672,830.43085,546.6745,0.98294497,749.029,476.83322,0.8906857
482,803.9888,565.1176,0.93640965,830.19867,546.5212,0.98360896,748.8388,477.1813,0.8723232
483,804.14886,564.9994,0.94433016,830.18365,546.6962,0.9656394,748.84344,477.0925,0.88658816
484,804.2289,565.1489,0.9510552,830.23474,546.6016,0.96989006,748.85547,476.9111,0.89346826
485,804.2698,564.8504,0.93781286,830.4923,546.5092,0.9612196,748.83374,476.5915,0.89449143
486,804.4164,564.736,0.94773406,830.4417,546.69354,0.95316416,748.9125,476.54297,0.8935108
487,804.1599,565.44403,0.9559332,830.461,546.64294,0.94605595,749.0385,476.93222,0.8915248
488,804.10406,565.3231,0.95394415,830.29156,546.48706,0.9538607,748.58295,476.62393,0.9065522
489,804.38477,565.24084,0.95207506,830.3805,546.47626,0.95434934,748.8093,475.86676,0.8960232
490,804.4003,564.72064,0.92917126,830.386,546.21326,0.96735597,749.10754,475.78735,0.8967361
491,804.2262,565.29443,0.9510841,830.23035,546.30927,0.9691133,749.1285,476.5666,0.90272963
492,804.5847,564.9165,0.91571933,830.5081,546.4643,0.9504004,749.6104,476.65308,0.91192055
493,805.02124,565.0964,0.94395006,831.5852,547.4184,0.8946604,749.65,478.918,0.7717274
494,806.6876,566.67926,0.9126425,832.9139,547.74567,0.98821527,750.1246,485.88828,0.7667862
495,809.1314,566.97644,0.874055,834.60077,549.7976,0.95005673,749.6555,492.7935,0.48616686
496,810.2194,569.288,0.8652924,836.1834,552.1625,0.91869634,750.7627,500.60846,0.43201393
497,811.0585,570.28186,0.8920803,837.1774,552.99774,0.9239741,745.67883,505.43097,0.53017664
498,812.1492,571.5773,0.924157,837.9923,553.3413,0.92155826,744.3031,511.87808,0.5699611
499,812.5159,570.9409,0.94473386,838.47974,554.09106,0.93089145,746.3425,516.5355,0.62277865
500,813.694,571.77295,0.93689203,839.72485,554.6981,0.92314744,747.49585,518.13214,0.31664872
501,814.41144,571.8119,0.92013013,841.1158,555.8547,0.91270083,19.895813,912.0994,0.19916068
502,814.6129,572.1734,0.912081,841.72,556.57196,0.9306017,13.60799,904.2384,0.16642849
503,815.0854,572.99756,0.8926421,842.24475,557.114,0.93802595,26.081861,930.5654,0.13147601
504,815.47314,573.37897,0.9071849,842.29144,557.38635,0.9364077,747.98926,516.67175,0.27077553
505,815.5646,574.3943,0.8975336,842.46045,557.79156,0.93396795,749.55396,516.0387,0.4342061
506,815.53156,574.37256,0.8876023,842.2272,557.9826,0.9145548,27.348978,932.3064,0.261274
507,815.1416,574.7302,0.8822401,842.0334,558.05115,0.9025375,750.54944,504.96002,0.6053112
508,815.2262,574.9098,0.88275266,841.7632,557.95404,0.9049703,752.95276,499.97098,0.6574388
509,814.21356,576.2622,0.8907697,841.23724,558.0296,0.89393926,755.6946,495.33807,0.801461
510,814.49194,576.1333,0.885989,840.88306,557.93634,0.8902932,756.8939,493.5928,0.73851204
511,814.07526,576.4281,0.90423006,839.7319,558.28235,0.88632286,758.2855,491.55945,0.76403415
512,813.39014,576.924,0.9147493,838.51904,558.06226,0.9060972,757.95355,490.16122,0.6872526
513,810.3415,577.4122,0.9300497,836.19244,557.9323,0.9282211,755.2692,489.2238,0.75655854
514,807.4234,576.46014,0.86358887,833.84753,557.5901,0.92837614,753.59894,489.16217,0.75055724
515,804.0731,576.4204,0.89233214,830.66455,558.1128,0.88566554,750.16986,488.10648,0.7412689
516,801.5872,574.6918,0.90796226,828.1329,557.25714,0.91440773,746.4875,486.85464,0.7443553
517,798.2918,572.0886,0.93720067,823.5996,554.71936,0.91994274,743.96844,484.83768,0.77205795
518,798.01733,571.01904,0.9458957,823.0586,552.7075,0.9106415,743.7776,483.44666,0.7721329
519,797.59186,570.7064,0.9555225,822.0853,551.5696,0.93278426,744.0246,483.49585,0.8171886
520,797.20996,570.30066,0.9447953,822.04846,551.1258,0.9584448,744.33844,483.4395,0.78695863
521,796.9758,570.0918,0.9374196,821.6316,550.96936,0.9622191,743.94275,482.80325,0.80067384
522,796.73956,569.998,0.9314388,821.3133,551.0393,0.9674875,743.74927,482.74194,0.8008835
523,796.00525,569.44147,0.90340847,820.987,550.64453,0.9741299,743.3199,482.36008,0.79579103
524,795.7902,569.2539,0.888965,820.72894,550.43524,0.98148805,742.8728,481.96893,0.71727884
525,795.32904,568.7234,0.8908473,820.5237,550.3237,0.99289507,743.1839,481.15616,0.744125
526,795.52734,569.05646,0.89091897,820.3447,550.2557,0.9928841,742.7995,480.7479,0.7341734
527,795.4681,568.8645,0.8960963,820.43024,550.2259,0.98362607,742.45404,479.98203,0.6380154
528,795.20874,568.7217,0.9031658,820.175,550.1375,1.0,742.3981,479.84827,0.6710931
529,795.1168,568.8636,0.8875358,819.9425,549.85956,1.0,741.9914,479.50226,0.64431673
530,794.86755,568.6743,0.8714984,819.69617,550.0215,0.9948456,741.56396,479.26077,0.63036734
531,794.18365,568.011,0.8778425,819.6096,549.8983,0.9959422,741.5855,479.35397,0.6007771
532,794.186,567.91736,0.86517197,819.5982,549.71716,0.99696183,741.7688,479.22733,0.5121819
533,794.1797,568.66437,0.8734908,819.50354,549.6774,0.99279225,741.74005,479.00436,0.55702513
534,793.8624,568.1996,0.8681277,819.3962,549.63763,0.9909818,741.3567,478.94034,0.633796
535,793.4152,568.2828,0.838768,818.9828,549.9211,0.9604939,741.3044,478.51987,0.5757976
536,793.03143,567.99274,0.8552925,818.7707,549.7493,0.9775508,740.64526,478.73883,0.68736833
537,792.9763,568.0829,0.83528703,818.3467,549.7705,0.9599151,740.47833,478.91898,0.73458874
538,792.6628,568.2333,0.84489256,817.80615,549.62445,0.9640712,740.08307,478.74982,0.7961818
539,792.4885,567.8525,0.84062433,817.4077,549.53455,0.9602979,739.8681,478.9592,0.8477187
540,792.1643,568.2443,0.8443752,817.4585,549.76764,0.95775664,739.53625,478.6559,0.84922516
541,792.2792,568.32776,0.8515981,817.6151,549.89746,0.9566076,739.6001,478.5397,0.8697702
542,791.5447,567.6661,0.8517272,817.3819,549.7368,0.9478861,739.6317,478.39755,0.8789263
543,791.82465,568.49927,0.848612,817.4815,549.82294,0.9600401,739.61804,478.32584,0.85003245
544,791.01636,568.9217,0.8612157,817.1895,549.6938,0.95896566,739.48975,478.42657,0.8775519
545,791.162,568.85767,0.863859,817.082,549.6672,0.9631796,739.4756,478.2658,0.83876556
546,791.6068,567.68945,0.8576836,817.30255,549.7955,0.95290536,739.17554,477.9884,0.8084229
547,791.954,568.2607,0.85525507,817.2057,549.6937,0.9668752,739.43066,478.01614,0.8550596
548,791.975,568.26306,0.8631576,817.09357,549.72253,0.9649571,739.4997,478.11694,0.87493724
549,791.0504,569.07043,0.86561614,817.217,549.7086,0.9699005,739.9608,477.3419,0.83093256
550,790.8101,568.56287,0.8580788,816.9982,549.73035,0.9532458,739.8257,477.44,0.8830918
551,790.81177,568.55786,0.8580332,817.052,549.5643,0.953866,739.8343,477.0743,0.84540784
552,790.75555,568.6691,0.8632942,817.12555,549.84784,0.9524362,739.4214,477.21664,0.86743915
553,790.88043,567.8807,0.87487966,816.90717,549.58997,0.96180433,740.5035,477.00793,0.9004203
554,790.7438,567.9001,0.87380975,816.8922,549.72656,0.9502138,739.84906,477.01465,0.8554274
555,790.40356,568.97925,0.86487097,816.8193,549.8793,0.93243986,739.9891,476.88397,0.85107386
556,790.5769,567.7613,0.866409,816.8289,549.8476,0.9313691,740.7621,476.87366,0.85446763
557,790.4999,567.7732,0.88059294,816.8768,549.7018,0.9414746,740.9151,476.9325,0.8687573
558,790.1894,568.66003,0.8806024,816.9736,549.81274,0.93698245,740.89166,476.21857,0.86003125
559,790.1517,568.82166,0.8900325,816.61383,549.69165,0.94517833,741.2926,476.49393,0.87606055
560,789.65594,568.98456,0.9061675,816.89,549.6152,0.9521695,741.76733,476.44968,0.8712482
561,789.9073,568.6705,0.8842029,816.8057,549.37524,0.94905967,741.0827,476.5666,0.89492214
562,790.3534,568.8621,0.87152195,816.7183,549.57635,0.94014865,741.519,476.39047,0.90146947
563,789.9176,568.7423,0.8795318,816.73456,549.5544,0.93370086,741.49554,476.21024,0.9060898
564,790.1512,567.7753,0.88723785,816.6174,549.5144,0.93485516,741.46466,476.2554,0.91822135
565,790.40674,567.73444,0.8761165,816.7774,549.5736,0.93776727,741.52155,476.18433,0.92262095
566,790.50116,567.86926,0.87353474,816.74475,549.5276,0.9487562,741.3499,476.0488,0.92058265
567,790.0769,567.4858,0.8898901,816.53015,549.284,0.94068,741.6604,476.49152,0.9152477
568,790.41125,567.7074,0.88661015,816.7097,549.5158,0.94491905,741.72626,476.03885,0.9150803
569,789.9863,567.8329,0.8871513,816.40466,549.48346,0.92373806,741.7288,476.15878,0.9195118
570,789.9879,567.67554,0.88801295,816.47015,549.5127,0.9255219,741.6561,475.68195,0.9227768
571,789.9618,567.936,0.8825614,816.24133,549.4076,0.923194,741.7258,475.72385,0.92548776
572,789.3986,568.01117,0.90253586,816.1653,549.3496,0.9240475,741.51904,475.57797,0.9164716
573,788.84894,568.02496,0.9091832,815.7861,549.55023,0.92661536,740.5302,475.8672,0.9354058
574,788.14557,567.80585,0.9093996,815.47876,549.40753,0.92211944,740.0456,475.51984,0.92935777
575,787.3129,567.70026,0.9158252,814.5447,549.2992,0.95083827,739.2901,475.53308,0.92050505
576,786.8212,568.1243,0.9124319,813.739,549.36304,0.9488036,738.52246,475.2124,0.93343157
577,786.2671,568.4587,0.90084225,813.1531,549.4352,0.9528943,737.88885,474.7429,0.9076804
578,785.9489,568.4396,0.91066957,813.09564,549.42,0.9530743,738.0829,475.04062,0.90104496
579,785.8707,568.26337,0.9145022,813.1776,549.4567,0.9350628,737.90106,474.85608,0.8925669
580,786.1604,568.7728,0.8992293,813.4521,549.8829,0.93449116,737.9129,476.6161,0.9486537
581,787.29565,569.5224,0.952012,815.03485,551.6705,0.9020907,743.0987,476.8767,0.89866126
582,788.2939,571.1727,1.0,816.78217,555.90924,0.93417406,750.9371,478.03766,0.8792241
583,789.3254,572.2877,0.99598956,818.8962,557.3332,0.9734519,755.55225,479.0027,0.82419914
584,789.72205,574.0849,0.9575022,819.88135,560.9505,0.94774425,760.97577,480.15652,0.91680217
585,790.7582,575.2386,0.90365505,820.56085,563.1395,1.0,762.6583,483.26648,0.89677525
586,792.2256,576.9001,0.884598,821.7152,564.07764,1.0,764.2743,484.62442,0.88047546
587,792.52435,577.4654,0.9279035,822.4544,564.3364,0.9842165,764.65686,486.60962,0.834656
588,792.88007,577.72424,0.95671517,823.06415,565.18695,0.9647133,765.515,487.52603,0.7266993
589,792.9918,577.9998,0.99194735,823.51575,565.98035,0.9259234,765.7351,489.12955,0.75692695
590,793.2121,578.02234,1.0,824.8409,567.02356,0.9259775,766.9532,489.9156,0.8077775
591,793.6141,577.8256,1.0,825.1706,567.50305,0.9330639,768.67944,490.0514,0.78511196
592,793.73334,577.9201,1.0,825.41785,568.137,0.9059465,769.4325,490.01324,0.8088031
593,793.971,577.85645,1.0,825.74524,568.25134,0.90458643,769.1584,490.10593,0.7970616
594,794.28784,578.0891,1.0,825.98346,568.2244,0.89495856,768.7203,490.06796,0.77458227
595,794.41547,577.7602,1.0,826.078,567.95374,0.90224856,768.7949,490.49515,0.83308554
596,794.3094,577.79767,1.0,825.8055,568.63196,0.90019995,767.7203,490.2506,0.8489985
597,794.2922,577.7197,1.0,825.70886,567.6768,0.9179624,766.0547,490.06412,0.84811544
598,794.11835,577.7047,1.0,825.35144,566.98773,0.9316819,765.1057,488.40396,0.8326342
599,794.0331,577.7754,0.98281723,825.2038,566.4875,0.924976,765.0461,485.28162,0.83549833
600,793.83954,577.3724,0.9552142,823.4293,565.26074,0.9135974,765.18884,482.10556,0.79836464
601,791.30554,577.0581,0.87767106,821.9444,564.0896,0.95866644,765.3546,478.26727,0.85828185
602,789.49396,572.4704,0.9754141,819.8593,562.80865,0.97352517,765.8563,473.53625,0.8587482
603,786.94714,571.4544,1.0,817.1498,560.6694,0.9821134,765.7533,470.7965,0.7664157
604,784.79016,569.4018,0.9352663,814.42303,559.0912,0.92236304,763.2502,468.23325,0.8562237
605,780.8589,566.9561,0.934613,811.14984,557.0497,0.9525902,761.38214,466.0115,0.87203604
606,779.47327,564.9759,1.0,809.71405,554.76227,0.9242682,761.0952,463.15875,0.9044388
607,778.606,564.476,1.0,809.0893,554.15784,0.9035644,761.4786,462.31482,0.93071854
608,777.96,564.06464,1.0,809.1582,553.9218,0.8944293,762.2865,461.48187,0.88941556
609,777.9146,563.8793,0.99925613,808.85205,553.4225,0.8842031,763.15826,459.9622,0.8632957
610,777.4839,563.4646,0.97418183,808.1085,552.8873,0.8675757,764.3172,459.15726,0.89425707
611,777.5556,563.3428,0.9820484,807.9207,552.69,0.86329544,764.9444,458.66742,0.8744864
612,777.68427,563.0914,0.9729474,807.16473,551.53925,0.8750189,765.71954,457.93085,0.81786215
613,777.46014,562.88654,0.9764129,807.2434,551.2516,0.9093409,766.27325,457.11884,0.81063527
614,777.14777,562.4162,0.92163974,806.9724,551.2365,0.8894481,767.94183,457.10422,0.80125827
615,776.9165,562.37067,0.9035149,806.8493,550.83496,0.9000619,769.1686,456.31778,0.8198786
616,776.5014,562.0727,0.9074531,806.73456,550.7406,0.92709696,769.6393,456.33084,0.82630664
617,775.6729,561.9364,0.9117773,806.569,550.4219,0.9281241,770.23663,455.28564,0.8093272
618,775.19946,561.6556,0.89683324,806.52795,550.2186,0.9301321,770.9267,454.25348,0.83366734
619,775.3461,561.62256,0.9140546,806.4116,549.8168,0.9371388,771.5728,453.24588,0.86130893
620,775.55963,560.97943,0.8807479,806.4019,549.8889,0.9337562,772.3553,452.36176,0.85252106
621,775.5885,560.9258,0.8765958,806.2698,549.453,0.9380688,772.9945,451.65674,0.8626369
622,775.31506,561.0787,0.86989343,806.3151,549.20654,0.93761724,773.4698,451.64023,0.85054594
623,775.2722,560.6068,0.86035985,806.41113,549.2671,0.94104594,773.88434,451.31387,0.82320267
624,775.34174,560.5711,0.84667224,806.4803,549.0195,0.9619541,773.7251,451.06985,0.8342027
625,775.48206,559.41675,0.8449308,806.62683,548.73517,0.9529094,774.16376,450.95337,0.85215497
626,775.59283,558.8506,0.8375629,806.7658,548.5618,0.9453926,774.5201,450.69565,0.832278
627,775.5295,559.53314,0.839922,806.6779,549.5121,0.9209984,776.8087,452.2822,0.8259189
628,775.9826,560.2118,0.8781208,807.21606,551.1168,0.9030528,783.0447,454.53683,0.78953445
629,775.72485,561.606,0.87981194,808.67163,553.69336,0.86671734,790.4781,456.81918,0.8670827
630,776.86285,562.3696,0.9240086,809.2987,556.5573,0.9214888,798.629,460.90237,0.9033985
631,777.3526,562.34,0.9209314,809.98914,559.5032,0.91120297,805.95874,463.825,0.89211905
632,778.17426,562.6587,0.9921404,810.3316,560.17645,0.93800426,812.29706,467.36798,0.89230597
633,778.4542,563.3657,0.9798886,811.06976,561.9511,0.9502638,817.716,471.48566,0.8474068
634,778.92236,563.26575,0.96629983,811.56775,562.63684,0.96377593,822.96564,472.8886,0.81358737
635,779.06146,563.33496,0.9668634,811.6197,563.74554,0.9382884,826.61395,474.7099,0.8771954
636,778.9003,564.23584,0.9477926,811.1802,563.9269,0.9620994,829.7964,475.866,0.8684879
637,779.09515,563.8725,0.9791279,811.00323,564.2276,0.9695832,833.33856,478.23346,0.92153186
638,778.56586,563.90875,0.9528814,810.95886,563.581,0.9757139,835.291,480.38675,0.7901417
639,778.42053,564.0273,0.91913193,810.96783,563.7584,0.9573782,839.23364,480.85306,0.7000431
640,778.61414,564.09564,0.932646,810.61755,564.3712,0.94138193,841.9708,480.79712,0.6892065
641,778.80365,563.64624,0.9325153,810.4193,563.5039,0.96540046,844.9767,481.92996,0.63746816
642,779.7672,562.5399,0.938946,810.8874,563.1633,0.95443255,848.1538,480.8561,0.62162006
643,779.7234,562.82324,0.9465593,810.58624,562.6912,0.9632038,849.69806,479.8171,0.5588561
644,779.9767,562.1166,0.9046776,810.1485,562.7715,0.94618624,849.72095,478.01697,0.6214069
645,778.6825,562.8068,0.8893627,809.61536,562.5893,0.9269344,848.75183,476.40573,0.66831195
646,775.428,563.37396,0.8543121,808.60345,561.77594,0.87583566,846.3564,473.73788,0.667432
647,774.6772,562.493,0.8994882,806.2931,560.2612,0.899902,844.0542,472.06912,0.6684683
648,773.2729,561.3324,0.9863203,804.26825,560.3608,0.95058435,840.31537,470.1281,0.7104947
649,771.60425,559.60114,0.9830688,802.7367,559.25244,0.94396687,837.26013,468.24713,0.81063956
650,769.8635,556.82874,0.9505883,800.6135,557.6901,0.95386356,833.53894,466.25192,0.7844543
651,767.79675,555.67377,0.88123494,797.40234,556.436,0.9844406,829.36926,464.3083,0.7501958
652,765.30927,555.3526,0.85045296,794.4983,555.4654,0.92446774,825.43506,462.19037,0.8316697
653,761.50745,554.26605,0.84799236,790.9831,554.17847,0.8860201,822.2632,459.2634,0.7757251
654,759.6559,551.4202,0.901331,789.2399,552.8627,0.91697127,819.23914,458.069,0.7680137
655,757.2105,551.52423,0.9162817,787.81946,552.84375,0.8939931,815.68494,456.11264,0.72178936
656,755.1466,550.54626,0.9497552,784.6822,551.4154,0.86630815,812.2662,454.3371,0.7737416
657,752.81213,549.854,0.91431856,782.1161,550.83203,0.89979,809.23505,453.40793,0.80526114
658,749.29926,549.3085,0.93104523,778.7371,550.4262,0.9143246,806.35144,452.19537,0.7955121
659,746.951,547.5983,0.95207924,775.3407,549.5277,0.9394632,802.7562,452.33246,0.76748455
660,745.17725,546.4065,0.9923593,773.7517,548.91736,0.9671393,799.80347,451.0477,0.7679911
661,742.26764,546.98376,0.98220104,771.54663,548.3707,0.9678653,796.91327,450.02686,0.80688286
662,740.2769,546.9155,0.99465305,769.591,548.1555,0.9380323,794.9024,450.424,0.8388734
663,739.0797,546.79974,0.9932763,768.82385,547.85114,0.9316191,794.2218,450.05194,0.83044225
664,739.9769,546.2313,0.9823922,768.8123,547.4799,0.9318277,794.0199,449.95197,0.8210073
665,740.30505,545.8333,0.9797603,768.7118,547.68274,0.93017834,793.7629,449.5194,0.85428464
666,740.0468,546.141,0.9788022,768.48285,547.7784,0.93416476,793.60944,449.80096,0.8575467
667,739.92816,546.0076,0.98531705,768.4746,547.75275,0.9249374,793.8585,450.0625,0.87147725
668,739.63385,545.9539,0.98870236,768.4209,547.5125,0.91263175,795.047,450.69733,0.8754379
669,739.5084,545.86707,0.9911279,768.20984,547.5509,0.9213885,794.13104,450.97665,0.90601087
670,739.25934,545.81274,0.98332244,767.91064,547.659,0.91983813,793.62976,451.29944,0.9044367
671,739.7097,545.7875,0.99050516,767.87244,547.3418,0.9221078,793.1012,451.36197,0.9044359
672,738.9071,546.6213,0.9993746,767.9064,547.30707,0.9251021,793.09827,452.01675,0.86858976
673,739.6406,545.82837,0.9934447,768.0434,547.1199,0.91730624,792.9854,452.0941,0.84868526
674,738.96857,545.58685,0.97906595,767.8206,547.1361,0.91699415,792.38043,452.63168,0.8479502
675,738.3981,545.8206,0.98929894,767.8964,547.1832,0.9128641,790.4369,451.5687,0.9048217
676,738.86475,545.5419,0.99929565,768.5327,547.2024,0.9143294,789.8848,452.0033,0.8989998
677,738.6402,545.9236,0.98928267,768.397,547.3059,0.9258314,789.9478,452.58786,0.9071442
678,738.11884,545.9805,0.9750882,768.3184,547.28595,0.9226957,789.77985,452.84653,0.9089741
679,738.7027,545.7484,0.98057085,769.041,547.5052,0.9363604,789.9455,453.39807,0.86404926
680,739.709,545.9247,0.97595745,769.6249,547.629,0.94265485,790.44403,452.9843,0.871528
681,740.1679,546.07825,0.9812463,769.86096,547.97546,0.9429614,789.99036,453.50336,0.866892
682,740.74225,546.50385,0.9675487,770.02875,548.36127,0.94575197,790.00024,453.56168,0.86341995
683,740.8439,546.8347,0.9747348,770.25037,548.5626,0.9542238,790.0966,452.9921,0.8935152
684,741.45685,546.64764,0.98272663,770.67554,548.5613,0.9324227,791.21155,452.337,0.8971417
685,741.70135,546.4866,0.98238355,770.8026,548.6592,0.9417607,792.7749,451.88037,0.89680123
686,741.7609,546.38586,0.9781191,770.5894,548.85846,0.9466564,793.6357,451.2372,0.8854789
687,741.8949,546.15204,0.98841107,770.86523,549.15295,0.94635856,794.1075,452.02432,0.85896176
688,741.72644,546.439,1.0,770.9642,549.46704,0.94593614,794.14966,452.0417,0.8800373
689,742.3602,546.4662,1.0,771.2377,549.6427,0.9370757,794.4679,452.08893,0.87465405
690,741.9058,546.6673,0.99761456,771.18176,549.7869,0.9296237,794.65533,452.07764,0.8562107
691,742.3735,546.45325,1.0,771.0935,549.39056,0.94074583,794.4778,451.69156,0.8735908
692,741.7554,546.9716,1.0,771.2435,549.8292,0.9327287,794.7592,451.397,0.88133633
693,741.69385,547.063,1.0,771.63904,549.5794,0.9588824,795.19586,451.22946,0.89535755
694,742.7457,546.11694,0.99365777,771.411,549.3391,0.93253785,796.2885,451.1328,0.89861673
695,742.65314,546.0715,0.9807126,771.3502,549.0541,0.9268046,796.8446,450.96463,0.8854083
696,742.08636,546.404,0.9814564,771.5278,549.45087,0.91970503,797.2998,451.08005,0.8538008
697,741.94543,546.40857,0.98184836,771.5748,549.5924,0.9252959,797.3989,450.80835,0.8453146
698,742.41296,546.1922,0.975693,771.5482,549.20135,0.93897873,797.2448,450.7245,0.86579025
699,742.01,546.54944,0.98187137,771.6269,549.4832,0.9353402,797.44116,450.46716,0.8798721
700,742.39233,546.01855,0.97964984,771.6884,549.5859,0.91376424,797.7442,450.4994,0.87327933
701,742.314,546.25336,0.9874206,771.8081,549.9004,0.9228259,797.4985,450.75894,0.8801178
702,742.21893,546.40375,0.9740156,771.61835,549.7002,0.9083647,797.50055,450.8464,0.8780836
703,741.89526,546.6973,0.9763157,771.85925,549.84143,0.9199038,797.3713,451.12152,0.88301325
704,741.49664,546.8696,0.9769979,771.8128,550.0507,0.91076595,797.6755,450.69016,0.87893355
705,741.9594,546.5961,0.98666954,771.75226,549.78107,0.9141467,797.5586,450.83298,0.8453952
706,741.85736,546.60077,0.9823371,771.6113,549.7992,0.9225573,797.596,450.98712,0.8509699
707,741.74756,546.26416,0.96005875,771.5753,549.43134,0.92796415,797.6133,450.85657,0.84751165
708,741.93115,546.17944,0.9695182,771.55524,549.3305,0.9443622,797.79877,451.08795,0.87538445
709,742.1327,546.0739,0.9663415,771.8349,549.68744,0.91222733,797.72235,450.78125,0.87238705
710,742.38635,546.061,0.95116407,771.8197,549.7329,0.9028107,797.6287,450.94833,0.88261765
711,741.7102,546.0898,0.9709987,771.6286,549.7094,0.9132074,797.26605,450.8578,0.8768905
712,742.1674,546.01196,0.9659278,771.5835,549.68726,0.9084302,798.013,450.8691,0.85980046
713,742.244,545.9807,0.97503144,771.7114,549.63666,0.90415365,797.5398,450.78165,0.8751676
714,741.49664,546.0726,0.97313637,771.6647,549.50806,0.9154655,797.3536,451.0371,0.8792765
715,741.7715,545.93304,0.96281284,771.52313,549.4647,0.92911583,797.6156,451.0175,0.88586354
716,742.0599,545.94403,0.96635145,771.5035,549.46814,0.9148643,797.6643,451.1564,0.8943254
717,742.1612,546.07544,0.9732775,771.6746,549.8937,0.88358694,797.9206,450.82712,0.8875376
718,741.9495,546.2733,0.9724024,771.57666,550.00433,0.8878528,797.8257,450.7096,0.8932796
719,741.9314,545.9706,0.9642896,771.5762,550.03125,0.88292754,797.73157,451.04553,0.8984748
720,742.1694,546.3226,0.97665644,771.8687,549.9694,0.897899,797.61017,451.10013,0.9178614
721,741.3368,546.51776,0.97075766,771.51495,550.0478,0.8874226,798.01697,451.11838,0.891392
722,741.63824,546.42694,0.9705086,771.54266,550.1401,0.90152603,797.7529,450.95627,0.8953841
723,741.77094,546.0946,0.96384865,771.7157,550.0848,0.9007731,797.4267,450.92062,0.9151937
724,742.0941,545.88885,0.96570253,771.7393,549.9219,0.9015379,797.7975,450.86496,0.90390956
725,741.36066,546.0678,0.94959486,771.6436,549.8292,0.9008446,797.6126,450.87015,0.9055693
726,741.3981,546.0997,0.95843524,771.6048,549.8634,0.8888028,797.85876,451.02557,0.88952196
727,742.0857,545.9655,0.95705014,771.85504,549.97406,0.87872857,797.89594,450.86673,0.8888037
728,742.24097,545.8402,0.9647715,771.823,549.92365,0.89115864,797.60626,450.922,0.89642006
729,742.0309,546.1072,0.9768682,771.9183,550.25146,0.8867403,797.6252,450.7977,0.8985288
730,742.1893,545.86304,0.9590951,771.7065,549.80096,0.8892834,797.7801,450.98578,0.8854288
731,742.3537,545.7663,0.9454033,771.8105,549.7448,0.88243604,798.0794,451.0814,0.8865092
732,742.5498,545.8645,0.9568717,771.8408,549.7277,0.9031207,797.97784,450.84436,0.8973626
733,742.5867,545.54694,0.9666918,771.7568,549.8373,0.9059051,797.78644,450.95978,0.8940445
734,742.36475,545.9365,0.9765461,771.6831,549.6246,0.92009866,798.1135,450.65405,0.91336036
735,742.54016,545.9728,0.9770012,771.67426,549.85974,0.9094835,798.2326,451.18307,0.88508713
736,742.26886,546.0363,0.96892,771.6005,549.6007,0.9045061,798.27325,450.8935,0.8879174
737,742.177,546.14526,0.9690562,771.55237,549.8397,0.90778315,798.1105,450.92078,0.89698917
738,743.0655,545.29614,0.950547,771.5449,549.4912,0.9128716,797.9234,450.85977,0.8921455
739,742.5226,545.52704,0.9479198,771.5184,549.71484,0.9061242,798.14124,450.801,0.86736494
740,742.4323,545.6306,0.9585871,771.31683,549.2182,0.92545,797.9329,450.8027,0.88949704
741,742.53424,545.80695,0.96593124,771.29626,549.61664,0.9212458,798.2932,450.7079,0.86832273
742,741.9771,545.9446,0.96582365,771.17163,549.3646,0.9162998,798.4906,450.98245,0.8609936
743,742.70435,545.47296,0.95240015,771.35364,549.32794,0.8988666,798.42944,451.15833,0.84926337
744,741.6927,546.25494,0.9574257,771.6205,549.3512,0.9318408,798.2641,450.81564,0.9060627
745,741.47205,546.2497,0.96467197,771.48096,549.3056,0.9166518,798.2203,450.6637,0.89867705
746,741.47504,546.3572,0.969065,771.39764,549.6406,0.91689456,798.27026,451.00247,0.9054651
747,741.84436,546.03217,0.9624669,771.2327,549.2755,0.9231359,798.0175,450.94995,0.88465166
748,741.73773,546.1427,0.9538316,771.15704,549.04376,0.9275392,798.2282,450.90625,0.8749088
749,741.92993,545.8792,0.95776707,771.361,549.5362,0.9039695,798.27,450.81143,0.8809415
750,742.23865,545.5837,0.94910324,771.3349,549.3927,0.915387,798.2016,450.69894,0.87571853
751,742.62354,545.5017,0.95617527,771.8379,549.7017,0.89827746,798.1267,450.59076,0.89950204
752,742.31384,545.63696,0.96517223,771.47046,549.15063,0.9095784,798.2082,450.66098,0.90351
753,741.9138,545.8297,0.97998136,771.5941,549.9256,0.888812,798.25653,450.79016,0.9009212
754,742.3033,545.34125,0.96489555,771.45917,549.3587,0.9146052,798.1743,450.79395,0.90668666
755,742.1933,545.4641,0.96463305,771.5607,549.0104,0.93309593,798.3838,450.59677,0.9074425
756,741.7686,545.63855,0.96981186,771.1781,548.9912,0.9365888,797.7323,450.674,0.9239446
757,742.041,545.7174,0.96595174,771.3704,549.1484,0.9272547,798.5834,450.7719,0.90784395
758,742.3297,545.5472,0.9448302,771.1926,548.8054,0.91918147,798.4501,450.99792,0.8965765
759,742.24084,545.28284,0.9455398,771.00507,548.73047,0.9255392,798.6884,451.09644,0.8828757
760,742.60425,545.4676,0.96123236,771.0569,548.7378,0.9248753,798.2825,450.53848,0.9049846
761,741.63617,545.93396,0.98801064,770.82965,548.944,0.9490358,799.8285,452.00372,0.8512445
762,741.43756,545.66943,0.9890072,770.0564,548.42035,0.9447578,58.643337,920.1515,0.8479436
763,740.76215,546.1485,0.99513686,769.298,548.25415,0.9312378,58.66533,919.8481,0.8240601
764,740.2456,546.9063,0.9991674,768.7837,548.44867,0.9415741,58.403065,919.79846,0.8583984
765,738.61816,547.8111,1.0,768.19867,548.76996,0.9587519,58.527176,919.96,0.8566623
766,738.8669,547.7609,0.9816899,768.0249,548.6365,0.9398761,58.395363,919.73395,0.8356517
767,738.60095,548.12494,0.99673873,767.707,548.7253,0.9349962,805.7948,458.7964,0.844968
768,739.3142,547.46356,1.0,767.7831,549.1489,0.9324004,805.5855,458.51968,0.8371249
769,738.8097,547.5723,0.9886008,767.6314,548.7469,0.9548617,804.9302,458.0573,0.8480029
770,739.6125,547.14014,0.98668844,767.8046,548.46735,0.95599115,804.5146,457.9068,0.86034167
771,738.89215,547.4116,1.0,767.20087,548.48755,0.93799376,58.312237,919.7454,0.8323721
772,738.7314,547.5646,0.9810485,766.98157,549.3757,0.9351679,58.171337,919.9064,0.82269305
773,738.42096,547.3515,0.9779092,766.86975,549.35785,0.9359767,58.56004,919.03296,0.81987727
774,737.8701,547.4443,0.99759823,766.69684,549.1783,0.95226985,58.359673,919.7266,0.80959326
775,738.0423,548.0329,0.96760374,766.56396,549.33484,0.9706119,798.09937,454.15186,0.8586408
776,737.469,547.8663,0.9717312,766.583,548.9497,0.97029144,797.5383,453.43423,0.8813473
777,737.41046,547.78613,0.967332,766.5488,548.69275,0.9602409,796.4654,452.392,0.88836217
778,737.1522,547.62164,0.9585015,766.29816,548.9049,0.97898465,795.8011,451.9812,0.90794516
779,737.18195,547.33875,0.9605322,766.4022,548.76685,0.9697521,795.0337,451.70493,0.93952024
780,737.33417,547.2779,0.9779868,766.0923,548.86597,0.98179966,794.72534,451.8141,0.9357859
781,736.997,547.13824,0.97491914,766.10846,548.71045,0.96761847,794.23773,451.57294,0.94386375
782,737.46075,547.1638,0.9798632,765.9901,548.56366,0.97435504,793.5647,451.4743,0.92788124
783,737.37244,546.85254,0.9724442,765.98926,548.6685,0.9717678,793.20715,450.82956,0.94501853
784,737.156,546.5956,0.97051626,766.07355,548.37085,0.9720225,793.18195,451.30728,0.9445889
785,737.2595,546.5883,0.96261996,765.98096,548.3187,0.9639717,793.0606,451.29443,0.9425321
786,737.41284,546.3814,0.9747605,765.8666,548.40656,0.96384436,792.6481,450.85376,0.947641
787,737.4466,545.9586,0.96070963,765.8712,548.354,0.96973616,792.32996,450.77045,0.9204205
788,737.66675,545.46747,0.96359795,765.6388,548.1784,0.9656998,792.62366,450.91278,0.9190741
789,737.8304,545.6077,0.9747232,765.5423,547.92346,0.97364354,792.04865,450.4347,0.8963125
790,737.3481,545.823,0.97097516,765.4646,547.6917,0.96869683,792.037,450.58505,0.89606893
791,737.29645,545.8581,0.9455797,765.3284,547.6878,0.96496844,790.9873,450.37305,0.9038243
792,736.89954,546.5269,0.9611482,765.4186,548.0635,0.97490364,789.49475,450.11832,0.94474864
793,736.8368,546.5003,0.96293867,765.54144,548.4095,0.96226424,785.9138,449.74768,0.91621864
794,736.7773,546.61127,0.95472956,765.62683,547.9458,0.9775015,783.9806,450.4873,0.8968159
795,736.0324,547.2213,0.9592527,765.1839,548.6141,0.9911131,783.03986,451.52988,0.92441857
796,734.48645,548.1513,0.9330757,764.6807,548.94965,1.0,782.766,452.27277,0.92640734
797,734.4791,547.67126,0.93982905,764.9338,548.73315,0.9992086,782.50397,452.82657,0.91590214
798,734.1063,547.9051,0.9316289,764.78394,548.35223,0.99457455,782.1537,452.72623,0.90146995
799,734.10626,547.80707,0.9325401,764.5309,548.29,0.9874318,781.88684,452.12155,0.932751
800,734.65704,547.9226,0.93484956,764.5795,548.2381,0.9974554,782.2297,452.31613,0.9217781
801,734.05237,547.4299,0.9510531,764.55084,547.85895,0.98428583,781.775,451.89178,0.94524693
802,734.2433,547.06836,0.94531447,764.75867,548.257,0.9796565,781.7635,451.4864,0.942685
803,734.081,547.03625,0.95223665,764.886,547.4684,0.99543405,781.1872,450.55634,0.965904
804,733.71564,547.755,0.95632297,764.33124,548.2094,0.9950121,781.5331,450.10077,0.969591
805,734.18274,547.04407,0.9412604,764.58344,548.63416,0.99323124,781.48944,449.56696,0.98395234
806,733.76733,547.31476,0.9529324,764.3265,547.908,1.0,781.038,449.36282,0.9689402
807,733.6474,546.9378,0.95712095,764.4867,547.5872,1.0,780.1528,449.23694,0.97203517
808,733.0941,547.0673,0.96073383,764.15137,547.727,0.9923374,780.3815,448.9813,0.9688172
809,733.2182,547.36237,0.9532543,764.1967,547.6204,0.98814243,780.2838,448.84573,0.964911
810,733.3242,546.6631,0.95190793,763.8343,547.73395,0.9848327,779.88336,448.88733,0.97249925
811,733.59174,547.26227,0.96211857,764.60364,548.1433,0.99178207,779.7069,450.19012,0.9917791
812,733.083,547.1924,0.9723739,764.28375,548.2589,0.97198,779.02454,451.7125,0.9428936
813,733.4176,547.3538,0.97421026,763.5842,548.48456,0.98915964,778.0854,452.97488,0.9363934
814,732.9185,546.8885,0.9859232,763.0282,548.57416,0.9852494,777.713,454.0209,0.9025403
815,732.39124,547.4514,0.98427284,762.4647,549.5611,0.9658763,777.5498,455.40283,0.92080045
816,732.57635,547.53424,0.98705107,763.17975,549.6771,0.9676915,775.8209,456.16678,0.8711748
817,732.1632,547.0208,0.98088616,762.62494,550.5549,0.96537703,774.0448,456.6145,0.9121041
818,732.4735,547.5634,0.9970885,762.44714,551.6165,0.93677527,58.07476,920.48083,0.86317784
819,732.84204,547.32916,1.0,763.4079,551.5588,0.92364776,769.17676,457.52078,0.9058212
820,732.72235,547.7522,1.0,763.47003,551.11237,0.9479924,765.948,457.67337,0.9690856
821,732.3072,547.1253,1.0,763.5443,550.76825,0.9420536,763.7844,457.1063,1.0
822,732.12823,546.9906,1.0,763.3453,551.3531,0.92149967,761.0109,457.5586,1.0
823,732.6557,547.178,1.0,763.6325,549.97406,0.9787551,758.9912,456.827,0.8856205
824,732.24506,546.46747,1.0,762.6243,550.7967,0.95935225,755.36694,456.06992,0.82562375
825,732.51917,546.0833,0.99469596,762.66705,550.3841,0.96380514,751.76013,453.50812,0.8028482
826,732.47015,545.35724,0.9991419,762.9924,549.9563,0.94684273,58.204563,920.585,0.8198684
827,733.13416,544.6809,0.97074443,763.38214,548.7786,0.94638354,747.3851,451.7851,0.8958671
828,733.20685,544.16187,0.971556,764.26605,547.72577,0.9726328,746.3354,449.90482,0.92631197
829,734.1465,543.845,0.92675096,762.87006,547.2123,0.97367996,747.11005,447.49518,0.99648833
830,733.6198,543.82465,0.9328684,763.2276,545.9306,0.9667316,747.5301,445.49384,0.999532
831,733.0881,543.71295,0.93035465,762.481,544.2407,0.97350675,747.4423,443.24063,0.9491023
832,733.07056,543.2897,0.90971833,762.19617,544.2668,0.96195716,747.40967,441.82477,0.9880745
833,733.44965,543.0989,0.9048363,762.761,543.8867,0.9678645,747.42676,439.6316,0.93547314
834,734.6105,541.6577,0.9040374,763.61566,543.5333,0.9746046,747.25116,438.89072,0.94815314
835,732.62634,542.8952,0.9057551,763.44574,543.1188,0.9614279,747.05096,438.13223,0.9424552
836,733.08575,542.2482,0.90045303,763.4411,542.4195,0.9879622,747.5868,437.8405,0.92798436
837,732.7602,541.8695,0.902411,763.5673,542.09106,0.9891128,58.502678,920.7917,0.8884569
838,732.819,541.6912,0.8914715,763.5347,541.3916,0.98865,747.26556,438.29233,0.88071656
839,733.5614,540.8715,0.9211794,764.1119,540.64667,1.0,747.66656,438.31754,0.8882873
840,733.26996,541.1165,0.9126799,763.5207,540.33936,1.0,748.14764,440.46698,0.9232018
841,732.6664,541.27435,0.9029572,762.66974,542.2422,0.9856268,749.6173,441.1848,0.9233246
842,732.36176,541.882,0.9033936,762.334,542.639,0.9685813,751.2992,442.35977,0.8923098
843,730.8446,543.1236,0.8785444,761.7599,543.2153,0.9510187,753.62805,443.59158,0.8249358
844,730.4178,543.657,0.898802,761.7522,544.11224,0.93313354,754.1172,444.8162,0.90991473
845,730.027,543.95593,0.9013801,761.41907,544.611,0.90167814,753.8278,446.05334,0.8817363
846,730.0718,544.2681,0.91905004,761.67377,544.4412,0.9171177,753.67017,447.00818,0.8721931
847,729.9204,544.18384,0.92519146,761.7859,544.62384,0.9154787,753.2049,447.37952,0.8599768
848,729.72754,544.2001,0.9209997,761.3703,544.61664,0.90542597,752.6328,447.01038,0.7926707
849,730.1523,543.9963,0.91975385,761.1911,544.71326,0.9222712,753.1399,446.5499,0.8665123
850,729.9613,543.9679,0.8877613,761.592,544.0872,0.9421995,753.11847,446.44666,0.8402648
851,729.9175,543.68665,0.8726029,761.4786,543.90985,0.9491298,59.619022,920.76215,0.79212034
852,730.3408,543.0884,0.8702621,761.5594,543.64777,0.95097655,753.22797,446.17215,0.90421426
853,731.45386,542.69666,0.88266575,761.875,543.3615,0.9606071,753.458,446.35907,0.8893168
854,730.705,543.2095,0.90121955,762.0413,543.1514,0.9740956,752.5988,446.1803,0.8255336
855,731.5556,542.8996,0.89660615,761.8841,543.2287,0.965626,751.322,446.11926,0.7790876
856,731.5173,542.7597,0.9020437,761.69916,543.3688,0.96364,752.3393,446.02396,0.77220273
857,731.2709,542.52576,0.88861865,762.20966,542.89795,0.9726781,60.00276,919.11884,0.66584164
858,730.89276,543.13214,0.88977206,761.82635,543.3122,0.96239054,60.157585,919.25256,0.6973749
859,730.84235,543.18976,0.889265,761.1906,543.96063,0.94086564,754.3044,445.92636,0.8759694
860,730.9406,542.8283,0.8924331,760.92255,544.32056,0.9164553,760.7113,446.70206,0.93106544
861,730.2028,543.25696,0.8928365,760.67163,544.1166,0.9160143,764.82025,449.68146,0.9558305
862,729.99664,543.77954,0.90587574,760.99884,543.82837,0.92692864,766.93695,451.27756,0.9145452
863,729.77405,544.12933,0.9130761,760.22205,544.26654,0.91201204,769.1243,452.8196,0.8754053
864,729.5112,544.55457,0.90841866,760.5177,544.0885,0.9157174,771.2641,453.7489,0.92009217
865,729.6375,544.93164,0.901195,760.4763,544.5366,0.91198003,773.1413,455.03366,0.8904655
866,730.04846,545.1347,0.891467,760.25995,544.0729,0.898612,773.85474,455.87064,0.86111987
867,729.4917,545.3343,0.88566494,760.1448,544.0963,0.8965605,774.5399,455.95685,0.83275175
868,729.69763,545.0141,0.8631535,759.4988,544.52435,0.88228065,775.9061,457.2155,0.8681616
869,729.69165,545.5811,0.8995508,759.43823,545.0371,0.9030781,776.7616,458.3844,0.90892845
870,729.8781,545.7045,0.9059329,760.69147,545.37646,0.8889721,776.1224,459.0394,0.8780712
871,729.94824,545.98706,0.93565094,760.76306,545.6994,0.91120905,775.0673,457.21637,0.79674673
872,730.0413,546.2796,0.9400164,760.76025,545.7523,0.91909796,772.37067,456.32355,0.86132216
873,730.19257,545.81683,0.9385422,760.73425,544.6744,0.90338546,766.32764,453.07333,0.8791801
874,729.96094,545.00616,0.9662413,761.01245,543.29834,0.92099094,761.3254,447.88022,0.9560391
875,730.0741,544.5336,0.9625536,761.16077,541.2127,0.9649813,751.7002,444.9678,0.9365765
876,730.57697,543.93555,0.92980605,761.7044,540.4191,0.9635374,743.9666,442.8673,0.953141
877,730.4108,544.24054,0.93287474,761.7788,537.86725,0.94496197,737.14514,441.8087,0.8609737
878,730.3165,544.9753,0.9428349,761.8685,537.1176,0.9087514,731.6825,439.64377,0.8987925
879,730.13995,544.9262,0.8898559,761.3487,535.6407,0.886211,728.4715,436.86346,0.93255925
880,730.12915,545.1515,0.89701396,758.95245,533.8734,0.9121799,726.8692,435.36563,0.95639634
881,730.0008,544.62695,0.89181966,758.62244,533.0535,0.95070887,725.6737,434.38104,0.9386233
882,730.2805,544.524,0.8766311,758.90314,532.37213,0.97155595,725.15924,434.2449,0.9415047
883,730.984,544.45636,0.90664333,759.4519,532.55096,0.9789945,725.3548,434.02747,0.91855013
884,731.78284,544.4321,0.9235822,760.1506,532.6991,0.9537884,725.585,434.00574,0.9032067
885,733.42365,543.9885,0.88531476,762.479,533.2777,0.9606506,726.2793,434.09625,0.9103025
886,734.60175,544.52606,0.86461824,763.8369,533.6596,0.9263608,727.29047,434.12473,0.8902688
887,734.7934,545.185,0.88174725,764.5285,533.81226,0.9275794,728.1214,434.2721,0.924326
888,734.27704,544.6947,0.8541878,764.67615,533.68536,0.91512614,728.2075,434.86633,0.95177543
889,734.24976,544.6795,0.839842,765.4229,533.8386,0.90558076,728.1344,435.15927,0.95088995
890,735.6912,544.9937,0.8519617,765.6662,534.0095,0.8914606,728.57404,434.89038,0.95256066
891,735.96954,545.1715,0.8404654,765.7475,533.94543,0.88389546,728.9081,435.07422,0.9597969
892,736.1023,545.3643,0.87122357,766.0745,534.0523,0.8852418,729.0926,435.28918,0.95365536
893,737.8311,545.4061,0.86685383,767.7923,533.85406,0.8252899,730.4775,435.2303,0.9677318
894,739.53986,546.3875,0.9339089,768.52356,534.1447,0.86795026,731.75323,435.70056,0.95331347
895,741.14465,546.2973,0.9544877,769.9171,535.04987,0.9022346,733.46423,436.19818,0.90410084
896,742.22925,546.5765,0.94515276,771.8227,535.12384,0.95386285,735.7795,437.7077,0.8349894
897,744.56903,546.7576,0.96331453,773.4941,535.7904,0.9319227,738.1572,437.61398,0.8694135
898,745.7004,547.18677,0.97754985,775.71277,536.5481,0.8936451,739.48346,437.54645,0.86660355
899,747.24945,547.3915,0.9995951,777.37946,537.4824,0.8881961,741.10297,437.7736,0.91272044
900,747.9648,547.5713,0.9955148,778.15735,537.68414,0.93218714,742.2316,438.0512,0.8983042
901,748.8261,547.6504,0.9795999,778.78467,537.9426,0.92902786,742.69653,438.23224,0.904549
902,749.22644,547.7527,0.96423167,779.2632,537.9435,0.9239246,743.23737,438.37738,0.90180945
903,749.6376,548.214,0.938134,780.0751,538.1777,0.92392457,744.0478,438.52206,0.8850951
904,751.4408,547.9117,0.9286439,781.20026,537.5636,0.9392815,745.43884,438.79175,0.8773161
905,752.7522,548.485,0.9412772,782.13385,537.7158,0.9427233,746.5255,439.46558,0.8657645
906,754.19214,549.49756,0.96934247,783.9264,538.4252,0.88587594,747.87616,439.6798,0.8769237
907,755.48193,549.6777,0.9762643,785.6293,539.14215,0.8663577,748.8347,440.27655,0.87679994
908,756.8101,550.07684,0.954305,786.8658,539.41315,0.88388044,750.4603,440.61002,0.8803751
909,758.4619,550.6086,0.9084214,788.6484,540.4418,0.9216655,753.22424,441.54846,0.8239187
910,761.1433,550.3089,0.9080103,790.4724,541.8983,0.9029718,755.24585,441.7984,0.8247586
911,763.0137,551.46796,0.89053404,793.02423,543.2233,0.87522155,757.81146,442.24152,0.8426585
912,765.3911,553.411,0.8725706,795.08716,543.6317,0.9263495,760.12415,443.53806,0.9193513
913,767.8907,554.1337,0.90360534,797.5769,543.6754,0.959746,762.86084,444.90817,0.9475162
914,769.03827,555.2063,0.95347136,799.1925,544.5261,0.9626001,763.8586,446.26343,0.9486002
915,770.5236,555.9999,0.9695794,800.4864,545.43,0.98288155,765.3363,446.6587,0.9155487
916,771.4004,557.6434,0.93748736,801.6411,546.39417,0.9601351,767.2811,447.49423,0.9114332
917,772.3527,558.4331,0.8745885,802.40564,546.70447,0.9417206,768.022,447.92276,0.89241064
918,773.22516,558.5257,0.8170032,803.2165,547.3326,0.9492527,769.00354,448.21765,0.86480165
919,773.1336,559.16016,0.80691534,803.62225,548.02875,0.9334856,769.3123,449.8283,0.8637626
920,773.12427,560.7591,0.833744,803.8114,548.35974,0.94206035,769.61395,450.2987,0.8362842
921,773.55145,561.49146,0.82928807,804.5747,549.65686,0.9104679,766.5849,452.34985,0.78526545
922,774.9962,562.7802,0.9409989,805.8599,550.9866,0.92898166,762.63367,458.79718,0.8993719
923,777.04614,563.8766,1.0,807.54913,553.9459,0.8783378,760.6369,465.66605,0.8384303
924,778.405,565.7553,0.97245497,808.95056,558.3926,0.89252824,758.4555,468.65048,0.9097507
925,779.9401,569.0389,0.9529838,809.7973,561.57916,0.9127626,758.90906,471.90247,0.8958118
926,780.9025,570.6973,0.92969024,810.1682,562.87964,0.92568886,758.9542,474.537,0.9238035
927,781.08527,573.09735,0.9459825,810.6416,564.3516,0.94310194,758.6594,476.80673,0.8897197
928,781.60046,574.1231,0.9371868,811.16205,565.4239,0.93719155,758.68616,480.4797,0.79626703
929,781.13983,576.5299,0.9550153,811.7864,566.72925,0.93373835,759.36255,480.86362,0.76701325
930,781.22754,577.2448,0.9820468,812.63324,567.8831,0.90632194,760.88306,480.80743,0.7723751
931,781.6447,577.67175,0.98568314,812.9055,568.8632,0.9550418,761.36957,481.5704,0.8678994
932,781.44934,577.876,0.9842667,813.1024,569.2968,0.948956,761.7151,481.46402,0.86938506
933,781.3785,578.40564,0.9926081,813.5758,569.9753,0.9428859,762.60297,481.1168,0.80454683
934,781.3697,578.46405,0.97299355,813.8103,570.6938,0.9433971,762.8818,479.42255,0.8182613
935,781.8089,578.63727,0.95903647,813.74255,570.66125,0.95642596,763.6099,478.36206,0.8583211
936,782.23285,580.2499,0.9614654,814.48755,573.048,0.9919226,765.44135,483.96848,0.8371123
937,784.29565,582.11725,0.9536949,815.6037,576.5747,0.9251269,773.27466,485.71555,0.80300605
938,784.31494,585.0692,0.9267222,817.13654,581.20935,0.92509604,784.9344,490.32324,0.9370512
939,784.20935,587.11316,0.91129756,818.7111,586.72595,0.8852055,794.5355,494.81058,0.8595425
940,785.6359,590.2978,0.9230637,818.2836,592.4949,0.98248583,804.8678,499.1861,0.8791199
941,787.5929,593.0625,0.96264535,818.61444,595.4403,0.9794364,811.9132,503.96246,0.8173885
942,788.24146,595.90234,0.9547414,819.2433,599.09674,0.9223038,817.5591,507.33298,0.9231725
943,787.4851,598.3819,0.9329291,819.7105,601.6551,0.9138076,818.3782,510.5779,0.91591287
944,787.1448,599.5725,0.89187956,819.5842,602.34906,0.9215743,818.8334,513.3895,0.8298469
945,787.7881,599.9538,0.898911,819.50616,602.4651,0.9233791,818.7658,513.5605,0.82434994
946,787.0258,600.9161,0.90298235,819.2761,602.6988,0.92880595,818.63007,513.73834,0.8091538
947,786.70135,602.17847,0.89526945,818.6377,603.66595,0.93464017,817.54736,514.07684,0.8004118
948,787.1069,603.497,0.9199616,818.76483,604.49475,0.9469868,814.646,512.6335,0.8269124
949,787.12366,604.453,0.92814237,818.8459,605.4951,0.92971295,812.7298,513.1626,0.88108706
950,786.9196,604.724,0.95507425,819.23065,605.63745,0.9388228,810.4396,513.22577,0.879549
951,786.5714,605.67957,0.9209395,819.2604,606.2935,0.9550093,809.52106,514.2118,0.8111835
952,787.0596,604.964,0.9443887,819.37134,605.55505,0.9698153,808.64484,514.11945,0.74814236
953,787.22516,603.7099,0.93623835,818.4588,605.0621,0.9411693,806.0216,512.3014,0.7600118
954,787.1245,601.0773,0.9030644,818.82623,602.9734,0.9089804,805.63666,509.72675,0.7491322
955,786.62177,599.377,0.9012599,818.7495,601.1243,0.90072054,805.65485,508.4001,0.81973654
956,786.7068,598.27594,0.93548524,817.701,599.97894,0.88804585,806.78503,507.17203,0.8478751
957,785.6635,598.5913,0.9297799,816.7341,598.7947,0.8977473,806.4279,507.3327,0.83989596
958,785.0519,598.5397,0.9163324,815.10333,596.6825,0.91954726,805.8882,507.289,0.83089507
959,784.18976,598.69775,0.88570637,814.1721,596.80524,0.8918968,805.5686,507.14615,0.82216966
960,781.3735,600.0452,0.8177373,811.10394,599.27405,0.9004214,806.56085,507.91772,0.8045074
961,779.056,599.8719,0.8134479,809.69037,599.09686,0.8686078,807.65405,507.08304,0.77733654
962,778.0053,599.37506,0.76958287,808.3555,597.89075,0.84783715,807.0896,506.03152,0.7302191
963,777.4476,598.2713,0.83534116,806.62854,596.3949,0.886283,805.18396,505.14728,0.69437915
964,774.3184,597.7426,0.8793859,805.21326,594.82965,0.9732914,804.1083,505.4209,0.7660818
965,773.65546,597.67114,0.9161208,804.0468,593.13904,1.0,802.82135,504.87595,0.7085158
966,773.20325,597.95996,0.9539377,802.5311,592.17957,0.9898203,801.9413,504.60602,0.69166434
967,772.2555,597.16095,0.93006724,802.2702,590.85345,0.9187041,801.60626,504.1461,0.7246895
968,770.3051,596.9858,0.9628408,801.10535,589.2199,0.92537344,799.109,503.023,0.76677173
969,769.3961,595.4396,0.943536,799.2073,587.61304,0.9614139,797.5624,500.64645,0.8256171
970,768.3829,593.66614,0.901263,797.934,583.8874,0.9519894,795.9237,498.5688,0.9017309
971,765.61914,592.0725,0.75973207,795.7585,582.7099,0.8903457,790.2156,493.44467,0.88033164
972,764.26514,588.4546,0.7583763,793.06384,580.70056,0.9129743,780.6366,489.36517,0.88228226
973,761.1371,585.6497,0.72478014,790.9598,576.589,0.87780935,771.5999,484.11978,0.88349175
974,758.34753,581.4824,0.87575746,789.1382,571.48486,0.95145196,763.09576,480.94568,0.92421246
975,755.1235,580.059,0.89594,785.79065,566.6732,0.94233006,757.2058,475.817,0.8632118
976,753.01587,575.6729,0.7988973,783.7205,563.2238,0.9432579,752.96814,471.951,0.84101677
977,752.43604,571.3342,0.9023045,781.916,561.4764,1.0,749.8045,468.1719,0.8556634
978,751.64594,566.01654,0.77966166,780.1421,557.737,0.9975209,748.27185,463.73593,0.8672552
979,749.0199,564.45654,0.828325,778.54156,554.12427,0.9737956,747.8023,459.41693,0.90518826
980,745.0505,562.7764,0.72657114,775.28485,550.07056,0.90990144,747.85486,455.74496,0.88742596
981,745.3759,556.1769,0.82090366,774.71704,546.258,1.0,748.2155,450.81345,0.89017105
982,743.6286,552.2792,0.72409815,773.29535,543.0736,0.9613956,748.20935,446.35413,0.92491776
983,741.3904,550.2585,0.8381829,771.44446,539.27563,1.0,749.02203,441.90213,0.93864185
984,740.3897,548.3171,0.9126769,770.4336,536.56,0.9294474,755.1339,439.6187,0.8684
985,739.2398,549.30804,0.7417313,769.21967,535.5445,0.9345643,763.651,437.6559,0.95724213
986,739.2611,546.21136,0.8008093,769.06824,534.56586,0.9271067,768.9055,439.6793,0.8611659
987,740.92267,543.7109,0.74265337,768.8807,533.731,0.94568366,772.2091,439.07455,0.95723855
988,740.08984,543.39703,0.85063237,768.9619,533.3864,0.96692634,773.96967,438.6849,0.95765424
989,740.96173,542.14343,0.80914456,769.3723,533.56323,0.97135186,774.9402,438.01324,0.9480471
990,742.8479,541.5851,0.78866684,772.1838,532.87933,0.9917378,779.49744,440.36072,0.9039512
991,745.3337,541.6651,0.7853386,774.4986,532.5269,0.9866204,784.7302,441.05356,0.8240423
992,748.88574,540.89856,0.8136603,777.463,532.3642,0.97095144,790.6509,442.2099,0.9458344
993,751.8653,538.27277,0.7919784,781.23444,531.3327,0.98531747,796.4236,443.00757,1.0
994,753.5627,537.7071,0.92738634,784.37555,531.1498,0.9622113,804.75397,445.55316,0.92919564
995,754.2044,538.4015,0.93385226,784.84845,531.46313,0.98004246,807.6754,446.8922,0.9197829
996,754.4161,537.05786,0.8767269,785.40173,531.2371,1.0,808.9776,448.05356,0.83269143
997,754.6615,537.8602,0.981153,785.46783,532.08203,1.0,810.5968,448.46655,0.9143626
998,755.0569,537.80115,0.94365543,785.5614,532.382,0.98901975,811.1306,449.5354,0.88268065
999,754.7461,537.6449,0.9363956,785.4196,532.7254,0.99438024,810.6544,448.75836,0.8493831
1000,754.7214,537.7999,0.98332435,785.6773,532.8153,0.98212177,810.54205,448.38135,0.83157194
1001,755.43286,537.14874,0.9314956,785.5454,532.4161,0.99446636,810.8558,447.8584,0.88838553
1002,755.23846,536.833,0.89417917,785.8484,531.9721,0.9953456,810.7814,446.90387,0.9345984
1003,755.09796,538.65076,0.97347915,785.2675,533.2856,0.9710097,808.98315,445.2248,0.9559542
1004,753.60895,541.1904,0.8397495,784.29675,533.43567,0.9462052,806.2203,443.59015,0.8949943
1005,752.8192,541.7371,0.8013658,784.0827,536.0811,0.8821034,802.75476,444.4842,0.904014
1006,752.2918,546.0632,0.8780344,783.06055,537.7176,0.9434179,798.4319,445.50256,0.9663233
1007,751.7401,547.54944,0.8865028,781.826,540.6042,0.9439781,793.89435,446.1496,1.0
1008,751.0549,548.91547,0.84116215,779.3803,545.46014,0.9151451,792.68634,447.45013,0.9883534
1009,749.25146,554.2101,0.75853544,777.9057,547.8098,0.93163586,788.8356,450.52762,0.96464455
1010,747.997,559.8411,0.7639719,777.37476,551.047,0.90026844,781.42773,453.84732,0.89302385
1011,747.91,564.489,0.8766883,776.8312,554.8237,0.93071824,777.02734,457.13498,0.9250475
1012,747.4558,567.7569,0.77877337,776.3653,559.5951,0.89499056,770.0023,460.82892,0.85261023
1013,748.06744,573.36224,0.8279651,775.3032,563.0541,0.96812195,763.58453,464.9797,0.94192827
1014,745.48126,576.3386,0.66210234,774.7922,564.6337,0.94571334,758.17126,467.0865,0.82604456
1015,745.23987,579.40955,0.5887521,774.3598,566.4643,0.9256614,753.8322,468.58517,0.7913356
1016,745.6982,581.8589,0.46814463,774.26306,567.6489,0.9053892,749.3462,470.39734,0.8595597
1017,747.2945,582.58655,0.66002387,774.8429,568.3865,0.94105685,747.40076,472.30737,0.9191361
1018,744.93164,584.8952,0.5811877,775.0365,569.24945,0.9816412,746.9178,472.49326,0.941362
1019,746.85187,585.5675,0.3535552,775.01654,570.299,0.8791341,743.8378,474.49942,0.94538295
1020,751.8096,581.9014,0.26935112,774.9909,570.95856,0.8327816,741.82935,476.14496,0.94742835
1021,750.19196,584.89355,0.35853022,775.26855,571.22095,0.88387793,738.5942,477.1726,0.9410955
1022,750.3761,585.363,0.35170335,775.14484,571.9913,0.8730599,736.53735,477.6834,0.9607836
1023,746.9138,587.86304,0.39377865,775.1714,573.06354,0.8918389,735.88513,478.3134,0.97075164
1024,746.5046,588.80994,0.5451101,775.19574,573.3605,0.95307094,737.23236,480.0753,0.92779565
1025,746.37537,589.217,0.5323059,775.21545,574.27655,0.8942688,738.0167,480.26007,0.9410293
1026,747.6385,591.5058,0.576529,775.48376,577.50745,0.9464144,739.8465,483.5076,0.9944928
1027,747.8088,595.91254,0.9187339,774.7752,580.83997,1.0,741.2013,490.70923,0.9462324
1028,748.7455,599.25146,0.9466662,777.34314,584.6672,0.93699276,739.2486,498.27295,0.8983222
1029,750.1137,601.4238,1.0,777.8505,590.4244,0.9768914,737.75836,504.9673,0.7549434
1030,751.8711,604.8618,0.99747735,778.74634,593.0631,1.0,736.5714,510.31046,0.82545376
1031,753.19794,607.0804,0.9825209,779.7779,593.4664,0.99592155,732.58673,515.0459,0.8271154
1032,753.5797,609.204,0.95236105,780.363,594.33026,0.97994465,729.7515,517.8347,0.8867097
1033,753.96967,609.56903,0.96048564,780.0918,594.5255,1.0,726.0672,521.0734,0.84131235
1034,754.6777,610.2164,0.95855,779.9856,594.7077,1.0,723.1842,523.0787,0.88901
1035,754.98486,610.536,0.95219684,779.452,594.1643,1.0,721.3933,524.5787,0.9042853
1036,755.78467,610.3209,0.9148546,779.042,592.8207,1.0,719.4168,524.85516,0.8635263
1037,755.5203,609.82104,0.91239446,778.17285,591.28094,0.9691215,715.73004,523.93164,0.92422855
1038,754.68304,609.10925,0.92066604,777.9759,590.2193,0.9695045,712.24713,523.26685,0.84665066
1039,755.1249,607.8583,0.88864785,777.5263,587.7051,0.9949343,709.12964,522.4288,0.65980077
1040,753.862,603.73865,0.9447234,776.6266,584.93915,0.947775,706.54974,522.05426,0.6097069
1041,752.4202,600.8206,0.8718899,774.4011,581.06696,1.0,704.4679,521.8668,0.7227901
1042,752.33484,598.9011,0.9345359,774.3998,578.68146,1.0,700.14154,518.9682,0.61980104
1043,753.768,596.4596,0.9577753,775.2725,577.4776,1.0,697.7152,518.03253,0.5580465
1044,753.51666,594.4964,0.9057942,774.302,571.3389,1.0,697.2544,515.95526,0.68029386
1045,752.1573,591.93475,0.8385731,773.25305,568.2706,1.0,696.88544,512.7417,0.6942779
1046,752.0344,588.1187,0.9160709,771.9304,565.0816,1.0,698.12616,506.32178,0.76267636
1047,751.13055,585.8121,0.8658836,771.78204,563.6791,1.0,702.1731,503.47256,0.6576116
1048,749.6402,582.85016,0.85664606,771.23126,559.92084,1.0,702.3779,499.0983,0.76186395
1049,749.06024,579.8539,0.9160415,771.745,556.6636,1.0,702.40753,493.7542,0.8304792
1050,747.9095,577.0782,0.8638757,771.00775,552.9421,1.0,702.5671,489.045,0.83433324
1051,748.2878,571.708,0.8846095,769.5546,548.0076,1.0,704.3654,483.27054,0.77736187
1052,747.2783,566.87524,0.8940086,769.11926,545.07355,1.0,706.73444,476.67532,0.8669446
1053,747.23083,564.0455,0.9869738,769.6971,541.62463,1.0,707.46075,472.06702,0.85964835
1054,747.11163,562.19354,0.9352738,769.20435,538.0213,0.9972445,708.3589,466.3858,0.87752867
1055,747.0599,557.8304,0.91376734,768.04877,533.35266,1.0,708.6794,461.15604,0.86757624
1056,747.45386,554.5346,0.9398925,768.0321,530.07996,1.0,709.3389,458.50583,0.8916817
1057,747.1927,551.3604,0.90115064,768.1571,528.4941,1.0,709.2249,455.94302,0.8300841
1058,747.4966,549.84924,0.98499733,769.34186,526.56384,1.0,710.6667,451.56125,0.8857353
1059,750.1458,548.05597,0.9655776,771.28485,524.2773,1.0,711.8887,448.87686,0.81723344
1060,753.2827,546.4821,0.9604439,772.84753,522.6457,1.0,713.79694,444.6016,0.7073477
1061,755.39185,545.7396,1.0,776.16504,520.7176,0.9201236,717.4318,442.7424,0.8894952
1062,758.0456,545.93665,1.0,778.97516,520.62897,0.9669799,719.4247,441.7896,0.7845821
1063,761.44885,545.3954,0.99896663,781.7611,520.03595,0.97597736,721.9285,441.4073,0.5127914
1064,763.7043,543.6242,0.9687039,784.5501,518.9807,1.0,722.40985,441.3205,0.73033595
1065,766.1606,542.04626,0.9424909,786.5277,518.5578,1.0,725.52374,440.97272,0.82821584
1066,768.522,540.4151,1.0,788.375,517.20483,1.0,730.27167,436.80917,0.8029603
1067,769.36005,539.625,1.0,791.6839,517.11163,1.0,738.717,434.2081,0.7961461
1068,771.5788,538.62427,1.0,796.1869,517.17615,1.0,745.3598,430.94864,0.7306461
1069,775.4131,537.37573,0.8502166,799.6161,516.43207,1.0,753.91327,428.83493,0.8681125
1070,779.0597,538.2418,0.96882945,802.01483,517.2272,1.0,762.19006,427.6739,0.8439106
1071,781.599,538.11456,0.9899852,804.7054,517.50635,1.0,770.6088,426.48904,0.86640656
1072,784.8183,538.3226,0.97315544,808.4286,518.903,1.0,778.25867,425.65555,0.8311828
1073,786.8241,538.7255,0.9805481,811.45496,519.18866,0.99023527,784.1369,425.9077,0.7626785
1074,787.15936,539.24725,0.993221,812.3303,519.1458,0.9830728,787.32574,425.26462,0.7427985
1075,787.644,538.8357,0.9794845,813.25415,518.8515,0.965846,789.8036,424.61813,0.8303989
1076,788.1868,538.2647,0.91851646,814.0122,518.6545,0.9421429,791.4028,423.1095,0.7720942
1077,788.58923,537.4344,0.9049011,814.49896,518.2927,0.9561401,793.2892,423.00925,0.7954248
1078,789.2195,535.7323,0.8493628,814.8869,518.27374,0.9273352,793.4412,422.77322,0.7584133
1079,789.4313,535.2524,0.87202203,815.10547,517.9782,0.93656427,793.151,422.0881,0.7494557
1080,789.5816,534.68945,0.90067536,815.31616,517.83704,0.9472845,791.53204,421.2329,0.7564629
1081,789.59674,535.32465,0.8501016,815.5934,517.9998,0.9258291,790.98804,421.4698,0.7683208
1082,789.55585,536.68604,0.83265036,815.5324,518.55664,0.93737966,791.37646,423.26642,0.8293352
1083,789.79034,539.6394,0.93608814,815.8419,521.3857,0.95512855,791.2043,425.64285,0.81508625
1084,789.27155,541.00854,0.91700524,815.93854,523.0444,0.936971,790.89343,427.4615,0.8594985
1085,788.08356,543.3914,0.9351886,814.7554,525.77313,1.0,789.7697,429.13934,0.86971855
1086,787.35364,546.2544,0.90562326,813.185,528.7378,0.9812984,788.0659,431.7409,0.9116129
1087,785.9324,549.3023,0.9365939,812.1779,531.4007,1.0,786.4169,434.84415,0.8894315
1088,784.81995,551.2078,0.918774,809.2117,533.8928,1.0,785.9779,437.13705,0.86454856
1089,783.8048,553.23895,0.9107441,807.74304,535.0333,0.9787474,784.9668,440.0839,0.8124554
1090,784.3287,553.35876,0.89874935,808.7807,536.69806,0.944201,784.93195,440.64883,0.7863838
1091,783.9404,553.6283,0.91595143,808.6688,536.54834,0.9683343,784.6479,440.63992,0.76765424
1092,784.1182,553.5777,0.9038488,808.8449,536.7033,0.95242864,785.5157,440.64334,0.79862905
1093,783.9119,554.30786,0.91341144,808.2876,536.352,0.9690438,784.82336,440.95364,0.80345726
1094,783.7326,553.5739,0.919043,808.67,536.5711,0.95290554,785.2379,440.89838,0.7943425
1095,783.8467,553.84564,0.9238817,808.6265,536.5157,0.9569917,785.4905,440.24982,0.823808
1096,783.7762,552.96246,0.8899531,808.6333,536.5555,0.9376454,785.276,440.26294,0.8233374
1097,783.83673,553.1149,0.8727547,808.60657,536.52936,0.9117981,784.8117,440.1518,0.784505
1098,783.8553,551.36224,0.85388106,808.7885,536.44073,0.8969085,785.3573,439.59534,0.81257176
1099,783.90234,553.2115,0.88373905,808.71326,536.41614,0.93476474,785.6454,439.7184,0.7874205
1100,783.4643,552.9703,0.86174583,808.08923,536.0464,0.93830854,785.4049,439.75012,0.81061745
1101,781.6569,553.4302,0.8963909,807.034,535.68164,0.96450716,785.3438,440.18152,0.79751265
1102,780.9174,553.10596,0.8769618,806.5619,535.4333,0.9844699,789.91187,440.1329,0.87812406
1103,779.74774,551.9753,0.81271535,805.6486,536.00354,0.93874776,792.31195,440.77905,0.8627138
1104,778.35974,552.8504,0.8336802,803.0133,535.3438,0.9193716,790.39343,441.22562,0.90059346
1105,776.79095,552.1973,0.79582447,801.45795,535.5496,0.8967965,787.68066,441.5253,0.8908421
1106,773.0524,553.60205,0.7637088,799.47064,535.52344,0.84055,784.1407,441.51678,0.8420668
1107,770.16547,554.00275,0.84353346,796.5694,535.4378,0.92500323,779.40967,441.10904,0.8941643
1108,769.1825,555.0443,0.88477516,794.0948,536.8613,0.9378084,773.9981,442.363,0.87140775
1109,770.0553,557.93756,0.9591704,794.9574,538.74097,0.9966248,769.656,446.50162,0.8530139
1110,770.7775,559.824,0.92124385,796.0883,540.459,1.0,764.1242,453.39642,0.7632467
1111,771.99097,563.70905,0.98425084,796.75476,544.55804,0.9881354,759.25195,460.38144,0.9002508
1112,771.61584,568.2249,0.9061787,797.2883,548.3093,1.0,753.7619,466.32788,0.8705071
1113,772.4986,571.731,1.0,796.72455,550.47076,1.0,746.4427,473.30652,0.850608
1114,772.37177,575.3232,0.9797176,796.5064,554.4078,0.9637126,740.0652,481.9025,0.86692786
1115,773.4098,578.45874,1.0,796.87384,556.9036,1.0,733.72217,489.91748,0.7951723
1116,775.4415,580.9961,0.9480726,797.262,560.9315,1.0,729.7566,497.96823,0.84128934
1117,775.2078,585.4341,0.8660559,797.6797,563.3545,1.0,724.20087,504.55396,0.7112126
1118,777.0357,588.3331,0.90124387,798.2381,566.5265,1.0,719.0922,510.1487,0.6628901
1119,776.5955,591.7697,0.8895911,797.6688,567.5756,1.0,714.874,516.6117,0.74489033
1120,777.8846,594.214,0.98105764,796.84955,568.96844,0.9780176,712.132,522.66846,0.82537186
1121,777.6025,595.43994,1.0,795.34906,569.6033,1.0,707.8671,530.09186,0.785491
1122,777.7544,595.73865,1.0,796.559,571.21405,1.0,707.10547,533.5664,0.62061745
1123,778.0901,596.362,0.99909663,795.7311,571.0135,1.0,704.76215,536.8533,0.60975766
1124,778.06177,596.48083,1.0,795.3084,570.72626,1.0,701.50415,539.1183,0.60608613
1125,777.65094,596.3575,1.0,794.3776,569.8764,1.0,702.1999,542.8197,0.5926468
1126,777.6261,596.36847,1.0,794.8122,570.1674,1.0,699.16986,544.62537,0.74074405
1127,777.40594,596.3618,1.0,794.33295,569.54675,1.0,699.8139,546.4042,0.7559663
1128,778.0396,594.6137,0.9869451,795.6031,568.2894,1.0,700.1666,543.4008,0.62172496
1129,778.1875,592.481,0.9053984,796.69696,565.5922,1.0,701.3821,541.14465,0.5747334
1130,779.79144,587.8923,0.90375483,797.9976,563.6436,1.0,701.24316,537.05444,0.6566998
1131,780.4374,585.7343,0.87072617,799.05743,561.7036,0.96703416,703.6265,536.2812,0.5230164
1132,780.99805,582.71875,0.89860266,800.3221,558.9744,1.0,703.73065,535.4938,0.6140128
1133,780.6166,580.26874,0.9665936,800.81036,556.14594,1.0,704.45514,533.813,0.53433853
1134,780.7788,578.51794,0.9673349,800.72107,552.51483,0.99633104,703.5713,535.2698,0.10561128
1135,781.3663,576.4108,0.92650384,801.30475,550.53357,1.0,704.2704,534.59607,0.23603715
1136,782.64185,576.53375,0.9016761,802.339,550.5606,1.0,705.3286,537.4778,0.49556783
1137,784.7319,576.49,0.9144268,802.4557,550.9868,1.0,704.8114,539.7864,0.2886224
1138,785.33954,577.2004,0.91658574,803.143,551.29175,1.0,705.0505,543.1251,0.29932633
1139,786.30835,578.2019,0.92680687,802.8317,552.14276,1.0,253.47533,186.36015,0.1395287
1140,786.5359,578.376,0.9160858,802.97217,552.47186,1.0,1238.7396,73.02047,0.10225211
1141,786.7223,578.8302,0.92293984,803.3241,553.0597,1.0,57.60538,938.99585,0.23097609
1142,786.65186,579.28705,0.942441,803.35345,554.19495,1.0,251.3286,184.19246,0.10057442
1143,786.575,578.5013,0.93526876,803.4963,553.4747,1.0,57.45291,937.2296,0.1645072
1144,785.9906,576.45776,0.91486377,803.2436,550.85693,1.0,252.34868,181.76318,0.0824139
1145,786.05096,573.4044,1.0,803.398,548.442,1.0,254.01009,179.7258,0.22414185
1146,786.0006,570.4088,0.95532316,803.2699,546.0492,1.0,709.7665,544.7755,0.2025964
1147,786.5112,565.00745,0.96914154,803.7867,540.29333,1.0,709.82715,537.81085,0.26457047
1148,786.3911,561.8516,0.9260206,803.61633,535.98505,1.0,709.4747,531.8892,0.4785674
1149,786.0172,558.6885,0.9472255,802.93506,533.19055,1.0,704.484,525.0032,0.2520991
1150,785.38965,556.1633,0.9794636,802.2977,530.6804,1.0,705.9138,519.6936,0.38167873
1151,784.975,553.75146,0.9169091,801.8916,528.60254,1.0,705.9943,513.81696,0.51047635
1152,784.13477,550.76514,0.9371189,802.196,526.777,1.0,704.1617,505.32962,0.47518092
1153,783.797,548.2381,0.9235554,802.5518,524.4873,1.0,707.1549,501.4589,0.40189382
1154,784.14685,545.99493,0.9170832,802.75275,521.30676,1.0,707.3736,493.66592,0.394245
1155,783.69995,542.42255,0.90950054,802.3176,518.3627,1.0,708.3868,488.0444,0.23791377
1156,783.949,539.77466,0.9330761,801.9262,515.29047,1.0,253.42209,150.76942,0.31308302
1157,784.0625,535.94415,0.90494984,801.7529,512.7094,1.0,711.7585,479.26544,0.45503315
1158,784.1211,534.5791,0.93442005,802.35846,511.70343,1.0,711.20355,474.57132,0.43094406
1159,783.58777,533.8925,0.91172844,802.2931,511.44012,1.0,710.2178,471.0485,0.5169318
1160,783.50354,533.39594,0.90531737,802.3287,510.84598,1.0,711.0319,467.80533,0.44917205
1161,783.3085,533.2459,0.90453506,802.2866,510.41696,1.0,713.1107,466.7321,0.78581595
1162,781.82007,533.11676,0.92601556,802.10535,509.84116,1.0,712.83716,461.96628,0.84983236
1163,781.53876,532.6321,0.9412682,801.8797,509.6106,1.0,714.96686,456.6997,0.8362871
1164,780.88934,532.20074,0.9383474,802.1223,509.7604,1.0,716.1151,454.24753,0.8409927
1165,781.0649,531.8927,0.9348771,802.3026,508.7544,1.0,716.892,452.61765,0.82965696
1166,781.1857,531.28265,0.9416267,802.5945,508.30295,1.0,716.55414,452.10037,0.7588855
1167,782.3201,532.47565,0.918344,802.8032,509.08368,1.0,716.5165,453.7693,0.73042595
1168,783.69305,534.3112,0.92964894,802.527,511.84085,0.9928907,716.30304,456.3086,0.83909374
1169,784.55444,538.5673,0.9494265,803.1911,514.4208,1.0,716.9253,459.01663,0.73252976
1170,784.6716,540.54645,0.98333716,804.42926,516.85895,1.0,719.7382,461.0006,0.8364534
1171,785.7165,544.313,0.9228244,804.94635,519.506,1.0,721.83984,462.82098,0.73952186
1172,785.87463,545.18176,0.9172788,805.5463,520.755,1.0,723.20605,462.74408,0.8713839
1173,785.784,546.17566,0.9209167,805.44794,521.5164,1.0,727.0128,460.129,0.9438299
1174,785.6699,546.86633,0.9167197,805.7716,522.7389,0.9977935,732.225,456.7496,0.90104276
1175,785.65356,546.65314,0.9161554,806.378,523.1618,0.99449223,739.3373,454.59534,0.85316247
1176,785.5841,546.54834,0.9195325,806.91,523.6952,0.98475784,747.21576,451.32565,0.6996777
1177,785.3116,546.91754,0.9291249,806.7448,524.813,1.0,754.2927,448.7257,0.73850405
1178,785.6068,546.7865,0.93720394,806.9632,524.49615,1.0,762.06116,447.51703,0.82437956
1179,785.4872,546.6946,0.9401762,807.4721,525.23865,0.97512764,771.42755,445.5125,0.6282519
1180,785.0969,546.8315,0.96762246,807.5775,526.41833,0.9661703,778.3147,454.74078,0.6042977
1181,784.9039,547.1714,0.9799383,808.0093,527.6853,0.9916262,784.03485,455.44363,0.59552604
1182,784.9769,548.98645,0.97491693,807.8213,530.8706,1.0,796.9719,451.54736,0.79533577
1183,785.11523,549.0607,0.9823125,809.57275,532.015,1.0,804.44086,451.01514,0.7756127
1184,785.45056,549.2692,0.98901075,810.64435,533.36365,1.0,812.85913,453.98,0.5225755
1185,785.7835,548.77203,1.0,812.0563,533.548,1.0,817.2547,454.97122,0.6679702
1186,786.05676,548.821,1.0,812.7557,533.37244,1.0,818.5193,455.9908,0.69430983
1187,786.26,549.09033,1.0,813.4931,533.3886,0.9769915,821.854,455.60934,0.5236173
1188,786.1516,549.40045,1.0,813.8736,535.1651,0.92500734,826.2489,457.71307,0.6526385
1189,786.26013,550.4035,0.9922525,814.2897,536.3391,0.9155839,824.82764,459.23853,0.6302712
1190,786.2982,553.5977,0.9947236,813.09625,538.41235,0.99366856,818.81683,458.92847,0.66670257
1191,786.1629,554.7858,1.0,813.9193,540.34875,1.0,814.0871,458.10626,0.7126333
1192,785.66455,556.22485,1.0,813.6477,541.1493,1.0,810.08636,458.33215,0.67872673
1193,785.35516,557.8219,1.0,813.60004,542.2004,1.0,809.80505,460.81415,0.74115086
1194,785.4709,558.4911,1.0,813.54956,542.8276,1.0,813.4926,461.93655,0.78292686
1195,785.2605,559.21765,1.0,812.41565,543.63947,1.0,817.56934,466.15894,0.7062068
1196,784.0601,558.88055,1.0,810.8992,543.493,1.0,819.6782,467.27045,0.54049385
1197,782.8713,559.21014,0.97689515,809.74854,544.60236,1.0,820.38525,469.44785,0.6559165
1198,781.5457,559.3638,0.97134906,807.8875,543.7033,0.971355,821.294,471.07437,0.6730152
1199,778.51794,559.2613,0.91281915,805.6776,542.97046,0.99579316,823.3835,473.38257,0.57231355
1200,777.8056,557.3982,0.9265746,805.30304,542.5191,0.96702963,826.70276,476.52972,0.6157634
1201,777.43866,553.746,0.9517142,805.0311,541.5169,0.9913323,830.4812,477.43704,0.56678176
1202,776.7251,550.5007,0.9562414,804.78375,541.0752,0.93976045,836.3742,480.61398,0.38006577
1203,775.91864,548.7501,1.0,804.9704,539.4081,0.9380546,839.38226,480.8089,0.4316318
1204,775.0852,547.1404,1.0,804.4771,537.9787,0.95502025,107.9418,1026.5465,0.11469213
1205,774.2497,545.5336,0.9847104,803.111,535.49054,0.90077573,57.43283,934.26544,0.18251702
1206,773.21515,543.14075,0.98380953,802.33124,534.5419,0.9176953,58.519436,935.5819,0.19131784
1207,772.6715,541.09357,0.9781191,802.15454,532.87286,0.91392887,107.06426,1027.2847,0.06854383
1208,772.46436,538.79095,0.94285613,801.7663,531.8437,0.94640166,57.884598,935.567,0.15018408
1209,772.077,536.318,0.9382801,801.7363,531.28815,0.9746713,846.7169,480.3456,0.34915432
1210,772.0576,535.5641,0.9458706,801.6813,530.52795,0.9766863,846.6623,479.6087,0.43001074
1211,772.0725,535.15753,0.938592,801.5303,530.0748,0.9640163,846.6374,479.5901,0.36199883
1212,771.9577,534.317,0.9449393,801.22095,529.2957,0.97550523,847.18774,479.01645,0.26556
1213,772.07477,533.1731,0.9609799,801.2932,528.2145,0.9457423,28.98012,898.8336,0.1420945
1214,772.1837,531.5645,1.0,801.5439,526.132,0.89920956,848.63257,473.44818,0.40124017
1215,771.93713,528.98346,0.98154926,801.98883,523.6322,0.8962254,850.69653,471.95444,0.55375075
1216,771.48773,528.03796,0.9474627,801.8821,522.30365,0.8798791,850.6443,470.68506,0.37093106
1217,771.33435,527.7849,0.91687495,801.8449,521.5476,0.87427586,850.5048,471.86453,0.21885654
1218,770.76996,526.52246,0.9035009,801.99225,520.87634,0.8670942,850.4804,473.93167,0.53028685
1219,770.5241,525.80164,0.9189678,801.89966,520.59033,0.84638363,850.6217,474.3013,0.54511404
1220,770.62085,525.1946,0.9290291,801.6706,520.4483,0.8474356,850.9162,474.94003,0.557212
1221,770.37177,524.634,0.9363094,801.5626,519.98157,0.8429931,851.2544,475.37903,0.6607053
1222,770.2851,524.36945,0.9441944,801.36053,519.6648,0.831938,852.6963,476.1047,0.70665115
1223,769.942,523.3748,0.9456014,800.93445,519.42303,0.8309415,853.392,476.12982,0.69856834
1224,769.07605,524.1871,0.8776428,801.1636,520.5587,0.83083457,853.94824,477.0572,0.71735066
1225,768.77124,525.42633,0.85389346,800.4807,521.89514,0.8367975,853.0076,479.59058,0.69804704
1226,768.8215,528.30566,0.89615387,799.4487,524.1231,0.87704724,853.0466,481.5278,0.6737466
1227,768.64404,529.6177,0.93197185,798.97687,526.2952,0.8989691,852.9081,482.86578,0.6605225
1228,768.6225,530.9332,0.9381885,798.6671,528.5291,0.896017,852.0125,484.13412,0.5840074
1229,768.3473,532.19714,0.8975989,798.49835,530.7371,0.89766884,852.3335,485.83246,0.53748333
1230,768.10925,532.27966,0.8894307,798.1643,531.1654,0.89823645,852.407,485.85504,0.512255
1231,767.41174,531.69525,0.88653016,797.62964,530.9,0.9430881,852.0017,485.8508,0.46084645
1232,766.26526,531.20264,0.9007383,796.96716,530.823,0.9480413,851.7717,485.8461,0.4328458
1233,765.58594,530.8663,0.92335004,796.0881,530.7126,0.9382151,851.13226,485.492,0.41566667
1234,764.83044,530.3484,0.918387,794.5915,530.90894,0.9180352,849.8027,485.8227,0.37061444
1235,763.4315,530.40936,0.92269653,793.3021,531.0275,0.89349246,848.64996,484.7826,0.43666407
1236,761.9353,530.50885,0.89964396,792.4894,530.1295,0.8749258,847.2289,483.96967,0.5251309
1237,761.56085,530.062,0.9115285,791.1149,529.4618,0.90053725,849.0044,480.61987,0.09409684
1238,759.2063,531.00964,0.8990157,790.0157,529.13654,0.8988495,845.94666,472.8924,0.6266963
1239,757.469,533.1277,0.92838484,788.3028,529.76825,0.94290775,840.9149,465.34222,0.7125297
1240,756.5965,535.40027,0.92014146,786.5919,530.01056,0.96244264,831.5599,456.63358,0.46130332
1241,755.4759,537.36755,0.96275395,785.35815,529.9363,0.9766752,244.26743,199.26736,0.20797859
1242,754.3801,538.3475,0.97854096,784.04126,531.45435,0.9510885,805.22125,442.34808,0.43429127
1243,752.86975,541.5307,0.9801629,783.1078,531.4613,0.96932167,790.1529,437.29376,0.6846182
1244,750.46027,544.76526,0.8945856,781.6574,533.1288,0.9029169,781.7107,438.01367,0.674116
1245,749.3272,547.4339,0.92266935,779.46765,535.32477,0.9009679,772.27356,440.60864,0.5666854
1246,748.755,550.9313,0.90439135,777.30853,537.51874,0.9086436,760.1121,449.90686,0.55618066
1247,748.7923,553.9516,0.89810747,776.5952,539.29175,0.9151841,237.16905,201.74446,0.4056143
1248,748.5198,557.09406,0.9400404,775.407,542.06866,0.9620503,236.19112,202.20107,0.50219476
1249,747.76575,561.07166,0.95330614,774.53076,544.43225,0.96862096,737.0427,457.1416,0.6327381
1250,748.08936,564.09686,0.98845476,774.4235,546.5569,1.0,730.1286,460.99982,0.8584449
1251,748.6366,566.8,0.95614856,773.86206,547.8966,1.0,723.4787,465.8193,0.7903966
1252,749.18134,570.1508,0.9551425,773.1334,549.0205,1.0,715.3629,471.13275,0.8042655
1253,749.09564,572.6484,0.94620967,772.44904,551.3182,0.99001706,707.8278,477.18192,0.7846325
1254,748.71014,576.6235,0.9264985,771.8115,554.96545,1.0,701.0891,483.39435,0.7877946
1255,750.04987,579.72406,0.91214365,772.34247,557.6253,0.99200386,698.42566,488.3029,0.8451988
1256,752.6339,582.3517,0.9302187,774.0399,561.0867,1.0,697.09546,492.8311,0.93584144
1257,754.0722,584.1373,0.93619174,776.0946,562.79346,0.98181033,697.3959,495.8943,0.8875096
1258,756.0616,585.81146,0.9404754,779.54694,563.325,1.0,699.2001,496.28833,0.8601079
1259,758.45886,585.92474,0.8939311,780.8416,563.2955,1.0,700.5761,495.69174,0.72590566
1260,760.57794,585.83374,0.89636046,782.3313,563.33905,1.0,702.7927,495.1907,0.84620553
1261,761.7669,585.0792,0.9019575,783.40967,563.47266,1.0,707.3415,494.21103,0.74013066
1262,763.0725,584.8486,0.9016191,784.79724,562.9674,1.0,708.32605,492.6305,0.79452634
1263,763.9154,583.2081,0.91161996,786.3076,562.6337,1.0,711.7135,489.9161,0.8033407
1264,764.7977,580.6236,0.9274119,787.6358,559.20197,1.0,716.0855,485.18564,0.84579444
1265,765.3713,577.3304,0.88917637,789.12384,555.8921,0.98499143,720.72925,479.67987,0.82218313
1266,767.3632,572.492,0.906249,790.9172,552.727,0.94831264,724.8814,473.72464,0.83141696
1267,767.74365,568.4378,0.8452634,790.6663,548.90485,1.0,727.61816,468.77078,0.8596977
1268,768.2189,565.8963,0.8700677,791.84265,546.8749,0.96501213,732.8808,463.6118,0.9534475
1269,769.0805,562.50104,0.87807065,794.07166,544.52386,0.92431265,742.25555,457.77643,0.89041096
1270,768.90015,557.56573,0.9814693,794.19574,540.22894,0.9685358,749.58276,452.47055,0.9076798
1271,769.5207,553.8915,0.9253229,795.1273,535.1292,0.94671196,757.58295,445.96024,0.91280335
1272,769.57745,548.9281,0.96288264,796.19904,531.7532,1.0,764.10693,440.32825,0.8492881
1273,769.5904,545.2781,0.9242799,796.3358,528.7832,0.97694165,768.7954,435.89658,0.7983114
1274,769.3789,541.4823,1.0,796.61804,525.80597,0.9958015,770.47095,431.45157,0.8404216
1275,769.3777,540.6648,1.0,796.43445,525.19196,0.99093646,769.8557,430.40997,0.8920727
1276,769.60345,540.2669,1.0,796.35626,524.35333,0.9725696,769.7045,430.1358,0.890965
1277,769.6988,540.4187,1.0,796.27,524.0498,0.9637907,768.1454,430.4507,0.89197546
1278,769.77594,539.9099,1.0,796.3514,524.07227,0.96514046,767.335,430.26556,0.87280536
1279,769.75464,539.9761,1.0,796.33203,523.79346,0.95892274,766.4544,430.32428,0.90566033
1280,769.7515,539.85803,1.0,796.2781,523.5518,0.95793563,766.04816,430.07648,0.917893
1281,769.8127,539.82605,1.0,796.31647,523.8287,0.9626619,765.97955,429.86295,0.9105946
1282,769.7168,540.3882,1.0,796.4467,525.2177,0.9670809,765.36053,430.23962,0.938412
1283,769.18024,542.7205,0.97173625,795.4506,528.10004,0.97066766,763.7162,433.4155,0.96686447
1284,768.0053,547.23346,0.9242901,794.13275,531.5833,0.9739538,762.7223,435.97067,0.8992938
1285,765.4481,550.9256,0.9010499,791.3259,534.18365,0.9623105,761.0914,439.95212,0.8915705
1286,764.28455,554.5079,0.87927336,791.371,537.76434,0.902507,759.2086,443.00092,0.91086197
1287,762.6177,557.085,0.8903872,789.6279,541.822,0.9355381,757.90265,446.53888,0.93734264
1288,761.98114,558.6419,0.8766476,788.9449,543.85693,0.9415709,757.0649,448.43494,0.9290546
1289,761.06134,561.87646,0.8640036,787.722,545.6899,0.96711093,756.3182,450.73154,0.9270369
1290,760.98865,563.0294,0.8694964,787.28827,546.81537,0.9530917,755.33777,453.68127,0.9058346
1291,760.78033,563.3339,0.87516123,787.18475,547.2903,0.9529342,755.63837,453.76154,0.9090378
1292,760.86707,563.41144,0.87102634,787.0726,547.4539,0.9383348,755.3508,454.19952,0.9080345
1293,760.68994,563.57,0.87402135,787.0745,547.532,0.93013626,755.49915,454.31305,0.91372174
1294,760.7395,563.5264,0.9056495,786.96625,547.80646,0.94718426,755.8186,454.11664,0.91259056
1295,760.73474,563.62213,0.8850352,787.1085,547.4728,0.95789486,755.73395,454.16153,0.9078787
1296,760.82587,563.7584,0.89118713,787.2816,547.658,0.9619364,755.6535,454.0701,0.9135109
1297,760.7923,563.3179,0.8680388,787.59247,547.6916,0.9404047,755.9083,454.13943,0.9343966
1298,760.7963,563.4676,0.8848638,787.3847,548.1321,0.9261381,755.7159,454.74026,0.9288112
1299,760.80426,563.563,0.8963701,787.42004,548.1833,0.9421353,755.8972,454.9053,0.94915396
1300,760.65063,563.63446,0.9029373,787.4619,548.51685,0.9448637,756.2272,454.3217,0.94107676
1301,760.7054,563.5641,0.8854063,787.5142,548.27844,0.93795574,756.2368,454.36746,0.92011935
1302,760.7088,563.3225,0.8639923,787.4482,548.2047,0.9215497,756.18835,454.45374,0.9256071
1303,760.67615,563.5535,0.88685066,787.56793,548.23706,0.9457322,755.97925,454.56308,0.9328253
1304,760.5811,563.4247,0.8792259,787.8062,548.4486,0.93915683,755.8077,454.99237,0.9299187
1305,761.0143,563.72156,0.9071488,788.00446,548.41284,0.96308964,756.18665,454.53503,0.9538876
1306,760.89777,563.7253,0.9076547,788.0228,548.29254,0.9632242,756.6083,454.0291,0.95182693
1307,760.86475,563.6617,0.88636583,788.17413,548.561,0.936142,756.6306,454.36487,0.9294998
1308,761.26105,563.46765,0.8875695,788.2896,548.5957,0.9144041,757.013,454.6887,0.95964324
1309,761.5081,564.31165,0.9049698,788.80664,548.736,0.94121236,757.4177,454.64352,0.94461536
1310,761.8165,564.69135,0.92402786,789.0558,549.1769,0.9354617,757.6442,455.22437,0.92644775
1311,762.1001,565.0795,0.91407907,789.3438,549.63116,0.9281322,757.8544,455.60205,0.9306321
1312,761.9502,565.48834,0.91815865,789.1491,550.3442,0.9218829,757.8008,456.21536,0.89880764
1313,762.056,565.4113,0.91305685,789.5,550.43414,0.9109223,758.55536,455.93863,0.89715767
1314,762.2785,565.4314,0.9262299,789.73224,550.81445,0.90438235,758.5998,455.96768,0.9166635
1315,762.3097,565.6926,0.92602193,789.824,551.03357,0.90418273,758.6167,456.47018,0.8768376
1316,762.4436,565.59296,0.9090402,790.1968,551.05695,0.8968324,758.84296,456.48642,0.89061576
1317,762.6995,565.7309,0.945595,790.0179,551.27203,0.90072566,758.8919,456.88525,0.9062459
1318,762.7627,565.93494,0.94976515,790.0295,551.1899,0.89325947,759.32086,456.65268,0.91865456
1319,762.97565,566.076,0.92958444,790.20496,551.369,0.8869811,759.2296,456.85114,0.9251443
1320,762.728,566.08344,0.9179808,790.2274,551.1933,0.8860691,759.57764,456.77014,0.90329707
1321,762.638,565.69543,0.9610607,790.15985,551.33954,0.9122831,759.5544,456.866,0.92212373
1322,762.5545,565.97296,0.93532854,790.16034,551.21704,0.9115065,757.59906,457.59158,0.8822937
1323,763.4104,566.68713,0.89576024,791.3489,552.7154,0.8690926,752.0689,462.4192,0.9420351
1324,763.9658,567.9122,0.85545933,791.3903,554.24927,0.8730629,746.5723,466.57413,0.9849145
1325,764.92334,571.2103,0.9139421,791.2497,556.86334,0.9575101,742.0932,470.38248,0.91298187
1326,765.71466,574.0971,0.9256876,791.7186,558.5884,0.96442807,739.11127,475.89066,0.8269366
1327,765.563,576.6838,0.8998077,792.508,559.8431,0.93359405,736.7786,479.72186,0.8174324
1328,765.9481,578.08215,0.9004538,792.61194,561.0118,0.9434413,734.0801,481.9571,0.7874838
1329,767.2944,577.92426,0.89153147,793.2978,562.2297,0.9634341,734.71155,482.02222,0.6751208
1330,767.86945,579.29944,0.8994018,793.2841,563.19916,0.9722753,732.2314,483.8107,0.8144028
1331,768.3368,579.702,0.91552293,793.5132,563.5637,0.9728403,732.0644,486.44797,0.88074195
1332,768.452,579.79474,0.91304594,793.268,564.2819,0.9693932,732.5116,486.4029,0.8587683
1333,768.04553,581.3457,0.9199131,792.6324,564.7504,0.97646934,733.5463,486.37677,0.90023494
1334,767.9789,581.78326,0.9326193,792.205,565.1704,0.99150103,733.39526,486.5371,0.91812396
1335,767.7386,582.27216,0.9287604,791.17804,564.7419,1.0,734.45795,486.0708,0.90864813
1336,767.7386,582.68024,0.9335664,791.0436,565.0681,1.0,736.78815,485.58807,0.8837586
1337,767.3809,582.60144,0.9308475,790.9016,565.03314,1.0,738.90674,485.23843,0.9177848
1338,767.8073,583.39526,0.9300656,792.55536,565.8297,1.0,740.61816,485.48654,0.95451987
1339,768.5566,584.92584,0.9300535,793.20135,566.70593,1.0,743.88165,485.38498,0.92561287
1340,768.7918,585.58264,0.9668448,793.6974,566.6313,1.0,747.08575,486.2931,0.9339906
1341,769.4572,586.72076,1.0,793.9371,567.543,0.9893359,750.3338,486.9892,0.91493857
1342,769.9571,587.1601,1.0,794.6971,568.7877,0.9642932,753.1461,488.73193,0.8285296
1343,770.8676,589.1552,1.0,795.63574,569.5745,0.9762241,754.98773,489.4014,0.8854948
1344,771.6469,590.32794,1.0,796.91,570.89685,0.9940124,755.5205,490.89493,0.8714388
1345,772.0015,591.14294,0.9673752,797.40314,571.4564,0.99665326,756.1401,491.70984,0.8982559
1346,772.9689,591.73486,0.9501154,797.83026,571.91406,1.0,755.859,491.62164,0.925423
1347,773.8934,590.7023,0.9413906,798.57776,571.1122,0.9945301,754.8132,491.56335,0.9499463
1348,774.62103,589.04974,0.92864066,798.6962,569.88354,0.9775705,753.3781,491.06937,0.9529864
1349,775.05945,589.63855,0.919168,798.79443,569.1865,0.97003716,748.48096,491.33514,1.0
1350,774.93695,588.91425,0.90355724,798.82324,568.81604,0.95051765,743.85175,491.75674,0.9737183
1351,775.0735,589.3349,0.9053277,798.69183,568.56256,0.94721365,740.9056,492.6081,0.9458021
1352,775.2215,589.78015,0.89876026,798.84106,568.6481,0.95963246,738.5078,493.58545,0.96693075
1353,775.55743,589.5019,0.8896938,798.90607,568.9426,0.9434631,737.08496,494.941,0.9685477
1354,775.6784,589.2623,0.8906057,799.12805,568.31415,0.9344683,734.91473,496.32358,0.92926824
1355,775.8315,588.67035,0.8967225,799.65027,567.974,0.9444435,733.90686,497.69717,0.9647074
1356,776.04425,586.9509,0.86298823,799.86505,566.67163,0.96497685,732.8141,497.95325,0.97467744
1357,776.20966,584.9985,0.8827454,800.00507,565.2816,0.9934018,731.7986,497.72015,0.93590844
1358,776.5717,582.57935,0.91989285,799.8069,563.59406,1.0,731.22736,497.66635,0.94122434
1359,776.80396,580.7146,0.9868495,800.097,561.114,1.0,731.0951,495.8198,0.9654223
1360,776.6078,578.9506,0.98569006,800.5546,558.34753,1.0,729.78687,493.46472,0.91701883
1361,776.4489,576.2493,0.8785731,800.63873,555.8149,1.0,729.28925,489.7251,0.87118834
1362,776.63824,571.46204,0.8871855,800.4807,552.051,0.9362303,728.7256,487.08975,0.78751993
1363,776.47003,568.4269,0.86571425,799.9765,549.0853,0.98197263,727.08,484.2864,0.9014636
1364,776.3538,566.6276,0.9109641,800.10016,548.04584,0.9782776,727.26984,479.64062,0.9187007
1365,776.57983,565.11017,0.938067,800.1461,546.3795,0.98760134,727.872,475.4765,0.8998296
1366,776.4875,564.35077,0.949412,800.0588,544.9425,0.98329633,728.2322,474.074,0.66907835
1367,776.2921,564.22284,0.9618402,799.9526,544.1453,0.9855822,728.8305,472.1726,0.6059345
1368,776.03076,563.42786,0.9561915,800.1094,543.2145,0.9661662,728.3777,470.3545,0.36495146
1369,776.32837,563.2081,0.9675624,800.1104,541.9789,0.9827605,728.0866,469.3973,0.25906378
1370,776.48944,562.68854,0.97725934,799.5838,541.1852,0.9780216,727.2263,469.41867,0.39529046
1371,776.463,562.2724,0.96291894,799.0643,541.0617,0.9919134,726.1729,468.83765,0.69759536
1372,776.7453,562.53296,0.9757386,799.3949,540.9294,0.97885644,725.24835,471.79233,0.81914485
1373,777.878,563.16864,1.0,800.74664,541.3494,1.0,723.1799,476.79306,0.8506862
1374,778.7553,564.7156,1.0,801.96027,542.67206,1.0,717.5089,486.85077,0.86310047
1375,780.23,566.5465,0.96988994,802.46716,544.8364,1.0,713.8318,498.42206,0.91504645
1376,781.9238,569.2651,0.92006874,802.95435,545.5915,1.0,709.1362,510.35168,0.6300508
1377,784.1678,570.4886,0.9337884,803.05206,546.0872,1.0,705.6811,519.83026,0.73521125
1378,784.6791,572.10516,0.945607,803.1858,547.59235,1.0,703.4002,529.0075,0.75363123
1379,784.90674,573.4781,0.9293577,803.222,548.6403,1.0,701.4706,535.2628,0.4775302
1380,785.04803,573.9511,0.9403954,803.41284,549.50806,1.0,699.72906,538.5683,0.50272524
1381,785.5222,574.32874,0.9225077,803.17737,550.2923,0.9793744,698.66046,538.68036,0.19664028
1382,785.7663,574.91064,0.89239895,802.98816,550.56177,0.96355885,698.5206,538.54376,0.24062133
1383,785.9332,576.26074,0.8842308,802.9185,550.9211,0.9500451,698.3526,536.8098,0.24643898
1384,785.7757,575.63776,0.8557355,803.33575,551.3407,0.91821814,698.48376,532.436,0.45745602
1385,785.7782,576.41016,0.87434036,803.0492,551.3972,0.9283261,699.1043,529.7171,0.65602005
1386,785.5707,575.0265,0.89220065,802.6632,551.0266,0.94665515,699.473,527.2365,0.55606407
1387,785.2511,573.6619,0.90525794,802.9197,550.0646,0.98739594,699.28564,522.09894,0.72461873
1388,785.2652,571.94135,0.89804274,802.76105,548.3592,1.0,699.8033,518.3168,0.53231543
1389,785.25195,569.93634,0.8764406,802.548,546.1768,1.0,700.0978,514.44604,0.7927221
1390,785.45197,566.64777,0.8734947,802.0515,543.94183,0.92666405,701.16003,508.3276,0.72647965
1391,784.99677,563.4392,0.89474285,802.7335,540.15625,0.96114,703.0183,501.45905,0.7313526
1392,783.9055,560.02826,0.8827521,802.2744,535.9247,0.9031874,706.24835,494.4729,0.78493905
1393,783.58856,556.93933,0.8825508,802.164,533.0172,1.0,707.81445,488.05927,0.76124907
1394,781.8445,553.14014,0.87045944,802.1467,529.6909,0.98931617,708.6565,482.3339,0.6783279
1395,781.00134,548.83215,0.9603727,802.6661,526.3176,1.0,711.0158,476.17795,0.62544036
1396,780.22015,545.3531,0.96295065,802.62415,521.99023,1.0,712.125,470.28906,0.7037169
1397,780.2453,541.70044,0.95612574,802.109,519.2279,0.9858524,712.68176,466.0877,0.8056679
1398,779.76483,537.49896,0.95415545,801.4872,516.0606,1.0,713.2927,461.02084,0.8766718
1399,779.1097,534.6817,0.9755983,801.1673,513.5926,1.0,712.5432,456.8181,0.813501
1400,778.65765,532.83295,1.0,801.0149,512.2732,0.995446,712.8245,452.71356,0.7999091
1401,778.1411,531.0969,0.98567575,800.66815,509.44205,1.0,712.9704,450.4877,0.83673614
1402,777.86847,530.8652,0.98147935,800.57416,508.6764,1.0,713.12415,449.54578,0.84005934
1403,777.5954,530.3554,0.9705865,800.4849,508.3327,1.0,713.674,449.03873,0.8397022
1404,777.61365,530.3799,0.9662366,800.2506,508.35474,0.98484,713.95483,447.49057,0.8168502
1405,777.66284,530.29285,0.95963275,800.35913,508.28458,0.98692936,714.3094,447.09625,0.85926604
1406,777.3998,530.0145,0.954601,800.43805,507.83463,0.9917229,714.3251,446.76855,0.86186546
1407,777.5456,529.6277,0.9323515,799.8095,508.15607,0.9901799,715.0623,446.34006,0.8439576
1408,777.3262,529.68585,0.92760247,800.4603,507.83588,0.98928916,715.03064,445.67737,0.8167984
1409,777.3296,529.6057,0.9276461,800.5278,507.68652,0.986414,714.89557,445.0997,0.8521586
1410,777.25635,528.7898,0.9086109,800.5946,507.83585,0.9948345,715.2045,444.06107,0.86550367
1411,776.84375,529.5695,0.9261909,799.1949,508.73312,0.9991282,714.8167,445.15356,0.9194065
1412,777.04315,530.7627,0.9438876,800.271,509.66486,0.9560226,715.2782,449.43372,0.9263456
1413,777.8758,533.3342,0.9821922,800.9423,513.8534,0.9973213,716.50104,457.20673,0.9102444
1414,779.6168,539.33075,0.95975685,801.82275,517.6877,1.0,717.19257,467.11273,0.9347616
1415,780.3407,544.31494,0.9453805,803.2926,522.1882,0.9916642,716.05304,475.46445,0.9054883
1416,780.4958,548.11847,1.0,802.94714,526.5854,1.0,714.37225,482.95233,0.886913
1417,781.0652,550.27246,0.96539074,803.4073,529.39874,1.0,713.35785,490.8088,0.88036627
1418,782.05066,552.6192,0.9203765,804.4315,531.42126,1.0,712.04504,497.91946,0.8439429
1419,783.931,553.4463,0.9150893,804.765,532.11816,1.0,711.2564,500.4451,0.7641611
1420,784.28723,554.32776,0.9465832,805.21893,533.39636,0.99512833,710.27277,505.5355,0.68186677
1421,784.5782,554.75494,0.9514249,805.68384,533.56976,1.0,709.37683,508.3402,0.6503804
1422,784.80994,555.1442,0.94663244,805.6654,533.76636,1.0,709.7219,511.28986,0.6523937
1423,785.0528,555.39215,0.9314596,806.5447,534.44244,0.93514377,709.72614,513.58765,0.5360801
1424,785.0873,555.4702,0.9656747,806.22906,534.1021,1.0,708.98364,514.80853,0.4434471
1425,785.11255,555.5097,0.946175,806.34607,534.31085,0.9797404,708.9723,514.68176,0.3675914
1426,785.1586,555.155,0.9587826,806.5168,534.1909,0.9943487,708.34357,514.0808,0.41514596
1427,784.6578,555.3228,0.9512699,806.20575,534.27985,0.9702941,708.0304,512.103,0.65357685
1428,784.38055,554.51855,0.9339081,805.1992,533.50684,0.9889315,708.07654,510.1285,0.68596125
1429,784.0829,554.2072,0.93988514,804.9393,533.1751,1.0,708.39734,507.681,0.7489865
1430,783.3123,554.1392,0.9477916,805.49255,533.1648,1.0,708.86334,507.21277,0.822806
1431,783.82587,553.926,0.93857384,805.4837,533.293,1.0,710.30963,506.47256,0.8405075
1432,783.7446,553.9956,0.9454451,805.93774,533.32635,1.0,710.4932,506.34647,0.8421378
1433,783.7118,553.74493,0.9259526,806.09656,532.9813,1.0,710.9813,506.408,0.87629247
1434,783.6261,551.2857,0.93620473,806.5362,532.00055,1.0,712.5614,503.84024,0.7304598
1435,784.1296,549.44446,0.98223215,807.33875,530.559,1.0,713.4035,503.852,0.658158
1436,784.7327,548.6924,0.9608715,807.34924,529.7145,1.0,713.8934,504.37375,0.6587873
1437,784.97266,548.43933,0.9726186,808.0978,529.8447,1.0,713.31195,505.50165,0.6320971
1438,785.4262,548.9293,0.99038905,809.53357,530.7936,0.992683,713.4876,505.33112,0.53477824
1439,786.0748,549.76245,1.0,810.468,531.2028,1.0,714.4582,506.40576,0.43303737
1440,786.4045,550.6418,1.0,811.7058,532.19965,1.0,717.381,509.13235,0.19269177
1441,786.42426,551.6754,0.97846323,813.2902,533.9722,0.9895343,718.7659,510.55023,0.50710785
1442,787.185,554.28735,0.97749895,813.7594,535.8709,0.949251,720.2969,512.6048,0.5786455
1443,788.21014,554.56024,1.0,814.585,537.15076,0.96813744,720.95624,514.666,0.46140203
1444,789.2046,556.0815,0.98633426,815.1669,538.5789,0.96631956,723.0116,518.7412,0.49590087
1445,789.6342,557.29236,1.0,816.53436,539.73584,0.9746067,723.97656,521.84406,0.4763259
1446,790.2361,558.9863,0.9541419,816.962,540.8342,0.9944752,725.28394,525.19696,0.34877148
1447,791.2217,559.7579,0.9192664,817.1741,541.00415,1.0,725.95624,529.76,0.69233793
1448,791.41907,560.8526,0.92447966,817.3649,541.5191,1.0,726.0005,531.5082,0.7827246
1449,791.6241,561.16187,0.9383918,817.73785,542.23804,1.0,726.6532,534.59247,0.55616736
1450,792.6075,561.9601,0.97477883,818.0495,542.77246,1.0,727.90485,538.23364,0.7212107
1451,792.71204,562.255,1.0,818.13306,543.1857,1.0,727.7019,539.96405,0.7679833
1452,792.7786,562.3055,1.0,818.29,543.1665,1.0,727.3015,542.3753,0.6695713
1453,792.4525,562.3015,0.9794943,817.85187,543.5248,1.0,727.0083,543.1191,0.7381735
1454,790.74585,561.31494,0.9543254,817.0279,543.3687,0.98767024,726.3364,543.77856,0.7202389
1455,790.5036,560.48413,0.94562125,816.36743,542.8124,0.9634686,725.769,544.28546,0.76527834
1456,789.34235,559.9294,0.95857996,815.4134,543.7235,0.95989686,725.13684,545.56824,0.7013756
1457,788.33075,559.0607,0.98100036,814.6355,542.49927,0.9590707,724.9994,546.1915,0.74652463
1458,787.2019,558.2648,0.99703705,813.692,541.3446,0.97037894,724.47754,546.4843,0.779119
1459,786.3868,557.67377,1.0,812.67645,539.8518,0.9773315,724.2017,546.28766,0.8056048
1460,785.71967,556.4948,1.0,811.58295,538.6493,0.9599906,724.06226,546.14606,0.80949986
1461,784.7616,555.4576,1.0,810.5018,537.7104,0.953557,723.2701,545.90515,0.789093
1462,783.76215,555.00024,0.99265045,809.23083,536.82263,0.92553174,723.12286,546.0095,0.81402093
1463,782.4518,553.82794,0.97236437,807.70557,536.1831,0.91246164,722.0773,546.5613,0.7995366
1464,781.45276,553.4875,0.98619384,805.4706,534.69653,1.0,720.97406,547.87964,0.72694796
1465,779.4062,550.84875,0.9418748,802.92194,531.7463,1.0,718.10583,548.17786,0.7828643
1466,776.0554,549.0243,0.95552385,800.54346,530.68225,1.0,716.01056,547.9963,0.8196522
1467,774.0775,548.38043,0.99599475,798.38904,529.56824,1.0,714.14716,548.3993,0.83614194
1468,772.7751,547.1268,1.0,796.3232,526.78534,0.9878603,712.69104,548.7371,0.8511051
1469,771.62006,546.33734,0.9809894,793.49963,523.732,0.94285643,710.7181,549.39185,0.83856887
1470,770.13715,545.3035,0.9413493,790.58044,521.72876,0.9542797,709.595,549.54987,0.76926416
1471,768.35266,543.59406,0.9124308,788.7648,520.39276,0.9868946,708.866,550.0085,0.7435461
1472,766.28796,542.4615,0.9428294,786.40436,518.2145,1.0,706.933,550.5356,0.7240339
1473,764.9074,540.8045,0.9821545,784.8349,516.78296,1.0,705.2517,550.599,0.6981321
1474,763.3428,539.8191,0.97865814,782.7014,515.4687,1.0,703.18964,550.0364,0.7389055
1475,761.55554,537.48553,0.8902179,781.4299,514.1937,1.0,701.5765,549.8692,0.8038775
1476,760.73047,536.0543,0.88364804,779.6221,512.4727,1.0,701.29376,549.9959,0.7867205
1477,760.4508,535.6378,0.89027,779.6135,511.88333,1.0,700.9241,549.9203,0.7861682
1478,760.8897,534.8475,0.91371685,778.6314,511.08725,1.0,700.33234,550.6439,0.8122934
1479,760.5928,534.75165,0.91878384,777.922,510.25592,0.9826895,698.6442,552.11743,0.8013538
1480,759.2512,534.26404,0.923002,775.58984,510.32224,0.9564136,696.0241,553.4016,0.7642474
1481,759.05865,534.23315,0.938911,774.89386,509.64685,0.9898794,692.3252,553.57556,0.70736325
1482,758.48816,534.028,0.94665533,774.6295,509.18372,0.98642254,691.47815,553.4704,0.66279554
1483,758.30554,533.92175,0.9575154,774.2472,508.99084,0.9920462,690.93835,553.6078,0.63030136
1484,758.0502,533.9526,0.96015793,774.24255,508.42456,0.99184996,690.7833,553.4696,0.6664356
1485,757.996,534.0507,0.9510206,773.9723,508.3894,0.9888181,690.4242,553.2964,0.66646755
1486,757.6408,534.00995,0.9595512,773.77997,508.41736,1.0,690.80286,553.32,0.6658803
1487,757.72644,533.70135,0.95710695,773.72516,508.18497,0.9975703,690.4644,553.0452,0.65669453
1488,757.6664,533.4756,0.95202595,773.25476,508.08618,1.0,690.6263,552.5954,0.6874988
1489,757.5109,533.63275,0.9575633,773.4239,508.67444,1.0,690.96796,551.9512,0.6969983
1490,757.6018,533.394,0.9549133,773.43085,509.10022,1.0,691.5384,550.79584,0.6555414
1491,757.398,533.709,0.96613795,774.0621,509.24924,1.0,692.16693,550.2518,0.69988304
1492,757.3734,533.60455,0.9609906,774.1435,509.34647,1.0,692.22266,550.01965,0.7276321
1493,757.40094,533.7302,0.9563644,774.1448,509.1688,1.0,692.8546,550.2144,0.78059494
1494,757.6058,534.05725,0.95159817,774.1347,509.36877,1.0,693.60016,549.88947,0.79165125
1495,757.68176,533.98895,0.9535806,774.21893,508.98566,1.0,693.8105,549.8073,0.7740853
1496,757.78625,534.45465,0.93406916,773.9627,508.6605,1.0,694.7804,549.8962,0.738901
1497,757.92847,534.57495,0.92054516,773.92584,508.50812,0.99936694,696.0663,550.3048,0.73123074
1498,758.6597,534.19257,0.9175435,774.16925,508.07303,0.9941897,696.9273,551.09875,0.6638954
1499,760.7701,534.5481,0.9381702,774.67535,506.9585,0.9943607,698.10974,551.8898,0.71621424
1500,761.71747,534.41736,0.98181325,774.75366,505.6157,0.99393,699.6765,554.5691,0.8441589
1501,763.40497,534.5743,1.0,776.9172,505.0169,1.0,701.43677,555.63763,0.8428134
1502,764.6213,534.0615,1.0,777.59344,504.95227,1.0,704.2233,555.48065,0.6942007
1503,765.2789,533.64246,1.0,777.2137,504.12238,1.0,705.7856,557.2886,0.7507279
1504,765.14526,533.13464,1.0,777.0037,503.6624,1.0,705.5894,558.80725,0.77452564
1505,765.6899,532.5736,1.0,776.1709,502.59073,1.0,705.7709,559.3245,0.80540776
1506,765.26074,532.3685,1.0,775.3391,501.78876,1.0,705.9305,559.13367,0.8029318
1507,764.8766,532.0824,1.0,774.64233,501.53348,1.0,705.9429,559.5947,0.7997664
1508,764.34143,531.6863,1.0,774.4017,501.4116,1.0,705.389,558.55524,0.845945
1509,764.0011,531.38403,1.0,774.1885,501.32278,1.0,704.093,558.6778,0.8928201
1510,763.3579,530.80493,1.0,773.411,501.05704,1.0,699.90674,558.9787,0.91150755
1511,762.72015,530.5772,1.0,773.02045,501.03168,1.0,698.67865,559.1328,0.8677582
1512,762.4909,530.2226,1.0,771.9207,500.46478,1.0,698.54224,559.64685,0.8716553
1513,762.12976,530.0918,1.0,771.3984,499.8029,1.0,698.06573,559.3949,0.850228
1514,761.73,529.8453,1.0,770.7851,499.03275,1.0,698.0673,559.448,0.8671309
1515,761.5913,529.7014,1.0,770.5252,498.55722,1.0,698.21783,559.60956,0.9055907
1516,761.84326,529.48016,1.0,770.06445,497.84167,1.0,699.08466,559.6588,0.9471866
1517,763.07983,529.1344,1.0,770.902,497.36353,1.0,702.0724,560.01276,0.90389484
1518,765.3292,528.552,1.0,772.83905,497.43607,1.0,705.7851,559.9017,0.8046578
1519,767.635,527.9465,1.0,774.69556,496.43613,1.0,707.7527,560.5177,0.7369007
1520,770.5539,528.0395,0.9777478,777.7822,496.2013,1.0,710.7895,560.8807,0.7918384
1521,772.415,527.95074,0.9997965,780.3213,496.3978,1.0,713.8829,561.4515,0.7708194
1522,774.8559,527.5398,0.9241558,782.52185,495.7911,0.9693129,716.0424,561.60974,0.849067
1523,776.9407,528.1875,0.9079358,784.07733,495.83264,1.0,718.6381,562.3162,0.8665536
1524,778.0199,527.1983,0.94742376,784.7525,495.60358,1.0,720.9453,561.92126,0.6736249
1525,778.2659,527.42255,0.9618741,784.85095,495.44623,1.0,721.12085,561.53204,0.69370496
1526,778.4528,527.3848,0.9718804,784.77167,495.13272,1.0,720.41266,562.11664,0.7272093
1527,778.09283,527.2682,0.9535583,785.0381,493.5696,1.0,717.6199,560.57446,0.8533881
1528,777.93176,526.9614,0.95001733,784.7861,493.59476,0.9971399,716.035,558.8296,0.93556136
1529,777.77264,526.67566,0.9523256,784.73175,493.6128,0.997418,715.25024,557.4161,0.94110966
1530,777.7671,525.7802,0.96240646,784.6365,492.98892,1.0,714.94403,558.0518,0.915752
1531,777.6979,525.2737,0.9750793,784.8624,492.75952,1.0,713.6839,557.73517,0.9205061
1532,777.2334,525.0598,0.9591248,784.78973,492.55017,1.0,712.111,557.4053,0.8651122
1533,776.80597,524.8348,0.93155414,784.15845,491.93405,0.98314154,711.08923,557.3911,0.87593967
1534,776.7802,524.5437,0.9307349,783.8954,491.55792,0.9833976,710.7947,557.2927,0.86824965
1535,776.1689,524.2329,0.93160295,783.6507,491.1948,0.95567507,710.72833,556.98364,0.8409587
1536,776.1262,524.53015,0.9291266,783.3913,490.93674,0.9074544,710.46783,557.2508,0.8789005
1537,775.86975,524.69025,0.93314844,783.569,490.60016,0.8861758,709.8848,557.6506,0.87392765
1538,775.92163,524.27576,0.9383933,783.4183,490.52002,0.8864591,709.39453,556.7808,0.86647934
1539,775.8344,523.69586,0.9365049,783.5459,490.13052,0.9001991,709.81244,556.0104,0.8627415
1540,778.8746,523.0397,0.95382303,786.3595,489.88235,0.96041673,712.3192,556.28705,0.8030428
1541,782.5566,523.6869,1.0,789.1933,488.96835,1.0,716.9938,556.1052,0.88160086
1542,785.6634,522.8004,1.0,793.1131,488.96735,0.9318615,722.52075,555.5157,0.76589406
1543,789.8705,523.8759,0.9836092,797.48065,490.8118,0.8577982,726.853,556.74396,0.8406166
1544,793.6276,524.49493,0.9533413,801.5832,491.69342,0.9591115,730.24176,557.0216,0.7514393
1545,794.52527,525.158,0.9714342,802.2531,492.24753,0.996411,731.6473,558.5248,0.86182356
1546,795.14703,525.3237,0.9868155,802.3319,492.25616,0.99984354,732.3579,559.7864,0.8952328
1547,795.4024,525.4813,0.9841633,802.4513,492.21426,0.9897713,732.7362,560.3951,0.8253747
1548,795.4255,525.2029,0.98362315,802.4252,492.11816,0.9817912,732.81903,561.3998,0.7138149
1549,795.52716,525.23083,0.9950047,802.3448,492.07053,1.0,733.8524,561.9075,0.80766135
1550,795.4221,525.05676,0.99234575,802.19763,491.91562,0.9864209,734.47363,562.31824,0.7843646
1551,795.0497,524.7883,0.96864367,802.19446,491.73685,0.96607625,734.775,562.38586,0.83550906
1552,795.0746,524.61206,0.976919,801.9209,491.20557,0.94696873,734.80145,562.52484,0.86208874
1553,795.04443,524.28424,0.96582574,801.82837,490.6988,0.9405332,733.982,561.7372,0.9015868
1554,794.7871,523.7434,0.9603649,801.4739,490.2489,0.9322918,733.1886,561.3471,0.9054621
1555,794.5532,523.13104,0.9414876,801.39404,490.04007,0.9391754,730.99457,560.15643,0.91164654
1556,794.09094,522.8268,0.9378907,801.054,489.9149,0.9515163,728.2699,559.8245,0.89250624
1557,793.531,522.21643,0.9235046,800.6617,489.96768,0.9460279,725.68207,558.405,0.8710645
1558,793.2363,521.9005,0.9086543,799.9995,489.84854,0.93626124,722.3805,556.21545,0.82667416
1559,793.06323,522.48,0.91551375,799.5516,489.93875,0.92973536,718.0066,554.564,0.82068574
1560,793.0976,522.3443,0.92243004,799.1488,489.7493,0.9176968,716.6301,553.70703,0.7944664
1561,792.2303,522.2928,0.93073446,798.94476,489.97437,0.923391,716.0502,552.2638,0.66562325
1562,791.8369,522.19836,0.93542135,797.6342,490.19516,0.9219403,714.15515,551.3822,0.5484046
1563,791.33466,521.4397,0.94510883,796.82306,489.83682,0.9343942,709.9608,548.9732,0.34807715
1564,790.70886,520.63696,0.9649833,795.7537,489.50775,0.9295792,706.3804,546.46063,0.24026082
1565,790.1041,519.96136,0.9726399,795.0167,489.38232,0.89086443,703.7669,545.2985,0.7058027
1566,788.6512,520.35394,0.98944557,794.229,489.21356,0.8883998,701.67285,543.8318,0.70188254
1567,787.514,520.7071,1.0,792.71985,489.26663,0.9112151,700.8014,542.7768,0.6494893
1568,786.75543,520.91693,0.9891686,792.9117,489.14868,0.9175008,700.7137,542.0384,0.7478468
1569,786.71075,520.5602,0.9845043,793.3219,489.40717,0.9228446,703.4392,542.25946,0.6291158
1570,787.4707,520.3139,0.9884155,793.4952,488.64047,0.91711015,706.13684,544.25476,0.6895783
1571,787.4021,520.0094,1.0,793.71606,488.3512,0.91467834,707.2918,545.84814,0.6427113
1572,787.5928,519.9118,0.9953913,793.35913,487.83023,0.883003,706.51263,546.03064,0.5624581
1573,787.44135,519.647,1.0,792.8151,487.54672,0.8837356,703.815,545.1562,0.41200113
1574,787.7542,519.58136,0.9671436,792.9966,487.41702,0.8508859,700.1549,543.4868,0.17767078
1575,789.4879,519.3272,0.9726375,795.81866,487.8728,0.9217375,21.374147,896.52,0.47329175
1576,792.13824,519.0827,0.84522486,798.4131,487.85196,0.8640285,22.412254,897.6101,0.39639086
1577,793.2587,519.8716,0.82858235,800.09894,487.94565,0.8599563,694.57465,527.82196,0.6599101
1578,795.44293,520.2444,0.89079285,801.8341,489.9249,0.93490964,694.91455,520.8453,0.5735657
1579,797.2392,521.7462,0.95106703,804.50146,491.16394,0.9921066,695.44403,514.63165,0.58165103
1580,798.37445,522.2164,0.93328834,805.91187,491.8416,0.9805059,696.4732,508.84464,0.6101667
1581,798.3126,522.1832,0.9402275,805.8559,491.98715,0.9727182,697.2116,504.44592,0.645331
1582,797.8851,521.7594,0.9257639,805.7575,491.7842,0.95131093,696.88776,500.56696,0.6567985
1583,797.8552,521.4668,0.93929285,805.80286,491.176,0.9524655,697.11975,498.36914,0.8253361
1584,798.01404,521.36456,0.9277753,805.6543,490.4464,0.943242,696.6716,495.9954,0.72846043
1585,797.86224,520.9033,0.93183964,805.4146,489.67584,0.9512836,697.3173,494.05725,0.84945196
1586,798.09424,521.0977,0.92995036,805.426,489.2372,0.9526742,697.5689,491.89478,0.8183017
1587,798.17096,521.1085,0.933257,805.44836,488.8905,0.9459402,698.11444,490.64847,0.83725303
1588,798.13116,521.3139,0.94359636,805.2962,488.5939,0.9477455,699.0379,491.17175,0.834417
1589,798.46204,520.9911,0.9295203,805.64777,488.40787,0.94985014,699.3371,490.90115,0.77991605
1590,799.7761,520.0276,0.9179748,806.03,488.50757,0.94649065,699.7766,490.03424,0.78786886
1591,800.0394,519.68896,0.9347859,806.298,488.48785,0.94879776,700.43945,487.09393,0.69706786
1592,800.2958,519.9426,0.9469214,806.4245,488.5355,0.9632421,700.8156,484.35306,0.77012664
1593,800.6339,519.60535,0.96535134,808.52875,488.33206,0.9781258,704.2425,480.06558,0.70942026
1594,801.9594,520.0941,0.98960334,810.24023,488.7647,1.0,707.3624,475.9969,0.78396344
1595,802.8722,520.1345,0.9994137,812.69977,489.55197,1.0,711.6114,473.8478,0.82859707
1596,805.6233,519.62036,0.89807224,817.439,489.30988,0.95418227,715.1271,470.63086,0.8532561
1597,809.9096,520.686,0.9294537,819.89075,490.0356,1.0,719.9374,468.60645,0.79601604
1598,812.1496,521.65625,1.0,823.89404,489.79843,0.9997205,724.1897,465.58047,0.81503403
1599,815.1634,522.9544,1.0,827.1288,490.87292,1.0,729.4117,462.1088,0.90980107
1600,817.3608,522.97894,0.98666614,829.6843,492.38824,1.0,731.905,458.48267,0.8509031
1601,817.47797,523.17926,0.99528295,830.0236,492.96722,0.9884956,733.20135,455.6885,0.77058494
1602,817.4058,522.965,0.9818719,829.98157,493.22855,0.9994047,733.0576,454.6228,0.8187977
1603,817.40814,522.0369,0.9589194,829.7745,493.531,1.0,732.69226,453.96506,0.8230431
1604,817.22437,521.25995,0.9227993,830.15326,493.9635,0.96903676,732.45886,453.70013,0.7665012
1605,817.13824,521.1456,0.9106802,830.38983,493.96255,0.94750684,732.1186,453.44507,0.7679764
1606,817.171,520.60126,0.8973011,830.53314,493.8686,0.9471907,731.93463,453.71344,0.74762446
1607,817.3096,520.83563,0.9029965,830.8186,494.0564,0.9197339,731.5831,453.94247,0.7429214
1608,817.0496,523.74146,0.96261466,830.7904,495.97784,0.94113964,731.8448,455.399,0.7128805
1609,816.8787,525.71136,0.95932186,830.729,497.71414,1.0,731.0138,458.13733,0.8521851
1610,817.5874,528.3452,0.95365757,830.6611,500.1668,1.0,730.4687,463.3726,0.8523201
1611,817.6273,531.3949,0.9879361,830.6768,503.85846,0.9735764,730.9994,467.2674,0.8170651
1612,817.17957,535.5029,0.9292807,831.20435,508.509,0.94120777,731.1692,470.42047,0.7677369
1613,817.17926,539.72253,0.961031,831.55493,511.75122,0.93911844,731.22205,473.6961,0.87181216
1614,817.19354,542.13385,0.95468694,831.00684,514.66376,1.0,730.5146,478.08246,0.9084581
1615,817.62897,542.82806,0.94066304,830.95953,515.0531,1.0,730.4101,479.01962,0.9058653
1616,817.9553,544.3896,0.9479769,831.13556,515.9333,1.0,730.4864,480.97,0.8550811
1617,818.07996,544.47076,0.94969887,831.3021,516.45575,1.0,730.47577,481.65652,0.86547124
1618,818.2778,544.61096,0.9582543,831.14594,516.5072,1.0,730.6966,482.46347,0.8778017
1619,818.1273,544.50714,0.94545984,831.5675,516.5764,1.0,730.8778,484.93466,0.77220595
1620,818.1195,544.40204,0.93454427,832.9194,516.3986,1.0,731.50073,489.16397,0.88088924
1621,818.43585,544.46686,0.94574183,833.20905,516.09393,1.0,731.38336,491.88672,0.8727841
1622,818.5416,544.21594,0.93426174,833.7012,516.0556,1.0,730.6838,493.99414,0.889178
1623,818.7141,544.4013,0.9389685,833.91656,516.1487,1.0,730.26544,493.7997,0.84561425
1624,818.71576,544.3985,0.93674207,833.46606,516.0758,1.0,730.7684,491.73703,0.88989365
1625,818.6278,544.19965,0.9269791,833.42664,515.82715,1.0,730.93854,490.337,0.8238453
1626,818.8898,544.3387,0.9395346,833.3025,515.80975,1.0,731.2779,487.3739,0.7884481
1627,818.38983,543.00446,0.927792,833.04474,515.5538,1.0,730.9421,485.1698,0.7575303
1628,818.6994,544.20447,0.9430787,832.83386,515.3912,1.0,731.073,483.75937,0.8169372
1629,818.38074,544.0954,0.93894804,832.64166,515.31396,1.0,731.292,483.06375,0.86764914
1630,818.6376,544.1024,0.93771744,832.72406,515.4795,1.0,731.5107,482.6416,0.895152
1631,818.7307,544.2644,0.9545952,832.4762,515.3347,1.0,731.7567,482.01263,0.9079217
1632,818.6123,543.97455,0.93166,832.5784,515.116,1.0,731.91547,481.33154,0.9096184
1633,818.7197,544.1636,0.9492334,832.55963,515.0987,1.0,732.59595,479.8473,0.91729903
1634,818.7226,544.1039,0.9432426,832.944,515.13556,1.0,732.6023,479.1651,0.91112536
1635,818.7032,544.04315,0.94692546,832.7186,514.92523,1.0,733.1994,478.73978,0.93488324
1636,818.428,543.8724,0.9363073,833.1112,515.0176,1.0,733.5287,478.5146,0.89339554
1637,818.3392,543.1144,0.94217044,832.9049,514.8764,1.0,733.89844,478.24634,0.9123686
1638,818.2359,543.8178,0.94158924,832.7612,514.87744,1.0,734.1234,477.6459,0.924245
1639,818.4805,543.64453,0.94404846,832.8565,514.59204,1.0,733.9829,476.90833,0.9369191
1640,818.4449,544.0003,0.95463496,833.21265,514.7335,1.0,734.26447,476.68484,0.92899543
1641,818.304,543.062,0.9412293,833.2899,514.77625,1.0,734.774,475.95334,0.8924332
1642,818.23413,543.0176,0.94161993,833.3442,514.782,1.0,735.2268,475.00363,0.864178
1643,818.5875,543.9548,0.93503356,833.59467,515.16455,1.0,736.5345,474.85733,0.830557
1644,818.52423,543.27747,0.9350168,833.43,515.4587,1.0,736.7441,474.80463,0.8331745
1645,818.7365,544.50726,0.9398424,833.8588,516.48145,1.0,737.1614,475.1477,0.8562169
1646,819.03076,545.06335,0.9459807,833.9488,517.2374,1.0,737.49445,475.79538,0.8878661
1647,819.2038,545.5033,0.9530439,833.9288,517.9089,1.0,737.8801,476.4024,0.9143791
1648,819.08655,547.15485,0.96727365,834.3445,519.3996,0.9809129,737.9529,477.3819,0.9396763
1649,819.01416,548.1556,0.96628565,834.937,520.62244,0.95740443,739.8264,477.2711,0.9094582
1650,818.92017,549.5903,0.9503768,835.09796,522.05804,0.9539847,742.83307,474.8623,0.8755646
1651,818.7947,551.5146,0.92015135,835.4153,523.8517,0.97450775,745.97925,473.11176,0.7450254
1652,818.6293,552.30133,0.91138506,835.8134,525.52795,0.99285245,748.39215,472.3126,0.77689624
1653,818.63654,555.05475,0.95676404,836.16266,526.84106,0.98496497,751.7515,472.81244,0.78430647
1654,818.652,556.5406,0.97834295,836.2061,528.2045,1.0,754.68365,472.68292,0.7937606
1655,818.4412,557.36005,0.9942308,836.5303,529.98236,1.0,756.6939,471.7906,0.8264226
1656,818.78033,558.2395,0.97883123,836.98914,530.6573,1.0,758.6152,471.452,0.74930644
1657,819.23474,558.31915,0.9681843,836.67474,531.0692,1.0,1341.7739,831.59546,0.7606241
1658,819.1183,558.8162,0.9668794,836.6535,531.94165,1.0,1342.668,833.0341,0.6890255
1659,819.1866,559.29785,0.9495414,836.7492,532.25305,1.0,763.12976,468.90933,0.78632987
1660,819.3602,559.40436,0.93576926,836.83606,532.4553,1.0,764.4554,468.4501,0.83152485
1661,819.8473,559.4112,0.94670016,837.4628,532.6778,1.0,766.3559,467.6005,0.80896413
1662,821.1873,560.0133,0.90676874,838.6838,533.2381,1.0,764.63855,472.21964,0.7585433
1663,822.4277,561.63293,0.9244018,841.31335,534.99744,0.99379283,761.8024,478.4235,0.9443012
1664,824.7619,562.759,0.9582512,843.0855,536.7272,0.9837499,758.14453,486.1494,0.838519
1665,824.59595,563.94104,0.9347548,842.777,537.606,0.9848453,754.8211,494.9628,0.9367595
1666,824.44855,564.7595,0.9131762,842.24805,538.079,0.99186003,749.19415,505.14282,0.79815775
1667,821.9957,564.2877,0.9439998,841.64813,538.88635,0.96368307,745.7013,513.4659,0.90800196
1668,820.91473,563.7719,0.96374774,839.4926,538.1938,0.9839315,1330.9126,830.2764,0.823761
1669,819.919,563.3584,0.9401838,837.4761,537.4332,0.9976117,738.59485,526.8744,0.9010966
1670,819.95,562.7227,0.930345,837.4789,536.90125,0.9868178,737.7425,531.22284,0.8413521
1671,820.46515,563.1913,0.95858186,837.5717,537.8714,0.99499196,1327.3269,826.5719,0.801931
1672,820.7163,563.79407,0.9248143,838.01196,538.6589,0.9588663,1328.1602,826.8556,0.8249897
1673,820.88416,563.9629,0.91311485,838.23145,539.269,0.9660347,1326.8961,826.3619,0.8173511
1674,821.24945,563.8076,0.90369755,838.4034,539.83154,0.9410091,1326.7268,826.15485,0.82842076
1675,820.7995,563.95325,0.83548623,837.95844,540.35767,0.8961399,1326.7704,826.3606,0.8215875
1676,821.03986,563.81146,0.8236592,838.0348,540.4531,0.9221527,732.54034,520.8146,0.8492687
1677,820.7467,564.0156,0.7885938,837.89075,540.4272,0.9264972,1326.9957,826.56323,0.80976313
1678,820.86273,563.8596,0.796403,838.0932,540.4607,0.93895155,1326.232,825.925,0.85315645
1679,821.2413,564.278,0.8134159,838.3647,540.7663,0.92482096,1328.0554,826.7452,0.8004962
1680,821.5507,564.0702,0.8596186,838.2815,540.89636,0.93975323,737.4592,511.13385,0.916466
1681,821.1588,564.14435,0.8369916,838.4319,540.68536,0.9247934,738.00555,510.01306,0.9260684
1682,821.46716,564.4191,0.8395747,838.3926,540.57355,0.93460333,738.3812,508.85605,0.91067576
1683,821.1275,563.7938,0.9048776,838.3737,539.41565,0.9643907,738.5087,507.09512,0.8511204
1684,821.1137,563.315,0.9084404,838.415,537.9059,0.9712796,738.7171,507.16367,0.82772666
1685,821.9823,561.5841,0.89031714,840.58624,536.5746,0.9279716,738.6772,510.89865,0.8507379
1686,823.70276,560.26935,0.85561746,842.64075,536.46185,0.96430653,739.6555,514.3919,0.8221296
1687,825.3735,559.3534,0.89194053,843.7157,535.3841,1.0,740.628,516.7657,0.78014684
1688,826.3222,557.98956,0.9133896,845.2189,534.845,1.0,741.489,518.2451,0.81249493
1689,827.0331,557.4203,0.94148666,845.9866,534.38556,1.0,743.56854,519.3039,0.84438103
1690,827.9289,559.3116,0.9421918,846.1612,535.33405,1.0,744.33203,520.879,0.8626534
1691,828.09607,560.0102,0.93284076,846.667,536.0391,0.98042595,745.3449,521.3083,0.93634266
1692,828.35864,560.43256,0.91713494,847.39594,536.697,0.93287194,746.22205,520.85535,0.8576561
1693,829.0321,560.57635,0.91979825,848.91504,536.82513,0.9207471,746.8429,519.0894,0.8094584
1694,829.3468,560.8976,0.9359317,848.5884,536.963,0.93673927,746.5723,516.3247,0.75165963
1695,829.28436,561.2955,0.9454112,847.90344,537.80774,0.9275667,747.6967,513.9556,0.9123901
1696,828.6081,560.9285,0.92318135,849.0365,537.79626,0.9234451,749.6412,507.7936,0.91554195
1697,828.3023,560.38074,0.93679065,849.176,538.28345,0.94007486,751.21826,503.59903,0.8095845
1698,827.7103,560.62445,0.92353815,848.7685,538.02594,0.9203079,754.0973,498.3723,0.85527927
1699,827.00226,560.81744,0.93525547,847.1361,538.21454,0.9443974,754.1363,493.4554,0.97892565
1700,825.75574,561.1771,0.91981095,845.43506,538.4552,0.97882897,755.06775,489.66626,0.81019986
1701,823.78973,559.7503,0.88816637,844.85095,538.2957,0.9595041,755.881,486.74817,0.92248815
1702,821.25684,558.6102,0.9491101,842.6389,537.16486,0.9304883,754.63776,484.51575,0.9242839
1703,817.69885,556.8001,0.9720014,838.5883,534.1617,0.9632439,752.39233,480.228,0.9219029
1704,815.63495,555.1308,0.93752635,834.9709,531.93805,0.982061,748.9494,478.6706,0.96628064
1705,811.50385,551.13745,0.9309895,832.8848,530.1491,0.9628362,746.81335,474.97275,0.9451121
1706,809.49036,549.41174,0.9520721,830.60815,530.20856,0.90724313,744.1274,473.31735,0.8456742
1707,806.3039,548.10944,0.9572934,828.8274,528.83997,0.9212262,739.83203,473.24503,0.8053429
1708,804.12225,546.8693,0.91432697,825.96155,525.36926,0.8911544,736.3568,473.57568,0.89077115
1709,801.99384,545.3722,0.90155095,822.54736,523.68024,0.9605333,731.79407,473.64355,1.0
1710,801.8649,544.68506,0.8798602,822.7079,522.6973,0.8899843,730.63727,473.94095,0.9945834
1711,802.13763,544.98047,0.90276855,822.97394,522.9328,0.9334415,729.4932,476.44406,1.0
1712,802.5594,545.67395,0.9204609,823.9971,523.9421,0.88038284,729.34796,477.6018,1.0
1713,802.75696,545.7446,0.87432957,824.1832,524.73157,0.8276283,729.699,477.71664,1.0
1714,802.92426,546.3076,0.87516695,823.75134,525.1818,0.77704376,730.71094,476.30142,1.0
1715,803.1355,546.9185,0.9028572,824.1242,526.30176,0.7958779,732.05304,475.3375,1.0
1716,803.1725,546.52655,0.89340824,823.74567,526.3319,0.85570794,732.8262,474.7261,1.0
1717,803.0789,547.2135,0.8872656,823.5175,526.8917,0.79163986,733.1993,474.79395,0.99849176
1718,803.0051,547.1238,0.9140777,823.7544,527.2132,0.83001053,733.7667,474.77203,0.9806847
1719,803.2943,547.5389,0.9302984,823.9963,527.3042,0.83050305,734.43286,474.38815,0.95288086
1720,803.2292,547.8389,0.93040514,825.5367,528.30347,0.8344864,735.5718,473.86322,0.8962724
1721,803.1395,547.6032,0.93891484,825.6063,528.47754,0.8505892,736.85986,473.1463,0.85554135
1722,803.31586,547.44904,0.932553,823.9013,527.69446,0.8159717,736.612,472.8166,0.8543675
1723,802.86835,547.26984,0.9207106,823.58905,527.5731,0.88244945,736.3413,472.64685,0.8496777
1724,802.3987,547.0882,0.90740824,823.1026,527.8277,0.86120886,735.93506,471.69955,0.8634453
1725,801.5281,547.34155,0.8857321,822.3357,527.89105,0.8950308,734.5374,471.20602,0.9000112
1726,798.9607,548.182,0.88299793,820.8903,527.6296,0.93812865,733.21796,470.82452,0.9247354
1727,796.86725,548.5853,0.96183044,819.33923,527.95056,0.97095984,731.8005,470.6203,0.90988684
1728,795.09875,548.51385,0.9921256,817.62427,528.38904,0.9631685,730.22284,470.65283,0.8916224
1729,793.83374,548.20026,0.9768258,816.5719,528.1775,0.9334751,728.08966,470.3139,0.88261837
1730,793.40497,547.8939,0.96036905,816.3113,528.1542,0.92738944,727.63074,470.32404,0.9027727
1731,793.2297,547.9035,0.95685446,816.32,528.18774,0.9280921,727.4507,470.93054,0.91180426
1732,793.10144,548.28357,0.97215277,816.35724,528.38794,0.94110835,727.59644,473.93503,0.96620154
1733,793.42004,548.2526,0.9722581,816.7938,529.0147,0.94734126,726.02966,475.73007,0.98570484
1734,793.4914,548.3825,0.97206575,816.97144,529.226,0.9568991,724.9978,477.74396,0.99057746
1735,793.9703,548.5295,0.9923013,817.2283,529.41754,0.97221154,723.13464,482.50256,0.910365
1736,794.2844,549.29626,1.0,817.35455,529.71643,0.9927542,722.5291,489.32584,0.80870605
1737,794.8135,549.7244,1.0,817.781,530.1839,1.0,721.21216,494.4726,0.9736959
1738,794.996,550.1949,0.98937887,818.351,530.80334,1.0,720.5158,498.3591,0.8944546
1739,795.08923,550.34766,0.96784645,818.73706,531.43506,1.0,721.64526,501.6519,0.88090765
1740,795.6304,550.9224,0.9557442,818.95557,532.02216,1.0,722.00055,503.8119,0.84991884
1741,795.9264,551.20856,0.9497296,819.1484,532.4471,1.0,722.5371,505.2222,0.8081281
1742,795.99536,551.4322,0.93732697,819.59656,532.7413,1.0,723.3299,505.32498,0.7932998
1743,795.8935,552.7527,0.94683665,819.6526,533.14594,1.0,724.1929,505.3459,0.8011557
1744,796.45856,552.9693,0.9497011,819.78125,533.6279,1.0,724.9298,505.34213,0.80953574
1745,796.6251,553.15967,0.9535178,820.0074,534.2616,0.9952889,726.08453,505.0881,0.82496744
1746,797.0753,553.3894,0.96799064,820.63727,534.8151,0.99517334,727.1666,505.27588,0.82190037
1747,797.70465,554.05383,0.95057076,821.51807,535.59,0.95167035,727.54706,505.73975,0.8315737
1748,798.0484,554.527,0.9472173,823.0499,536.296,0.92361635,727.8842,506.18146,0.8425437
1749,798.5115,554.79626,0.93494445,823.725,536.7206,0.9079211,728.74915,507.77695,0.8152676
1750,799.20447,554.60175,0.9383188,824.8596,537.523,0.9017004,729.70087,508.9107,0.77256316
1751,799.6948,554.9612,0.9692936,825.3387,538.1885,0.92556554,730.52893,509.88522,0.68910307
1752,800.1924,555.0237,0.9817247,826.03656,538.7387,0.9512171,730.9212,510.42834,0.102294184
1753,800.7232,555.01166,0.9586199,826.57306,540.18964,0.95961684,734.55566,513.1608,0.33282062
1754,800.7906,555.7034,0.9588415,827.2093,542.1401,0.94429034,735.316,513.7549,0.48048225
1755,801.04767,556.5137,0.99345005,827.7431,543.0995,0.9492877,736.97577,513.78735,0.47038627
1756,801.35834,556.9567,0.9860037,828.3272,543.67816,0.94968146,737.8971,512.93854,0.6374004
1757,801.772,557.4705,0.9712511,828.87244,544.4488,0.9639937,738.2523,513.7308,0.61282927
1758,802.37775,557.9444,0.95600504,829.30334,545.1403,0.98926324,739.1091,514.3173,0.41421095
1759,802.8898,558.5608,0.9421379,830.0176,545.8597,0.9936755,739.8566,514.0616,0.4853318
1760,803.544,560.22784,0.9258982,830.6165,546.398,0.99100226,742.0021,514.1807,0.5043159
1761,803.53906,560.21246,0.94418865,830.98303,546.68176,0.97528666,742.3255,513.439,0.6511734
1762,804.0792,560.6102,0.9637459,831.4739,547.0986,0.97200006,743.6479,513.5788,0.6648983
1763,804.17267,560.96735,0.9723739,831.69507,547.4362,0.97529286,743.9418,514.50635,0.52673227
1764,804.6222,561.3458,0.9512486,832.20465,548.00604,0.91881746,744.5159,514.5954,0.5001022
1765,804.83514,561.7081,0.99082685,832.24023,548.5403,0.93729305,745.4361,514.25134,0.5490053
1766,805.04584,562.3194,1.0,832.73645,549.005,0.9390392,745.638,513.32227,0.69822085
1767,805.2573,562.18097,1.0,832.9895,549.3262,0.94745326,746.5112,513.3156,0.65506506
1768,805.4502,562.46063,1.0,833.24646,549.992,0.9464559,747.6414,513.40295,0.59971035
1769,805.7962,562.86206,1.0,833.3587,550.3852,0.9433407,748.6399,512.7756,0.6579857
1770,805.98456,563.0289,1.0,833.7572,550.9084,0.93736905,749.5061,513.1885,0.5202679
1771,806.16614,562.83765,1.0,833.9412,551.31,0.9329519,749.9219,513.29596,0.6174026
1772,806.1798,562.99713,1.0,833.91016,551.673,0.9164929,750.38275,514.34607,0.5026163
1773,806.6242,563.4199,1.0,834.1011,551.73535,0.9104392,752.0551,514.9847,0.3995463
1774,806.8662,563.3641,0.9833675,834.1468,552.0078,0.8834041,749.5739,511.15057,0.7554171
1775,806.65546,563.4749,0.9819502,834.182,552.0335,0.87271756,748.3509,507.6435,0.92779493
1776,806.7698,563.04156,0.9732214,834.26904,552.1957,0.8774982,748.7387,507.22586,0.914231
1777,806.31476,563.02313,0.9807786,834.7366,553.19366,0.8647339,748.581,506.6793,0.92108285
1778,806.4181,563.0501,0.9762334,834.8634,553.45844,0.8711696,749.2407,505.57675,0.8461602
1779,806.72925,563.40894,0.98166203,834.61395,553.133,0.85336655,749.52795,504.90793,0.8401759
1780,806.6265,563.405,0.9835531,834.729,553.2694,0.8814358,750.3525,505.089,0.69536316
1781,806.6997,563.5948,0.99703145,834.77673,553.1298,0.8744351,750.12024,504.0814,0.77675426
1782,806.8929,563.53644,0.9982585,834.78284,553.5918,0.8824387,750.8677,505.18063,0.76263666
1783,807.06604,563.64655,0.99895054,835.26025,554.64954,0.88441783,751.64795,505.88034,0.8045757
1784,807.14136,563.8743,1.0,835.3345,555.29297,0.9214256,752.277,506.1246,0.7929964
1785,807.49347,564.33167,1.0,835.4318,556.07526,0.9293751,752.80975,506.95078,0.8287561
1786,807.64777,564.12384,1.0,835.4401,556.74475,0.94080037,753.30096,507.9276,0.87521416
1787,808.00195,564.41724,1.0,835.64795,557.52893,0.93866664,753.7688,508.73416,0.8575714
1788,807.7416,564.21576,0.99630773,834.9513,558.1954,0.9241256,752.9805,508.10202,0.8648147
1789,806.3312,564.64886,1.0,834.1765,558.4774,0.9111066,751.7495,507.71426,0.78615606
1790,804.2059,565.4602,1.0,832.79376,558.5043,0.90522105,749.5748,507.34277,0.82786274
1791,801.9367,564.32324,0.99956965,831.2072,559.32776,0.89520353,747.9349,508.0223,0.8448662
1792,798.2933,563.52216,1.0,828.51733,560.9599,0.9624489,746.05304,508.86353,0.9130313
1793,796.27484,563.1104,1.0,826.4447,561.8991,0.96510774,745.06696,509.0477,0.91231275
1794,794.1427,563.46014,1.0,824.18744,562.29553,0.9377385,744.8577,509.67096,0.9715565
1795,793.62866,563.2089,1.0,823.89264,562.7894,0.92579323,745.2316,509.32715,0.8950725
1796,793.8694,563.77374,1.0,823.6225,563.5532,0.9558341,746.9833,508.81674,0.6801052
1797,794.20154,564.1117,1.0,823.5225,564.36273,0.9364977,749.0298,507.92316,0.8889798
1798,794.9501,565.12115,1.0,823.83923,565.422,0.91640383,751.0012,507.6161,0.84149283
1799,795.57495,566.00775,0.99469274,824.0263,566.66986,0.8838098,752.738,506.8773,0.87487864
1800,795.8186,566.4468,0.95904356,825.32367,567.75476,0.83873624,753.32513,506.92432,0.88905406
1801,795.78314,566.4621,0.9666938,825.49817,568.0167,0.84997845,754.1657,506.6801,0.90730846
1802,795.84454,566.7623,0.967689,824.41693,567.5037,0.85348696,754.7087,506.4857,0.90357196
1803,795.44403,566.53955,0.9703,824.11676,567.5863,0.8630033,755.035,505.90237,0.86252224
1804,794.9296,566.6459,0.97385675,823.8821,567.6316,0.8623106,755.61633,504.715,0.82164085
1805,793.8647,565.6933,0.98027015,823.3914,567.59283,0.86277235,755.8907,503.59586,0.8649437
1806,791.15814,565.34015,0.94655246,821.67804,567.8115,0.8710913,755.2037,502.64066,0.8871297
1807,789.44916,564.7344,0.98764247,820.3908,567.43555,0.86309344,754.75397,499.5949,0.89410543
1808,786.22797,564.6521,0.96220434,816.93414,567.028,0.8530125,753.5593,498.0929,0.8788403
1809,782.5141,562.22394,0.9148922,813.31067,565.9513,0.89852434,752.81006,495.02948,0.9334874
1810,779.3907,561.3094,0.9545756,809.05054,564.95776,0.9141868,750.78687,491.81094,0.8921352
1811,776.3988,560.677,0.9197932,805.95825,563.96216,0.93352395,748.9192,489.21384,0.9308573
1812,772.60956,558.9468,0.9932824,802.53284,561.2212,0.96319705,747.84546,486.1682,0.89752924
1813,768.7932,556.3414,0.9634102,799.0248,559.1326,0.9647101,746.7066,483.39743,0.9297606
1814,765.55865,554.95624,0.90547925,795.35986,559.1903,0.99383134,744.9361,481.946,0.9177863
1815,763.63245,553.4553,0.92742264,792.99274,559.13635,0.95057964,743.29236,480.04285,0.8862212
1816,761.4522,551.6301,0.9312903,790.9499,557.56085,0.9030457,742.4481,478.6507,0.92986965
1817,760.28467,550.4247,0.93874025,789.7306,557.5229,0.90649974,741.66046,477.7407,0.9218817
1818,760.44507,550.65765,0.92652327,789.35645,557.33746,0.9102028,742.2642,476.52005,0.92175746
1819,760.6608,550.3534,0.9555862,789.30054,557.6777,0.9141292,743.18805,475.71872,0.9399954
1820,760.57263,550.5524,0.92113405,789.0153,558.06354,0.8876129,743.7526,475.45657,0.955146
1821,759.6317,551.0024,0.89943606,789.0809,557.91486,0.8637349,744.41473,475.5429,1.0
1822,759.4666,551.0107,0.89834815,788.93475,558.5421,0.8657507,744.2902,475.4389,1.0
1823,759.1627,551.2457,0.9008265,788.8406,558.6202,0.86839986,744.9664,475.25674,1.0
1824,759.578,551.1929,0.8975424,788.99884,558.6709,0.8803679,745.48834,475.06445,0.99191076
1825,759.12585,551.158,0.90529865,788.7472,559.4987,0.8865295,746.2642,474.94067,0.9914613
1826,759.69635,551.55743,0.8984253,788.85876,559.57904,0.88429666,747.53046,474.55127,0.9760948
1827,759.8362,551.99207,0.8925618,788.553,560.3047,0.8845262,748.1128,475.02032,0.97069466
1828,760.5902,551.48334,0.8702732,789.20233,559.7092,0.8947627,747.9918,474.74823,1.0
1829,761.0886,552.2313,0.8875861,788.8389,560.17584,0.88362473,748.3315,474.7937,1.0
1830,760.4807,551.45306,0.89193946,788.1884,561.07074,0.90518796,748.2694,475.01318,1.0
1831,760.4184,551.26215,0.8973519,787.76575,560.8055,0.89441794,748.11566,475.0741,1.0
1832,759.2792,551.7274,0.9109068,787.0888,561.0378,0.90184337,747.9855,475.27145,0.98939884
1833,759.1024,551.55994,0.9235822,786.7703,561.07416,0.8960313,747.9839,475.58356,0.98833907
1834,758.71045,551.4658,0.9260749,786.48724,561.02234,0.8887617,748.22565,476.21918,0.9082024
1835,758.43994,550.98206,0.95370346,785.8355,561.21704,0.878288,748.1193,476.6311,0.8709444
1836,757.62726,550.9029,0.9435804,785.7042,561.20166,0.88089657,748.47534,477.08936,0.90020406
1837,758.01935,550.36334,0.95245177,785.29785,560.9734,0.85463125,749.38135,476.37137,0.88632494
1838,757.36395,550.1142,0.95152766,784.54785,561.31134,0.84079415,750.354,476.1755,0.8955285
1839,756.5132,549.8398,0.9437911,783.9883,561.60815,0.832015,750.76434,475.40857,0.8529944
1840,755.64703,549.5363,0.91581625,783.0915,562.3117,0.83913743,751.1402,475.3111,0.79531103
1841,755.979,549.7093,0.9213756,782.8317,562.348,0.8556186,752.9295,474.61154,0.7649425
1842,755.03186,549.0203,0.8749197,782.5085,562.18365,0.8490676,755.21735,473.64685,0.7327224
1843,754.8004,548.1377,0.8849197,782.0146,562.1849,0.8771443,755.97174,472.95798,0.8098866
1844,754.83673,548.03986,0.8694886,781.4609,562.08704,0.8656075,758.3878,472.61774,0.86963886
1845,754.91113,548.02936,0.804337,781.1028,562.3739,0.8518315,760.1911,472.54218,0.9174735
1846,755.4348,547.46045,0.81457585,780.6938,562.41,0.8517911,763.1734,472.12085,0.8810338
1847,755.22516,546.8706,0.80226344,780.35425,562.58417,0.8652285,764.42206,472.0608,0.8465357
1848,755.6395,546.458,0.7626427,780.5291,562.5396,0.82452744,766.7602,471.80533,0.823748
1849,755.54913,546.1455,0.8102092,779.9244,563.0875,0.85063136,770.8857,472.5462,0.8092881
1850,755.37305,545.843,0.8580409,779.7174,563.71216,0.84824127,774.0586,473.38412,0.8925508
1851,755.46106,545.4762,0.87589437,779.5487,563.97015,0.8282191,777.8335,473.8249,0.95332485
1852,755.7489,545.08685,0.86977035,778.6096,565.08905,0.77230185,780.57227,474.4396,0.9117567
1853,755.91364,544.10626,0.8515152,777.6091,566.48126,0.73977345,783.9299,475.43918,0.8354493
1854,755.8146,543.9342,0.8519133,777.0212,567.0428,0.70169,786.3805,476.0255,0.81961644
1855,755.92737,543.1758,0.8626631,774.5845,567.6783,0.66060096,788.24133,476.37744,0.8116797
1856,755.9684,542.548,0.8619504,775.52734,567.3906,0.66839534,788.23425,475.70963,0.8134921
1857,755.6163,541.78156,0.86494863,774.018,567.14764,0.68346804,787.8991,474.49365,0.81145674
1858,755.556,541.7866,0.8843629,773.76086,566.17865,0.7369271,787.70776,473.86832,0.7287091
1859,755.60156,541.7713,0.8867554,773.5596,566.27734,0.7628378,788.3552,473.149,0.725863
1860,754.9549,541.2023,0.8737999,773.8049,565.55255,0.7796297,788.4178,470.6613,0.687364
1861,754.7502,541.09753,0.88371533,773.36035,565.0446,0.82031363,293.33914,97.06602,0.61348075
1862,754.64484,540.82117,0.89295536,773.08075,564.771,0.8381824,290.2216,98.006226,0.69125164
1863,754.6124,540.37427,0.89514905,772.83997,564.6801,0.82721007,789.8241,468.53928,0.75160396
1864,754.3,540.607,0.8846493,772.3219,564.2222,0.8430238,790.34247,468.24142,0.8120468
1865,754.11017,539.8382,0.8774217,772.2175,564.4355,0.81296927,791.1474,468.88364,0.82601625
1866,753.69867,539.1889,0.8784653,771.45325,564.4706,0.83433056,793.5126,470.30432,0.8536662
1867,753.3363,539.39905,0.86101574,770.7441,565.0185,0.81535685,795.72675,472.99832,0.8257693
1868,753.13385,538.8961,0.85723954,769.889,565.2104,0.8157403,798.3664,473.9828,0.8109913
1869,752.8342,538.75574,0.84006613,769.76587,565.499,0.79401106,802.04175,474.94485,0.8950325
1870,752.49646,538.0023,0.83014643,768.43164,566.2085,0.78525704,804.406,476.67108,0.9295295
1871,752.9425,538.2265,0.8384196,767.83673,566.53345,0.78093785,806.954,479.2896,0.88846415
1872,752.3756,538.6764,0.7977695,766.05237,566.38196,0.7979387,808.83624,481.7404,0.9351902
1873,752.4929,537.9052,0.7829941,765.2497,565.9913,0.8115824,810.55005,483.47482,0.9082401
1874,751.6287,537.8895,0.7924415,764.7148,566.08704,0.8250413,810.90436,484.81253,0.8950921
1875,751.235,537.36224,0.800221,764.18286,566.19086,0.83250314,811.2503,485.18277,0.88743615
1876,750.5284,537.3599,0.82826996,763.7494,566.26697,0.8556492,811.23303,485.88922,0.8637784
1877,749.97516,536.93964,0.81174505,763.6697,566.19763,0.8691178,810.58307,485.40146,0.8740412
1878,750.07007,536.74304,0.79217833,763.53204,566.17554,0.8382931,810.16046,484.8644,0.87983346
1879,749.8539,536.753,0.78154945,763.07367,566.096,0.8593934,809.57153,484.69943,0.8784448
1880,749.6537,536.5861,0.78249377,762.93665,565.9989,0.8619152,808.95404,483.8856,0.89360994
1881,749.88544,536.26263,0.7880945,762.8593,565.72394,0.8557232,809.0924,482.54022,0.95019305
1882,749.50006,536.06116,0.7791263,762.2885,565.5214,0.8447781,809.0699,481.1045,0.91818947
1883,749.29974,535.6186,0.7694271,762.18884,565.1043,0.8404825,810.15936,479.22687,0.8922635
1884,749.4063,535.51575,0.7958052,761.81396,564.9937,0.85266596,810.4541,478.9701,0.9403388
1885,749.128,534.723,0.8055798,761.386,564.70715,0.8490748,810.65186,478.90897,0.9587375
1886,748.81555,534.3047,0.83254534,760.4813,564.52826,0.8419329,812.01044,480.5405,0.96648675
1887,747.6812,533.4477,0.85924226,759.9586,564.4225,0.8246959,814.8349,482.95642,0.92991555
1888,746.39575,532.9884,0.8692638,757.4106,563.4685,0.82800573,818.5721,487.43973,0.83971465
1889,743.44604,532.66034,0.8798855,755.5101,562.82196,0.80157554,820.7178,491.84207,0.8655444
1890,741.65173,531.22546,0.938642,753.47705,562.1065,0.7416457,822.5752,497.00024,0.8335815
1891,741.0435,530.6279,0.94993955,750.90674,561.96967,0.73133,823.50214,499.3553,0.81109715
1892,740.2183,529.03876,0.9437447,749.5032,560.71716,0.77190614,824.7576,501.17453,0.77138495
1893,739.6819,528.0766,0.90828514,749.2637,559.55414,0.7860614,825.5032,502.29083,0.8130703
1894,740.1535,527.53,0.87039703,748.92163,558.65735,0.8098108,825.8117,502.40387,0.8623616
1895,739.50555,526.3244,0.87893754,747.92566,557.9242,0.8193686,826.4223,501.05908,0.8313881
1896,739.0838,524.8612,0.873524,747.68524,556.57324,0.7884598,826.5677,499.58325,0.89685977
1897,738.5122,524.1224,0.874008,747.4547,555.1872,0.7814768,826.242,498.61722,0.94548917
1898,738.2486,523.2103,0.866412,746.9578,553.9992,0.76475954,826.8066,498.13116,0.9552939
1899,737.33307,521.7418,0.83404213,747.1602,552.3925,0.7833207,828.7955,498.72803,0.83962464
1900,736.50867,520.5836,0.8092485,746.72644,551.6709,0.84067893,832.7395,502.55844,0.6415887
1901,735.73193,519.54395,0.8090864,746.1883,550.89215,0.89492285,1317.672,123.06969,0.5938893
1902,735.30194,518.94507,0.8038711,745.7308,550.251,0.869719,835.6033,506.47415,0.6087558
1903,735.54364,517.33655,0.8678482,745.2378,549.6292,0.86861145,835.7665,507.51953,0.5753771
1904,734.8892,516.51483,0.89953583,744.46954,548.7865,0.8716161,835.51495,509.18994,0.6438725
1905,734.46313,515.9232,0.9303064,743.38153,547.6827,0.8324499,834.8994,510.3145,0.56203306
1906,734.38824,514.8556,0.9194768,742.50323,546.18567,0.82162935,834.04047,511.14505,0.44498757
1907,733.25006,514.1994,0.92256624,741.341,545.0548,0.83424324,301.4821,203.66127,0.41824204
1908,732.4433,513.03485,0.92886096,740.07886,543.6851,0.86741453,831.4885,511.50168,0.5712805
1909,731.4565,511.60797,0.86208916,738.29236,541.481,0.89700395,829.4116,511.3817,0.66748714
1910,730.35443,510.78113,0.840243,737.3321,540.3969,0.8816656,827.53125,512.1614,0.7047937
1911,728.6233,509.96896,0.841485,736.5943,538.4639,0.82148266,826.8253,512.35175,0.7778811
1912,728.13275,509.42365,0.8690553,735.74445,537.60614,0.8243922,825.6827,512.0357,0.64317924
1913,726.908,509.19733,0.8999652,735.2047,536.69183,0.7959409,824.2282,512.50275,0.68267334
1914,726.185,506.5159,0.9051785,735.6678,534.85187,0.82679135,823.46844,513.43243,0.36228076
1915,725.87305,504.81995,0.8769576,735.3206,533.5611,0.8653441,822.3825,514.65686,0.69977486
1916,724.8481,504.5362,0.87944394,735.35126,533.07263,0.86808884,821.51404,514.8264,0.7570914
1917,724.26825,503.52402,0.87833744,733.6082,532.347,0.9363784,821.0881,515.61005,0.83259475
1918,723.23016,502.49564,0.93339384,732.56854,531.3376,0.9455434,819.7497,515.19086,0.7863834
1919,722.979,501.01535,0.9596872,732.91437,529.4318,0.8882399,818.76996,515.6826,0.7173042
1920,722.7989,499.57968,0.9211462,733.217,526.94354,0.92691165,817.4142,515.33215,0.6200055
1921,722.58545,498.00427,0.8578745,732.6984,524.4095,0.9641935,816.9326,515.31805,0.7043724
1922,721.7942,497.13016,0.83459157,733.00635,523.0656,0.9781753,815.4438,515.6472,0.75055146
1923,720.62164,495.77084,0.83835137,732.5662,521.3615,0.94215596,813.5583,517.9088,0.774508
1924,720.64307,494.2909,0.8492806,732.97754,520.2706,0.8941043,811.0253,520.2945,0.7951435
1925,720.5347,493.5355,0.84596837,732.783,520.0196,0.9365343,808.8699,524.2804,0.90512276
1926,720.28265,493.39844,0.8338024,732.205,519.7327,0.97579384,807.2272,527.59424,0.8530914
1927,720.166,492.99533,0.83669394,732.0312,519.72217,0.9833935,805.6272,530.86835,0.8910451
1928,719.5838,493.34705,0.84230757,731.81274,519.88495,0.98888606,804.565,532.5194,0.8960961
1929,719.989,492.9104,0.8302072,731.83014,519.89624,0.9845011,802.593,536.05725,0.811334
1930,720.564,492.74643,0.83445865,731.9295,519.9991,0.979285,800.55176,537.93353,0.8303925
1931,722.6621,493.4316,0.872184,733.6077,520.0684,0.90291893,801.1869,540.30835,0.9235134
1932,724.1365,493.41098,0.91607386,735.08374,519.93243,0.89854544,801.6685,542.4924,1.0
1933,726.04065,494.55695,0.8857948,737.35205,520.7271,0.9174879,801.72754,545.6095,0.92636734
1934,728.002,494.65207,0.8370534,739.98517,520.8813,0.9348127,803.2338,547.98315,0.91874504
1935,731.48016,494.5264,0.88458693,742.2163,521.498,0.9606711,804.61633,549.7965,0.81278634
1936,736.2175,494.53577,0.83681065,744.66815,521.3611,0.9479459,805.686,552.8605,0.77354
1937,739.3554,494.39038,0.86462456,747.1222,521.056,0.95067275,806.3601,555.87915,0.8360566
1938,741.6493,495.6958,0.8665025,749.17706,521.9517,0.9748524,807.0431,558.9424,0.7635131
1939,744.76685,497.4043,0.7766261,750.78406,523.3529,0.94953597,808.2535,562.3329,0.75230235
1940,746.38947,496.83972,0.83101714,753.7061,523.8998,0.93165624,810.3038,563.7493,0.8918755
1941,749.47516,497.25342,0.86912096,756.19415,524.433,0.9320278,812.15204,565.7398,0.7604095
1942,751.399,498.11887,0.8641117,757.4108,524.1208,0.962138,816.185,567.97723,0.6924731
1943,753.53143,497.11343,0.89781886,758.0776,524.68353,0.9367376,819.34265,570.7334,0.74981654
1944,755.3952,496.08908,0.9161907,759.5341,524.9203,0.8816723,819.27875,571.8807,0.795056
1945,756.2448,496.4462,0.9191281,759.96783,524.72345,0.8457037,818.4998,573.5835,0.7906116
1946,757.1022,496.93442,0.90886134,761.24445,523.56647,0.87949944,817.0703,575.4741,0.80839884
1947,757.8248,496.60275,0.8896143,761.9004,523.0706,0.91498846,814.92413,577.1443,0.79098475
1948,758.53906,496.53845,0.8423339,762.40796,523.0485,0.9267709,813.80304,577.46484,0.81211114
1949,759.17725,497.32434,0.7832415,762.3251,522.86694,0.91740835,816.17395,576.9579,0.7529697
1950,759.0936,498.3987,0.8172167,762.6554,524.5405,0.9080821,820.1092,577.71466,0.8046262
1951,759.3454,499.16556,0.7970927,763.7763,526.244,0.9180106,828.36676,573.08356,0.8669901
1952,759.2055,499.90845,0.80921894,764.00134,526.2075,0.9256586,839.4084,565.17334,0.78986734
1953,758.5102,500.74313,0.8329503,764.2471,526.94684,0.9171995,849.1899,555.6546,0.7368225
1954,759.07214,501.28473,0.820304,764.1741,528.2833,0.88021326,854.149,547.65875,0.7658449
1955,759.31714,501.50793,0.8295915,764.94666,528.4784,0.8773316,856.2752,541.56665,0.8461768
1956,758.65845,500.2709,0.90973586,765.7536,528.46423,0.8789709,856.2602,539.96515,0.88470143
1957,758.6714,499.79538,0.90351564,765.40497,528.3483,0.88393587,855.2612,541.08234,0.87652075
1958,758.19946,500.4154,0.9103411,765.3767,527.96497,0.8817282,853.9919,542.3704,0.8870142
1959,757.8489,500.11176,0.922676,764.896,527.6953,0.8882933,852.84283,542.73193,0.8941077
1960,757.75195,500.1844,0.9228905,765.0646,527.6027,0.8938574,851.0338,544.80396,0.7233529
1961,757.5705,499.89188,0.9395101,765.34924,526.9849,0.88459015,846.79517,548.7173,0.74215615
1962,757.6426,499.67502,0.9372508,765.2821,526.5782,0.88005704,843.8913,551.71136,0.72475475
1963,757.3094,499.0309,0.92834276,764.32965,525.34235,0.9017038,840.57025,554.0455,0.8197197
1964,756.8561,498.4377,0.9518102,764.1031,527.0287,0.9183551,837.1733,555.063,0.82007456
1965,756.0679,497.24335,0.924178,762.734,526.9639,0.8913861,833.7202,558.4192,0.88231397
1966,755.81146,496.8367,0.8963818,761.4764,526.4044,0.86826813,829.5823,559.8872,0.9009871
1967,755.1346,496.92526,0.91600376,760.56274,527.831,0.8557624,826.83295,561.55023,0.8440059
1968,754.1457,497.76257,0.85916,759.54126,527.4854,0.8629025,825.77496,562.42377,0.8461399
1969,753.0981,498.52756,0.85356224,758.6459,527.2996,0.87277704,822.9404,563.6995,0.820585
1970,752.12195,500.0933,0.87810624,758.1663,527.6625,0.8893207,820.61725,565.1912,0.7570532
1971,751.05786,500.4964,0.8867634,757.18066,526.17444,0.88680756,818.064,567.4439,0.68040824
1972,751.4405,500.2444,0.87187874,757.1797,526.2237,0.89336175,815.4827,567.94635,0.68309873
1973,753.0509,499.42264,0.87595105,757.3453,526.5769,0.87353206,812.74554,569.87164,0.7307513
1974,754.5427,499.05975,0.9100514,757.5266,526.6796,0.8643338,810.95746,572.1015,0.820283
1975,755.43695,499.46808,0.9274666,758.98944,528.0566,0.89511156,809.3104,574.0504,0.60028046
1976,757.52954,499.52032,0.8859546,760.61926,528.7658,0.912383,807.862,576.5007,0.6441797
1977,760.29126,498.94327,0.8561424,762.5329,529.2723,0.9446869,313.17844,187.648,0.5842266
1978,763.5559,498.55594,0.8044234,763.7514,529.41705,0.9407517,313.2626,187.55777,0.57827055
1979,766.0016,499.40775,0.83592063,764.1006,529.7759,0.9636919,810.1834,584.3444,0.5536242
1980,768.291,499.54138,0.7239641,766.1055,526.7591,0.913461,813.71716,587.6176,0.92391604
1981,771.5537,499.14154,0.78656965,767.6604,527.05,0.94789135,820.03326,589.9393,0.9378278
1982,774.12164,498.94223,0.8933909,768.82336,527.58093,0.91439426,825.24194,591.6552,0.89060694
1983,777.195,498.76175,0.82943255,770.3488,527.94055,0.95357245,826.547,594.3655,0.89241123
1984,779.08264,497.46548,0.79914314,771.2206,527.4901,0.94092715,826.7313,595.50397,0.903419
1985,781.0666,497.03787,0.7961572,772.2304,527.66974,0.919557,825.76245,596.02185,0.84887064
1986,781.4668,497.53592,0.8080047,772.8808,528.1081,0.9285503,824.39154,596.3267,0.80260444
1987,782.53296,497.42902,0.80222696,773.27405,528.1012,0.9070112,822.43774,597.3135,0.7754922
1988,783.7945,497.26346,0.8224535,774.1277,528.8369,0.9294955,821.5385,598.3026,0.7562976
1989,784.5009,497.21063,0.8365,774.70685,529.4198,0.9327957,820.6173,598.58374,0.6305121
1990,784.32,497.83658,0.84167325,775.0728,529.82733,0.926899,819.479,599.2155,0.57507515
1991,784.7028,497.75082,0.8411248,776.0436,530.5281,0.9039555,818.6606,599.29156,0.6706433
1992,785.0921,497.6806,0.8425159,776.73517,531.2656,0.9195159,817.7951,599.4705,0.6243995
1993,785.3131,497.68423,0.8448077,777.3865,531.521,0.9327158,815.5781,597.7751,0.6770226
1994,786.0852,497.74457,0.8771088,777.3695,531.3013,0.93263847,814.3388,597.24854,0.7093383
1995,785.5089,497.98297,0.8809568,777.07983,531.557,0.94129413,812.6199,597.4449,0.76020706
1996,784.6094,497.72885,0.8421516,774.97815,530.696,0.96001655,810.0588,596.89813,0.79107213
1997,782.62384,497.3213,0.837048,773.4707,530.74677,1.0,807.3418,596.89197,0.7638451
1998,780.04736,496.71768,0.7991646,771.38513,531.038,1.0,805.37616,596.9898,0.8080585
1999,777.84796,496.97794,0.8184995,769.881,530.64886,1.0,802.5638,597.84216,0.7341163
2000,776.4279,497.83826,0.88357264,768.32227,530.9569,1.0,799.53076,597.3971,0.73999596
2001,775.2699,497.99936,0.926782,766.07007,531.741,0.951984,797.38885,598.394,0.72923005
2002,773.0664,498.94223,0.9156606,764.7206,531.47375,0.9176513,794.18066,599.8465,0.5391596
2003,772.28906,499.4229,0.9229931,762.9265,532.34845,0.9405212,790.96674,599.7171,0.545449
2004,770.9463,498.88336,0.9124273,761.82855,532.61896,0.9539631,810.1395,543.2829,0.36804512
2005,769.38104,498.71033,0.9278227,760.4235,532.38055,0.94155043,783.92017,598.86456,0.45874828
2006,768.513,497.77814,0.8547837,757.7788,529.67706,0.9732714,780.4095,597.7512,0.6220177
2007,766.65393,496.55664,0.8557948,756.135,529.306,1.0,778.3553,599.58484,0.60130835
2008,764.3686,494.97794,0.8332836,754.6402,529.06714,0.99005884,776.8259,600.9292,0.6864506
2009,763.9463,494.41495,0.8222808,752.0096,529.3956,0.9396196,773.4079,601.1108,0.706818
2010,763.3934,495.8516,0.8479264,750.5855,526.66754,0.96740973,770.8812,601.7114,0.6557423
2011,761.437,493.3733,0.7202295,748.233,526.56396,0.96012396,768.66797,601.2752,0.6823022
2012,759.9786,493.38983,0.7654781,746.47723,526.4785,0.93539846,765.12726,599.41895,0.69292986
2013,758.8383,494.08682,0.74848455,744.86646,526.06964,0.8990847,761.93896,598.5808,0.68434024
2014,758.9797,493.99005,0.77608895,743.27747,526.82635,0.8652616,758.56104,598.2746,0.76613975
2015,758.4523,494.8525,0.7070277,742.1821,524.95685,0.9045276,755.8435,597.0333,0.78556126
2016,756.9649,495.2525,0.678995,741.06335,525.46466,0.9443518,753.1426,596.5595,0.7288865
2017,756.1132,493.15054,0.6138864,741.1232,524.47437,0.9377073,751.176,595.1607,0.8086321
2018,756.1345,494.11978,0.62716097,741.1896,525.03687,0.94287664,750.0995,595.1504,0.8381932
2019,757.72107,494.75577,0.51156676,740.7455,524.8893,0.9048295,749.58026,595.45667,0.8172016
2020,759.4624,495.3168,0.5174522,740.46375,525.50006,0.888766,749.0814,595.99286,0.748039
2021,762.55743,494.63766,0.6663627,741.0266,525.9633,0.8911657,748.7745,596.2457,0.74106586
2022,762.79974,494.34064,0.7088498,741.72815,525.7352,0.88419086,748.0763,596.7495,0.6430023
2023,762.9079,495.01968,0.76383,742.2931,525.9047,0.8795478,263.54776,172.49403,0.51682854
2024,763.58563,496.90366,0.83425915,743.10095,525.98944,0.8761926,747.493,597.821,0.5617285
2025,763.3834,497.05978,0.84917754,743.4874,526.2307,0.89799213,747.4012,598.39465,0.58208233
2026,763.14685,497.39722,0.87486416,744.2416,526.40436,0.9108512,747.53674,599.5039,0.62600464
2027,763.3844,497.68402,0.8753908,744.3949,527.31805,0.919927,748.1841,601.58636,0.7087829
2028,765.1168,499.73114,0.8841271,744.573,527.475,0.9249782,750.13513,603.867,0.833645
2029,766.3422,501.81467,0.8346929,745.1471,527.8493,0.93627083,752.3765,605.2034,0.7715151
2030,767.27325,501.3286,0.83483,746.2157,527.3894,0.9494036,755.2366,606.49884,0.8212983
2031,767.7706,500.64423,0.8587565,746.67395,527.1464,0.9592532,757.5585,607.2071,0.7873235
2032,767.99585,499.7346,0.87673277,747.21173,526.24536,0.9481353,759.56903,607.2266,0.8010655
2033,768.9931,498.69135,0.8618136,749.09973,523.7993,0.94581187,763.19165,607.8282,0.85379875
2034,769.5531,498.20508,0.868295,750.1396,522.1949,0.9363979,768.842,608.84875,0.83831805
2035,769.17596,498.45007,0.8993956,750.7177,521.5276,0.94782907,774.6566,607.9649,0.95054317
2036,770.0847,496.99023,0.86708784,751.09247,520.4613,0.8933653,784.4275,607.2518,0.8950255
2037,771.5938,494.26346,0.8500243,751.75525,519.1421,0.9185994,792.61914,605.73645,0.80059654
2038,771.1252,492.76306,0.85575867,752.3448,518.3235,0.9325641,802.56036,602.3802,0.6521697
2039,772.048,491.52658,0.83077484,753.2907,517.39514,0.965989,805.6357,600.028,0.7424723
2040,772.813,490.87027,0.81223685,753.67285,515.7744,0.9574002,806.73914,598.95306,0.6733588
2041,773.2792,489.56717,0.80565864,754.0763,513.73035,0.9299265,805.7243,598.89325,0.7177004
2042,773.77014,489.07217,0.81561476,753.7341,513.4752,0.94026023,804.904,597.12396,0.7604859
2043,773.5999,487.0573,0.8317744,754.3554,511.8127,0.99227244,803.2282,596.1062,0.74155307
2044,773.6653,486.96732,0.8433265,754.4095,511.0444,1.0,798.88446,595.96857,0.76521647
2045,774.5749,485.1075,0.89001393,755.16266,510.07596,0.9793688,793.6732,595.83264,0.815881
2046,775.2554,483.91074,0.90918034,755.75214,509.03122,0.93439466,789.2864,595.69025,0.82198125
2047,776.1185,483.63553,0.88493276,756.0398,509.1311,0.90487474,785.10345,595.899,0.72002125
2048,776.2329,483.96704,0.88415694,756.5809,509.19485,0.90722424,778.655,595.3734,0.87134695
2049,776.48157,483.6661,0.87663585,756.637,509.0371,0.89709693,775.0488,594.6007,0.8408335
2050,776.6148,484.10614,0.87773156,756.7259,509.72482,0.91714567,772.2599,592.82153,0.8667747
2051,776.8336,484.1188,0.8778159,756.61224,509.26727,0.9167722,769.1313,592.1097,0.84247714
2052,777.2664,483.09528,0.8877518,756.62415,509.1678,0.9152744,766.15607,591.1131,0.8915162
2053,777.3965,484.17093,0.89886564,757.0974,508.67352,0.9028,764.49524,590.5502,0.9227627
2054,777.7628,483.75812,0.9095577,757.1517,508.1776,0.89563584,763.1342,589.61304,0.9304695
2055,777.37067,483.60266,0.8960254,757.133,508.20004,0.910404,761.9271,588.4287,0.9454113
2056,778.3658,482.8334,0.90989846,757.04895,508.04675,0.9063391,761.0578,587.72504,0.9207578
2057,778.70886,482.8124,0.92556316,757.80524,507.07697,0.8787357,760.5986,588.1791,0.8317802
2058,778.97174,482.3793,0.9335014,757.85565,506.62527,0.8823888,760.157,589.6509,0.5427275
2059,779.31506,482.29855,0.9215303,758.40283,506.22174,0.839897,764.62115,592.64056,0.8619831
2060,779.4411,482.86072,0.9208513,759.0211,506.2485,0.82300013,771.5893,596.3441,0.75724566
2061,780.209,482.85675,0.91033417,759.3411,506.05582,0.7909194,777.90125,598.7342,0.73294556
2062,780.0744,482.76413,0.91877097,759.1213,506.6285,0.8171448,785.181,601.15216,0.7024925
2063,780.2364,483.02072,0.93057954,759.39777,506.07635,0.81024766,791.5078,600.1985,0.6942216
2064,780.5245,482.81735,0.9228886,759.7686,506.32654,0.8002296,796.68555,598.86237,0.6052879
2065,779.8262,483.17575,0.9118261,759.7616,505.9746,0.79049873,798.8513,598.0521,0.6661501
2066,779.9004,483.31302,0.9215536,759.60455,506.20264,0.7887728,802.08777,596.34827,0.6825847
2067,779.6863,483.30634,0.91513675,759.5266,505.88873,0.7701627,804.402,594.79913,0.82024705
2068,779.91003,483.11264,0.93395406,759.63074,505.53436,0.776456,807.07654,593.3518,0.81053793
2069,779.7279,483.2299,0.9183479,759.3829,505.7996,0.76716655,809.71655,591.6032,0.7935788
2070,780.0089,482.36478,0.8942561,760.11334,504.54303,0.7658044,814.4248,589.81085,0.77831084
2071,779.9832,481.89102,0.89146173,760.0977,504.54935,0.76451975,818.56305,588.1777,0.82090163
2072,780.16064,480.87976,0.89293796,760.04767,505.0166,0.76040727,819.59424,587.42126,0.8139136
2073,779.94275,480.25964,0.8262803,760.4181,504.13586,0.7690194,818.5886,587.847,0.8146126
2074,780.23676,479.75928,0.8403792,760.5174,503.46603,0.7830687,815.5052,588.2293,0.79701674
2075,780.3163,479.1605,0.8343564,761.4404,502.59042,0.8084705,811.5617,588.6169,0.8724521
2076,780.8356,477.86682,0.84772205,762.0364,502.11316,0.83115935,808.69434,588.6844,0.8662941
2077,780.78784,477.4556,0.8425848,762.2633,501.52835,0.83915734,807.9911,588.7486,0.84467995
2078,781.3553,476.92963,0.8703476,762.4651,501.124,0.83567554,808.8775,588.5896,0.8551727
2079,781.6187,476.82397,0.88608444,762.57916,501.16696,0.8444417,811.0166,587.98083,0.8596912
2080,781.8523,476.4002,0.88304937,762.76074,500.61404,0.8401759,814.0062,587.5425,0.8206647
2081,782.0863,475.87057,0.8972583,763.04675,500.1066,0.84634584,817.9703,586.37836,0.72417295
2082,781.8363,475.59576,0.886899,763.06134,499.9694,0.8303262,820.3784,584.13776,0.7537825
2083,781.8815,474.83658,0.9007619,762.99457,499.5372,0.82533354,822.44806,581.9937,0.7842519
2084,782.0244,474.3015,0.90604484,762.0115,499.69412,0.831935,824.9228,580.137,0.8407743
2085,782.2076,474.0229,0.89440435,761.95166,499.4024,0.8364229,825.71875,579.3572,0.8595879
2086,781.58765,472.2488,0.87446207,761.74176,498.52643,0.8453327,826.558,578.9609,0.8636782
2087,781.5329,471.90692,0.871825,761.5209,497.93805,0.874782,826.9601,578.3502,0.8729855
2088,781.73175,471.11234,0.8167388,761.42615,497.61346,0.8465462,828.0196,577.3352,0.86427194
2089,781.33856,470.51068,0.823494,761.4637,496.86002,0.85038584,830.7092,573.99207,0.8345315
2090,780.7848,470.41785,0.7985236,760.9098,496.65118,0.8279008,834.0089,570.5445,0.8039798
2091,780.39233,470.03555,0.7973682,760.268,496.0833,0.8151144,836.25134,566.9673,0.8625185
2092,779.8075,469.09375,0.81822115,759.7549,495.68735,0.8277646,838.07434,562.6661,0.904019
2093,779.55115,468.21942,0.88184416,759.5646,494.80392,0.854991,839.48096,557.026,0.9368608
2094,779.2026,467.97992,0.87827533,759.2272,494.17218,0.86292976,841.9049,552.83234,0.88625216
2095,778.7012,467.5866,0.8595907,759.401,493.39703,0.8448915,844.2364,550.5286,0.892467
2096,779.0753,466.72855,0.86442894,759.81805,492.96826,0.827388,845.63293,549.27264,0.880525
2097,778.7426,466.174,0.8648797,759.8726,493.55457,0.81255656,847.8055,548.64874,0.8387183
2098,778.61755,466.8649,0.85272616,759.9956,493.85013,0.8184591,847.94836,549.23145,0.8063377
2099,778.9977,467.8445,0.84364897,759.73126,493.6598,0.77419424,848.81726,551.1257,0.8189731
2100,778.7598,467.8972,0.8240021,759.7564,494.15686,0.77092594,849.27386,552.7371,0.7816264
2101,778.42377,467.66776,0.8216433,759.7233,494.40063,0.7637988,848.17267,553.4941,0.7823737
2102,778.2899,467.31018,0.8223486,759.40216,494.30008,0.75757223,848.90314,552.87555,0.78475773
2103,777.71375,467.46072,0.814429,758.84174,494.7214,0.747131,849.1517,550.7128,0.8197915
2104,777.44556,467.40424,0.80831844,758.38165,494.8252,0.7386199,849.53864,549.0782,0.8181351
2105,777.12756,467.66022,0.7815145,758.1693,494.90146,0.7263142,849.88416,548.7574,0.84595376
2106,776.6782,467.5388,0.79987806,757.77954,494.35776,0.74955815,849.48694,548.72064,0.84470963
2107,776.6979,466.4698,0.8136826,757.3253,493.84088,0.76663977,849.34283,549.50977,0.82741314
2108,776.29675,466.74127,0.8134298,757.06836,494.23312,0.7656184,848.6123,549.94745,0.7831198
2109,775.6473,466.76978,0.82126945,757.0068,494.33008,0.7512007,848.75073,550.6849,0.8108758
2110,775.8366,466.6472,0.79890543,757.02484,494.11124,0.7437025,847.56866,550.6407,0.813179
2111,775.3759,467.1597,0.8160639,757.1011,494.359,0.74647015,846.4679,551.0301,0.83109164
2112,774.741,465.88025,0.7910099,756.96826,493.2805,0.7392373,845.5435,551.51666,0.8618716
2113,773.86993,466.3173,0.7774927,756.71075,493.2032,0.7534905,845.37787,551.85205,0.85087925
2114,773.16614,466.20914,0.8249538,756.6745,493.557,0.761821,844.7535,551.8787,0.86699617
2115,772.23,466.73093,0.8374675,756.252,493.7629,0.8015766,844.4305,551.9266,0.8686563
2116,771.9464,466.88718,0.8682973,755.98114,493.47504,0.7963674,843.6673,552.07,0.8806355
2117,771.46344,466.75922,0.8322056,755.58685,492.91873,0.8129074,843.17334,552.1191,0.88537705
2118,771.0599,466.6249,0.83637434,755.4452,493.22125,0.83452636,842.5477,552.2951,0.8896663
2119,770.6052,466.8226,0.826243,754.97034,492.98038,0.86023545,842.0219,552.2913,0.89491224
2120,769.90515,466.4063,0.81715816,754.6322,493.2364,0.8857263,841.4605,552.1469,0.8970873
2121,769.37305,467.35245,0.82249135,754.03125,492.92587,0.88994426,840.8963,552.2023,0.88585687
2122,768.91113,466.8111,0.79462105,753.7842,492.59137,0.85971886,840.2162,552.3843,0.9003706
2123,769.20245,466.07495,0.80832976,752.8599,493.02725,0.8383157,839.3803,552.63086,0.9337189
2124,768.1569,466.2333,0.78194046,751.6312,492.60678,0.78375846,839.1673,553.3995,0.9305141
2125,766.3832,465.97504,0.67331,750.9755,492.24768,0.745239,838.6484,553.2478,0.88706183
2126,766.2534,465.98114,0.69191474,750.3629,491.96817,0.74998593,837.9383,552.7006,0.84294736
2127,765.6757,466.27325,0.7622076,749.5563,492.03802,0.7843297,837.11664,553.0201,0.84893775
2128,764.705,466.3785,0.77271515,748.9064,492.66785,0.78696775,836.52136,553.0364,0.8352746
2129,763.82214,466.3454,0.7678186,748.2532,492.59106,0.78393924,836.05615,553.0493,0.8333992
2130,763.31836,465.82156,0.7573068,747.8561,492.7102,0.7712277,835.3682,553.16284,0.8169199
2131,762.843,466.18616,0.7790342,747.2601,493.00357,0.7788518,835.2076,553.2231,0.7986893
2132,762.80194,466.7868,0.7976754,746.9878,493.75293,0.8051546,835.03424,553.2635,0.7873146
2133,762.61694,466.02612,0.76559,746.8963,493.1093,0.77471846,834.7627,553.2977,0.78341764
2134,762.4471,466.37296,0.78449136,746.8544,493.10358,0.7838589,834.733,553.2024,0.7875247
2135,762.5249,466.62936,0.773765,746.9225,493.1346,0.7752058,834.71356,553.2374,0.7937957
2136,763.0866,466.147,0.8104169,746.4779,493.20984,0.77044004,834.7374,553.03784,0.795377
2137,762.42755,466.01166,0.79589146,746.65704,492.80502,0.7792537,834.4394,552.9999,0.79054374
2138,762.532,466.76474,0.77893895,746.2151,493.2955,0.78406227,834.55695,553.08105,0.78989685
2139,762.3251,466.53067,0.7587331,746.64734,492.4985,0.75446886,834.329,553.1636,0.7849979
2140,762.3807,466.89856,0.7879731,746.7283,493.09308,0.77597123,834.66626,553.184,0.79432654
2141,762.3511,466.79718,0.761396,746.5983,493.4174,0.77589536,834.4076,553.1234,0.7974204
2142,762.1921,466.72495,0.7951898,746.4261,493.04584,0.7727789,834.41614,553.20575,0.78534126
2143,762.3542,466.1787,0.78807294,746.638,493.2088,0.7684833,834.47064,553.1796,0.7830543
2144,762.8156,466.68204,0.79973316,746.4201,494.2344,0.78647745,834.4524,553.16534,0.7921306
2145,762.6947,466.44238,0.79448396,746.5632,493.74854,0.7762068,834.6722,553.0473,0.80076694
2146,762.3987,466.8702,0.7706222,746.42255,493.36963,0.77111816,834.8258,552.94824,0.7977958
2147,762.43616,466.81705,0.78960055,746.04956,493.3098,0.78059214,834.7233,552.8803,0.79722404
2148,762.38727,467.29037,0.780237,746.3432,493.15195,0.7700653,834.94556,552.9333,0.79398775
2149,762.38245,467.34836,0.7826416,746.8019,493.14505,0.76748556,834.8103,553.07404,0.79302144
2150,761.86334,467.0689,0.76844335,746.59235,493.01416,0.77643484,834.9314,552.94,0.7974651
2151,763.0249,467.55872,0.7964788,746.2017,493.86652,0.7816252,834.69885,553.0298,0.80284095
2152,762.94995,466.65012,0.8250479,746.1936,493.5769,0.79205894,835.0063,550.9559,0.84367883
2153,762.1139,466.77594,0.82120305,745.97955,493.7115,0.7870736,837.5667,547.26025,0.896654
2154,761.73035,466.67032,0.8287036,745.37775,493.6959,0.7919633,838.49615,540.66394,0.8059554
2155,761.0667,466.7794,0.81142825,744.6722,492.91595,0.77492285,841.65784,533.8602,0.70946217
2156,760.7414,466.68585,0.8011373,744.06274,493.05106,0.7824255,841.8463,527.0097,0.771265
2157,761.34845,464.97083,0.816853,743.49945,492.7464,0.7888902,844.09863,520.5621,0.5268333
2158,760.26227,466.05835,0.80605006,742.9195,492.7735,0.77928895,843.871,516.8091,0.78456104
2159,760.07996,465.3158,0.79433614,742.67523,492.44595,0.76286304,844.10364,512.5899,0.80027515
2160,760.98816,463.80554,0.8140701,742.85315,492.5481,0.763102,844.41016,508.1644,0.81020474
2161,760.6292,463.63635,0.81441754,742.83307,492.33505,0.7712386,845.47955,504.50214,0.7043876
2162,761.1416,463.19858,0.78378105,743.3253,491.87265,0.7713868,845.3353,501.9507,0.7634399
2163,761.265,463.31638,0.77883834,743.94745,492.08948,0.7900025,845.63684,500.0711,0.7427247
2164,761.20294,463.04474,0.78921884,743.76904,491.39703,0.78293127,845.5491,498.76285,0.7322406
2165,761.322,463.42084,0.7860541,743.9666,491.52615,0.79226416,846.93567,496.3805,0.60445523
2166,760.5862,463.77487,0.7670873,744.22644,490.59885,0.7718475,846.5603,493.78125,0.7143253
2167,759.91724,463.44058,0.7353732,744.7,490.04453,0.76396984,846.09705,489.96463,0.5893173
2168,761.39703,462.1633,0.7398173,743.63904,489.4454,0.7325228,845.6433,486.14493,0.65742004
2169,761.0931,461.53564,0.73372835,743.77966,489.38553,0.7471078,844.6137,482.9655,0.72926694
2170,760.67584,461.37204,0.7381243,743.2976,489.25165,0.77289826,844.23627,479.72464,0.7330757
2171,760.00464,461.42743,0.75615406,743.72,490.87753,0.7677962,843.8408,476.37744,0.7273978
2172,759.37225,461.3751,0.7581441,743.88617,492.6948,0.7885998,843.3348,473.33728,0.78397405
2173,759.6853,460.52634,0.7046049,745.3874,493.12518,0.7569092,843.11017,470.07083,0.6934057
2174,759.5895,460.94937,0.69399565,746.18713,492.49045,0.73137915,842.7482,466.6806,0.8313581
2175,759.46075,461.7895,0.7005777,746.4192,492.84006,0.7312663,843.5289,462.99844,0.8042504
2176,759.5561,462.0322,0.74363416,748.5601,494.3514,0.8249829,845.96576,459.80273,0.793867
2177,760.05084,462.68808,0.74978644,749.7065,494.5847,0.9003582,849.302,459.35822,0.6656077
2178,760.01074,463.87042,0.7593837,750.593,495.2335,0.9177362,853.21234,460.30444,0.73357797
2179,760.4091,465.5447,0.7922865,752.6064,496.46396,0.918881,855.9559,462.51505,0.8074568
2180,760.9889,465.54813,0.7385414,754.2103,496.746,0.8465166,858.9236,464.998,0.7936742
2181,760.73956,466.804,0.7135305,755.68427,497.2027,0.7564121,861.6682,466.01865,0.7979474
2182,761.1945,467.13678,0.71450406,757.06964,497.7907,0.69889706,863.3297,466.90674,0.76001155
2183,762.67926,468.3572,0.70871466,758.0006,498.01187,0.69836426,866.7363,470.04398,0.675348
2184,765.7832,467.82114,0.7033259,759.2119,498.0568,0.70047,868.30066,471.91153,0.724829
2185,767.13104,467.43823,0.7438267,760.0513,497.87643,0.7152749,870.59247,475.4379,0.76765454
2186,767.1294,467.20724,0.7499188,760.0842,497.71127,0.70501626,870.02496,481.64526,0.8380806
2187,767.26794,467.79575,0.74808395,760.1993,497.6106,0.7122011,870.21484,490.12747,0.7283626
2188,766.38025,468.5901,0.6797267,759.89575,497.71414,0.69400376,868.5365,496.4896,0.7862967
2189,765.1527,469.12766,0.68396455,758.9104,498.89557,0.7380445,865.56433,503.59412,0.8874947
2190,763.8843,471.17398,0.7112914,758.42303,499.96484,0.7758171,862.3103,506.68832,0.9233969
2191,761.7425,473.25058,0.7181519,757.2797,501.4965,0.84430045,859.29205,512.1146,0.9467283
2192,759.9555,474.3414,0.7012448,755.92303,502.71933,0.8137941,856.6255,516.5358,0.8748988
2193,758.75586,474.24268,0.70739514,754.4104,504.21313,0.7815264,854.56885,521.562,0.9585725
2194,757.5302,475.7382,0.7060357,752.2444,505.18417,0.7703112,852.7101,525.2454,0.94099915
2195,756.23047,477.7576,0.68503624,750.70734,506.36713,0.8467762,851.3683,528.1451,0.88768333
2196,755.7614,479.61652,0.7277214,749.06836,508.68283,0.8846416,849.1818,531.09955,0.8546928
2197,753.46875,481.20425,0.76038253,745.12415,510.52686,0.79120946,846.4885,528.1099,0.7942766
2198,747.4704,481.7655,0.79890484,740.67834,512.01794,0.8012418,843.2698,527.0947,0.90188664
2199,744.111,483.50656,0.779062,737.1736,513.24194,0.8628333,839.1824,527.5326,0.8784975
2200,739.11316,486.07812,0.85533994,731.4836,515.7734,0.8524866,834.11633,528.53217,0.75906384
2201,736.9548,487.90253,0.7821204,729.3736,516.6152,0.87620175,828.78406,531.63074,0.8249296
2202,735.5945,487.95706,0.78985995,726.4031,516.59595,0.9173525,827.6025,532.1462,0.68973553
2203,734.9858,487.8254,0.80363876,724.85876,516.79193,0.9602455,825.1304,532.48535,0.8188642
2204,734.6096,487.58517,0.80364394,723.15485,516.1724,0.9966646,824.0368,534.90936,0.7889627
2205,733.9771,487.9378,0.81283814,722.0509,516.0678,0.99128866,822.41705,537.09863,0.8414425
2206,733.3471,487.5004,0.8298652,721.46643,516.0532,0.97665876,821.15607,539.767,0.84246504
2207,732.96063,486.72238,0.81486213,721.38354,515.67615,0.9576665,819.01996,542.5719,0.85174507
2208,732.64386,486.72,0.8127391,721.24567,515.324,0.9760812,817.9425,544.54816,0.78564286
2209,731.8657,486.4587,0.8068327,721.0716,515.1482,0.9565949,815.0529,547.77795,0.74336225
2210,732.36444,485.96445,0.79598016,720.7425,514.28436,0.9247659,812.94336,550.9467,0.7952546
2211,731.8838,486.51532,0.8165009,719.0434,514.3465,0.917525,810.9538,554.4692,0.7922207
2212,731.1102,485.93115,0.83035094,718.11945,513.6563,0.94419867,809.04297,557.85266,0.85272217
2213,729.9545,484.54855,0.85279876,717.42487,512.93176,0.95352167,806.3599,560.205,0.8555033
2214,729.59454,484.16678,0.8548984,716.9559,512.0413,0.9682487,803.90643,563.4756,0.88541055
2215,729.3929,480.8571,0.8560866,716.39105,510.71466,0.95654756,800.5896,567.5089,0.75083995
2216,728.56934,479.58694,0.85368615,716.1176,509.81256,0.9366423,795.4382,569.95605,0.9263084
2217,727.945,477.74503,0.82240826,715.80145,508.09802,0.91523397,790.2747,573.7166,0.93002343
2218,726.0047,477.31372,0.7977202,715.5728,506.14877,0.8882565,786.2044,574.64233,0.88031936
2219,725.469,477.2386,0.79227704,714.89844,505.4539,0.8599079,781.2684,575.11255,0.81238896
2220,724.6734,475.74777,0.8178422,713.69324,504.50833,0.8200007,778.82434,574.1619,0.88633853
2221,725.059,474.1959,0.820691,714.53046,503.1462,0.8511955,777.46497,573.232,0.85909754
2222,725.47974,472.62372,0.7956318,715.1378,501.68427,0.8757065,777.38916,572.0891,0.8525025
2223,725.55786,471.01083,0.7883627,715.76495,501.4752,0.86453265,777.1655,570.7806,0.83738774
2224,725.19165,470.21442,0.8412414,715.96,500.32867,0.88015026,777.2827,568.1828,0.78317714
2225,725.6257,469.54965,0.8510421,715.21625,500.03073,0.89357954,777.7085,565.96277,0.7869662
2226,723.4643,466.55295,0.9279857,713.73914,498.36737,0.8664733,777.31976,562.89685,0.86357945
2227,721.87335,464.9727,0.8650833,713.15845,496.00433,0.8565329,776.4612,559.3761,0.8866173
2228,719.876,462.0735,0.82827437,712.2498,494.4218,0.83851963,776.0242,556.7705,0.9179219
2229,719.3092,461.05316,0.8747798,710.84155,492.279,0.84910005,776.9774,554.74335,0.91638243
2230,718.3895,459.5385,0.89317083,710.4003,491.54517,0.8481836,779.02576,552.5531,0.8611938
2231,716.8801,458.72153,0.86596334,709.7658,490.52438,0.8151737,781.6635,550.6603,0.8644786
2232,715.80255,457.38083,0.8406258,709.0131,488.28214,0.82555753,784.16833,548.30896,0.84561396
2233,715.01215,456.68518,0.81598085,709.00995,487.129,0.85653454,782.4863,547.02435,0.9075173
2234,714.20306,455.08966,0.7776772,709.07227,486.0632,0.88958323,781.745,545.66644,0.9105992
2235,713.49274,454.55392,0.7599489,709.1694,485.19226,0.91086096,780.69916,544.0761,0.8973579
2236,712.26,453.178,0.79426736,708.88074,484.23865,0.92679614,782.16,541.43964,0.9543362
2237,713.02655,451.76224,0.7953546,710.19824,483.17276,0.862644,785.4655,538.72815,0.8723316
2238,712.5671,450.02136,0.7949793,711.2235,483.22232,0.8372735,788.98016,535.57794,0.880403
2239,712.72076,448.3992,0.7599237,712.68854,483.29004,0.76127356,792.15283,531.7147,0.8735891
2240,713.5514,447.46353,0.7480634,714.5486,483.7389,0.7758223,795.90533,527.07446,0.92713493
2241,715.14777,448.07993,0.7653199,714.6255,482.73758,0.7545034,798.2852,523.62177,0.92858505
2242,715.71387,446.17712,0.6956919,715.22266,480.94324,0.74551237,801.4877,521.01575,0.78323436
2243,716.3337,445.59833,0.70146054,717.7957,480.0018,0.7510476,804.63324,518.13196,0.90323687
2244,717.142,442.81345,0.709039,718.64606,477.27103,0.79936177,807.08496,515.424,0.89402735
2245,719.29364,442.93292,0.6962724,719.7262,475.76065,0.7712775,809.7859,511.0404,0.8989295
2246,721.9008,443.0189,0.64923036,722.30316,477.02472,0.81494886,813.4042,508.57144,0.8972579
2247,722.52454,443.4063,0.65300214,722.7091,477.4234,0.8396632,814.8727,507.31342,0.88482904
2248,721.8281,444.3251,0.65526474,722.6882,476.5933,0.824447,815.9292,506.06763,0.8257751
2249,720.56134,444.8582,0.6802195,722.3385,476.8052,0.8479013,817.11316,504.70523,0.7902593
2250,719.0624,446.08862,0.71848714,721.8638,476.35706,0.8488602,816.98785,502.3815,0.8230426
2251,717.439,445.59384,0.7335226,721.0467,475.78287,0.81299394,817.1293,500.04477,0.83308417
2252,716.12646,445.17755,0.7319298,720.9127,475.6472,0.82317543,818.75653,496.17847,0.81592774
2253,713.6163,444.48532,0.7152551,720.13135,474.74826,0.7736159,817.4703,491.88586,0.6959443
2254,711.1812,443.60944,0.7520459,719.2931,474.6951,0.768346,817.4776,488.2009,0.6257924
2255,710.389,443.57043,0.766553,718.7951,474.47287,0.7622327,816.88086,486.86346,0.6105766
2256,709.24976,443.4905,0.7862301,718.42523,474.67697,0.8017952,815.20984,483.96472,0.56634367
2257,708.47955,444.8381,0.79704374,717.73804,475.91153,0.84098387,814.27856,482.77335,0.46696636
2258,708.9287,447.06723,0.78421855,717.24023,478.51044,0.838891,815.1895,481.27792,0.7663269
2259,707.516,450.10278,0.8862548,716.653,481.22244,0.7998242,812.87573,479.2144,0.91807956
2260,705.14954,453.37442,0.8575205,715.6341,484.57925,0.8452222,810.4591,481.2172,0.8733807
2261,703.1995,455.68546,0.8087388,715.01697,487.32938,0.861383,807.94916,483.74768,0.82976305
2262,702.79803,457.71628,0.8317297,714.2607,489.8161,0.8156414,806.2729,484.89328,0.8313177
2263,701.65753,459.8742,0.82557875,711.60474,492.01077,0.80172056,804.7637,486.86765,0.8371182
2264,699.3801,461.66028,0.8375318,710.22534,493.37228,0.8142918,801.8908,488.42322,0.539604
2265,697.6817,462.3896,0.8068359,709.2606,492.80606,0.82567257,802.39886,487.0245,0.39220026
2266,697.00854,462.47946,0.79367125,708.6763,492.5569,0.8534234,802.7124,486.16718,0.6260562
2267,696.52234,462.60205,0.805942,708.39185,492.28235,0.8750965,802.79443,481.05005,0.7936182
2268,695.741,463.0961,0.80537075,708.4832,492.1875,0.85069686,802.76434,476.42514,0.7772935
2269,695.962,462.33148,0.8192156,709.09375,491.527,0.86116153,803.32166,472.78214,0.56605065
2270,697.65497,462.8801,0.80365825,710.3215,492.68515,0.8222222,804.3416,468.21777,0.6654818
2271,699.95245,463.96817,0.86448324,713.57007,492.59457,0.8292525,804.39575,465.7011,0.6776332
2272,701.31665,466.2948,0.9018712,715.9369,494.63803,0.88593453,805.24054,463.47137,0.66567826
2273,703.1284,467.9624,0.8590276,717.69226,496.03552,0.8575344,805.9607,461.4536,0.6250371
2274,705.4053,470.52527,0.8985997,719.7636,498.48868,0.8055517,807.30347,458.59406,0.7134339
2275,706.8901,473.37155,0.8982506,721.9351,500.64438,0.8620756,806.5185,455.74203,0.6472077
2276,707.9527,476.20096,0.92850554,722.4598,502.72214,0.8600152,804.24603,451.85815,0.68682134
2277,707.8834,476.8593,0.9190827,723.4255,504.29065,0.82757765,802.2778,449.50284,0.6953847
2278,708.35864,478.7012,0.8772747,724.2133,506.684,0.8767461,799.982,447.20703,0.7492683
2279,708.5875,481.0466,0.924719,724.0567,508.7683,0.92105204,796.5141,445.38956,0.86905
2280,708.12726,482.45715,0.9543031,724.4607,509.79974,0.9285583,794.47003,443.0101,0.75767106
2281,708.60706,484.15726,0.924995,726.24347,511.7097,0.7877304,792.27606,439.76086,0.6696723
2282,709.2645,485.30768,0.9215677,726.7389,512.6921,0.7507234,786.8679,434.95972,0.80894274
2283,711.19086,487.73444,0.807036,729.87427,514.4384,0.767247,783.53656,430.56696,0.83941627
2284,713.7798,489.454,0.7817841,733.01294,515.6742,0.862645,782.289,426.81506,0.8144086
2285,715.4365,491.2041,0.8009283,735.9081,516.12244,0.82781637,780.897,423.752,0.7941755
2286,717.3235,493.2085,0.782294,739.18665,516.199,0.8230469,779.9278,421.89456,0.8114197
2287,719.87555,496.37485,0.8135616,740.68634,518.1946,0.8218182,777.7864,420.9023,0.81685996
2288,721.3031,497.98856,0.8716272,741.52966,520.63184,0.8404568,776.4346,420.80612,0.8073627
2289,722.16876,500.30823,0.9198267,741.9394,522.06134,0.8391946,774.00134,421.21848,0.81495255
2290,722.1006,501.01416,0.93972516,742.23376,523.75354,0.86515605,772.31586,422.491,0.7902416
2291,721.36554,501.7771,0.9383499,741.5793,523.62866,0.8980269,772.058,424.0439,0.80905116
2292,720.58655,502.35388,0.91193026,741.50055,523.006,0.9185781,774.6742,425.33496,0.85769665
2293,719.2028,501.96356,0.89088994,741.3444,522.2012,0.9311683,777.5775,426.43988,0.8634279
2294,718.8113,502.14374,0.9021377,740.7314,521.31085,0.92007697,780.1185,427.54172,0.9002586
2295,718.1693,502.11975,0.9165785,740.6113,521.1519,0.9130154,781.8334,428.47723,0.88363147
2296,718.2674,502.2887,0.9045492,740.66125,521.2132,0.91043437,782.9286,428.83313,0.86195564
2297,718.25354,502.91956,0.9094284,740.86127,521.5901,0.9304117,782.62164,429.4342,0.8873955
2298,718.3836,503.60196,0.8960927,741.4216,521.9372,0.943111,783.2607,430.97186,0.8553716
2299,717.63947,504.77695,0.9200328,741.61487,522.2086,0.9553271,783.6493,431.69302,0.87263083
2300,717.89105,505.75595,0.9189919,741.6629,522.3652,0.95193034,783.2013,432.99567,0.8813515
2301,718.618,506.4097,0.89965934,741.976,523.4633,0.9346643,784.3435,434.63013,0.8498266
2302,719.65515,508.49036,0.9242167,742.838,524.9693,0.90310043,786.6327,437.59763,0.84821653
2303,720.2713,509.81918,0.94419867,743.8825,526.58374,0.88323605,789.0261,439.22784,0.8460089
2304,721.57745,511.28793,0.9484231,745.41766,527.4721,0.9085687,791.9249,441.76797,0.91077864
2305,722.1499,512.8395,0.9035553,745.68054,530.02606,0.92504334,793.7383,444.97705,0.8959166
2306,722.3211,514.7642,0.9252349,746.7447,530.8942,0.9538242,793.4377,446.28308,0.908016
2307,721.8502,516.9696,0.921351,746.6736,532.46814,0.9963375,792.97003,448.5471,0.8834128
2308,722.12604,519.3227,0.9402546,747.0041,533.75586,0.9636753,791.1142,449.70584,0.87702924
2309,719.93304,520.71545,0.90424615,746.0731,535.3621,0.91032416,789.3316,450.652,0.9108072
2310,718.12354,522.9355,0.9253032,744.25964,536.09247,0.87537533,788.1403,451.987,0.8999189
2311,717.50134,524.3722,0.95684767,744.9098,536.51025,0.87626773,787.2276,453.84232,0.8746915
2312,717.06744,525.7429,0.98354965,742.8611,537.55945,0.91554826,786.3585,455.53452,0.84322464
2313,716.3972,526.80194,1.0,742.7301,538.7684,0.9481818,786.42444,456.43268,0.8109865
2314,715.76013,528.88354,1.0,743.1112,539.44696,0.95498925,787.5696,457.28043,0.82314575
2315,715.648,529.96216,1.0,743.17444,540.1713,0.9450701,789.79553,458.60052,0.908388
2316,715.6801,531.07153,1.0,742.9066,541.5181,0.94070214,791.9097,460.56702,0.9710251
2317,715.5574,532.1214,1.0,742.69366,542.3117,0.92956465,794.2905,462.98706,0.9348979
2318,715.17926,532.53467,1.0,743.1338,542.4794,0.90886235,797.41925,465.98654,0.89666504
2319,715.4412,533.6537,1.0,743.81,542.9669,0.9045638,798.5948,466.89813,0.8524256
2320,716.3618,534.9137,0.9743348,743.99133,543.52155,0.8981578,797.7994,466.21982,0.83363205
2321,716.68866,536.45917,0.92483336,744.53,544.1138,0.8991967,795.26086,463.59195,0.9010506
2322,717.23956,537.67267,0.883166,745.03094,544.29083,0.8842451,791.9787,459.02966,0.89345694
2323,717.6788,538.2975,0.8607107,745.1323,545.10144,0.88216966,787.7908,454.3142,0.7786362
2324,718.73474,538.9692,0.8508185,745.975,543.73193,0.9070383,783.0864,450.54144,0.8538358
2325,718.89343,539.61597,0.84738755,746.4059,543.29706,0.92376864,778.568,447.06882,0.88942575
2326,718.2392,540.75037,0.82284456,746.4209,543.3642,0.9186076,773.2029,444.1376,0.89740217
2327,718.57385,541.4187,0.83130664,746.34375,543.82336,0.90227956,766.2934,442.5044,0.89343524
2328,716.67865,543.7259,0.8770631,746.0222,544.3096,0.8655829,760.0076,440.87543,0.94426537
2329,716.73474,543.8258,0.88903314,745.58563,545.75134,0.872726,756.79425,440.40817,0.86379474
2330,716.0815,544.1672,0.8854947,745.27783,546.3118,0.85956997,752.83746,441.64966,0.80716276
2331,715.43494,544.4669,0.925252,744.6911,546.74133,0.8779816,748.3607,441.71436,0.93449783
2332,714.4256,545.0263,0.9359191,744.69476,546.6195,0.90263075,745.462,441.0994,0.9430072
2333,712.42664,546.44794,0.943565,743.79456,546.04144,0.9088679,743.5229,441.01382,0.8719975
2334,711.8482,546.8037,0.95933205,743.0404,545.99066,0.9157046,741.89966,441.0835,0.84187627
2335,711.6743,547.03467,0.98203063,742.5813,545.75665,0.91488063,739.9131,441.4653,0.80272186
2336,711.15454,548.00275,0.9745303,742.91113,545.4424,0.908976,738.3127,441.36533,0.72838074
2337,710.63763,549.2782,0.9436655,743.40186,545.8433,0.9042707,737.2016,441.82507,0.76244986
2338,711.56537,549.34796,0.93351537,743.8026,546.06976,0.8950337,734.762,441.2487,0.7277831
2339,713.3312,549.99005,0.9269286,745.1711,546.9999,0.911116,733.8877,442.0439,0.7889806
2340,715.65356,553.1539,0.87821823,745.9314,547.5774,0.936878,732.94257,444.21484,0.90474993
2341,717.858,554.0937,0.84334844,748.81464,547.78687,0.9601515,729.6473,445.9127,0.89411235
2342,719.81903,554.4056,0.89878315,751.04913,547.7138,0.9347989,724.3419,447.15436,0.8599187
2343,719.9238,556.2247,0.9193936,751.36816,547.6198,0.91621953,715.0862,450.20828,0.96848613
2344,718.11633,560.0673,0.8730708,748.40326,547.65375,0.95550114,695.636,457.96173,0.8555677
2345,717.74695,562.09894,0.8578915,746.7831,548.51935,0.9365652,683.0752,467.31543,0.96518266
2346,720.1426,563.065,0.8150966,748.6259,549.9984,0.8693163,680.9545,473.46686,0.9444856
2347,722.63727,564.49994,0.9006128,751.1746,550.815,0.8284424,680.44324,478.8933,0.93117714
2348,725.0223,564.8473,0.9094652,754.34576,552.9188,0.8326897,682.06805,482.4731,0.94814485
2349,728.65656,565.85565,0.8740949,756.8576,555.2252,0.8355741,684.19214,484.82852,0.8751756
2350,731.0231,566.3228,0.9245754,759.51117,557.1657,0.8378374,687.4779,486.76086,0.81326056
2351,733.14484,567.8783,0.89676064,762.6286,559.1145,0.9175265,691.8063,487.72363,0.86114
2352,735.9598,568.17804,0.8894106,766.09485,559.05566,0.89432627,691.64386,493.06705,0.8043288
2353,739.1161,568.21954,0.9175598,769.3706,559.6461,0.9125736,694.03375,497.66724,0.8791628
2354,741.941,567.77594,0.89984995,772.0639,560.0654,0.9093768,695.35846,500.48212,0.8653467
2355,744.6677,567.1921,0.93314344,775.2448,561.7929,0.9300249,699.082,503.1442,0.7578964
2356,748.35736,567.57983,0.9410332,777.6286,562.3482,0.9603224,700.8763,505.625,0.7771272
2357,750.5014,568.06274,0.9126151,781.1551,562.2218,1.0,703.34344,507.23917,0.82927233
2358,753.08374,569.3729,0.9753098,783.8533,562.30396,0.9775493,705.7944,509.75177,0.9462042
2359,755.385,569.6003,0.9569222,786.0334,562.7642,0.9925138,708.16187,511.10153,0.86814547
2360,757.5344,569.49713,0.94317836,788.754,564.0805,0.9879339,710.493,514.6892,0.90563345
2361,759.7877,569.7964,0.8919707,791.0068,564.94354,0.9588537,712.98126,516.43494,0.76500857
2362,763.43823,569.5838,0.9071529,794.2421,566.2729,0.90720516,715.52594,519.29877,0.6779387
2363,765.9212,570.39075,0.9258634,797.6185,566.2666,0.8991633,717.3556,520.96704,0.6975905
2364,768.2434,570.2041,0.9632063,800.2031,566.25775,0.8379435,720.3583,521.4977,0.65281427
2365,769.5963,570.9301,0.99901193,802.2064,566.76135,0.8566281,722.0337,522.078,0.7350643
2366,772.77155,571.8416,0.98354214,803.99,566.13293,0.90686333,724.72485,523.4369,0.76032025
2367,774.2409,572.1094,0.9464802,805.4106,566.4055,0.9004875,725.5189,525.67316,0.8485056
2368,776.97516,571.7986,0.8848297,806.7801,566.0546,0.88816106,726.33636,529.4795,0.8709719
2369,778.3892,570.73584,0.8822857,807.8332,566.15186,0.85944504,726.2451,531.518,0.8479878
2370,778.51575,570.7475,0.87412405,809.2694,565.81726,0.8765479,727.73395,534.8338,0.58958805
2371,778.5679,570.5252,0.88907844,809.32275,565.2474,0.8983826,725.34534,537.94006,0.55110466
2372,778.00073,571.2849,0.8910498,807.7244,563.5612,0.92022413,724.0966,541.1212,0.60802454
2373,776.22925,572.28864,0.87743646,806.91113,562.8241,0.96149176,721.79596,546.2179,0.74612606
2374,775.0444,572.4678,0.89862424,805.41327,561.5479,0.9535232,720.7751,551.0623,0.38803127
2375,774.12714,572.8775,0.9203009,803.9456,560.36414,0.9491431,718.6827,554.8091,0.70775837
2376,774.2412,573.44574,0.90929157,802.67865,559.523,0.9208104,717.8949,558.18414,0.73870325
2377,774.02026,574.0598,0.9263186,802.1666,559.73914,0.9006558,717.0522,562.2187,0.786289
2378,773.85504,574.4844,0.93682253,801.1617,559.1452,0.9159636,717.2318,564.9184,0.7322248
2379,773.5637,575.6122,0.95240265,800.3034,560.15063,0.9344085,716.9963,568.49725,0.7618328
2380,772.57275,576.38074,0.9811856,799.52563,560.2519,0.9131423,716.44995,571.7731,0.8883838
2381,772.5479,577.4701,1.0,798.7417,560.15814,0.92788684,716.0696,575.75134,0.84252816
2382,771.96747,577.6523,1.0,797.7111,560.30676,0.96181196,715.90137,579.5999,0.8660345
2383,771.54047,578.30347,1.0,796.38324,560.45105,1.0,716.87036,582.6661,0.77214867
2384,771.0916,578.5135,1.0,794.6643,559.66595,0.95691997,716.37775,584.8515,0.7331474
2385,770.4906,577.9638,0.9804633,793.25214,556.9789,0.9225667,716.407,586.5375,0.8415666
2386,769.8459,577.3747,0.951781,791.30383,554.8422,0.92617446,716.1595,586.8659,0.83720285
2387,769.58673,576.1314,0.9387966,789.7419,553.0374,0.9438831,715.80524,587.97125,0.8874122
2388,768.1432,574.5028,0.9613678,788.92566,551.5254,0.9573439,715.48334,588.12213,0.902079
2389,767.13605,572.7257,0.9549587,787.2074,549.5924,1.0,715.1639,588.13635,0.8688795
2390,766.523,571.3006,0.9730488,785.80066,547.6484,1.0,714.2404,587.78986,0.8418717
2391,765.3755,569.26294,0.9713525,784.59503,545.9744,0.9644472,713.4399,587.51447,0.8167569
2392,764.42535,566.79065,0.9321874,783.1457,545.0838,0.9221024,712.98254,587.0506,0.78635335
2393,763.06146,565.2617,1.0,782.1798,542.1742,0.95739913,712.0577,586.4324,0.7557912
2394,762.1369,563.84717,1.0,779.0932,538.3735,1.0,710.96045,585.482,0.74389654
2395,761.32446,562.1796,1.0,777.4932,535.62555,1.0,709.92206,584.0152,0.71007544
2396,760.0269,560.10486,0.93851674,774.69525,532.9213,1.0,709.47235,583.16284,0.7175833
2397,759.04553,556.9866,0.9756357,773.3874,531.33765,1.0,709.1251,581.05524,0.6088416
2398,758.10315,554.51166,0.9548776,771.1216,528.60846,1.0,708.3211,579.6382,0.71486455
2399,755.7869,550.67706,0.95242494,769.70654,524.829,0.9730765,706.837,578.3207,0.6578741
2400,755.81757,548.29614,1.0,768.3977,522.2623,0.9907937,706.94635,576.57947,0.6741507
2401,754.94684,546.4892,0.9907283,766.8664,519.88257,1.0,706.3707,575.3061,0.7008778
2402,754.4963,544.98157,0.95622426,765.54974,517.4552,1.0,705.39343,573.5132,0.8377511
2403,753.68506,542.04144,0.95933133,764.8793,515.8132,1.0,705.0582,572.4956,0.85839313
2404,753.2638,540.57446,0.99755436,764.22455,514.4631,1.0,702.95154,571.32684,0.79796344
2405,752.9485,538.2525,1.0,761.78156,510.0151,1.0,701.97876,569.72986,0.8020528
2406,752.4783,536.35944,0.9790005,760.1193,506.27338,1.0,701.47,568.3305,0.7955619
2407,751.84985,535.02966,0.9917916,759.15247,504.13394,1.0,701.3936,567.9214,0.7439604
2408,751.79065,532.9167,1.0,757.9476,502.6242,1.0,699.8537,566.05835,0.79462934
2409,751.46014,532.05963,1.0,757.39954,501.8127,1.0,697.8556,564.9958,0.7856997
2410,751.0668,531.8422,1.0,757.22095,501.56305,1.0,697.08496,564.5068,0.8230127
2411,749.8416,531.64404,1.0,756.6251,501.17307,1.0,695.30786,564.7767,0.8402205
2412,749.07825,531.277,1.0,755.915,500.7826,1.0,694.44635,564.2293,0.8548431
2413,748.5375,531.058,1.0,755.34045,500.36404,1.0,693.9506,564.02734,0.85822904
2414,748.10333,530.6746,1.0,755.1768,500.2015,1.0,693.8019,564.1588,0.85226923
2415,747.574,530.59015,1.0,754.8346,499.89432,1.0,693.67993,565.4249,0.79303515
2416,747.1585,530.2439,1.0,754.32776,499.332,1.0,694.12604,566.4437,0.75345254
2417,747.38763,529.84784,1.0,754.0941,498.92062,1.0,694.49005,566.5605,0.8142496
2418,748.5008,529.1444,1.0,754.50684,498.72192,1.0,696.1122,567.22675,0.7555324
2419,749.2901,528.6736,0.97940564,754.2352,498.08102,1.0,697.18427,568.0195,0.7632164
2420,750.455,527.85565,0.9568432,754.3281,496.82043,1.0,698.54956,568.9514,0.74227214
2421,750.22473,526.95953,0.9732244,754.2538,496.40494,1.0,698.65393,569.0872,0.7259901
2422,749.82513,526.75385,0.9765107,753.91895,496.04037,1.0,697.8486,569.21515,0.72577876
2423,749.38275,526.8386,0.97448003,753.7727,496.08182,1.0,696.68604,569.4815,0.70656663
2424,749.17316,526.9018,0.9746633,753.41254,496.21738,1.0,696.2583,570.2534,0.7890217
2425,748.8005,526.8308,0.9921407,753.1601,496.44748,1.0,696.6035,570.5701,0.73525715
2426,748.9039,526.8275,1.0,752.77234,496.28137,1.0,696.42834,571.07806,0.80407876
2427,748.65826,526.7068,0.9967854,752.52057,496.2835,1.0,697.12164,571.41003,0.82738066
2428,748.31006,526.50476,1.0,752.28687,496.36362,1.0,697.2025,572.09814,0.7770744
2429,748.05365,526.4912,1.0,751.69464,496.8284,1.0,696.4986,573.0036,0.9014693
2430,747.69666,526.0801,1.0,751.2919,497.2049,1.0,694.54126,573.68317,0.92695343
2431,747.982,526.7911,0.997443,751.50916,497.05417,1.0,691.52094,573.54376,0.8730501
2432,748.19,527.22156,0.9858435,751.7468,497.26352,1.0,688.80945,573.7736,0.958603
2433,748.5429,527.4504,0.9773971,751.87146,497.54135,1.0,688.9068,573.8233,0.93694043
2434,749.43896,527.2383,0.9496111,751.995,497.8455,1.0,690.0856,574.6926,0.95698524
2435,751.4809,526.6364,0.9214394,752.60706,498.2953,1.0,692.2152,575.2676,0.92582
2436,752.79315,527.1486,0.91958517,753.3648,498.61557,1.0,693.9435,575.6186,0.8903052
2437,753.9224,527.2659,0.96561104,754.7951,499.16464,1.0,694.7664,575.91284,0.87010336
2438,756.1238,528.30536,1.0,756.6357,499.03418,1.0,695.8811,575.7355,0.85874784
2439,757.7463,529.0444,1.0,758.3798,498.70334,1.0,696.3804,576.07513,0.83923864
2440,759.89166,528.94116,0.9410943,760.3932,498.39536,0.996214,698.1735,577.62836,0.8718164
2441,762.25494,529.7221,0.9456391,762.8006,498.82578,1.0,699.39923,578.1715,0.88854873
2442,763.72955,529.064,0.928104,764.6476,499.27087,0.982485,698.8044,578.0613,0.92605126
2443,766.08203,529.8278,0.91162264,765.798,499.23578,0.95941514,696.46204,575.39026,0.8524469
2444,767.97955,529.44336,0.892886,766.13513,499.47018,0.9338302,692.9875,572.2659,0.76568186
2445,768.30206,529.1432,0.88539296,766.3882,499.86234,0.93365145,685.72784,568.89923,0.72800964
2446,768.4385,529.86664,0.9089592,766.6803,500.00848,0.923827,684.57263,568.1643,0.6894034
2447,768.73914,529.1559,0.9132059,767.18176,499.45895,0.9675596,686.4082,569.6738,0.7561464
2448,769.4523,529.0132,0.9285879,767.8699,499.59924,1.0,690.98004,571.32404,0.80303895
2449,769.9212,528.7685,0.94492424,768.44714,499.64053,1.0,693.9965,571.8527,0.8090228
2450,770.8187,529.4284,0.99527794,769.7099,499.74176,1.0,696.57245,573.08923,0.8303531
2451,771.1713,529.84106,1.0,770.98315,500.22684,1.0,700.1869,573.8795,0.89121085
2452,772.5688,528.7409,1.0,773.4273,500.00433,1.0,705.2378,574.5033,0.917597
2453,774.78674,529.8647,1.0,775.4719,499.59125,1.0,708.64374,575.23346,0.92982614
2454,778.5413,530.25507,0.96079344,778.2781,499.4292,1.0,711.64844,576.1494,0.8675257
2455,780.03534,529.96783,0.9881876,781.168,499.81073,1.0,715.7388,577.3248,0.9091213
2456,782.9692,530.3794,0.94891655,783.02704,499.5314,1.0,722.21234,577.3736,0.8364401
2457,785.9226,530.3317,0.9859162,784.9514,500.21704,1.0,725.6315,578.7496,0.87555057
2458,786.76843,530.322,1.0,785.8687,500.4504,1.0,728.3366,578.6418,0.86979985
2459,787.0789,530.3562,1.0,786.95984,500.46857,1.0,730.2976,579.0079,0.90743184
2460,787.61365,530.4945,1.0,788.1033,500.60645,1.0,732.2546,579.5703,0.9273684
2461,788.21625,530.20447,1.0,789.01276,500.32254,1.0,733.8517,579.9213,0.867658
2462,789.59045,530.1004,1.0,789.7774,500.31766,1.0,735.55536,580.32117,0.80655384
2463,790.80676,530.1536,0.99288905,790.2231,500.19293,1.0,737.2813,580.29486,0.82973593
2464,791.66724,530.30096,0.97036314,790.7536,499.9414,1.0,737.8062,580.30286,0.8649282
2465,792.2437,530.51154,0.9714171,791.543,499.69785,1.0,738.85004,579.89136,0.8904693
2466,793.7148,530.2965,0.97936606,792.2468,499.4696,1.0,739.60455,579.83545,0.8725264
2467,794.57544,530.31885,0.9907197,792.4485,499.6338,1.0,739.53595,580.1987,0.85719305
2468,795.2164,530.3577,0.9910593,792.9193,499.82132,1.0,738.6116,581.72626,0.81086445
2469,795.9597,530.85645,0.9904385,793.2041,500.12952,1.0,737.30194,582.53424,0.7628099
2470,796.37415,530.8206,0.9934514,793.4428,500.3266,1.0,736.8732,582.3972,0.6796477
2471,796.5359,530.93805,0.97685856,793.72455,500.28516,1.0,734.43243,583.167,0.82065725
2472,796.2628,530.76465,0.99140066,793.48804,500.25812,1.0,734.65375,584.2024,0.82273865
2473,796.4142,531.0134,0.97679955,793.4009,500.12323,1.0,736.52454,585.1824,0.7376359
2474,796.21497,530.59283,0.9833589,792.8679,500.023,1.0,738.15924,585.9695,0.68193877
2475,796.1589,530.91974,0.99856776,791.9548,499.89032,1.0,738.4723,586.7366,0.7502905
2476,795.88336,530.62775,0.9939133,791.55536,499.92694,1.0,738.8046,586.76605,0.7662373
2477,796.05804,530.0703,0.98621935,791.24274,499.92267,1.0,739.3933,586.6848,0.757752
2478,795.8106,529.21716,0.9768354,790.74695,500.0054,1.0,739.5722,586.7071,0.80600077
2479,795.6148,530.1065,0.9813922,789.9548,500.00122,1.0,739.10443,587.227,0.8039663
2480,795.4455,529.53204,0.975429,789.4723,500.17862,1.0,735.45496,587.2378,0.8743223
2481,794.9436,529.9702,0.9715973,789.1668,500.2429,1.0,729.5936,587.5459,0.9787082
2482,793.69257,530.03534,0.9594788,788.5588,500.35086,1.0,721.36945,585.264,0.70098406
2483,793.16205,529.9311,0.93669075,787.495,500.26672,1.0,712.2705,580.2895,0.68442
2484,792.9163,530.1312,0.94206625,787.1738,500.45966,1.0,709.58215,578.9671,0.74487484
2485,791.80554,528.0046,0.9437081,786.6547,500.25226,1.0,711.135,579.44415,0.6653693
2486,791.60046,528.20886,0.95268285,786.4481,500.18198,1.0,713.28955,580.3467,0.58141506
2487,791.37054,527.9159,0.94383246,786.8758,500.53818,1.0,714.33954,580.527,0.7069645
2488,791.1296,528.187,0.957386,786.386,500.12173,1.0,714.1207,581.3246,0.63882685
2489,790.32214,527.84064,0.9731112,786.09644,499.8369,1.0,715.5899,582.7037,0.73684794
2490,789.90027,527.6576,0.96915585,785.6505,499.54932,1.0,717.41534,582.98413,0.71235406
2491,790.02563,526.4941,1.0,785.9512,499.80347,1.0,716.74255,582.49744,0.6686398
2492,789.63885,528.11597,0.9945566,785.7373,500.01627,1.0,715.7765,581.45807,0.692878
2493,789.4236,528.15607,0.987148,785.0151,500.34775,1.0,715.79755,580.71295,0.75650024
2494,789.2357,527.5777,0.98214424,785.3412,500.13962,1.0,715.6378,580.3071,0.8297657
2495,789.062,527.4742,0.98322207,785.39777,499.2019,1.0,717.2897,580.46423,0.7977444
2496,789.50354,527.96796,0.9831956,785.57184,498.9221,1.0,719.4161,580.59375,0.7435485
2497,789.49384,527.943,0.98373854,785.3538,498.94193,1.0,722.4471,581.80646,0.72787446
2498,789.3886,527.9925,0.9869115,785.25433,498.63492,1.0,724.99915,582.70404,0.7469436
2499,789.4588,528.0429,0.9914139,784.8182,498.50024,1.0,726.2786,583.6721,0.7795457
2500,789.085,528.2481,1.0,784.63544,498.3407,1.0,728.0401,585.23035,0.71640944
2501,789.36237,527.1867,0.97826976,784.38745,498.3194,1.0,728.2956,584.73865,0.7777233
2502,789.3988,527.1733,1.0,784.20544,498.25812,1.0,729.8147,584.9882,0.8192524
2503,789.28784,527.1997,1.0,784.24725,498.24014,1.0,731.58466,585.1706,0.80278
2504,789.11536,527.96216,1.0,784.1065,498.11737,1.0,732.805,585.177,0.8382122
2505,789.4537,528.17804,1.0,784.04913,498.1793,1.0,734.43414,584.7943,0.79649925
2506,789.7314,527.8431,1.0,783.66473,497.90796,0.9934857,735.2077,585.4605,0.7343534
2507,789.2716,527.46204,1.0,783.4924,497.91757,0.99468595,733.6783,586.15454,0.81204367
2508,788.88367,527.06165,1.0,783.1312,497.75867,0.9850551,729.1993,587.4124,0.826668
2509,788.6084,526.4711,1.0,782.6098,498.34128,0.9690221,722.89825,587.19775,0.86155295
2510,788.1435,526.36694,1.0,782.3509,498.73053,0.9490444,716.3173,585.26263,0.8373675
2511,787.84204,526.74207,1.0,781.6109,499.19055,0.9469608,716.5621,584.00464,0.8063134
2512,787.83673,526.11414,1.0,781.69214,499.4417,0.9462101,715.94977,583.32446,0.80958605
2513,786.9535,525.7465,1.0,781.4494,499.541,0.9377524,714.19867,583.08136,0.78320277
2514,786.8898,525.9068,1.0,781.4783,499.57635,0.943386,711.10626,580.7928,0.76968926
2515,786.54016,526.2195,0.98796606,781.2259,499.63095,0.9567098,707.15784,578.3712,0.6771687
2516,786.0531,526.35364,1.0,781.2217,499.91922,0.9549659,1320.2458,801.95667,0.72800094
2517,785.51086,526.79517,0.9619234,780.6424,499.9018,0.97190833,1319.4794,801.8715,0.5791434
2518,783.39105,526.42346,0.91773385,780.1786,500.19278,0.9514516,1319.9537,801.78876,0.626467
2519,781.86194,526.5878,0.865509,779.75323,500.07034,0.9392893,679.88,543.27594,0.7512086
2520,780.35406,526.5598,0.8363828,779.3223,500.39468,0.9324723,1320.4882,802.1367,0.74962294
2521,780.3959,527.8068,0.8570594,778.8526,500.32562,0.94936705,1320.736,802.44916,0.7638004
2522,779.3543,527.9115,0.86745507,778.0708,500.27988,0.9556264,1320.7188,801.98584,0.77350277
2523,778.6719,528.19977,0.8479771,778.75006,500.16156,0.93929774,1321.3704,802.2098,0.72673106
2524,778.0994,528.4618,0.8392754,779.30707,500.02664,0.95024925,1322.3922,802.4731,0.7794547
2525,778.8258,528.846,0.85308903,780.14136,499.87738,0.96229035,676.26495,514.51843,0.77763045
2526,780.6174,529.2917,0.87875706,781.5375,499.8751,0.9636188,1324.5493,802.7321,0.832488
2527,781.64636,529.52936,0.8716057,782.7282,500.0626,0.9259275,678.6891,511.2671,0.76730245
2528,783.848,529.0328,0.87405735,785.243,500.03003,0.9938003,680.87683,509.08395,0.78149736
2529,786.3267,529.01575,0.9310685,786.88257,500.18936,1.0,683.67694,505.6263,0.87156886
2530,787.502,528.9451,0.98100036,788.65967,500.07672,1.0,686.2421,501.24103,0.8678355
2531,788.2768,529.0164,0.96801585,789.87396,500.19107,1.0,690.4768,495.48807,0.82540375
2532,789.7742,529.1551,0.95952857,792.6734,499.7267,1.0,694.7284,488.51566,0.8403481
2533,790.56433,529.38544,0.9483537,794.80145,499.12802,1.0,698.3129,483.3423,0.9384131
2534,792.1111,529.2841,0.9173382,796.743,499.07883,1.0,702.4012,478.0316,0.93961287
2535,793.375,529.1061,0.9026337,798.01746,498.9857,0.99278504,706.1632,473.06738,0.8331978
2536,794.0632,529.304,0.9218094,798.88666,498.52716,0.9840663,709.44366,467.806,0.89721465
2537,794.2593,529.19684,0.9325176,799.66583,497.43475,1.0,712.11053,463.47842,0.86504745
2538,794.85333,529.09326,0.9219716,801.11646,497.67715,1.0,713.7862,460.33017,0.9332861
2539,795.61945,529.0289,0.91527504,802.19556,497.46747,1.0,715.5658,458.1436,0.97529036
2540,796.6498,528.7024,0.9255906,803.1636,496.9691,1.0,718.5078,455.8604,0.83563733
2541,797.4334,528.50806,0.9386166,804.7166,496.4176,1.0,724.2327,451.7668,0.84280556
2542,797.45825,528.2862,0.9589644,806.2949,496.46487,1.0,728.1501,449.54178,0.84963197
2543,797.6905,528.34735,0.9608024,807.60645,496.7502,0.99733675,731.54285,446.34476,0.9006486
2544,797.6773,528.61743,0.94469863,809.0784,498.16974,1.0,736.9645,442.6283,0.7780638
2545,797.6022,528.2444,0.9488836,810.32825,496.8427,1.0,742.65405,438.59894,0.82511693
2546,797.0157,527.8271,0.93350464,810.82513,496.4172,1.0,747.8164,435.77902,0.82303166
2547,796.61005,527.679,0.92824954,811.56396,496.18262,1.0,752.4637,433.1859,0.7541889
2548,796.97156,526.72955,0.94055194,812.8173,495.07397,1.0,759.2509,429.5021,0.74577737
2549,796.8272,526.36584,0.9446067,813.20764,496.58112,1.0,763.4705,427.6696,0.8262506
2550,797.3791,526.44305,0.90839624,814.6117,497.0232,1.0,768.4607,426.2698,0.61995333
2551,798.1378,526.6887,0.8960302,815.8963,496.7554,1.0,771.34454,425.69934,0.7075125
2552,798.1756,527.9172,0.8872338,816.5411,498.4625,1.0,773.101,425.65,0.8114451
2553,797.4664,528.6622,0.88382894,818.1064,499.7422,1.0,773.6816,426.09293,0.7480049
2554,799.0188,529.2415,0.8780859,819.21844,500.51187,1.0,774.7213,424.7873,0.70983994
2555,799.23804,529.9598,0.89104265,820.1005,501.01462,1.0,1350.9349,828.6424,0.6535361
2556,799.27966,530.0425,0.8802021,821.38,502.1517,1.0,775.5724,423.5001,0.72762233
2557,800.755,530.31714,0.8872265,822.8563,504.23853,0.9628032,784.0487,423.9723,0.75011075
2558,801.4893,530.4997,0.90959877,823.81885,505.18192,0.94596094,792.2021,422.54437,0.6635653
2559,801.6956,531.1824,0.9373339,825.6066,506.5734,0.9442619,797.95386,424.45825,0.7820533
2560,802.046,531.61707,0.94262457,826.53107,507.87323,0.95609885,803.61383,424.86386,0.77887845
2561,802.76184,531.6068,0.95756227,828.2918,508.75726,0.98217326,808.1207,425.5977,0.8984086
2562,803.4662,532.0116,0.96914524,829.3598,509.79977,0.9814146,814.0836,426.9984,0.84864
2563,804.23914,531.10657,0.99882543,831.6384,511.05048,0.92638403,1352.4701,843.21216,0.79779005
2564,805.1473,529.9948,1.0,833.42346,511.84128,1.0,1352.6904,845.4928,0.7758651
2565,808.15967,528.01447,0.898071,837.13934,511.97018,1.0,841.5229,430.54025,0.81815654
2566,813.28076,525.8764,0.93132794,842.06934,513.0816,1.0,1352.3438,849.8197,0.71734834
2567,816.2041,524.1751,0.96554285,844.6794,511.57275,1.0,856.814,433.42487,0.7426377
2568,817.1836,523.3425,1.0,846.8883,512.8689,1.0,860.28265,433.2605,0.76735425
2569,816.8827,523.55786,0.99006575,847.0559,512.47925,0.9959433,861.5953,432.21252,0.7943424
2570,816.3748,523.85394,0.9876629,846.43555,514.63416,1.0,861.36487,430.51526,0.7314818
2571,815.09705,524.63434,0.95657367,844.79504,515.0144,1.0,859.981,429.93024,0.6951821
2572,813.5073,525.61914,0.95825887,842.3608,515.8212,0.99918264,857.97656,427.79562,0.71610355
2573,812.18427,525.3948,0.9347816,840.84735,516.0872,0.9676765,1341.359,858.63116,0.72062886
2574,809.2791,524.944,0.87929934,839.1264,515.6426,0.9830485,1338.34,859.7809,0.6224571
2575,806.1828,526.4085,0.93524855,837.4815,516.27515,1.0,855.64105,429.51874,0.73351413
2576,804.48987,527.44745,0.9590518,835.43146,517.26337,0.9684368,1333.3589,862.965,0.7717072
2577,803.20966,529.6922,0.98980564,833.67523,518.21655,0.9379567,1331.8488,863.6185,0.8345027
2578,801.4685,529.28845,0.9676452,832.83124,518.73926,0.9010232,1330.6383,863.79425,0.7827161
2579,798.93555,530.07733,0.94558734,831.0534,519.51935,0.9072478,843.5313,432.9677,0.8109926
2580,798.01996,529.431,0.9775385,828.98236,521.26666,0.97578883,834.7004,432.9264,0.8435252
2581,795.46936,530.884,1.0,826.174,522.1491,0.964844,826.6775,433.36456,0.91633433
2582,791.9766,532.3082,0.9933946,823.7291,523.1094,0.9300238,818.0681,433.13266,0.88681436
2583,789.29755,532.90265,1.0,820.72156,524.506,0.99071807,811.11115,434.38364,0.9366572
2584,787.38403,533.6292,1.0,817.25305,525.5179,0.94933826,804.69934,436.01025,0.9125556
2585,784.95776,534.17834,0.9878631,815.0135,525.90454,0.9241189,796.876,437.822,0.8813776
2586,781.5665,534.7591,0.96842843,811.55255,527.6066,0.94133604,789.91425,439.6154,0.86558485
2587,778.5762,534.6424,0.92881554,809.24634,530.10516,0.92663664,782.50256,442.3639,0.88806957
2588,775.36426,536.8858,0.92934865,806.6638,530.2558,0.9542959,776.7998,444.11237,0.9989752
2589,773.2094,537.91455,0.9692691,804.4195,531.2626,0.9948696,771.41156,446.59045,0.94993126
2590,771.8372,539.5378,1.0,802.1586,532.8995,0.99014986,765.41656,448.4335,0.8889677
2591,769.3995,540.0007,1.0,800.1548,532.8802,0.9818106,760.79535,449.76828,0.9046703
2592,768.36194,540.70654,0.98251253,799.2582,534.01984,0.9144761,756.628,448.74658,0.81385803
2593,767.01135,541.88873,0.93259585,798.44275,534.6051,0.9099769,755.821,447.84628,0.86247206
2594,765.1764,544.7969,0.9705023,797.425,535.5506,0.93138444,760.53516,447.20084,0.9067348
2595,764.7126,545.7639,1.0,796.4846,538.32904,0.9929969,763.5412,448.77615,0.96109635
2596,764.5756,546.3921,1.0,796.38214,539.89636,0.9952311,766.55316,449.13867,0.96133447
2597,764.02673,547.6528,1.0,794.74554,543.0285,0.9499906,769.0156,450.5729,0.90827066
2598,764.1114,549.02576,0.99423534,794.74146,543.4394,0.9411019,769.89624,450.03662,0.9484854
2599,765.06885,550.2455,0.99849087,795.3662,543.9909,0.94947916,770.472,449.58685,0.9805565
2600,764.5862,550.2469,0.98823994,794.6196,543.83936,0.9442431,771.14105,449.1845,0.97138095
2601,764.63794,550.4814,0.9717616,794.74304,541.6691,0.97445977,772.2171,449.17157,0.9813903
2602,764.5237,550.95386,0.9579002,794.7854,543.0509,0.95787615,773.1125,449.21768,0.91976404
2603,764.4036,552.95386,0.90960705,794.44684,543.9789,0.94344497,773.99097,448.996,0.8968606
2604,764.98627,551.33234,0.92284316,795.0166,542.7166,0.9967132,774.26166,447.42108,0.90071744
2605,765.12854,553.0419,0.9100005,795.1084,542.5616,0.99549526,774.17694,446.91113,0.89966726
2606,765.9496,551.6974,0.90656465,795.9638,542.8897,0.9667123,772.95374,446.5917,0.9268545
2607,766.39984,553.7401,0.9192583,796.4915,543.3706,0.96199757,770.9373,446.84814,0.94625854
2608,766.83484,554.16943,0.9279142,797.0107,544.80676,0.96403825,769.5809,447.3585,0.94912106
2609,768.02167,553.6909,0.9240311,797.26013,544.8851,0.97491425,768.45966,447.749,0.9353971
2610,768.2491,554.4554,0.94596416,796.8897,544.9176,0.975804,766.6184,448.9906,0.9709687
2611,767.84265,556.16797,0.94406015,797.00055,545.77997,1.0,766.1394,450.34625,0.9522319
2612,767.7391,557.3945,0.94462246,797.41064,546.7509,1.0,765.9336,451.7545,0.9364346
2613,767.0783,559.23126,0.93053335,797.4817,547.80035,1.0,765.8761,453.32535,0.89437294
2614,766.2661,561.2587,0.94128233,797.34735,549.1254,0.9972753,765.4296,454.51947,0.90438104
2615,766.07764,561.4797,0.9221606,797.32996,549.62775,0.9764805,765.011,455.5031,0.87249845
2616,766.08246,562.42316,0.9565744,797.2109,550.59064,0.95727026,764.3192,456.289,0.92431957
2617,766.3414,562.96466,0.9374325,797.1054,551.31934,0.9055905,764.0466,456.80264,0.950258
2618,766.44684,563.3869,0.939817,797.2993,551.91766,0.88461757,763.757,457.24924,1.0
2619,766.5768,563.4548,0.93539554,797.2786,551.81494,0.89887804,763.5364,457.63312,1.0
2620,766.58167,563.4326,0.9388702,797.1588,551.6814,0.92242783,763.40424,458.156,1.0
2621,766.75836,563.6594,0.95152974,797.3688,551.8898,0.92685026,763.2786,457.92874,1.0
2622,766.6057,563.62726,0.9468384,797.70526,551.5256,0.9329048,763.38464,458.14648,1.0
2623,767.4706,563.5343,0.94502777,797.6609,551.7028,0.9118765,763.58044,457.98734,1.0
2624,767.896,563.8338,0.95646787,797.38855,551.75305,0.9066706,763.5262,457.99554,1.0
2625,767.592,564.2627,0.94976324,797.2571,551.8447,0.926308,763.5746,457.8653,1.0
2626,767.76,564.11505,0.94713974,797.32837,551.8643,0.9085818,763.67633,458.38202,1.0
2627,767.5717,564.19543,0.9570499,797.7101,551.67316,0.9194748,763.2261,458.65756,0.97425663
2628,767.85046,564.56604,0.94986755,797.62885,551.962,0.89988023,758.7803,460.72318,0.9246617
2629,768.11005,564.4693,0.95939684,797.7917,552.285,0.9075372,753.50146,462.94833,0.8916352
2630,768.6974,564.4054,0.9754429,798.7068,553.1284,0.9070338,748.9549,466.97122,0.9147176
2631,768.98676,564.96716,0.97742754,799.7307,553.7303,0.8763523,748.04663,469.60645,0.85721695
2632,769.2528,564.89856,0.97935504,800.42975,554.3558,0.8689923,748.38824,470.52808,0.80531085
2633,769.50977,565.2594,0.9640602,800.7103,555.205,0.870601,748.4554,472.2778,0.72152424
2634,770.016,565.45044,0.9741206,801.11786,554.9816,0.88129514,748.38116,474.047,0.7536495
2635,770.1694,565.2383,0.9771331,801.6754,555.1128,0.89556897,748.5652,477.09158,0.9055548
2636,770.1847,565.4021,0.9700967,801.81433,555.3184,0.8865488,747.8121,478.50085,0.90267956
2637,770.521,564.9026,0.9976793,801.7615,555.3545,0.89425904,747.5664,479.35904,0.8655269
2638,770.87555,564.42773,1.0,802.183,555.7406,0.9109387,744.3332,482.56665,0.9027573
2639,771.6019,564.0192,1.0,802.5053,556.49493,0.9217002,741.46716,484.68402,0.86392426
2640,771.8448,563.77515,1.0,802.8205,556.06335,0.9133949,739.82043,486.90945,0.8124818
2641,772.1698,563.6277,1.0,803.25134,555.6242,0.9059818,738.3008,490.3079,0.75099874
2642,772.68933,562.88153,1.0,803.3004,554.7902,0.89705956,734.07965,493.0707,0.8289542
2643,772.6511,562.64655,1.0,803.5931,554.6332,0.90122765,733.4685,491.91776,0.80525506
2644,772.40424,562.8964,1.0,803.5335,553.63086,0.9014688,730.71106,491.81558,0.8631412
2645,772.19116,562.78375,1.0,803.16956,553.3161,0.8900047,729.2777,492.09106,0.85194176
2646,772.10693,562.6805,1.0,803.0224,553.4212,0.9006817,728.30316,492.78442,0.85465336
2647,772.3107,562.4094,1.0,803.4109,553.05206,0.88877386,726.88367,494.48483,0.63667446
2648,772.4075,562.3334,1.0,803.3723,552.90063,0.90070385,726.0829,496.4493,0.68883663
2649,772.34906,562.96295,1.0,803.2739,552.9058,0.9094065,726.25726,497.4621,0.73946726
2650,772.5153,562.9827,1.0,802.9033,552.6693,0.8838318,723.6903,500.43793,0.84233505
2651,772.57385,563.62946,1.0,802.9736,552.3323,0.8751957,721.23846,505.9296,0.8297998
2652,772.71594,563.67145,1.0,802.62775,553.0429,0.89215213,717.1817,513.1538,0.8380029
2653,772.50165,564.2911,1.0,802.0521,553.3507,0.9064234,715.22266,517.81976,0.6535976
2654,771.99164,564.55115,1.0,801.0215,551.4942,0.92162174,712.2683,522.7577,0.46521524
2655,771.5873,566.3683,1.0,800.45844,551.3091,0.88547105,709.42786,526.7961,0.58281326
2656,771.0722,567.1861,1.0,800.06,551.2988,0.9151315,705.7071,530.1787,0.6413884
2657,770.62036,567.81744,0.9917141,799.24133,550.8736,0.91305393,700.6614,530.5888,0.8473772
2658,769.87213,569.3897,0.974962,797.7066,549.9445,0.95079577,697.8356,526.7431,0.87960136
2659,769.31323,570.2604,0.9757188,796.32605,549.2367,0.9469556,697.0606,520.92365,0.8722862
2660,768.99316,570.729,0.98259974,794.32983,549.907,0.97189564,697.07764,513.8039,0.8527527
2661,768.44977,571.27075,0.96746665,792.7573,549.5501,0.97239584,698.633,506.22296,0.87632865
2662,766.3631,571.53296,0.92523706,790.3516,548.6556,0.9814553,699.6074,500.0583,0.85654247
2663,765.3806,572.0174,0.9573679,788.05023,548.30853,1.0,698.9457,495.05017,0.86085355
2664,764.892,572.4209,0.9554423,786.31104,548.6311,0.99474734,700.0759,489.76587,0.88075304
2665,763.6593,571.6919,0.97221977,784.3959,548.6877,0.9881443,701.2059,485.91748,0.79473364
2666,761.0534,572.60986,0.9127789,783.2867,548.73315,1.0,706.6691,481.53525,0.8450459
2667,759.62494,573.49316,0.9105763,782.4372,549.412,1.0,711.4999,477.36398,0.8676925
2668,758.471,572.7597,0.92111546,781.8957,549.57275,1.0,717.057,473.1254,0.87835634
2669,756.0847,572.2558,0.9885716,780.16675,549.2003,1.0,721.1471,470.64206,0.8393616
2670,753.96936,567.97516,0.9209636,778.019,547.4003,1.0,722.94055,465.10342,0.9436627
2671,751.45496,563.9649,0.8463767,774.88385,543.03265,0.9628416,724.16425,460.87936,0.86110437
2672,748.9445,561.44806,0.89372236,773.12244,539.2758,0.9777002,728.498,456.70065,0.73631203
2673,748.5411,559.16656,0.8603843,773.32495,538.15546,0.9636232,731.8589,454.49106,0.7204194
2674,748.66095,557.3425,0.89848304,773.82184,536.8734,0.9336763,740.1274,452.64224,0.74879485
2675,749.50134,554.92926,0.8621105,773.903,534.3766,0.9970119,747.3429,450.41898,0.9883212
2676,749.6122,553.91144,0.9305109,774.4705,534.13727,1.0,757.9122,449.6314,0.923382
2677,750.1779,551.40576,0.8546378,776.871,534.5954,0.9582718,768.4064,447.4874,0.960968
2678,752.84814,549.14655,0.9180504,779.9587,533.10077,0.98055756,778.7024,446.51178,0.92315817
2679,754.24133,547.51434,0.94647473,782.44696,532.0474,0.9543435,786.0522,447.56638,0.6733854
2680,755.22656,546.8795,0.93717235,783.671,531.5639,0.93102527,791.038,446.52274,0.8360095
2681,755.0961,546.69214,0.91402084,783.7573,531.2793,0.9413746,791.7941,445.89648,0.84381545
2682,755.62195,546.0763,0.92058635,784.04987,531.0133,0.95395994,789.0931,444.27917,0.8400461
2683,755.9833,546.23755,0.8342439,784.79987,530.8271,0.95347375,785.1742,440.76944,0.77076745
2684,756.28485,545.7609,0.7924593,785.2045,530.8462,0.9366039,778.8366,436.84363,0.8318108
2685,756.8804,545.6285,0.82271606,786.2224,530.90814,0.9363905,773.75867,435.63782,0.95959735
2686,757.9026,545.90814,0.8705178,787.07904,530.35364,0.96376324,769.0641,434.59872,0.9358127
2687,757.7507,545.6372,0.8666766,787.3911,530.0528,0.9769805,765.2673,434.3178,0.9616972
2688,758.0398,546.58746,0.95738,787.70276,530.58453,1.0,763.13245,434.67035,0.9470348
2689,759.1667,546.43677,0.9477627,788.1585,531.23816,1.0,761.44006,435.19513,0.89721125
2690,759.1629,546.8783,0.94559306,788.2863,531.3662,1.0,760.54376,435.47934,0.8777587
2691,759.18195,546.6081,0.92587525,788.69055,531.5077,1.0,759.4818,435.68192,0.8712616
2692,760.4658,546.6806,0.9256131,788.88983,531.5716,1.0,758.9748,435.89404,0.88009804
2693,759.03156,547.0036,0.9175804,788.8758,531.5861,0.99455404,759.01996,435.91006,0.87347066
2694,759.372,547.11615,0.9247536,788.77924,531.50433,1.0,758.98334,435.89618,0.87954324
2695,760.3845,547.0532,0.9081008,788.6771,531.69,0.9912402,758.916,435.85107,0.8756281
2696,760.7391,546.8216,0.93239087,789.3331,531.611,1.0,758.81696,435.8541,0.8890584
2697,760.6513,546.7918,0.95210516,789.042,531.8363,1.0,758.38965,436.23242,0.9015417
2698,760.75836,547.1447,0.9538091,788.97974,531.78925,1.0,758.3859,436.4579,0.875274
2699,760.7129,547.34076,0.93806475,788.97473,532.0492,1.0,758.1189,437.12555,0.87666714
2700,760.493,548.1573,0.94217634,788.44507,532.6495,1.0,757.9513,437.87515,0.83725464
2701,760.5678,548.6887,0.96635705,788.66815,533.1413,1.0,757.8783,438.6611,0.8396419
2702,760.5908,548.41223,0.96841925,788.62714,533.5291,0.97555584,757.8743,439.3964,0.8520584
2703,760.5681,549.21625,0.9754346,788.7159,534.0527,0.98872054,757.68854,439.74152,0.8553702
2704,760.8945,549.4407,0.97609717,788.9296,534.60443,0.9817499,758.09827,440.456,0.8538933
2705,761.1544,550.11993,0.9544175,788.8892,535.28595,0.95078766,758.2312,440.60233,0.8533627
2706,761.37195,550.8606,0.92360014,789.54987,535.7514,0.9217339,758.8013,441.77646,0.92636514
2707,761.5879,551.4058,0.8998938,790.474,536.3423,0.918938,759.29767,442.32526,0.953566
2708,762.22925,551.03754,0.91549116,791.0359,536.68225,0.906223,759.51843,442.74847,0.97298735
2709,762.164,553.6981,0.8749225,791.2876,537.34607,0.91668576,759.9185,443.73688,0.9608062
2710,762.8981,554.1803,0.8935446,791.63934,538.265,0.93229675,760.11646,444.43414,0.96927196
2711,763.16846,555.0833,0.9161342,791.8236,539.21204,0.988287,760.2159,445.39267,0.97169733
2712,763.9477,555.07166,0.9251793,791.8144,540.5145,0.97152966,760.897,446.03455,0.9757339
2713,763.99774,556.70807,0.91513497,792.1673,541.28687,0.98434705,761.12427,446.7088,0.96222013
2714,764.52106,557.06866,0.940748,793.24567,542.435,0.9697345,761.0566,447.33212,0.943638
2715,764.9904,557.4531,0.93915623,793.3329,543.7363,0.9406089,761.3526,448.51053,0.97030103
2716,765.47705,557.37134,0.9554138,793.59155,544.1834,1.0,761.7353,448.84033,0.9764217
2717,765.9968,557.7887,0.9683439,793.90295,544.73157,1.0,762.39935,449.74304,0.9765764
2718,766.2095,558.87854,0.95665807,794.33215,545.92554,1.0,762.5534,450.1149,0.9655819
2719,765.4939,560.5232,0.9349534,794.6497,546.5299,1.0,762.91376,450.90308,0.9505618
2720,765.56525,561.19904,0.9407684,794.9197,547.1129,1.0,763.559,451.83423,0.9185586
2721,765.95386,561.798,0.95004445,795.32367,547.2886,1.0,763.7627,452.5777,0.893857
2722,765.8862,562.61487,0.93902177,795.2795,547.86957,0.991908,763.9545,453.41455,0.8831631
2723,766.16504,562.68616,0.9393526,795.5024,549.0189,0.99058527,764.1377,453.8639,0.86653733
2724,766.11224,563.87787,0.93063873,795.1342,549.9743,0.96920305,764.2838,454.62384,0.82815653
2725,766.20544,564.84424,0.91421556,795.0501,550.7326,0.95211226,764.6189,455.40067,0.8060634
2726,766.5936,565.31946,0.9056236,795.7395,551.00397,0.95645565,764.77374,456.1939,0.85021687
2727,767.4483,564.9004,0.91528517,795.6749,551.62915,0.92411035,764.5778,456.89478,0.8595599
2728,767.41907,565.8748,0.9079502,795.7159,552.1355,0.9117302,765.0671,457.6438,0.9036815
2729,767.302,566.74347,0.8895903,795.9587,553.154,0.95542544,765.6711,458.5886,0.8892683
2730,767.3181,567.74207,0.8607972,796.686,554.05914,1.0,766.06836,459.1174,0.90020335
2731,767.94916,567.90955,0.8940073,797.09283,554.4845,1.0,767.7239,460.17188,0.9608927
2732,768.3468,569.6624,0.9197175,796.99963,555.54474,1.0,764.8524,462.48236,0.961634
2733,768.2492,569.67773,0.9163961,797.4141,556.90326,1.0,765.2694,464.8693,0.9722027
2734,768.6569,570.3732,0.95507294,797.5254,558.63336,1.0,768.8062,465.46356,0.97216284
2735,768.6719,571.16864,0.9588056,797.31055,559.64453,0.96334356,774.26733,466.8739,0.9786337
2736,768.80664,571.4778,0.9916851,797.61896,560.0671,0.96202105,781.2988,467.8113,0.9124523
2737,768.80365,572.1114,0.9871071,798.01074,561.02496,0.99921304,790.06366,469.20367,0.95976347
2738,768.4743,572.3401,0.96721417,798.4927,561.99805,0.99684054,797.83734,472.58267,0.82808226
2739,768.2667,572.76373,0.9536148,798.6469,562.671,1.0,806.7645,475.80698,0.7905768
2740,768.0511,573.1654,0.91552293,798.82275,563.1091,0.9680212,811.4795,478.66113,0.88850844
2741,767.1294,574.53455,0.87069124,798.4954,563.9565,0.9509028,814.07745,481.4614,0.83376455
2742,767.2372,574.87616,0.87913823,798.88135,564.9456,0.90839475,817.8377,483.67487,0.8406352
2743,767.60016,574.2408,0.9035698,799.20856,564.80615,0.913956,822.3459,485.67056,0.7974115
2744,767.2021,574.7496,0.854232,799.3802,565.3054,0.9220572,827.32416,489.63535,0.74122125
2745,767.72644,574.2837,0.90280324,799.7873,566.5356,0.8907768,831.6562,492.40088,0.7678096
2746,768.42035,573.64276,0.94881004,800.37537,567.1978,0.8950385,835.06006,495.96173,0.6287962
2747,768.3049,573.61725,0.9453953,800.8772,568.2618,0.8847627,836.4605,498.07175,0.6950172
2748,768.4374,573.6673,0.9283497,800.8165,568.1627,0.8699279,838.56726,498.27853,0.6013361
2749,768.53937,573.08307,0.93449897,800.23645,567.2328,0.873643,839.8788,497.86584,0.6795207
2750,768.2672,573.20087,0.92677945,800.294,567.04144,0.8797575,840.0791,495.89374,0.672617
2751,768.1399,572.61755,0.9051481,800.1876,566.3475,0.9054327,839.557,494.78424,0.6101324
2752,768.2534,572.9034,0.91581863,800.70905,566.7372,0.8965968,839.7557,494.30423,0.5962996
2753,768.226,572.5223,0.92569697,800.2138,566.31976,0.91775835,840.3492,495.40875,0.6564609
2754,768.6269,571.1711,0.92377514,800.2783,565.91064,0.9323486,841.39734,496.8632,0.5843761
2755,768.54156,569.4831,0.8700387,800.335,563.78723,0.9837631,842.7016,496.88904,0.65919876
2756,769.1401,566.9845,0.9381844,800.192,562.6866,1.0,843.8404,497.21643,0.7603074
2757,768.92285,564.53467,0.97277826,800.02496,561.3186,1.0,845.5601,498.1579,0.7709305
2758,768.7353,562.31134,0.9811556,800.3171,558.9015,0.9280278,846.825,497.91193,0.78031766
2759,768.15045,560.3482,0.94730604,800.1493,556.7163,0.9634504,847.44336,495.90637,0.7265557
2760,768.0516,556.64465,0.93112326,799.6731,553.93665,0.940672,848.26764,492.72867,0.71052974
2761,768.2483,554.1039,0.8935464,799.0974,550.76215,0.85605997,849.1617,491.45023,0.6913212
2762,767.1561,551.34973,0.8444012,797.58026,549.9363,0.92700344,849.14545,491.15353,0.65279377
2763,766.2642,549.6496,0.90369195,796.2654,547.87573,1.0,848.68414,489.72702,0.58508044
2764,764.607,547.44824,0.95112795,794.4954,546.347,0.99425524,848.80023,487.12775,0.60906136
2765,762.8332,546.04047,0.91999584,794.3889,543.44727,0.950788,847.96594,483.00153,0.73155534
2766,762.0815,545.09644,0.88198894,794.2859,540.136,0.9669309,846.5401,478.58786,0.72359145
2767,761.54144,542.0162,0.8182428,794.0876,538.0236,0.92348397,843.65643,472.82205,0.7077662
2768,760.93854,538.6025,0.81462,790.67395,535.03815,0.91658926,839.3153,463.20166,0.61298525
2769,760.1661,535.91675,0.8399824,790.53503,533.44934,0.9542607,831.6167,452.9091,0.6076772
2770,759.3206,534.2201,0.9122009,790.5421,531.1195,0.98474634,823.6627,445.43234,0.83791155
2771,759.69525,531.3831,0.95621294,789.49805,529.18475,1.0,813.14325,438.802,0.8061023
2772,758.7958,530.55365,0.9856689,789.58167,526.3428,1.0,806.1717,433.83585,0.85830367
2773,758.1073,530.6389,0.985058,789.6707,525.87866,0.99076784,794.84186,430.67645,0.88678247
2774,757.7093,529.74036,0.98815703,789.2279,525.5358,0.9575137,785.3516,428.57675,0.8577286
2775,757.49286,529.1463,0.9590277,789.1505,524.273,0.94375414,777.8133,427.49854,0.926263
2776,757.0809,528.23816,0.9476332,788.93353,522.3362,0.92044747,773.6104,427.04773,0.910761
2777,757.1079,527.806,0.9627469,789.0078,522.1225,0.92373127,771.2476,427.0791,0.875067
2778,756.9021,528.052,0.9872461,789.11224,522.16,0.9245426,768.0132,427.97116,0.9232857
2779,756.8666,527.9584,0.9935026,789.02966,522.775,0.9373176,764.33405,429.7498,0.9985008
2780,756.9071,527.8327,0.96083874,789.38586,522.54565,0.91599363,761.55756,430.94397,0.9468609
2781,757.5466,526.88855,0.95731527,789.43964,522.4495,0.9206832,755.33154,433.92523,0.92172927
2782,757.5469,528.0654,0.96537054,789.3503,522.8011,0.91603947,750.0716,436.62842,0.92342407
2783,757.5435,528.1774,0.9809143,789.6064,522.5423,0.9011243,746.5965,438.3547,0.8673955
2784,757.3034,528.4932,0.99199456,789.539,522.5896,0.9130874,741.48334,438.94254,0.83572817
2785,757.32825,527.842,0.97939557,789.92645,521.95,0.90905756,738.5052,440.9076,0.71776927
2786,757.3326,528.7912,0.99494267,789.87024,521.90015,0.9050973,733.711,444.28116,0.8743786
2787,757.3486,528.9836,0.9810569,789.9511,522.1152,0.898568,730.63043,447.2028,0.8668509
2788,757.5531,529.98816,1.0,789.92236,522.3057,0.9089829,727.34534,449.39136,0.8388568
2789,757.8697,530.1354,1.0,790.1172,523.4861,0.92309505,723.56213,453.7112,0.69671464
2790,758.6659,530.43005,0.99299437,789.8035,525.47034,0.91272014,722.49664,459.58588,0.73436713
2791,759.16504,530.6839,1.0,790.111,526.25616,0.92593825,720.5856,463.37128,0.8343164
2792,759.1076,531.85913,1.0,790.66016,528.0788,0.9022687,717.2498,467.55545,0.87966913
2793,759.68915,533.41534,0.9974858,790.89417,529.0991,0.93422246,715.816,470.9533,0.8064158
2794,759.4116,534.801,0.9656566,791.07434,529.993,0.9472027,714.40204,474.35474,0.92064214
2795,759.6898,536.3342,0.92422444,791.17395,530.4752,0.9527824,712.3363,476.94138,0.89111185
2796,758.90894,538.3848,0.9332931,791.1253,531.8142,0.95402986,712.0573,479.2571,0.84263957
2797,759.56946,539.97974,0.9366785,791.00854,532.3868,0.95807725,711.1374,482.10602,0.83842283
2798,760.0396,541.79236,0.9114249,790.664,533.1248,0.95768696,711.05896,482.75995,0.85834724
2799,760.2191,542.6654,0.8954128,790.40405,534.2564,0.93449175,710.79553,482.91623,0.86126256
2800,760.51294,543.9048,0.8858966,790.50146,534.4579,0.93667823,710.0892,482.29526,0.85109127
2801,760.0343,545.3647,0.9181403,790.5593,535.34595,0.8724336,710.7844,479.28128,0.86297786
2802,759.52576,546.4865,0.97700256,790.75946,536.6425,0.8897877,712.92944,474.78323,0.89505494
2803,759.6562,547.0785,1.0,790.1989,537.8447,0.9100526,719.381,465.595,0.8207824
2804,757.6496,547.8344,0.98078984,789.39923,537.85974,0.9018567,732.9028,453.63422,0.7639344
2805,756.3643,548.7184,0.9771647,787.2144,537.91187,0.8999062,742.3568,447.77173,0.9057037
2806,756.3814,549.2896,0.9742035,786.66,538.5224,0.8909288,749.9208,445.53925,0.9996157
2807,755.59265,550.6763,0.9766928,785.5064,540.17426,0.92505485,755.6735,444.71704,0.9573387
2808,753.6924,553.6068,0.9256408,784.1439,542.4712,0.9761106,764.78955,445.78284,0.9616108
2809,754.06775,554.1871,0.9613568,783.90717,544.4195,0.98737305,778.4433,449.33823,0.9489769
2810,753.1918,555.315,0.9909194,783.2902,545.772,0.986138,786.25616,452.89954,0.8997489
2811,752.09296,557.5841,0.92718244,782.99243,547.91547,0.9836807,789.7404,455.90115,0.8741329
2812,750.5495,561.8144,0.9184987,783.0037,551.1859,0.82470065,781.6605,458.2385,0.9368582
2813,752.2131,563.77875,0.96394783,782.6554,553.50024,0.93020564,772.3921,461.9066,0.8209846
2814,752.4046,567.9617,0.9354159,782.81757,556.6379,0.9088267,763.5214,466.9097,0.8861468
2815,753.1262,570.60645,0.99996054,782.6995,559.9864,0.94813216,757.7075,470.23627,0.90487486
2816,752.2959,573.4953,1.0,782.8149,563.0355,0.9921219,752.4538,474.04236,0.8607769
2817,752.70996,575.25916,0.9490126,783.18494,564.24585,0.95373493,745.9151,477.20535,0.8869788
2818,753.6932,577.99713,0.98849106,783.45624,565.36084,0.92083865,739.9782,480.98508,0.89313275
2819,754.0723,578.95703,1.0,783.13696,566.23706,0.93310875,735.41113,484.30402,0.90058887
2820,753.57214,581.10254,0.9864424,782.15674,568.4999,0.9507166,734.1352,487.33377,0.9049214
2821,753.4987,583.4069,0.9754258,781.4997,570.1782,0.9857713,734.6709,488.7244,0.8706131
2822,752.9552,584.6712,0.94932866,781.1798,573.17426,0.9901422,738.77875,490.2479,0.9062389
2823,752.527,586.1628,0.9813049,780.59705,574.31085,0.9989101,743.11383,491.06094,0.9275789
2824,751.91125,587.5161,0.9926999,779.2654,575.51324,0.9966472,747.8525,490.5267,0.9501078
2825,751.51074,588.03314,0.97664064,778.97394,576.8738,0.9784736,753.36395,491.1162,0.93118227
2826,751.03503,589.1138,0.9569732,777.8382,577.75244,0.99714327,756.89154,491.1425,0.9429145
2827,750.9039,589.74915,0.95131475,777.5837,577.55884,1.0,761.494,490.68613,0.9607644
2828,750.3166,589.59406,0.92345494,777.39514,578.4195,0.99703366,763.9626,491.22458,0.9206506
2829,750.3644,588.9773,0.92102635,777.43445,578.1144,0.987788,765.64545,491.84845,0.8191033
2830,750.41534,588.36505,0.92923605,777.21936,578.40594,0.9854142,766.74963,491.863,0.7885094
2831,750.3338,587.6725,0.91115993,777.7993,577.8977,0.98409307,770.1049,490.27148,0.7739797
2832,750.11316,587.4566,0.8891614,778.3445,577.25256,0.9558316,773.6121,489.58658,0.9157419
2833,749.6159,585.0945,0.8627814,778.12103,574.9287,0.9503536,775.969,488.88113,0.91904366
2834,749.0929,582.17114,0.9298657,778.4615,573.09973,0.94205636,779.15704,488.24774,0.8727658
2835,749.2322,578.19385,0.97238415,779.65924,567.9669,0.91546047,783.6702,486.275,0.80479956
2836,750.049,573.6891,0.89769804,779.61334,567.2594,0.9114477,788.58875,485.61624,0.91207504
2837,750.0873,569.5304,0.8723669,779.8584,565.2987,0.9439164,793.2724,482.39474,0.94573164
2838,750.4901,566.69714,0.9135325,780.00714,562.9883,1.0,793.88257,481.71497,0.9628603
2839,749.885,563.8126,0.9582252,780.1378,562.0703,0.99120635,794.83356,479.51355,0.8861154
2840,750.2724,562.5696,0.97102106,780.6757,559.66724,0.9262598,796.439,478.51477,0.9705846
2841,750.16266,561.0338,0.929871,781.1626,558.3629,0.91779286,799.06726,478.48276,0.9255998
2842,750.26624,560.2345,0.89791274,781.0525,557.7171,0.94468004,800.4572,478.77615,0.909213
2843,750.2278,559.5696,0.88797957,781.02686,555.9281,0.9839714,802.7149,480.0333,0.86917746
2844,750.9459,557.4169,0.8965626,782.2378,554.02783,0.9715786,805.41034,480.3783,0.79572463
2845,751.30975,555.94116,0.9206816,782.9768,551.85474,0.9715141,809.00244,481.5332,0.93512696
2846,752.3713,554.51135,0.9788458,783.5793,549.83545,0.8954327,811.8629,482.87177,0.960297
2847,753.0534,552.87524,0.97021496,783.63336,548.537,0.95971763,816.31696,487.1498,0.79211503
2848,752.8746,551.20056,1.0,783.008,547.7439,0.95991033,819.80676,488.63757,0.7398682
2849,752.72095,549.6762,1.0,782.58685,546.4335,0.974675,822.7294,490.70764,0.69983876
2850,752.4081,547.619,1.0,781.977,545.29565,0.9595968,825.5152,491.4374,0.7366869
2851,752.24744,546.24304,1.0,782.60034,542.6148,0.9331159,826.9272,492.76938,0.9809848
2852,752.1312,544.4703,0.95831865,782.7775,541.78973,0.9487291,828.5756,494.85065,0.96324164
2853,752.4706,544.1475,0.95273215,782.81024,540.37994,0.99638665,830.4235,496.493,0.8067933
2854,752.409,542.16815,0.95441884,782.8672,537.62286,0.9881745,832.47504,497.0992,0.64466256
2855,752.0115,539.85297,0.96837336,783.2354,536.46814,0.9602243,834.58923,495.6194,0.64151436
2856,752.1261,538.5872,0.9574888,783.1679,535.5388,0.9175975,835.35754,493.84973,0.6624118
2857,752.20996,537.5645,0.9353487,783.01794,535.0085,0.88883644,836.4029,493.01193,0.68960136
2858,753.10004,536.0377,0.9493049,782.403,535.3924,0.87836945,836.4894,490.56876,0.76077986
2859,753.67096,534.9519,0.96834457,782.84045,532.7803,0.94135714,838.2168,484.55948,0.698264
2860,754.2823,533.6332,1.0,783.2459,531.4519,0.9505158,838.9492,476.1883,0.73303187
2861,753.9938,532.2553,1.0,783.6106,529.9778,1.0,837.5837,466.24783,0.6103931
2862,754.4478,529.95953,1.0,784.03296,528.03906,0.9664146,834.56946,456.90887,0.58706975
2863,754.51025,528.82935,1.0,784.6592,526.655,0.9817717,830.9548,451.8763,0.71212304
2864,753.87744,527.9107,0.9913779,784.5912,525.53357,0.98609775,832.4626,453.48486,0.6675203
2865,754.0621,526.7819,0.98061085,784.1712,525.1304,0.9317461,832.9893,454.91794,0.54534364
2866,753.49457,527.83984,0.9986607,784.53656,522.7351,0.9136177,834.34357,458.04626,0.5174537
2867,753.6338,528.3458,1.0,784.31805,525.93604,0.9375605,836.11926,460.95703,0.5526881
2868,753.3938,528.4391,0.9921792,784.66974,526.0501,0.95171505,836.91345,463.7929,0.5512564
2869,754.12836,528.4536,1.0,784.70953,526.60504,0.979163,838.4796,467.8989,0.6468021
2870,754.2846,528.1039,1.0,784.48926,526.5478,0.9979134,839.8962,471.02365,0.6561187
2871,754.44,528.13434,1.0,784.4349,527.0355,0.98844403,842.2232,472.92914,0.5003127
2872,755.4785,526.9077,0.992665,784.1869,527.62494,0.9791909,62.37684,959.411,0.53225315
2873,755.21625,525.9682,1.0,784.96533,525.7711,0.98601884,843.9491,476.2737,0.7858791
2874,754.7543,524.29083,1.0,785.5372,524.0987,0.9773806,844.33093,477.63828,0.7894382
2875,754.8336,522.97125,0.98710483,785.4077,522.89514,0.94706076,846.1855,477.7629,0.760631
2876,755.101,521.33514,0.98001236,785.3953,521.2373,0.91072756,845.98303,479.5303,0.73747945
2877,755.47864,519.9112,0.98614144,785.6976,520.4369,0.91467357,845.89734,481.89627,0.7740356
2878,755.4438,519.78094,0.982534,785.5094,520.3113,0.92834395,846.2784,483.37732,0.8054503
2879,755.8692,519.645,0.97203916,786.35065,520.5744,0.920928,846.3384,485.09332,0.78575236
2880,756.89307,519.64746,0.9825449,786.2389,520.69543,0.89610445,847.0685,487.166,0.67209166
2881,757.20465,519.74945,0.9705562,786.6727,521.6267,0.9080793,848.1081,490.23462,0.70790505
2882,758.2977,519.60156,0.96400696,786.8556,522.4772,0.89570326,848.8884,491.74893,0.7447797
2883,758.4084,518.9359,0.984462,787.01697,522.52545,0.91379195,849.1094,493.35934,0.76445425
2884,757.9997,517.89996,1.0,786.85675,521.67505,0.92934865,850.2224,494.1627,0.7502163
2885,758.53577,517.1578,0.9959833,787.3065,521.4697,0.9409477,851.12006,495.01224,0.71994984
2886,758.8072,515.9551,0.9850947,787.1787,521.2077,0.9412119,852.0915,495.76663,0.6769751
2887,759.5864,514.5198,0.97669536,787.5019,520.6827,0.9288337,852.17975,497.20483,0.6920002
2888,760.10944,513.5177,0.9537382,787.6547,519.4944,0.9435696,852.7157,498.4315,0.7329426
2889,761.1196,512.3958,0.936186,788.29236,518.5485,0.92618316,853.9146,499.17667,0.73450965
2890,761.8195,510.92703,0.9121752,788.50323,518.4148,0.9001536,853.9058,500.44495,0.7268779
2891,761.44574,510.0996,0.90992564,788.1644,518.19476,0.9243573,853.8617,501.55176,0.7226764
2892,761.772,508.84018,0.8922898,788.2476,518.405,0.9034261,853.5279,502.9079,0.7176561
2893,763.22565,507.3039,0.9346372,788.6565,517.4682,0.9182744,853.70856,504.4585,0.6924777
2894,763.2783,506.57938,0.9355909,788.6853,517.27795,0.91608936,853.8015,505.61383,0.73214245
2895,763.0408,505.8105,0.91407716,788.56476,517.0098,0.9123691,854.47235,506.72815,0.7845665
2896,763.53845,505.17557,0.89634806,789.38794,516.40436,0.90653735,855.13385,507.2972,0.8119203
2897,763.51404,503.01227,0.9017499,789.85736,515.88574,0.9233826,855.6398,508.08383,0.8197369
2898,763.792,502.06573,0.9488583,789.8691,515.3167,0.93854207,855.9021,508.51486,0.8234783
2899,764.0807,501.59668,0.95137507,789.5862,514.60565,0.94922966,855.85657,509.14282,0.8295536
2900,763.6728,500.42468,0.9573901,789.55426,514.1781,0.92046124,855.70245,509.9671,0.8098292
2901,762.96643,499.24045,0.9435727,789.30396,513.99615,0.88704556,855.5759,510.67813,0.8085468
2902,762.8831,498.5757,0.98261946,789.3208,513.18945,0.9060671,856.0439,510.82233,0.7400763
2903,763.2309,497.25165,0.9774062,789.11255,511.99203,0.8907848,858.3949,510.32272,0.81384635
2904,762.854,496.45193,0.95846707,789.58057,510.54263,0.9084907,862.225,505.98184,0.6202857
2905,762.8064,496.08618,0.9631837,788.8597,510.97043,0.90371275,865.9,501.49103,0.7016636
2906,762.93945,495.75513,0.9501621,789.0171,510.22873,0.9226602,869.356,496.5797,0.6456988
2907,762.42444,495.79337,0.9444058,788.9734,510.57178,0.9352107,869.48474,494.31998,0.6871787
2908,762.26373,495.58374,0.9360059,788.85095,509.96683,0.94142044,869.49634,493.7017,0.70163774
2909,761.8423,495.77826,0.92960376,788.1382,510.28232,0.93657213,868.6937,495.05707,0.78731704
2910,760.9535,495.63214,0.889527,787.3067,509.54828,0.97867084,867.43427,495.78357,0.7219024
2911,760.6791,495.61072,0.8590258,786.1469,510.3518,0.95701104,865.4014,498.65048,0.6667108
2912,760.04346,495.73853,0.83908325,784.94635,510.78342,0.93791765,863.195,500.54614,0.7015398
2913,759.2431,495.5945,0.8267799,783.9758,511.14917,0.91617244,861.6954,501.58768,0.7347528
2914,758.1926,495.7581,0.84390736,783.2388,511.4926,0.8948298,860.6994,501.92758,0.7681966
2915,757.4898,496.20258,0.86613554,782.67615,512.0173,0.88956404,860.30273,502.366,0.75912696
2916,757.86536,496.66144,0.8583774,781.0632,512.5071,0.9151127,860.4926,502.54602,0.74198806
2917,756.76526,496.50125,0.87316984,780.3291,513.5133,0.95715797,859.33014,503.5167,0.6457509
2918,756.4713,497.1233,0.9013347,779.30756,513.8033,0.9506707,857.8957,504.57538,0.71777064
2919,756.2495,497.20987,0.91046005,778.46466,514.5405,0.96473044,856.28564,506.49847,0.84466374
2920,754.54193,497.29965,0.89355856,776.9354,515.20123,0.9621373,854.2742,508.48602,0.86130166
2921,753.9058,497.87442,0.8763405,775.80334,516.5589,0.93627095,853.4338,510.51852,0.7524921
2922,752.55,499.3657,0.8795778,773.8359,516.7666,0.9571737,851.8208,511.66907,0.6744089
2923,751.10864,500.6131,0.91636443,773.3404,517.3669,0.9578819,848.7188,514.59015,0.62730277
2924,750.5393,501.0936,0.94576937,772.16156,518.82544,0.92253035,846.29675,516.70276,0.73155403
2925,749.74396,501.35178,0.96669036,771.2819,519.45953,0.89966995,844.4689,517.5764,0.714418
2926,748.61884,501.9356,0.95913094,769.58093,520.64734,0.8988158,843.06793,518.7309,0.7015505
2927,747.39624,502.44223,0.9280805,768.1625,520.5469,0.89003485,843.1345,518.7009,0.64359504
2928,746.39716,502.55322,0.9109913,767.0514,522.26154,0.91694623,843.16223,518.5433,0.68331873
2929,744.8193,502.9961,0.8639012,766.36456,522.9253,0.94105196,841.9021,519.3931,0.74707705
2930,742.9224,504.80008,0.8822346,765.5499,523.61273,0.92557526,841.363,520.8256,0.82413626
2931,741.34155,505.47058,0.9338898,762.88824,524.2714,0.942514,838.8734,524.0336,0.9077954
2932,739.9145,505.26212,0.94929665,760.27856,525.29486,0.91626525,836.8571,526.6103,0.84937966
2933,739.4468,505.2931,0.9502509,759.15735,525.63135,0.92133015,835.87256,528.3955,0.80528796
2934,738.55554,505.33447,0.93608254,758.30817,525.78174,0.9523009,834.40466,531.3169,0.8028371
2935,737.66254,505.70285,0.9455628,757.0955,525.7789,0.9615234,831.44104,534.0504,0.8268162
2936,737.13666,506.60745,0.9441995,756.4516,527.33563,0.89236647,829.02856,535.0673,0.83870137
2937,736.6321,507.305,0.8870171,754.9548,528.15,0.90080315,827.0972,536.3326,0.7596868
2938,735.29834,508.26855,0.868718,753.65594,528.94385,0.91755384,825.32526,538.4657,0.83208823
2939,734.7389,508.48315,0.870446,752.98816,529.74835,0.9422976,824.4616,540.68884,0.8737556
2940,733.62396,508.93277,0.85766596,752.01184,530.5371,0.93208915,823.36694,542.5699,0.8743932
2941,733.3154,509.88684,0.8522736,751.73267,531.2304,0.9005642,823.12244,543.6546,0.8745557
2942,732.81055,510.3703,0.8448111,750.6001,532.87964,0.90581316,822.6322,546.39343,0.83963054
2943,732.2382,511.9791,0.8573186,749.9087,533.0796,0.96294856,822.1662,547.92126,0.796607
2944,731.7033,512.74304,0.87359554,748.88855,533.9122,0.9673372,26.316875,878.2243,0.7720271
2945,731.683,513.51917,0.9069343,749.53845,534.1934,0.955907,25.31884,879.7271,0.8483173
2946,731.55566,514.47406,0.91193,748.94434,535.0717,0.9282434,23.722324,882.3026,0.83766407
2947,731.075,514.4567,0.91100377,748.0777,535.74524,0.92525095,22.9292,882.79736,0.8346128
2948,731.3844,515.6948,0.89468163,748.70605,536.1259,0.89588445,22.146946,883.7552,0.82610595
2949,731.6692,516.4465,0.8714177,748.3521,536.6159,0.8673419,21.745445,884.0655,0.8491874
2950,731.6819,516.18353,0.87565756,748.0834,536.7232,0.8612138,21.383614,884.64484,0.83204657
2951,732.10675,515.3448,0.88152796,748.2727,536.17706,0.8905063,825.16315,556.46155,0.8574747
2952,733.0253,514.34155,0.9045843,748.8425,537.12164,0.8995858,828.44354,555.4666,0.8904444
2953,734.0368,513.8245,0.88188976,749.707,535.9112,0.9264649,20.985363,885.95496,0.7996336
2954,735.0911,512.3458,0.8357293,749.65704,535.34174,0.9187657,21.102404,885.5008,0.82044107
2955,737.2093,510.25568,0.8184939,749.70514,534.57947,0.93036413,839.4692,548.37933,0.8097415
2956,737.5828,509.5132,0.841478,750.76434,534.4317,0.91761786,840.05273,548.71216,0.81470346
2957,738.2677,508.59286,0.85714775,752.0741,533.7921,0.95117724,841.05884,549.7252,0.83181965
2958,739.5174,507.3402,0.85014814,753.17706,533.1802,0.97252506,841.5345,550.74255,0.83362603
2959,740.5554,506.80978,0.8501688,753.46466,532.8831,0.993643,841.7792,549.88904,0.81671095
2960,740.9472,506.71512,0.8652459,753.96875,532.39844,0.9898148,843.3006,548.0266,0.81822205
2961,741.77576,506.8475,0.82966703,754.6597,532.2577,0.9800595,20.399103,886.4155,0.80791825
2962,744.0651,505.9019,0.79483134,755.7396,532.48676,0.9616475,20.27851,887.0169,0.78602135
2963,745.7367,505.42322,0.82922316,756.85974,532.28107,0.9153816,20.686346,886.4304,0.80604315
2964,746.8481,505.79465,0.81897825,758.46185,532.75757,0.8891036,20.4628,886.7671,0.77469206
2965,747.2735,505.46298,0.8139532,758.3746,532.6944,0.89189446,19.96357,886.5801,0.75834596
2966,746.4011,504.8064,0.8014848,757.8496,532.66864,0.8999122,18.753267,887.05963,0.7185999
2967,745.9531,504.74557,0.7886784,756.02277,531.59814,0.9382669,854.09247,505.9987,0.58612543
2968,743.10297,504.93933,0.78283304,755.1705,531.6495,0.9393759,851.8706,499.76163,0.61732244
2969,740.6016,504.86063,0.81520575,754.15436,532.26337,0.9049017,848.32587,494.1465,0.74256533
2970,739.5534,504.10565,0.7821297,753.25824,532.50433,0.8158733,844.19653,486.8511,0.65201145
2971,738.19324,505.0705,0.8233356,750.38293,532.4673,0.8657207,838.73126,482.4696,0.7231003
2972,736.215,503.79922,0.7688519,748.4118,532.44037,0.8675712,835.6782,478.6754,0.54869735
2973,734.3439,503.89905,0.7883715,747.6965,532.323,0.8626657,832.3076,474.8173,0.5303135
2974,732.7709,503.80734,0.76420027,746.65027,532.3268,0.8222851,828.6472,471.6694,0.66936123
2975,731.9303,504.27063,0.7859766,746.4725,532.0049,0.8467824,824.8487,467.3514,0.77539396
2976,731.69653,504.7267,0.7737306,747.626,531.86383,0.8643893,821.84216,463.86508,0.6993059
2977,731.8259,504.56888,0.77692026,746.33,532.13776,0.8859241,818.9969,460.05652,0.68070996
2978,731.867,504.05396,0.7809618,746.73315,531.8319,0.833058,814.2748,455.92715,0.6684707
2979,731.93726,504.0116,0.78937465,746.75745,531.7328,0.80941015,809.4531,451.89743,0.8073266
2980,732.02936,503.73712,0.80554044,747.67084,531.29376,0.863826,803.25757,447.48727,0.8823979
2981,732.4059,502.48788,0.8201489,748.60156,530.52686,0.88376755,798.7363,443.43027,0.85269195
2982,732.7442,502.14603,0.85622376,748.64026,528.8875,0.8481392,793.62933,439.39044,0.7669127
2983,733.132,501.832,0.863625,749.7217,527.67365,0.85840315,789.0572,436.03802,0.8640389
2984,732.9178,501.88895,0.8722356,750.10315,526.73254,0.87993956,786.08575,433.42343,0.92911756
2985,732.68005,501.82047,0.87589955,750.95795,525.9538,0.799954,786.49896,431.01285,0.87062573
2986,731.7353,502.28253,0.8768266,751.2845,524.96173,0.83709013,788.08167,430.1158,0.89251554
2987,730.64905,501.99957,0.89150625,750.6332,523.5094,0.8158838,790.69904,429.76108,0.8764117
2988,729.83405,501.68515,0.8838603,750.7796,523.08167,0.7987844,793.36176,430.34253,0.9030492
2989,728.6412,501.62988,0.8826104,747.83466,523.8622,0.8587619,794.21045,432.43246,0.8913205
2990,727.35815,502.79016,0.88495845,747.78455,523.9498,0.867767,793.59735,432.8457,0.89409935
2991,725.7033,503.54834,0.89113724,746.3767,525.4606,0.8592617,793.1729,433.08762,0.8943587
2992,724.0333,504.46906,0.91189224,745.3197,526.29083,0.8972836,791.6068,433.64703,0.87649435
2993,723.57245,505.06918,0.92597765,744.7138,527.7473,0.85954714,789.91016,434.07425,0.900765
2994,723.19806,506.08325,0.9159396,745.29694,528.1059,0.86350363,787.38666,433.52817,0.88621175
2995,723.01154,506.85165,0.9213001,744.4344,529.7684,0.8399954,782.56506,432.4223,0.87594175
2996,722.9602,507.99353,0.9139171,744.5817,530.8627,0.86784506,777.5704,433.00253,0.8550918
2997,722.7753,509.48047,0.8736371,744.51526,530.88446,0.92412484,769.6264,431.11578,0.8802397
2998,722.48535,510.80948,0.9098452,744.12146,531.1911,0.8995152,763.11456,431.06708,0.85123533
2999,722.28845,512.3503,0.89,744.3266,531.67065,0.91328555,755.1457,431.61545,0.84452415
3000,724.46014,513.40784,0.6423925,745.5802,531.67883,0.87387526,746.77045,432.78326,0.847691
3001,724.23627,514.2324,0.79358214,745.78577,532.24097,0.9453527,740.5358,432.83163,0.783723
3002,723.92804,515.20746,0.9071413,747.1484,531.8146,0.95878834,737.6932,431.30026,0.78683996
3003,723.3364,517.01544,0.9319709,748.5194,531.8707,0.9476796,736.2443,430.61893,0.8312481
3004,722.72595,518.19543,0.8759644,749.21405,531.71497,0.8524849,735.1014,430.34796,0.7708262
3005,722.7793,519.3485,0.82269377,750.08386,530.5734,0.8145421,733.7969,430.0008,0.7690076
3006,722.29614,520.1373,0.75794584,749.9528,530.88885,0.83617157,733.30273,429.40173,0.7104019
3007,721.9979,519.6802,0.6604776,751.98535,527.0757,0.68201894,731.20746,429.5197,0.6513467
3008,722.4913,520.65485,0.8032118,751.3161,528.2784,0.7486482,729.96893,429.81546,0.7703832
3009,721.82214,520.42084,0.8656772,753.32214,526.24176,0.8442695,727.102,430.16385,0.7208938
3010,721.8103,520.5849,0.7986216,752.3101,526.5439,0.7572391,726.59973,429.17502,0.803163
3011,722.3347,520.5814,0.70485634,749.55255,529.6139,0.73839235,726.4706,426.64966,0.7711998
3012,723.40027,520.40234,0.59725547,749.0487,529.2488,0.81855685,725.86017,423.47018,0.73444694
3013,720.9404,519.836,0.60361105,748.34845,526.72614,0.8730347,729.647,419.3722,0.7762175
3014,718.74207,519.1663,0.8083523,748.9483,521.90344,0.8525611,733.3625,416.4502,0.7560024
3015,718.12897,517.93427,0.8477013,748.274,520.0853,0.79878736,738.169,412.8529,0.6935363
3016,716.7622,516.35046,0.919568,746.44745,518.96594,0.84937304,741.6312,411.01266,0.7077809
3017,716.0576,515.2977,0.9668755,745.64777,518.2517,0.88220197,744.199,410.0199,0.7277911
3018,716.3807,515.52264,0.9621885,745.4093,518.8691,0.8369489,747.4275,411.2754,0.7093968
3019,715.93414,516.892,0.8914949,744.5692,521.095,0.7707533,751.3789,412.71176,0.66181314
3020,716.97577,517.2094,0.90639585,744.4072,522.263,0.79422265,756.83105,416.81396,0.6904906
3021,717.5639,518.50134,0.90308964,745.0266,522.99054,0.79174805,761.9044,418.65152,0.714213
3022,716.22784,519.7425,0.8459911,744.78174,524.72687,0.7806436,767.77673,421.85294,0.5153079
3023,715.3945,520.7341,0.8627504,745.36835,526.5555,0.7946261,772.63745,425.8715,0.6613289
3024,715.06305,522.36835,0.8098248,744.8829,527.966,0.7805866,776.3256,430.38504,0.64105743
3025,714.51013,523.9034,0.79061365,744.78937,529.9486,0.8251248,779.1839,434.07773,0.79226995
3026,715.29553,525.8462,0.82771003,745.5262,531.4846,0.8704987,781.2003,434.7454,0.7710701
3027,716.2407,525.65796,0.85404706,746.32104,532.29236,0.89736253,782.4697,435.84033,0.70813906
3028,717.28534,527.62787,0.8942551,747.3833,533.0704,0.90625256,784.12585,435.66476,0.6027324
3029,717.3985,528.847,0.8896908,747.9476,533.7921,0.88194853,784.1209,437.1208,0.59645855
3030,718.5729,530.03156,0.8557481,748.82904,534.8409,0.8237104,784.193,437.3284,0.6344992
3031,719.03424,532.7588,0.7620558,749.4182,535.94617,0.7698752,785.1061,437.6969,0.60101724
3032,721.1009,536.0491,0.59175134,750.06134,538.2522,0.7110328,785.43463,438.64664,0.6429428
3033,720.2654,538.2412,0.6378885,752.25397,539.54047,0.72100717,785.7901,439.0331,0.66267943
3034,722.31714,540.36566,0.70763904,754.24554,540.2224,0.7987949,786.1213,439.95587,0.670153
3035,725.0945,537.85974,0.8235348,755.0012,541.9169,0.84092516,786.7866,440.78412,0.6694757
3036,726.1154,537.0786,0.8573382,754.82623,543.26373,0.85010487,786.6293,441.3114,0.6454694
3037,726.1376,537.0728,0.8862974,754.78546,543.7714,0.85493284,786.4793,441.514,0.64457536
3038,727.02325,537.2443,0.86802024,755.5087,543.038,0.86365896,786.2562,441.41986,0.6582127
3039,726.9334,537.20355,0.8558859,755.9698,542.4546,0.87807006,786.3471,441.53806,0.663358
3040,726.4753,537.4548,0.85155,755.7008,542.80005,0.885161,786.2974,441.58133,0.6630096
3041,726.38214,537.6898,0.87404525,755.36597,543.38837,0.87599474,786.7083,441.5696,0.6484517
3042,727.1563,537.40607,0.8345605,755.7965,542.766,0.8652682,786.51556,441.62473,0.6662915
3043,727.9518,537.71924,0.7935766,756.1423,543.8201,0.86620945,786.8982,441.48532,0.66231173
3044,729.3925,537.9938,0.85078466,757.0145,544.6467,0.8776769,789.36316,441.4946,0.753615
3045,729.86206,537.77344,0.78313667,758.64105,544.56995,0.8159921,790.91364,441.51285,0.76198673
3046,732.884,537.55493,0.79879487,761.8369,545.13367,0.8210984,792.0164,441.95676,0.8010613
3047,736.3248,539.1685,0.8096639,764.126,544.96356,0.86312515,792.57117,440.91513,0.8014008
3048,739.6976,538.1625,0.8415361,766.86066,545.4147,0.81489545,792.6271,440.57822,0.7647903
3049,739.38617,539.36444,0.87066823,767.903,544.7797,0.83910084,791.0733,440.90338,0.7780174
3050,739.6808,538.3516,0.88154906,767.16656,546.23486,0.87080187,789.65765,441.0046,0.73899776
3051,739.23706,539.4967,0.8902934,767.6975,545.72296,0.86426896,786.7209,442.64474,0.80495393
3052,739.2707,540.477,0.8661905,766.82965,546.6765,0.8735824,783.66156,443.87778,0.81037307
3053,739.3578,540.4639,0.88834506,766.91473,547.1288,0.8857139,780.37164,443.26822,0.80788344
3054,740.1555,539.865,0.92417985,767.8908,546.7339,0.88741297,777.84796,442.86362,0.7972497
3055,739.696,539.788,0.9460804,768.1417,546.8471,0.8994514,776.03314,443.34827,0.82888234
3056,739.7793,539.6802,0.96967286,768.226,546.47015,0.9262702,775.5028,444.16916,0.8015268
3057,739.98956,539.87537,0.97339445,768.1335,546.6369,0.9162212,775.4866,444.79172,0.7566359
3058,740.00635,539.583,0.9866721,768.3502,546.84845,0.9059344,775.39197,444.09976,0.8247075
3059,739.5645,539.67914,0.9712288,768.2099,547.0704,0.9160864,773.6123,444.32147,0.8242034
3060,739.8087,539.9441,0.9941993,768.45026,547.4899,0.930768,770.45856,443.81052,0.7949358
3061,739.84467,539.64484,1.0,768.70514,547.88995,0.9429526,768.9241,444.3125,0.84448856
3062,739.9731,539.9782,1.0,769.0591,548.32495,0.93944263,767.3663,444.89395,0.8623852
3063,739.9207,540.1863,1.0,769.7433,547.879,0.95256484,764.3809,444.94293,0.87609035
3064,739.8281,539.9908,1.0,769.911,547.3387,0.97016793,764.04926,443.80356,0.88411343
3065,739.8056,539.9609,0.93286663,769.3826,547.58466,0.9271695,764.50885,441.85568,0.9098657
3066,740.1473,539.5782,0.9501172,769.46027,547.3447,0.92893296,767.0987,440.0491,0.7834498
3067,741.94165,538.86145,0.9270686,770.7592,547.0402,0.94981235,771.9876,438.87476,0.8497868
3068,743.2656,538.9421,0.86561865,771.80786,546.808,0.94360465,775.33417,437.2639,0.8291653
3069,744.37933,538.64325,0.83651996,772.5777,546.7536,0.9321241,779.3674,437.5358,0.7834772
3070,745.6079,539.0761,0.84068453,773.4346,547.3185,0.9155763,38.711193,947.7596,0.80106723
3071,744.81934,540.15875,0.7667567,774.3351,547.6475,0.8877353,786.2528,439.70792,0.67717147
3072,746.4632,541.24774,0.8075822,775.31445,547.8231,0.86483437,787.6646,440.186,0.6946607
3073,746.1469,542.0884,0.79084027,775.6723,548.0106,0.865097,789.8339,440.66626,0.7399963
3074,745.9793,542.5683,0.7257055,776.0019,548.4016,0.84440124,790.7409,441.5335,0.75868356
3075,746.04517,542.42065,0.7884464,776.52026,548.8167,0.8515915,791.2941,441.6128,0.77848667
3076,746.6513,542.63074,0.76065385,776.68646,549.14825,0.8584898,791.5196,442.26413,0.7892167
3077,747.123,542.9037,0.7807926,776.5095,549.0342,0.8567197,791.9671,442.2078,0.7845239
3078,747.6189,543.3483,0.7754993,776.9038,549.2604,0.86020046,792.31366,441.9643,0.75314957
3079,747.97766,543.13214,0.78695875,777.1568,548.9116,0.8734071,792.4311,441.96255,0.74488854
3080,748.1993,543.2258,0.8251143,777.0478,549.25336,0.864797,792.2979,441.9349,0.7893867
3081,748.0247,543.21094,0.8572156,777.1595,549.29626,0.87948054,792.4938,442.157,0.78450876
3082,748.53564,543.34906,0.8353341,777.4773,549.6781,0.8785572,793.2803,442.6862,0.7728434
3083,748.81476,543.552,0.854461,777.2804,550.3034,0.86862355,793.3273,443.67014,0.77444154
3084,748.03534,544.4399,0.87997746,777.64954,550.6498,0.8214899,793.7114,445.35562,0.73987246
3085,748.2194,545.34314,0.8799673,776.6713,550.7882,0.81528485,794.169,445.83066,0.753843
3086,749.0079,545.8329,0.8652274,776.81494,551.7615,0.79668134,794.408,446.79672,0.7694048
3087,749.4942,546.7227,0.84939224,777.1592,553.746,0.7522045,794.16614,449.02133,0.850617
3088,749.2616,549.21277,0.771542,776.96625,555.45996,0.749531,794.4035,449.8383,0.86513776
3089,749.30817,549.9039,0.7850905,778.49677,556.17413,0.7818457,794.24316,450.6864,0.88120604
3090,749.6742,550.56464,0.8260197,778.45776,558.13245,0.8235624,794.79254,452.25827,0.7694845
3091,749.03577,551.9382,0.7764451,778.31256,559.83923,0.82658637,795.0361,453.89737,0.6806872
3092,749.1253,553.4539,0.7462255,778.1008,561.9876,0.82343173,794.8449,455.1557,0.6761749
3093,750.65845,555.01575,0.66783714,777.99725,563.1457,0.8225983,794.80615,456.21945,0.6687979
3094,750.3273,556.5312,0.7037493,778.0505,563.8736,0.8451459,794.6247,457.94174,0.8109834
3095,750.06976,557.66296,0.697453,777.9642,564.326,0.8445975,795.04297,457.70554,0.82277894
3096,749.4304,558.5484,0.7424986,778.43335,564.8246,0.8579333,795.30597,458.44833,0.8124943
3097,749.0825,558.4099,0.77479374,778.4547,565.0585,0.87055176,795.6379,458.70242,0.790634
3098,748.74396,559.23956,0.77336943,778.40594,565.33295,0.8445061,795.5197,459.51428,0.80283695
3099,748.9799,559.35754,0.74856687,777.9194,565.82947,0.8143996,795.24554,460.5263,0.7891693
3100,749.09735,559.24475,0.81714565,778.3478,566.03,0.8406437,795.4206,460.95776,0.7425703
3101,748.67206,559.53015,0.8256008,778.16504,566.1954,0.8363251,795.3889,461.0083,0.766767
3102,748.3695,559.9127,0.8384034,778.29266,566.4594,0.8144612,795.6135,461.63538,0.7370704
3103,748.73914,559.97314,0.863005,778.2039,566.6393,0.81919295,795.29205,463.32306,0.79279983
3104,748.6965,560.3862,0.8524762,778.411,566.9653,0.8014595,795.6743,462.6856,0.7636649
3105,748.2251,560.5324,0.88699573,778.3669,566.8202,0.81552774,795.73285,463.23688,0.74190694
3106,748.0523,561.5324,0.8689302,778.3219,567.3924,0.7671272,795.3418,464.27414,0.7652322
3107,748.5408,562.0272,0.8548119,778.4735,567.4937,0.7443084,795.92096,463.5812,0.7407185
3108,749.1019,562.0018,0.80320567,778.8251,567.7211,0.7163839,795.7722,464.2204,0.7590101
3109,749.0112,562.3687,0.8300001,778.9923,567.8025,0.71771914,795.64746,464.30423,0.78466
3110,748.6308,562.57,0.74846405,777.2739,567.81134,0.6900465,795.8379,464.41183,0.7865293
3111,748.40784,562.52747,0.76153463,777.14197,569.05206,0.6778807,795.69305,465.20215,0.74375796
3112,748.7709,562.77924,0.76911664,777.13916,568.92285,0.6877795,795.1092,466.5016,0.73927003
3113,748.39056,562.77423,0.79357064,777.2238,569.25183,0.69268054,795.006,466.45218,0.71025634
3114,748.87805,562.6254,0.7367365,776.79584,569.21655,0.67995816,794.8743,465.87128,0.5832397
3115,748.65674,562.96606,0.7751563,776.9361,569.46484,0.7031707,794.9261,465.81537,0.6012616
3116,748.7814,563.35,0.8150448,777.04724,569.7127,0.7155177,793.1691,465.95364,0.6800723
3117,749.2093,563.59595,0.80645704,776.76984,570.4268,0.7399666,787.95984,465.48474,0.7247708
3118,749.9524,564.22437,0.85221773,778.86993,570.98083,0.79473394,780.1251,465.73517,0.8790543
3119,749.38745,564.2541,0.9339368,779.26904,571.7508,0.85018754,775.68097,467.00378,0.87334996
3120,749.0662,565.6101,0.8642267,778.26447,571.9468,0.79073,770.8905,468.25952,0.82307404
3121,748.47595,566.0772,0.87456524,778.2088,572.8067,0.78100514,764.8612,469.0334,0.9023589
3122,748.63007,566.3622,0.8968401,778.0611,574.0608,0.7867182,759.6128,469.92917,0.8726474
3123,748.4649,567.07806,0.85738057,777.8781,574.76794,0.7849751,754.20966,473.34134,0.7437158
3124,748.2251,567.0803,0.8894672,777.72705,574.40704,0.7953571,748.2606,474.84705,0.9736087
3125,748.079,567.9618,0.8466792,777.75726,574.752,0.7910179,744.05096,477.145,0.9832884
3126,748.28375,568.1672,0.8656289,778.3222,574.8394,0.8114874,739.82043,479.27225,0.8610264
3127,747.9785,569.02515,0.8313586,778.3309,574.48096,0.7883261,734.6692,480.96127,0.89334595
3128,747.426,568.61816,0.7814265,778.3588,574.08307,0.77440566,731.39,481.5515,0.90769744
3129,746.82855,568.46344,0.7804497,778.0374,572.80664,0.75958186,728.67084,481.75525,0.88758874
3130,745.82965,568.9434,0.75192976,777.79144,572.42267,0.7378828,725.46234,479.61667,0.8639548
3131,744.7187,570.1203,0.6974644,775.898,571.92206,0.73946273,723.919,479.797,0.8734478
3132,744.2667,571.5455,0.77087235,775.61127,571.34454,0.7803302,719.3131,482.84506,0.9186965
3133,742.1253,571.82336,0.87601084,774.90247,570.5032,0.8132697,716.48737,484.3248,0.8847337
3134,740.19446,572.04785,0.9538465,774.2758,569.6514,0.8355327,713.2777,486.43695,0.82828796
3135,739.1536,572.5902,0.9432834,773.1364,568.60187,0.8231935,709.54767,487.4688,0.7907051
3136,738.44336,573.6226,0.8980952,771.9446,569.3395,0.8058886,707.1253,488.07806,0.79102254
3137,736.9471,573.42004,0.8921243,770.75037,568.74426,0.809592,706.22894,486.5489,0.85404074
3138,735.5857,572.65735,0.83574194,768.50934,567.0708,0.78419137,705.07336,482.41675,0.79831636
3139,733.4848,572.16974,0.8902969,766.0481,564.7931,0.8930394,705.2909,478.06125,0.93997866
3140,731.8366,572.0945,0.8458868,763.66736,565.28406,0.8785984,704.0046,475.50504,0.8700479
3141,729.84894,573.7059,0.82299995,761.8887,564.7897,0.85319823,699.6626,475.21127,0.9269867
3142,728.1155,574.58813,0.83774126,759.6957,563.723,0.8805497,691.8204,479.19473,0.7562299
3143,727.52435,574.2513,0.87718743,759.09045,563.6305,0.8915779,684.229,484.1951,0.8586234
3144,727.70264,574.7129,0.8550971,759.26013,563.2058,0.86904866,680.1319,490.56033,0.8099164
3145,728.6914,575.32935,0.8382424,759.80194,563.0233,0.88583297,675.218,498.21265,0.62313914
3146,730.412,576.3389,0.8921492,760.3694,562.65,0.87244433,672.65265,504.89883,0.63157654
3147,730.8567,576.60114,0.9024351,760.2864,562.1239,0.8899208,668.54004,510.51883,0.71228564
3148,731.2136,576.7854,0.93450814,760.2953,562.00256,0.9081735,667.17413,514.5781,0.7703353
3149,732.07025,577.23535,0.9744565,760.30334,561.3408,0.9079552,665.1131,519.3639,0.5747344
3150,731.2626,578.3065,1.0,759.934,560.7377,0.9118511,660.4396,528.7779,0.55686986
3151,730.6412,578.58276,1.0,758.2079,560.3299,0.93064016,66.878845,967.65686,0.22593744
3152,730.6247,579.95624,1.0,754.8531,559.2418,0.9293373,68.28585,968.39343,0.1708772
3153,730.41986,579.88043,0.97801584,753.3355,559.3072,0.935507,70.796,970.209,0.3497767
3154,731.1827,580.26465,0.94272876,753.18304,559.7144,0.92600006,71.99342,972.7176,0.38770762
3155,731.583,580.54785,0.9158444,753.79767,558.6622,0.91973406,64.17759,926.4787,0.090404026
3156,732.6177,580.54474,0.82869434,755.7325,558.76263,0.8830935,11.213437,609.37756,0.061700102
3157,734.98157,580.5754,0.8854924,756.2746,558.9099,0.9630597,3.7190447,872.831,0.059305806
3158,735.4284,581.0105,0.8597631,756.8477,559.3206,0.9632549,82.590225,956.7618,0.10938911
3159,736.6927,581.61395,0.92430997,757.468,559.2207,0.94971853,657.23737,544.6036,0.24577765
3160,737.64514,582.1785,0.9259195,758.073,559.40533,0.96213704,659.6678,539.64667,0.4682329
3161,737.79944,582.48193,0.934427,759.07117,560.56537,0.97905177,662.9206,530.62384,0.80448544
3162,738.38696,582.3869,0.9417404,760.1554,561.4295,0.97528976,667.9546,522.4498,0.73956454
3163,738.7056,582.86597,0.9428814,762.2751,562.0456,0.99312353,673.5474,517.3396,0.710543
3164,738.7937,583.4385,0.9222087,763.2819,562.4923,1.0,678.10675,513.6525,0.5633688
3165,739.2197,583.48694,0.92338157,764.0383,562.32416,1.0,678.81354,511.84836,0.8661212
3166,740.6673,584.0228,0.9173188,765.13965,563.057,1.0,680.6012,511.18423,0.9002465
3167,742.0077,583.4677,0.926305,766.1521,562.9835,1.0,682.25757,510.89243,0.90369976
3168,743.2051,584.23474,0.87949234,766.8987,563.1262,1.0,684.05273,511.31085,0.8762544
3169,745.62994,583.31287,0.8863145,768.0691,562.9327,0.99781173,685.15875,513.83496,0.827497
3170,746.5896,583.38776,0.8917163,769.303,563.6966,1.0,686.0787,516.0006,0.7911995
3171,746.7963,584.71014,0.87269074,770.7447,564.10254,1.0,685.6323,518.4282,0.6095664
3172,748.3081,585.3318,0.9316458,772.1107,564.8659,1.0,684.79144,522.2619,0.73329437
3173,749.8807,585.5035,0.94046766,773.66595,565.1696,1.0,684.6767,526.45667,0.7910457
3174,752.1576,585.4788,0.97438747,775.25977,565.92847,0.9703518,686.1575,529.633,0.76039743
3175,753.75146,585.4355,0.9984785,777.7923,566.7409,0.9682558,686.0872,533.1313,0.66359746
3176,754.38605,585.8853,0.98092383,779.19977,566.0195,0.9277014,688.2118,537.4082,0.6117027
3177,755.5146,586.2381,0.96195287,781.26245,566.38086,0.94142073,689.12836,541.6439,0.49996766
3178,757.90125,586.96436,0.90937907,782.55225,566.03394,0.9804924,689.9137,545.20215,0.53574455
3179,760.4909,586.988,0.831443,783.986,566.5236,0.94459,31.180054,875.7894,0.23259836
3180,762.9319,586.09094,0.8772134,784.71234,564.6515,1.0,21.678186,878.167,0.059187498
3181,763.81915,586.8914,0.917799,786.0832,564.7733,1.0,28.996016,875.72925,0.2615979
3182,765.21014,586.6922,0.9466958,787.2988,564.6392,1.0,28.38493,875.79175,0.38312772
3183,765.73047,586.2973,0.9317688,788.3223,564.93207,1.0,31.108776,875.4201,0.1982946
3184,767.36383,586.5231,0.9298805,789.18774,564.7492,1.0,25.23471,13.794267,0.111781955
3185,768.1289,585.72644,0.9464355,789.792,563.542,1.0,106.73109,971.46674,0.09958906
3186,768.46466,585.4224,0.93202454,788.9879,562.21594,1.0,106.9051,970.12225,0.21485527
3187,768.8831,584.70996,0.93409526,788.7092,561.0021,1.0,688.5302,547.3906,0.2673885
3188,769.25977,584.0137,0.95690364,789.38947,560.63275,1.0,688.38464,548.17706,0.17728989
3189,770.07947,583.8409,0.94614214,790.33057,560.00824,0.9794559,26.988892,11.746239,0.15365955
3190,770.3962,583.39453,0.9320002,791.6135,559.5238,0.93990177,111.42163,970.9573,0.212269
3191,770.7257,582.90717,0.9210256,793.50275,559.6637,0.9222713,113.348404,969.4304,0.13480756
3192,771.3948,582.3534,0.9432724,794.83954,558.50867,0.93083245,26.677834,11.156486,0.1341306
3193,772.3366,581.479,0.96275795,795.4965,558.37604,0.95662516,24.836372,10.921888,0.09319961
3194,773.58405,580.8521,0.94852394,796.4068,558.891,0.99654275,117.04423,417.58047,0.108542785
3195,773.90216,580.1019,0.98225117,797.2956,558.92267,0.9781499,117.5627,416.60083,0.1080035
3196,775.41376,579.401,1.0,796.50397,555.5085,1.0,117.61046,415.35358,0.11105457
3197,775.8034,577.91315,0.92791146,796.1118,553.3029,0.9674954,699.2204,533.6209,0.34464297
3198,776.86475,576.8749,0.9111332,796.36115,549.6911,1.0,701.65845,518.3303,0.6046174
3199,776.2023,573.51434,0.8464806,795.676,548.13153,1.0,118.732056,413.16754,0.10765678
3200,776.5647,569.9864,0.8339163,795.5869,545.87683,0.9664014,704.75385,491.88727,0.1195174
3201,776.9822,568.4319,0.8386331,796.47614,544.5789,0.94123524,712.3192,495.7639,0.19345309
3202,778.1553,566.6715,0.9192726,798.0802,543.2979,0.96295124,120.60229,956.5948,0.22847979
3203,778.4571,565.4303,0.9677234,799.06476,541.8488,0.9486536,706.78076,498.69345,0.6310818
3204,778.7346,564.0513,0.96820635,800.06433,539.81757,0.9529292,705.3846,498.98856,0.42150748
3205,779.99384,562.95557,0.9621586,800.6446,537.95874,0.9312901,705.3594,502.48468,0.09321189
3206,779.86835,561.9931,0.937867,801.9933,536.514,0.9201003,704.8027,506.75995,0.6509435
3207,780.78516,560.57983,0.91029435,802.47144,534.5752,0.97443956,704.2393,508.76248,0.7327432
3208,781.9682,558.5394,0.8794489,803.0842,532.68097,1.0,705.3216,509.18008,0.7124711
3209,782.84296,557.5742,0.87843055,803.55725,532.57214,1.0,706.4922,509.31433,0.6796083
3210,783.5241,557.02545,0.88462526,803.88916,532.4056,1.0,707.2022,507.85266,0.58584166
3211,783.9279,556.71344,0.9081442,804.3252,532.1828,1.0,708.7306,505.81104,0.5600751
3212,784.5059,556.33685,0.9445984,803.8174,531.49664,1.0,710.0078,502.62393,0.66788673
3213,784.3352,556.11383,0.9250936,804.15204,531.90265,1.0,710.7532,500.83453,0.5610223
3214,784.6715,555.9492,0.9395911,804.23004,532.01715,1.0,712.02374,501.36258,0.5525341
3215,784.5521,556.03143,0.94362646,804.2402,532.04443,1.0,711.82117,502.0371,0.5594249
3216,784.4853,555.30853,0.91849643,804.49335,531.86536,1.0,711.6031,505.52426,0.6387079
3217,784.68396,555.08246,0.92788535,804.8,531.8697,1.0,711.29,507.52585,0.55763793
3218,784.6997,554.8728,0.92402655,804.5863,531.6217,1.0,707.89075,510.66885,0.2396799
3219,784.88794,554.12683,0.9313193,804.42883,531.403,1.0,706.5966,514.3267,0.46962193
3220,784.663,553.1058,0.89172184,803.9573,530.4783,1.0,705.5185,517.65643,0.10789916
3221,784.1901,552.98346,0.85725266,803.2742,529.74176,1.0,705.97784,522.84515,0.22043283
3222,783.52356,552.4041,0.85010463,802.48126,528.15894,1.0,128.02075,946.0591,0.1970701
3223,782.7252,551.2873,0.8641276,802.028,526.8176,0.96956974,1258.5732,120.23061,0.08653547
3224,782.983,550.92993,0.890826,801.54755,526.6221,0.9549425,1257.9275,120.32604,0.072057866
3225,782.17957,550.8691,0.87462646,801.2876,526.54755,0.95717293,1258.3708,119.95592,0.088019766
3226,782.0285,550.31836,0.87875825,801.1298,525.97327,0.9514746,127.135895,945.76776,0.12244651
3227,781.97076,549.98694,0.9021017,800.21124,525.0047,0.937787,741.4746,542.8522,0.10676037
3228,781.96814,549.8938,0.93348753,798.94995,525.2304,0.9744343,697.74677,522.4562,0.10125755
3229,781.5514,549.4589,0.9952291,798.3953,524.59265,0.98942333,699.3674,511.2634,0.60285586
3230,780.6417,549.0707,0.9747881,797.5201,524.50696,1.0,700.7903,498.39325,0.7936717
3231,779.0253,548.83905,1.0,794.4982,521.7515,1.0,703.9327,487.69174,0.7115287
3232,776.58746,548.39154,0.9623304,791.05096,519.45404,0.98330206,706.06287,478.34186,0.8273201
3233,775.2568,549.28625,0.945857,790.5333,520.3173,0.9443891,708.9315,470.68143,0.72544503
3234,773.321,549.71625,0.94362396,789.9572,520.40063,0.9283467,714.0489,464.99405,0.6670855
3235,771.9943,548.668,0.9198112,789.617,519.717,0.91829616,717.9568,458.0776,0.649745
3236,771.2624,548.2531,0.864083,789.11285,519.64575,0.9048038,718.3173,455.03476,0.5848185
3237,770.6812,547.4834,0.81608254,789.004,518.9526,0.95777756,718.2308,453.37988,0.59413505
3238,770.8558,547.13245,0.821053,789.6183,518.75256,0.959866,716.5677,452.95355,0.33021265
3239,771.31354,546.8344,0.8191934,790.0565,518.4777,0.95782006,720.0202,452.45044,0.40293333
3240,772.8912,547.5001,0.7874976,791.6926,519.55743,0.9586577,1270.7268,123.243164,0.1457391
3241,773.80304,546.724,0.7375517,792.6998,518.94434,1.0,1271.1615,122.81803,0.2472185
3242,775.17236,546.24945,0.7441158,795.10986,518.718,1.0,1272.1614,122.981674,0.1699441
3243,776.51917,546.2165,0.7913982,796.298,518.4466,1.0,51.58225,959.14545,0.48942503
3244,777.435,546.01434,0.7951533,797.48584,518.3029,0.99966085,53.231823,959.9676,0.57630587
3245,778.6209,545.94885,0.8047468,798.3701,517.9327,0.99899685,51.487408,960.09656,0.7535258
3246,780.09235,545.8932,0.8039498,799.41034,517.21136,0.9780856,741.0113,446.19925,0.47845474
3247,781.9188,545.3829,0.7724498,800.92395,516.7097,1.0,43.1732,956.534,0.54154944
3248,783.4325,545.3298,0.68990874,802.88354,516.2539,1.0,745.37354,446.8409,0.66872966
3249,783.2949,545.85645,0.7735256,803.9958,516.79047,1.0,749.0098,446.31635,0.7134087
3250,784.32153,545.1065,0.69385344,804.98804,517.92444,1.0,755.4731,444.98206,0.53004754
3251,786.18536,544.6207,0.7215487,805.79376,517.78845,1.0,761.159,444.206,0.55629617
3252,785.3688,543.379,0.49390447,806.75,517.6357,0.9847462,766.3433,441.8577,0.68835664
3253,787.8638,543.9534,0.684431,809.7837,517.4476,1.0,771.5347,442.0333,0.46512753
3254,787.701,543.43896,0.70079774,810.70386,516.6961,1.0,776.3744,440.72833,0.59275603
3255,787.2576,542.63434,0.7746919,811.1455,516.30804,1.0,781.3004,440.2774,0.21194683
3256,788.279,542.9535,0.7612806,811.8567,516.12506,1.0,787.1525,439.32684,0.27984145
3257,788.5896,544.02814,0.6971691,812.2709,515.97675,1.0,789.40765,438.60974,0.43503103
3258,788.5576,543.8632,0.7649221,812.13513,516.783,1.0,790.1045,437.4519,0.62126267
3259,788.7011,543.8723,0.7488628,812.13824,517.7647,0.9945472,788.9525,434.42563,0.23080076
3260,788.7233,543.81824,0.7907329,812.4721,518.1002,0.9730863,785.631,434.27,0.47798154
3261,787.6272,543.3128,0.7770911,813.2057,518.92474,0.9269032,783.84576,432.95032,0.6576768
3262,787.4689,543.6883,0.7568521,813.4745,520.828,0.8846724,783.6548,432.84476,0.6764625
3263,787.0821,544.54315,0.7619756,814.36395,522.0954,0.87946093,784.3743,432.75153,0.6666435
3264,786.1761,545.3744,0.62334746,814.80206,523.41907,0.8349408,786.25574,433.2602,0.73789203
3265,786.2047,546.0184,0.6200134,814.31274,524.5095,0.85284233,790.8733,433.6921,0.70386153
3266,786.7149,546.79095,0.637092,814.8282,525.1794,0.8345453,794.7521,435.62143,0.7021475
3267,785.70184,547.7335,0.5411739,814.73584,525.96375,0.85350424,797.94617,437.19333,0.69053483
3268,785.01776,548.6905,0.5174849,815.2767,526.86914,0.8116515,801.3943,438.95395,0.73005503
3269,785.30884,549.0197,0.59370416,814.758,527.38324,0.8097003,38.229465,942.61835,0.82236
3270,785.4939,549.78033,0.50472635,814.72473,528.24994,0.8251273,38.820126,943.52655,0.8573239
3271,785.8957,549.42975,0.66077906,814.1793,529.6438,0.8899092,38.79584,943.76733,0.69622606
3272,785.7805,550.0243,0.6498059,814.786,530.8767,0.86935765,803.0568,441.07993,0.66385716
3273,786.11487,550.7309,0.6081044,814.4665,531.4912,0.87675744,805.7087,442.72418,0.6874738
3274,785.4338,552.2965,0.49596253,814.3505,533.17175,0.8482266,809.4556,445.27292,0.7861992
3275,785.39,553.3314,0.6125764,815.23175,534.6207,0.8700898,812.9977,448.83203,0.8541577
3276,786.3011,553.83594,0.72564954,816.66266,535.1119,0.9002289,816.9712,451.3091,0.79792786
3277,786.388,555.56006,0.6993478,816.8771,537.46265,0.86650527,819.1471,454.13223,0.69314456
3278,787.2385,556.4331,0.8182464,816.51917,539.0869,0.91956216,820.52905,456.13962,0.66633666
3279,788.1943,558.9747,0.8411197,816.0155,541.70166,0.9631563,821.81335,458.31296,0.70581734
3280,786.74664,560.8973,0.80270517,815.8084,543.6924,0.8917909,823.0157,461.14374,0.7565889
3281,786.3953,562.2726,0.82896763,815.30505,546.6052,0.8520358,825.2084,463.5597,0.7395318
3282,786.3457,563.2136,0.86238116,815.3535,548.1528,0.8292555,826.76306,466.78354,0.7651589
3283,786.4428,564.0968,0.88063914,815.1673,549.39056,0.8159588,828.6215,469.618,0.6608209
3284,785.92065,565.655,0.9054536,814.6715,550.645,0.8327139,830.09955,471.5831,0.52238214
3285,785.0754,566.4975,0.9157583,813.86615,552.6389,0.8988975,830.47363,475.0452,0.69489664
3286,784.7345,567.3025,0.9232181,813.412,556.0442,0.9122831,832.96295,477.63565,0.6529139
3287,784.13104,567.6603,0.93171245,813.6981,556.49994,0.89042336,834.69434,478.48468,0.560272
3288,783.0429,567.68915,0.8622201,812.1355,557.407,0.94047654,835.32404,477.1273,0.6447777
3289,781.3977,567.356,0.8775539,810.7439,557.8854,0.9838167,834.5892,473.28214,0.59493476
3290,780.272,566.4815,0.82626396,810.2572,558.23206,0.8377681,833.3448,470.80997,0.60990906
3291,779.8614,565.829,0.7461501,810.705,557.69946,0.7716933,833.63947,469.88138,0.44605076
3292,779.20245,565.3877,0.85077614,809.97144,558.2879,0.74215716,834.28656,471.14398,0.4856837
3293,778.53,564.72595,0.88001126,809.07434,558.00586,0.8299809,836.9122,472.82507,0.43462434
3294,777.6344,564.0616,0.8828233,808.5041,558.388,0.8468477,837.5318,473.84726,0.42416385
3295,776.9352,563.84827,0.86249655,808.11664,557.68396,0.8274663,837.58014,474.1703,0.47740033
3296,775.2909,563.6755,0.88904935,806.92676,558.53314,0.8134863,837.19653,473.67252,0.4787152
3297,774.3055,563.06976,0.8763477,806.2034,557.13434,0.825,836.16345,472.98816,0.45672843
3298,773.6596,562.69653,0.8382055,805.41797,556.70874,0.80683833,834.6729,470.5928,0.46608698
3299,773.2402,562.63306,0.8893011,805.63983,556.41473,0.7947733,833.94055,469.74997,0.39355692
3300,773.51294,562.0518,0.9318672,804.6294,555.9798,0.84625256,834.33386,469.45065,0.24153458
3301,773.07556,562.10504,0.9367229,804.23486,555.78656,0.85591686,835.13544,469.37466,0.38682196
3302,772.8458,561.112,0.877795,804.4943,554.81213,0.8415312,836.86163,470.27087,0.25908026
3303,772.9715,560.6074,0.8418225,804.1752,555.13684,0.8360326,1269.9878,171.93552,0.28398037
3304,773.17206,560.1224,0.8451738,804.45886,555.1925,0.821028,1269.6776,171.86346,0.27512762
3305,773.0573,560.1558,0.8043839,805.422,555.3493,0.81153315,1269.3143,172.31918,0.23525481
3306,773.33105,558.12726,0.853186,805.1821,555.34406,0.81663936,1269.6364,173.23381,0.20497003
3307,773.8364,558.0685,0.87782747,805.7025,555.10645,0.835428,1268.691,172.03992,0.24211556
3308,773.99335,557.74274,0.88440067,806.14734,554.7648,0.85193247,1269.3998,172.99817,0.20622326
3309,774.7225,557.8726,0.8656363,806.2372,554.9053,0.851539,1269.3041,173.15654,0.17948656
3310,774.97626,557.2527,0.8618835,806.8033,554.5531,0.84244996,1269.4207,172.87001,0.18358527
3311,775.48206,556.57355,0.84582585,807.10767,555.007,0.8306537,1268.4531,172.26303,0.24361466
3312,775.7248,555.56116,0.8436881,807.3037,555.3074,0.83263016,1269.1765,174.17558,0.14238052
3313,776.38007,555.14984,0.83655995,808.04565,555.11316,0.8401622,853.3583,481.27393,0.16164063
3314,775.7219,554.7121,0.8626256,807.29895,555.04364,0.84223294,856.0836,483.04327,0.40400735
3315,775.9317,554.6968,0.85577804,807.085,555.0729,0.84725267,1370.8414,180.45895,0.18056035
3316,775.68115,555.27527,0.85100895,806.92444,554.9645,0.8443057,1370.7091,180.77864,0.2193201
3317,775.4725,554.9085,0.85881203,806.9121,554.66296,0.84297144,1370.5358,180.53198,0.34739068
3318,774.93567,554.33167,0.8612822,806.579,554.5941,0.83905834,1370.0424,180.31201,0.26339605
3319,774.7665,554.0688,0.87124926,806.3714,554.67737,0.83352196,863.0116,491.12747,0.36297747
3320,774.4992,554.3158,0.8816006,806.48157,554.4224,0.84695977,863.2079,493.42166,0.5492195
3321,774.1869,553.86084,0.8550445,806.31323,554.58307,0.8360779,863.2668,493.80676,0.5680772
3322,774.08215,553.20416,0.8442785,806.2144,554.19086,0.84705967,863.43805,490.4386,0.47865665
3323,774.3287,552.80365,0.8558942,806.2403,554.4467,0.82383376,861.6861,486.06442,0.41844335
3324,774.75287,552.54816,0.85091144,806.67676,553.8292,0.79966766,42.140804,32.337833,0.1417379
3325,775.5484,552.09436,0.8588608,806.48676,553.488,0.80814785,42.022743,31.993835,0.13862565
3326,774.82214,551.70544,0.86142385,806.50854,553.2537,0.81414706,856.22516,475.5713,0.17469932
3327,774.5741,551.0572,0.8743129,806.13715,553.202,0.8042149,121.31288,441.3617,0.10124582
3328,774.2041,551.2742,0.87073797,805.85266,553.2283,0.8208602,857.4603,476.76843,0.15704657
3329,774.6219,551.8015,0.8497176,805.9573,552.75214,0.8256635,858.30804,478.54083,0.49685463
3330,774.33936,551.60077,0.8784789,805.5423,552.58936,0.8406401,859.6738,482.0664,0.42813656
3331,772.9678,551.2154,0.8819575,805.30035,552.59705,0.84207326,861.12305,483.0103,0.28841963
3332,772.744,550.73175,0.91611767,804.78656,552.775,0.86016744,862.63873,485.04376,0.3041127
3333,772.14734,550.9006,0.90559584,804.5076,553.07104,0.8536908,862.82623,486.90863,0.5131127
3334,771.9281,550.6527,0.9236612,804.49713,553.37714,0.860944,862.70325,486.78305,0.46729442
3335,771.1901,551.02405,0.9044729,804.1015,553.79346,0.8641685,863.3749,486.1801,0.32187924
3336,771.4865,551.7387,0.8651865,804.32336,554.16974,0.85533994,862.4407,485.95566,0.44238344
3337,771.4171,551.4421,0.8797796,803.8921,554.16565,0.8495936,862.2783,484.35706,0.4171637
3338,771.0902,551.0956,0.8890752,804.2906,554.58215,0.851327,862.2678,484.9199,0.31830797
3339,771.6114,551.0694,0.925537,804.06055,554.43567,0.86671185,861.2663,485.92203,0.5124232
3340,771.1516,552.01294,0.86830825,803.59814,555.2586,0.8650917,861.4843,486.78128,0.48344943
3341,771.16943,551.70715,0.8920929,803.50934,555.14813,0.8827209,861.726,488.88828,0.46913245
3342,771.0276,551.27594,0.9065331,803.749,555.17255,0.88046354,863.7779,490.19965,0.38643977
3343,771.20984,550.8788,0.9188899,803.6585,555.31915,0.8693369,864.7657,491.15402,0.36979428
3344,771.57697,550.58026,0.94497496,803.50226,555.2506,0.8984547,37.10328,894.3004,0.24149023
3345,771.3781,550.824,0.92575836,803.3315,554.977,0.9045929,36.59835,893.8932,0.38502327
3346,772.2132,550.42175,0.9416409,804.06433,554.2025,0.9025646,37.89743,893.32324,0.31642547
3347,773.3538,549.5997,0.9811174,804.2354,554.14954,0.8806563,37.991474,892.57874,0.41348812
3348,773.0641,549.9315,0.9617113,804.0775,554.3011,0.8714255,36.444298,892.9783,0.40016744
3349,772.53546,549.46216,0.96874326,803.47736,554.4124,0.864651,37.20835,892.437,0.4692469
3350,772.2334,549.36646,0.9767989,802.94135,554.38934,0.886993,868.8196,499.3625,0.5316861
3351,772.35803,549.362,0.9827353,802.1848,554.0552,0.90071166,867.4404,501.774,0.56380534
3352,772.0128,549.1966,0.9840228,801.66644,553.7285,0.89892346,868.4537,507.10538,0.4895889
3353,771.6239,548.94543,0.98298556,801.721,553.8696,0.91683555,869.1706,511.1626,0.43586627
3354,771.4426,549.1527,0.9801274,801.0469,554.5108,0.91835576,869.91815,513.4842,0.41995928
3355,771.1766,548.9125,0.9793385,800.9233,553.5318,0.9266833,870.97363,514.5651,0.37412062
3356,771.29767,548.87164,0.9758809,800.5447,554.754,0.92867213,871.66766,514.18726,0.33036968
3357,771.2498,549.30383,0.96648246,800.7041,555.4645,0.9274431,871.6935,512.93964,0.41869804
3358,771.0147,549.1441,0.9563663,799.9247,555.64105,0.9153619,870.6614,508.56473,0.46240172
3359,770.8427,548.8678,0.95984834,800.02356,555.1486,0.9038933,869.62054,502.54236,0.39380637
3360,770.2861,549.21704,0.9205269,799.7872,555.6055,0.90228635,35.368107,889.313,0.3314868
3361,770.0212,548.7621,0.91281414,800.14557,554.8125,0.89362293,36.81765,890.63824,0.21200891
3362,770.56744,548.7913,0.9354714,800.0808,555.5781,0.907489,33.59249,892.3785,0.23800942
3363,770.67145,548.8298,0.95802295,800.3315,555.7553,0.91049224,864.0495,491.0157,0.37799582
3364,770.7603,549.13904,0.95859057,799.7391,557.04724,0.9165959,863.02686,490.67908,0.48823985
3365,771.09674,549.20703,0.95573014,800.0091,557.56274,0.9231494,860.98755,488.10477,0.43596753
3366,771.06305,549.324,0.9546908,799.4686,557.72406,0.9094816,857.9391,485.22388,0.4807333
3367,771.3445,548.2776,0.96345145,800.0779,557.5635,0.90605074,852.8876,481.03967,0.5399709
3368,771.6865,547.665,0.97942954,800.03546,557.9529,0.9088831,847.76416,476.41534,0.6257168
3369,772.1598,547.2791,0.9784427,800.3207,557.7133,0.9134554,842.91815,471.8447,0.62980765
3370,772.44116,545.75775,0.9904987,799.9219,556.7292,0.9384432,838.851,467.47617,0.6585157
3371,772.54956,544.2421,0.96153724,800.3217,555.38196,0.9377496,836.2713,465.22745,0.65433043
3372,774.0576,543.7443,0.93603754,801.6161,556.3903,0.9211324,27.187468,890.57074,0.62694883
3373,775.1804,543.0123,0.9543182,802.4801,555.3595,0.9394614,829.8946,460.13007,0.6172653
3374,775.68726,542.95654,0.95918703,803.0447,555.8206,0.9530902,829.93976,458.24637,0.6572597
3375,775.73627,543.25616,0.96299326,803.19,556.04974,0.96905893,827.7054,459.01276,0.70053077
3376,775.6445,543.2165,0.9653194,803.78186,555.6925,0.9556846,825.91046,458.3268,0.7101271
3377,776.2864,543.49713,0.9527859,803.8025,555.6053,0.9550275,824.0653,456.43118,0.68311846
3378,775.5009,543.0246,0.9603712,803.9804,554.7346,0.9577739,822.9259,455.02283,0.71801275
3379,774.76715,543.60065,0.96369654,803.66345,554.38403,0.95185703,824.14935,454.73343,0.7799261
3380,773.71106,543.6747,0.9640745,802.88806,554.3216,0.90961045,822.6941,454.36185,0.7812617
3381,773.341,543.91766,0.96764857,802.7681,554.69244,0.92561764,820.68134,454.29974,0.76881903
3382,773.0661,544.662,0.9891934,802.473,554.8568,0.9291693,817.93414,455.46362,0.7710154
3383,772.18506,544.2753,0.9744113,801.5847,553.9617,0.91644555,814.7132,455.02692,0.76312023
3384,772.4861,544.85205,0.9792132,801.89056,553.87115,0.90003353,813.5316,455.34488,0.78746307
3385,771.28326,544.8479,0.97096723,800.7093,554.842,0.9141523,812.2944,455.73322,0.82449454
3386,770.385,545.1298,0.96693844,800.49945,554.5771,0.88975173,811.5479,456.36816,0.86439276
3387,769.6326,545.3402,0.96048254,799.7639,554.0079,0.86911803,812.91,456.3356,0.82145613
3388,768.3598,545.29376,0.940799,797.987,553.4169,0.8514135,814.3518,457.40295,0.8001538
3389,768.0181,545.8189,0.9421819,797.4097,552.8058,0.8688976,815.5688,458.45236,0.8155354
3390,765.5172,546.0816,0.98259944,796.8248,552.7241,0.8822414,816.51196,460.08148,0.8025588
3391,764.8409,546.65936,1.0,796.0132,552.9575,0.88810337,817.349,461.0735,0.84312975
3392,763.76953,546.33295,1.0,794.41327,553.4795,0.8875615,817.3666,461.86874,0.80156857
3393,762.65247,546.1654,1.0,792.918,553.8226,0.8754388,816.9311,462.13297,0.8063606
3394,761.84503,545.9326,1.0,791.5313,552.61066,0.841369,816.12976,461.79517,0.76995814
3395,760.56824,545.63776,0.9706961,790.4265,552.4151,0.8825813,813.7184,460.48737,0.88578415
3396,760.09393,546.40436,0.9861717,789.6036,552.34454,0.90325963,810.30536,458.97174,0.8704558
3397,759.38025,547.19543,0.99412036,789.30084,552.1169,0.92219794,806.4271,457.09674,0.8197464
3398,758.8938,546.8591,1.0,788.89935,551.87286,0.91494113,802.10004,456.4168,0.76354694
3399,758.1976,545.7947,1.0,788.56,551.61847,0.90013677,796.6849,455.49545,0.7661001
3400,757.80743,545.1513,1.0,788.18475,551.45984,0.9066564,789.4837,454.08774,0.751859
3401,757.7725,544.5744,1.0,787.69617,551.1827,0.9133861,782.9715,453.47314,0.77843225
3402,757.3916,543.26575,1.0,787.179,550.5734,0.9107039,777.9709,452.17908,0.76349646
3403,757.24976,542.65466,1.0,787.497,549.98004,0.927727,772.2068,450.0079,0.73869133
3404,757.0426,541.25226,0.9778324,789.2377,547.40314,0.96136236,764.88837,448.86716,0.78805274
3405,757.4046,540.08026,0.9775848,788.85834,546.344,1.0,760.9289,444.96396,0.7950662
3406,757.4115,539.2329,0.9391394,788.26044,545.1521,0.9661189,759.4568,441.70813,0.7706478
3407,757.2292,538.7948,0.93101424,788.2228,542.99945,0.90857714,757.85516,439.4591,0.8170589
3408,756.8534,538.79315,0.8740471,788.1724,542.5102,0.8978383,755.865,439.85065,0.7790336
3409,755.9114,538.7355,0.9295215,787.5551,541.2344,0.8966303,753.366,440.87878,0.7342714
3410,754.8771,539.08826,0.9013162,786.88196,541.2169,0.8690924,749.7785,440.7137,0.7417363
3411,753.7685,538.7078,0.8814321,786.6117,540.6321,0.85954654,747.6918,441.67145,0.8307236
3412,753.1427,538.54767,0.8558486,786.7493,538.4184,0.8484078,744.8764,442.4434,0.82117593
3413,752.5855,539.57776,0.82931226,785.7595,538.2838,0.85878533,743.60046,442.71878,0.7853271
3414,751.43286,538.6501,0.79634696,784.4349,537.3909,0.8309223,743.0361,443.3793,0.8384373
3415,749.48846,538.57983,0.8189475,783.61926,537.448,0.86583555,742.2329,444.35944,0.79036033
3416,749.31384,539.02344,0.8735716,782.2362,537.61597,0.91753775,739.7615,445.80695,0.83714575
3417,748.6155,540.17664,0.83770233,781.33624,538.34644,0.9353597,737.1001,447.16177,0.84701586
3418,747.5891,540.4549,0.8658731,781.05896,538.3746,0.9575979,733.72437,448.89883,0.82040906
3419,747.4786,540.1978,0.8585698,780.7723,538.30975,0.94993824,730.02435,450.60284,0.8687142
3420,747.22455,539.3186,0.85742867,780.2229,538.14667,0.94085234,723.1577,452.85135,0.62185854
3421,746.82886,538.7836,0.8253173,780.1309,537.36804,0.91350836,717.85974,458.50452,0.5456264
3422,746.53314,539.15326,0.8157987,779.20166,536.94183,0.87382466,711.90704,463.20404,0.341622
3423,745.7907,539.84595,0.83633554,779.13745,536.12646,0.8463791,4.648579,633.333,0.13849719
3424,745.6631,541.2054,0.81705695,778.33386,535.75604,0.8535852,703.03735,473.3246,0.35313568
3425,744.02234,542.0575,0.80802125,777.354,535.16,0.8550325,699.96106,475.9632,0.24036317
3426,744.00433,542.04956,0.82537216,775.9254,533.927,0.8937984,66.60456,953.9567,0.16089416
3427,743.2513,541.9659,0.9060641,775.30145,533.8935,0.9250916,694.37683,477.49744,0.4828681
3428,743.33905,542.77026,0.90029854,775.06305,532.6578,0.9099461,692.4669,472.38574,0.3619623
3429,743.6787,542.90753,0.8783683,775.3652,531.83734,0.89044607,692.52484,467.8807,0.63189495
3430,743.90845,543.11664,0.8406609,775.48517,530.74963,0.8893617,68.539345,989.20917,0.33234003
3431,745.3306,541.72296,0.8035983,776.01733,530.48663,0.8493714,70.40931,988.0292,0.3145447
3432,745.54443,542.35895,0.784121,777.4053,530.08325,0.83346885,690.6953,464.39502,0.26183265
3433,745.7448,542.1592,0.81980705,778.272,529.8742,0.85780305,689.81134,468.6867,0.23583286
3434,746.8118,542.60986,0.861147,779.3787,529.2524,0.8947025,2.4490385,887.8875,0.18440688
3435,748.01245,541.94165,0.91580075,780.16547,527.44885,0.91439086,685.1466,483.6267,0.54397047
3436,750.5119,542.65424,0.89848584,782.0158,527.04297,0.91199136,684.37006,486.83853,0.49532178
3437,752.536,542.8181,0.88720924,783.53503,526.3314,0.8888325,684.64276,489.95316,0.4027346
3438,754.78253,543.05994,0.9363505,784.85345,525.7083,0.93242615,683.99945,489.33075,0.39214224
3439,757.0455,543.30707,0.94857115,786.6637,525.33093,0.87161356,685.1233,487.20578,0.5270896
3440,759.4823,543.94336,0.9055672,787.8738,525.20874,0.8812192,686.43774,483.33322,0.52742517
3441,760.7415,544.12244,0.87239915,788.21826,523.62646,0.9035027,689.6935,477.93918,0.534179
3442,762.0088,543.48505,0.8976357,789.4184,522.4969,0.9310711,690.0708,474.1915,0.39836678
3443,763.98175,542.9603,0.9275465,791.156,522.3176,0.9259104,691.64734,475.26987,0.45981547
3444,765.87305,542.44855,0.9438373,793.6239,522.58295,0.9143697,692.4157,478.8596,0.6517415
3445,769.67334,541.6173,0.94959635,795.5282,522.8561,0.918292,692.9547,482.75552,0.59726334
3446,772.22736,542.8574,0.99629503,798.099,523.1571,0.93321204,694.7524,485.69864,0.667341
3447,773.57587,543.0592,0.9573728,800.89294,522.46906,0.8976887,695.87305,489.69528,0.6749899
3448,775.67175,543.0908,0.9056861,801.4349,521.98645,0.9094499,695.76434,492.7457,0.5831678
3449,776.7106,543.2042,0.88758564,802.03894,522.14453,0.9182841,696.6194,496.61737,0.52603006
3450,776.8426,543.782,0.88716817,803.06116,522.184,0.94350106,696.56635,498.75656,0.5975804
3451,776.8397,543.1198,0.8961009,803.7327,522.0732,0.9577712,697.4968,501.27292,0.33874843
3452,777.0808,543.3772,0.8734179,804.5351,522.37604,0.9296704,697.205,505.313,0.5300579
3453,777.56055,543.38275,0.80091727,804.6263,521.95264,0.9200857,697.0866,509.72067,0.36147153
3454,779.1817,545.1024,0.90682274,804.44025,521.3857,0.928616,696.444,513.8002,0.5555643
3455,779.78986,545.5047,0.93625206,804.0634,521.7929,0.9311379,697.2892,516.3608,0.3258018
3456,779.7709,545.3581,0.9692634,803.425,521.7327,0.9527827,739.96216,520.1816,0.33170772
3457,779.92145,545.61163,0.956782,803.4339,521.0266,0.90569973,740.00366,521.2765,0.30467367
3458,779.9532,545.9642,0.9454121,803.2369,521.2923,0.89772105,692.327,515.3257,0.37214693
3459,780.5271,547.03925,0.9682358,803.1922,521.5744,0.91265815,692.2988,515.7337,0.3955189
3460,781.13654,547.852,0.9938748,803.09326,521.6818,0.9028203,692.2862,517.6224,0.5079773
3461,782.139,548.2967,0.95442307,803.14545,521.32825,0.9026053,692.96277,519.4095,0.47583434
3462,782.99194,548.593,0.94275826,802.7426,520.61865,0.8582765,693.7493,522.45984,0.59467626
3463,784.182,547.91736,0.9358802,803.0518,521.0328,0.8894616,693.6289,524.07367,0.57211095
3464,784.4013,548.11505,0.93259597,802.9353,521.5315,0.8966488,693.42883,526.9285,0.5249481
3465,784.0259,548.57367,0.9147959,803.2095,521.63226,0.8906581,693.4854,530.6054,0.40481544
3466,784.3021,548.94574,0.92072904,802.69293,522.0734,0.88974357,692.92004,534.6369,0.46085474
3467,783.8827,549.5685,0.9113564,802.1835,521.9312,0.88862234,693.7642,540.23535,0.5468383
3468,784.0999,550.27686,0.93790245,800.2006,522.19495,0.8794561,694.8427,546.17267,0.42190072
3469,784.56476,550.89343,0.9399227,799.978,522.61816,0.90217406,695.3981,551.0308,0.12840524
3470,783.8463,551.41034,0.88731295,799.7971,523.38184,0.94193935,695.97327,553.3186,0.2203637
3471,783.66394,551.65393,0.8571817,799.46466,524.0822,0.94146204,694.9171,553.8699,0.2461484
3472,782.614,553.65186,0.9126649,798.41516,524.4967,0.94585586,693.92554,554.0298,0.31526825
3473,781.6607,553.95,0.9664427,796.8011,524.1042,1.0,793.0179,454.02475,0.058097497
3474,780.372,554.6852,1.0,794.7573,523.932,1.0,681.2492,552.30664,0.06742982
3475,778.91223,555.7917,1.0,791.5506,525.84314,0.92887217,56.331913,32.9537,0.07970645
3476,777.58527,556.9635,0.9452124,789.9802,526.7336,0.9812179,56.70081,32.810993,0.07067377
3477,776.02106,558.4297,0.8678487,788.54834,526.9698,0.95259094,9.057745,874.4173,0.098857656
3478,773.48206,558.5554,0.9187703,787.7864,527.2059,0.9307546,56.534283,32.890945,0.06805328
3479,772.16254,559.6061,0.90786034,785.6545,527.4195,0.88984936,9.462092,874.90466,0.096111804
3480,771.1202,560.0024,0.9521308,783.26526,529.14197,0.97131014,9.548848,874.4136,0.1861636
3481,770.06525,560.2951,0.96135837,782.0641,529.98175,1.0,10.3857975,873.73206,0.17585199
3482,769.376,561.2864,0.972522,780.6453,531.0743,1.0,10.801246,873.3638,0.24410626
3483,769.3487,562.2472,0.97329694,780.27625,531.572,1.0,10.073393,873.19995,0.12766153
3484,768.9337,562.98553,0.975262,779.8192,532.0655,1.0,58.581596,33.3848,0.12923446
3485,768.93085,563.5115,0.9743586,779.6084,532.5479,1.0,57.63153,32.888958,0.10264004
3486,769.1159,564.3678,0.9746501,779.0902,532.8413,1.0,57.85505,33.021576,0.10695443
3487,769.6621,564.6588,0.9855862,779.1573,532.907,0.9896255,56.840176,32.303688,0.09816586
3488,770.3644,564.31,0.98589367,780.2104,532.9323,0.96620613,55.734062,31.368576,0.09651422
3489,771.0241,564.1142,0.9815109,781.4253,532.6529,0.9474032,67.833046,33.54742,0.095099494
3490,771.76935,564.99,0.93161285,782.133,533.2356,0.8910709,69.25947,33.3196,0.11005916
3491,772.71277,565.325,0.8953107,783.35724,534.14087,0.8242976,70.52582,32.636223,0.12522098
3492,774.327,566.158,0.84056944,784.2404,534.89154,0.7893779,26.11574,874.0309,0.24149783
3493,775.7749,566.5439,0.78349054,785.0338,534.04376,0.8433049,27.266682,872.88745,0.3723456
3494,777.34534,566.9026,0.7687127,786.16174,534.6884,0.86475086,28.13173,871.54895,0.16170166
3495,777.5977,567.8997,0.79684365,786.8637,535.7931,0.86375207,30.177656,870.71783,0.3461304
3496,778.8481,568.4578,0.8516655,787.02563,537.3696,0.86672074,680.96826,544.8627,0.4901422
3497,780.0294,568.568,0.86712116,787.877,537.8387,0.8653478,683.44745,538.87994,0.4492629
3498,781.12305,568.4842,0.8444635,788.79614,537.52295,0.8382427,685.4743,533.613,0.5805712
3499,781.9132,568.8334,0.86174184,789.274,538.23834,0.8352199,686.50916,530.37695,0.7162156
3500,782.0534,568.33923,0.83465964,789.4577,538.4798,0.8225151,687.7573,527.60284,0.7043445
3501,784.3819,567.604,0.832832,789.5684,538.0966,0.809295,686.06616,529.93915,0.7993518
3502,785.4958,567.45703,0.84098893,790.79626,537.5785,0.79665464,685.36615,532.9678,0.5473867
3503,786.6924,566.8147,0.8861684,793.0864,535.4126,0.8422013,686.7884,534.8698,0.47106066
3504,786.9446,566.8291,0.9089586,795.06305,535.0307,0.91703755,688.8611,536.69037,0.49354944
3505,788.50934,566.1948,0.8581564,796.7894,535.2578,0.87186664,690.5835,534.61444,0.5560814
3506,790.192,566.17444,0.85957044,797.6244,535.38043,0.83644897,692.5647,532.2715,0.57495904
3507,792.8417,565.65015,0.8408323,799.3249,534.4833,0.8478909,695.16595,531.31976,0.6748143
3508,793.84424,565.85925,0.8857632,801.83856,534.02893,0.9091821,698.3986,530.1059,0.70550126
3509,795.59955,565.3264,0.934835,802.54376,533.50586,0.9211386,701.05853,526.68787,0.72542375
3510,797.2745,565.99963,0.90995026,804.94415,533.8151,0.9380171,706.36584,521.5947,0.62205327
3511,798.887,565.2471,0.93417734,806.4344,534.13385,0.98446256,709.3079,516.2682,0.7409086
3512,800.7516,564.6495,0.98935336,809.7537,533.4962,1.0,714.5627,510.77985,0.8221518
3513,802.25415,564.2368,0.9999699,809.9162,533.02924,1.0,718.5528,506.88998,0.8600956
3514,803.4419,564.4558,1.0,812.1531,533.3617,0.97483206,723.9714,502.5691,0.792458
3515,804.68365,564.3053,0.9498022,813.44934,533.4746,0.94484025,729.6883,498.1905,0.9096873
3516,805.2742,564.3877,0.9616123,814.531,533.34515,0.9341493,733.60706,494.474,0.8752784
3517,806.68726,564.2222,0.92967737,816.2521,532.7359,0.9420356,738.1832,491.2203,0.871704
3518,807.3392,564.0889,0.8737816,817.81824,532.482,0.96204084,739.08466,488.68774,0.79812896
3519,808.7087,563.0825,0.88920486,818.3055,532.1111,0.9695637,742.4067,485.58618,0.8383392
3520,809.3615,562.23175,0.9069821,819.8662,530.6419,0.96862733,742.58905,484.01813,0.88552654
3521,810.1216,561.6619,0.912669,820.3338,528.5958,0.9913478,739.6717,486.84293,0.7599468
3522,810.6397,560.352,0.8654266,821.6863,528.3764,0.9757231,119.31827,14.411765,0.6702339
3523,811.9961,559.54443,0.89200604,823.25946,527.63885,0.94160604,736.8927,491.43494,0.7897302
3524,812.494,558.5462,0.93827593,825.9499,527.2448,0.9376824,735.5768,494.14062,0.8926721
3525,813.0985,557.90753,0.9341464,827.46747,526.2462,0.9585915,733.3886,497.61868,0.80991805
3526,812.28357,556.58685,0.909321,827.40625,527.38715,0.95822746,731.4304,499.20596,0.83844316
3527,812.3848,555.2797,0.9300879,828.256,526.72064,0.9433841,729.38934,499.18924,0.7930934
3528,811.97766,554.8223,0.92186004,828.0544,524.70135,0.974114,727.19977,498.9533,0.78848785
3529,811.6065,553.78284,0.9048347,827.5126,523.8569,0.94114625,120.03938,11.755638,0.71971315
3530,811.94904,553.43866,0.9090016,827.52484,522.92053,0.933061,724.311,500.22037,0.7400811
3531,811.7522,552.9375,0.89575833,827.15625,521.9453,0.9256365,120.37121,11.659566,0.7410822
3532,811.3218,552.22406,0.8869588,826.55566,522.10785,0.9552119,120.7064,11.14126,0.673933
3533,811.29785,552.0818,0.8977956,825.72986,521.2841,0.9468096,720.8951,510.39453,0.7798016
3534,812.09015,551.3568,0.9095469,825.9645,521.0325,0.9436428,120.576744,11.303185,0.6718698
3535,812.50055,551.01526,0.90571517,825.94366,519.95844,0.93241,120.64988,11.248822,0.6633354
3536,813.1049,550.78033,0.92692095,826.3053,519.60706,0.93826884,120.69201,11.279972,0.6710678
3537,813.81335,550.08984,0.95336384,825.2531,518.8681,1.0,120.71295,11.150955,0.6784413
3538,814.34546,549.562,0.9639856,824.2263,517.1195,1.0,120.152504,11.463035,0.7507721
3539,814.87317,549.5511,0.9613488,824.8887,517.4395,1.0,120.461494,11.264476,0.66199553
3540,815.1782,550.1792,0.9762549,823.3119,517.3012,1.0,120.613144,11.313803,0.6448846
3541,815.2247,550.45734,0.95630294,823.3383,517.62024,1.0,120.40275,11.5755005,0.7352281
3542,814.6522,550.7959,0.9343205,821.9985,517.34174,1.0,120.85923,11.16141,0.669345
3543,813.7243,551.50964,0.8927995,821.2903,517.45026,0.9907279,120.58606,11.201388,0.66526073
3544,811.6733,552.746,0.8994252,821.159,518.93854,0.9425721,120.45889,11.633394,0.6538943
3545,811.1853,552.1786,0.8911936,820.71747,518.92554,0.9314805,120.64381,11.379502,0.6432032
3546,810.2693,552.6537,0.8487252,819.83484,521.0537,0.84952277,120.59427,11.437155,0.686086
3547,809.4728,551.8103,0.7683219,818.6741,521.00085,0.71555156,120.24963,11.062637,0.6651382
3548,808.63855,551.19507,0.75890595,817.419,520.57837,0.7535144,120.71277,11.32965,0.69004774
3549,808.32544,550.88025,0.75726676,816.28455,520.9132,0.7592675,120.289696,11.41535,0.6948497
3550,807.68036,551.17615,0.7446576,816.3833,521.1182,0.7264175,120.14869,11.490169,0.71477455
3551,806.97284,551.22314,0.7698447,815.4784,521.0974,0.71600133,120.618645,11.342981,0.72367895
3552,806.7183,550.9306,0.77529633,815.53577,521.23254,0.6880984,706.729,514.5449,0.69000125
3553,806.427,550.9552,0.77518064,815.2005,520.8585,0.70132464,120.19036,11.260226,0.7228256
3554,806.35956,550.7173,0.75601053,815.18536,520.57117,0.7028272,706.4236,513.45685,0.6969814
3555,805.3322,550.8183,0.8004141,814.8657,520.37177,0.74092335,120.76241,11.059147,0.7390006
3556,805.0625,550.6894,0.7921826,814.784,520.23004,0.73679274,120.48932,11.372156,0.72838414
3557,804.525,550.3944,0.8037028,814.17566,520.5783,0.743773,704.5904,512.8927,0.7509407
3558,804.71796,550.94336,0.7902147,813.9429,521.1023,0.7246351,704.2252,513.0633,0.76098335
3559,804.1731,550.527,0.8250268,813.55194,520.8447,0.75434434,704.13666,512.99713,0.7218315
3560,804.6913,550.32135,0.82560325,813.7342,520.6726,0.76013756,704.1373,512.94745,0.7484051
3561,804.7617,550.7551,0.81568235,813.679,520.8978,0.7401036,704.1229,512.94574,0.74839467
3562,804.5842,551.06085,0.79986954,813.488,521.0217,0.72796476,704.37195,512.7006,0.7631393
3563,804.44354,550.79767,0.7986961,813.43036,520.6561,0.7252866,704.15564,512.91504,0.735407
3564,804.642,551.4851,0.74879354,813.66864,521.05194,0.6816159,703.8953,512.84717,0.744236
3565,804.5589,550.82996,0.7498094,813.9103,520.50824,0.69727856,120.66904,11.470246,0.71222466
3566,804.53595,550.9605,0.80019605,813.2225,520.78314,0.7243033,703.9254,512.6135,0.7446648
3567,804.29974,551.0062,0.78351206,813.50385,521.0166,0.71111315,703.18036,513.2651,0.74259835
3568,804.7097,551.1674,0.78240484,813.2195,520.6083,0.7278535,703.30536,513.4046,0.7223023
3569,804.01807,551.1152,0.79806197,813.2109,520.76025,0.72714823,120.28909,10.785589,0.72321135
3570,804.42365,551.1625,0.7772899,813.4551,520.8392,0.7033377,120.4801,10.764719,0.72821695
3571,804.3244,550.9987,0.77653867,813.28143,520.676,0.7082407,120.95445,10.561984,0.7152968
3572,804.38214,551.04694,0.78428066,813.1277,520.92847,0.7099125,703.5117,512.7244,0.7187983
3573,804.48175,551.1385,0.7915643,813.02344,521.719,0.70869607,703.1517,513.225,0.7398405
3574,804.4088,551.1463,0.80027395,812.614,520.7341,0.7145279,121.51037,11.017861,0.72052366
3575,803.9113,550.61475,0.7911084,813.1348,520.69006,0.7388464,703.95435,512.68243,0.7128718
3576,804.25476,550.54816,0.796487,812.99286,521.1235,0.72291374,702.84717,513.13556,0.7877537
3577,804.21436,550.9531,0.7514474,813.29663,520.7624,0.7081099,702.71796,514.44354,0.82528496
3578,804.4311,551.41187,0.81507266,813.00507,521.3118,0.75419915,121.20269,10.907639,0.6829782
3579,804.7634,551.2915,0.82539433,813.1099,521.0888,0.77357686,121.398315,10.586424,0.72145134
3580,805.2736,552.01,0.82054096,813.7987,522.5792,0.7669285,120.717316,10.898897,0.69111097
3581,805.7996,551.68256,0.8096678,813.89215,522.61176,0.7713145,708.8828,512.36224,0.774822
3582,805.98236,551.8035,0.81346536,814.3956,522.64496,0.7656134,711.4152,508.065,0.75750715
3583,806.1361,552.7066,0.80863243,814.71045,523.55426,0.7706708,714.5828,502.95596,0.7434723
3584,806.1653,553.18353,0.83384436,814.8126,523.59705,0.7672872,716.7258,499.2563,0.8790698
3585,806.11053,553.82544,0.8387458,814.9438,524.4779,0.7956781,721.3906,493.87543,0.84265685
3586,806.5178,554.0817,0.8305896,815.04425,523.99286,0.76947206,725.0705,488.744,0.7699396
3587,806.6243,554.36896,0.81983775,815.4994,523.0657,0.7646428,728.80115,486.02557,0.77709854
3588,806.5883,554.0885,0.8252594,815.1914,522.9536,0.76208276,731.19366,483.7662,0.79773736
3589,806.96173,553.5571,0.8058188,815.5617,522.2657,0.7647709,733.94763,480.6272,0.8489946
3590,806.65015,553.12573,0.80463463,815.6269,522.3167,0.7581083,737.9049,476.80115,0.90893817
3591,806.1348,552.3373,0.8092486,815.63586,520.6997,0.7433942,738.89374,472.65305,0.7843919
3592,806.05145,552.1956,0.7971588,815.67834,521.0376,0.7487119,742.1396,470.12338,0.8293525
3593,806.6652,552.4435,0.7918219,815.88367,521.9751,0.7696499,743.94666,468.69357,0.8313942
3594,806.8533,552.6133,0.82794267,816.6302,522.5537,0.7953585,744.9556,468.38333,0.7785096
3595,807.6137,552.54236,0.8202887,816.8856,521.40466,0.81295747,746.52875,468.35587,0.77383065
3596,808.4664,552.15814,0.83237886,817.83325,519.9855,0.9057604,748.4849,468.0023,0.7891332
3597,808.54895,552.35114,0.81694525,818.35864,519.28503,0.9266966,751.2566,466.51175,0.76987267
3598,808.85944,552.05853,0.82844716,818.454,519.49695,0.95609516,753.58716,465.47815,0.79102844
3599,809.25525,552.76196,0.8492361,818.8709,521.089,0.9403184,756.2856,465.15375,0.78391683
3600,809.74615,552.0403,0.8416035,819.3441,521.0499,0.938387,759.69965,464.4722,0.77768046
3601,809.6964,552.4566,0.860852,820.0016,522.18634,0.93159354,762.3642,463.8836,0.8655085
3602,809.64966,552.5816,0.8256144,820.6303,522.5327,0.94027215,765.2253,462.13577,0.773326
3603,809.4208,552.5054,0.7996869,820.6598,522.64484,0.9358719,767.9693,461.38004,0.7956017
3604,809.3348,551.9929,0.8040045,820.48395,521.3288,0.95264727,770.4504,459.78586,0.6904272
3605,808.8898,551.9382,0.7909427,821.0568,522.5836,0.9168801,771.2733,457.96878,0.6684055
3606,807.66327,552.5181,0.7255303,820.9185,522.06525,0.8937122,769.79297,454.09567,0.7388627
3607,808.38837,550.12415,0.71185344,821.5088,519.02997,0.91139466,763.4164,449.7382,0.8256446
3608,806.5451,549.4851,0.7589211,820.67303,518.55115,0.90332067,757.782,447.96365,0.78372896
3609,805.44275,549.0663,0.79833716,820.28906,518.05707,0.89767843,754.2296,447.45294,0.8100537
3610,805.36615,548.0827,0.8206933,820.02185,517.48376,0.9454189,753.06305,446.89117,0.85061073
3611,805.38525,548.2174,0.81676453,820.10614,517.42365,0.9330004,754.9108,446.6475,0.8130103
3612,805.2197,548.43243,0.82412,820.0475,517.8056,0.9479479,758.77924,445.6187,0.78295124
3613,805.8026,548.1359,0.8318487,819.75464,517.88385,0.95868343,762.2391,444.89383,0.72621065
3614,805.95337,548.51105,0.8343912,820.12744,517.68536,0.9473935,767.0832,444.41162,0.71787107
3615,805.5411,548.2337,0.8289157,820.61835,517.7613,0.9253242,771.29675,443.5251,0.5881573
3616,805.88354,548.2491,0.8452987,821.1561,517.6599,0.9151066,774.2227,442.89386,0.6990838
3617,805.85803,547.9047,0.87734944,821.7801,517.4756,0.90674525,775.43396,443.08514,0.76468563
3618,806.32947,547.81476,0.8439997,823.29974,518.19446,0.89340717,775.69794,443.0798,0.7795775
3619,806.4691,547.8277,0.84838516,823.26276,518.3741,0.8967568,774.589,442.52823,0.7826774
3620,805.6884,547.30853,0.8221483,823.6659,518.48267,0.8848445,774.18286,442.00058,0.71989393
3621,806.24634,547.3494,0.8279701,823.6677,518.0361,0.8932039,775.77594,440.93494,0.66311556
3622,806.3183,547.22296,0.86638254,823.6022,517.6344,0.92301446,779.15686,440.57773,0.5984945
3623,806.3406,547.1915,0.85597605,824.0263,517.8148,0.9170131,782.89764,440.53177,0.65732
3624,806.75775,547.53357,0.8565927,824.0244,518.08777,0.9246208,788.9619,441.24918,0.6400895
3625,806.45386,547.10223,0.85414726,824.55664,517.8413,0.92048174,794.0275,441.20068,0.74908054
3626,806.58453,547.24426,0.8486218,825.0417,518.04846,0.92744714,797.8344,441.53775,0.7345082
3627,806.25775,546.44055,0.8679072,825.3261,517.3576,0.97363526,803.54285,441.26562,0.6637531
3628,805.99634,545.5188,0.84953386,826.4568,516.5753,0.987946,808.02,440.21814,0.7277451
3629,805.36865,545.0447,0.7876912,827.5358,516.28314,0.95244205,811.0748,439.1685,0.63340044
3630,805.02045,543.70886,0.81105644,828.5113,516.35767,0.9536665,813.39343,438.3154,0.6368737
3631,805.2091,543.07916,0.83692247,828.85547,515.5562,0.9737466,814.23047,437.8671,0.6576429
3632,805.1245,542.20917,0.8865838,829.28406,515.307,0.96001107,813.9365,436.49075,0.68995106
3633,805.1106,541.0858,0.89480263,829.7018,515.1881,0.95614547,814.0154,435.8999,0.7027324
3634,805.41156,541.17487,0.89877945,829.3725,514.98267,0.95283026,814.9898,435.984,0.7358514
3635,805.4565,541.5478,0.9090976,829.64594,515.13324,0.93668544,817.2934,437.55975,0.7171438
3636,805.3978,541.1604,0.90752727,829.93787,515.1328,0.95540756,819.2747,438.11136,0.6715372
3637,805.5179,541.686,0.9233076,830.5518,515.68445,0.9307111,819.07135,438.90353,0.6548593
3638,806.2535,541.68005,0.8690384,831.15735,515.8574,0.88706845,817.7711,438.78513,0.68491536
3639,806.32056,543.0294,0.75753814,831.3876,516.30707,0.81630796,814.1304,437.71548,0.6784524
3640,806.4851,542.70544,0.7229763,831.9639,516.7023,0.8371355,811.04364,436.7349,0.6241578
3641,806.8664,542.81866,0.6224416,832.22394,516.7469,0.8016265,806.8512,435.27338,0.73028696
3642,807.05634,543.52203,0.6468702,832.27814,517.16876,0.77444726,806.353,435.4653,0.6917173
3643,807.0489,543.3278,0.62324625,831.82007,517.72565,0.77479076,123.22361,9.330921,0.7229672
3644,806.3325,543.1661,0.79469055,831.9264,517.45,0.85165864,123.31903,9.385191,0.7377395
3645,806.0568,542.4596,0.85163194,832.1083,518.1031,0.8754085,810.73956,434.27414,0.81092197
3646,806.2812,542.2962,0.8199994,831.97156,517.78107,0.8605442,811.3641,433.7052,0.8121288
3647,805.35394,542.2098,0.88281924,831.8695,518.4373,0.8400181,812.8115,433.70834,0.82663643
3648,804.78174,542.3541,0.8749581,831.9616,518.36993,0.8211629,814.1093,433.74417,0.8175329
3649,804.3321,541.6684,0.9713942,831.4254,518.3712,0.86013705,817.19226,434.2903,0.75996023
3650,804.26263,541.9924,0.9678954,830.59503,518.4408,0.88075,820.7738,435.54196,0.7469141
3651,803.76385,541.5157,0.9637625,830.196,518.17285,0.9132673,824.8891,437.06155,0.69392896
3652,803.55176,541.2607,0.93103796,830.098,518.9633,0.8854762,119.87259,10.147075,0.69336784
3653,802.9565,540.96234,0.90892273,830.11865,519.4497,0.8845392,119.366196,10.142722,0.71451354
3654,802.7733,540.95215,0.89978546,829.9017,520.04803,0.86373484,118.92452,9.945829,0.70251
3655,801.96783,540.0083,0.9612743,829.7375,519.7313,0.85672456,119.234375,9.763313,0.6744007
3656,801.01263,540.025,0.9648184,829.883,519.7678,0.8631481,118.162,9.908091,0.68307316
3657,800.32904,539.187,0.8743734,829.1586,520.84564,0.8948981,118.72475,9.7232065,0.64354885
3658,800.6086,538.67926,0.8947102,828.87213,521.3126,0.92663497,117.69318,10.019608,0.6344286
3659,799.4315,538.0507,0.8154791,828.28046,520.5326,0.90852374,117.04901,10.284458,0.6267885
3660,798.45294,538.1039,0.8582953,826.90155,520.91394,0.8961006,114.69785,10.555605,0.5960085
3661,799.2518,537.4182,0.8655371,826.12476,521.79285,0.9278754,113.4899,10.729944,0.576411
3662,798.0856,537.12256,0.82286596,826.3537,521.4245,0.90413713,111.14343,10.300174,0.61057967
3663,797.8087,535.8237,0.8293707,826.0549,521.7655,0.9083064,843.4815,448.71265,0.633829
3664,796.6946,535.3312,0.85933965,825.6407,520.93274,0.8917961,110.049805,10.189717,0.64877135
3665,796.3513,535.17236,0.85735804,824.88727,520.45154,0.88992727,109.20987,9.74489,0.6911994
3666,794.3932,533.7746,0.8864836,823.5002,521.4094,0.8767444,108.63788,9.81996,0.6861518
3667,793.08496,532.8509,0.8851926,822.65063,521.27875,0.9058002,107.23403,10.513646,0.65854245
3668,791.4363,532.2073,0.9092018,821.10754,520.99304,0.81770164,846.2774,446.99927,0.5767307
3669,791.02637,532.13086,0.9500032,819.7152,519.7945,0.87978715,104.52429,11.456221,0.5969584
3670,789.64343,530.679,0.92189944,818.9123,518.2878,0.87024516,843.205,436.30017,0.67087007
3671,788.3912,530.2193,0.88349646,817.85785,517.23755,0.8506617,838.9801,430.31543,0.66637206
3672,787.4867,529.9329,0.84798795,816.9013,516.6689,0.84293115,103.1046,11.218984,0.601821
3673,786.73096,529.69293,0.7574872,816.54193,515.9642,0.81679994,829.45593,421.07632,0.63389754
3674,786.0189,529.44214,0.8023632,815.93146,515.3711,0.82665735,826.0751,418.64865,0.7118858
3675,785.14905,526.84125,0.862219,815.19617,515.48987,0.8299052,821.5806,416.55032,0.6438737
3676,784.15924,526.9404,0.8422822,814.6448,514.5327,0.82525253,817.27594,414.21136,0.8056801
3677,783.94196,525.8059,0.87106854,814.6014,512.9935,0.8591352,813.67755,412.67493,0.7483751
3678,783.81396,525.1807,0.8766608,813.87744,512.738,0.85980433,808.413,411.6574,0.7265131
3679,783.2225,525.4093,0.81840754,813.9602,511.90378,0.83808416,801.4593,411.1831,0.6142276
3680,782.25073,525.69653,0.8164972,812.44446,511.41577,0.89883006,94.04508,10.957379,0.54708683
3681,781.48975,526.7731,0.82107353,811.684,510.4758,0.94060683,92.26156,11.752581,0.6361715
3682,780.78503,526.96735,0.8323895,810.6405,509.8605,0.9205008,768.70026,415.4786,0.68363285
3683,779.4403,526.7352,0.81773573,809.4716,509.5289,0.87725466,90.807396,11.780806,0.548556
3684,778.01166,526.51514,0.84936035,807.5546,509.33356,0.8563684,749.26227,421.63782,0.73262954
3685,776.89246,526.9898,0.8488595,805.24005,509.2323,0.9064601,742.034,423.7115,0.7767905
3686,774.3451,527.0429,0.8906949,804.0803,508.84937,0.9040424,738.5021,425.45056,0.6225656
3687,772.9195,528.9312,0.8606938,802.47107,508.3292,0.8722978,735.5472,426.7159,0.52888215
3688,772.44635,530.43604,0.872566,801.64734,509.53387,0.86643165,85.92529,13.005058,0.46889418
3689,772.1102,531.1463,0.8672669,801.17444,511.2362,0.8284843,739.71826,428.31467,0.70987785
3690,772.14606,532.7252,0.95150936,800.60236,513.6811,0.9185379,741.79755,429.77142,0.6686994
3691,771.4461,535.0331,0.8949053,799.8099,515.8769,0.89618737,746.5618,430.84784,0.6979536
3692,770.8763,538.9709,0.9246905,798.6689,517.5911,0.9299802,753.7549,431.61502,0.6025114
3693,770.18243,540.1161,0.96831626,797.9393,521.0126,0.9227561,761.2095,433.17548,0.7196083
3694,769.6078,542.5037,0.907747,798.2427,522.9248,0.9141408,767.07556,434.56104,0.7964792
3695,770.063,545.7482,0.86452925,798.27704,525.4018,0.91293806,774.4268,437.91983,0.738481
3696,770.1402,547.6821,0.9183671,797.1501,527.67645,0.9073934,781.4591,442.1189,0.7060801
3697,769.5978,549.8181,0.9156137,796.9692,529.19696,0.95595765,787.33777,445.30597,0.6748923
3698,769.90405,551.09924,0.8913859,798.11487,530.7306,0.9558914,791.87646,448.79858,0.7173825
3699,770.25885,551.85486,0.86842066,799.52686,531.75494,0.90750563,795.56415,449.71375,0.7755156
3700,771.5015,554.20996,0.874519,800.3228,533.25977,0.84154874,799.2287,450.21204,0.7281743
3701,772.84894,555.145,0.9339307,800.9274,534.9804,0.8641512,19.182854,909.21954,0.69813746
3702,773.4506,556.49194,0.9427764,801.76855,537.7221,0.90795845,808.0757,453.38333,0.6209129
3703,775.18787,556.4978,0.8586663,804.2588,538.5562,0.8868734,809.42175,452.92792,0.63226163
3704,777.28906,558.0489,0.85712665,805.2339,539.62756,0.9113546,809.58936,451.43143,0.71354544
3705,778.3265,559.28656,0.8273637,806.6025,541.2764,0.8643794,808.7503,450.13858,0.76437503
3706,779.35254,560.5183,0.77542025,807.8061,542.2242,0.83938855,808.3207,449.7147,0.7665794
3707,779.8388,561.83405,0.8420697,808.46173,543.3522,0.81970763,806.26337,449.27228,0.6700083
3708,780.0305,561.2049,0.78641427,809.91376,544.2781,0.84511733,207.95868,1023.269,0.5494656
3709,780.04193,561.05176,0.81097287,810.1278,544.02563,0.9131092,802.5703,445.12045,0.71461177
3710,780.27014,560.61035,0.83793014,810.118,543.3584,0.96047044,800.01776,445.01968,0.7338492
3711,780.3878,560.4706,0.8767735,810.5769,543.2064,0.9846738,798.49,445.80554,0.7264013
3712,780.53314,560.48,0.8718626,811.2226,543.48126,0.9931781,798.7623,446.01807,0.7767095
3713,780.78876,560.84674,0.83119,811.26996,544.5423,0.89588404,800.6227,448.8702,0.8022239
3714,780.33685,561.98773,0.82731503,811.4133,545.2749,0.86885315,803.97003,449.90488,0.8852316
3715,780.1432,562.23413,0.8382367,811.51764,545.0481,0.87071913,809.3308,452.22913,0.84475535
3716,779.6657,562.6742,0.84824914,810.7186,547.31964,0.8690265,813.07336,455.24927,0.69353294
3717,779.8228,563.3403,0.8700762,810.5476,548.3446,0.89131266,814.63696,457.09622,0.73637336
3718,779.2348,563.87714,0.8654786,810.10034,549.35596,0.8951061,818.5314,460.70895,0.77422893
3719,778.9526,565.2076,0.832313,809.26495,549.935,0.8936073,822.1717,464.68,0.68255746
3720,778.5991,565.1681,0.8543177,808.734,550.6093,0.8549401,824.25165,467.1249,0.717151
3721,778.2213,565.67957,0.84002477,808.80005,551.519,0.8486786,826.80774,468.67764,0.65746653
3722,777.8578,565.9075,0.8445333,808.6564,552.80304,0.8377851,827.91974,470.856,0.6614261
3723,777.51306,566.30774,0.7939922,808.3133,553.7894,0.8268226,828.60724,473.04193,0.66281354
3724,777.3773,566.3155,0.8050131,808.07104,554.6775,0.8386601,829.89935,474.4408,0.710212
3725,777.057,566.3853,0.80585116,807.592,554.3389,0.84814197,831.5638,476.43796,0.7053153
3726,774.9003,566.6079,0.7379344,807.1433,555.44476,0.8400207,208.92706,1013.0593,0.5414032
3727,774.29236,567.0385,0.753038,806.4307,555.6219,0.8459556,211.36401,1013.2667,0.49592128
3728,773.4676,567.4104,0.81347615,805.37213,556.49524,0.8712904,211.48758,1012.27924,0.54181945
3729,772.6123,566.75684,0.8464325,805.1744,557.1803,0.86462206,211.73515,1011.40656,0.5926399
3730,771.61725,567.6753,0.82905066,804.16675,557.0525,0.8504872,211.95004,1010.45154,0.6496304
3731,770.92596,567.03503,0.8696708,802.4644,557.04974,0.83685863,212.2771,1010.40063,0.6336975
3732,769.52057,566.91144,0.93845075,801.6713,557.15094,0.90695405,213.1095,1010.2689,0.623582
3733,768.424,566.3855,0.9362878,800.34296,557.83435,0.9267078,214.4075,1010.2042,0.5337076
3734,765.3277,564.6414,0.9186695,798.3516,558.1672,0.90202785,826.98785,479.20404,0.68771845
3735,763.8153,564.32635,0.94806474,797.70044,560.1706,0.72022593,824.5454,478.09763,0.7119447
3736,761.9268,563.5272,0.9712787,794.6831,559.45264,0.8396043,822.04266,475.6019,0.65692174
3737,759.4952,563.25256,0.9198877,793.2555,558.5081,0.86720747,219.90755,1010.97485,0.6862364
3738,757.63715,563.2558,0.9332164,791.8263,558.71484,0.858839,220.46548,1010.52545,0.6629247
3739,756.6032,563.3759,0.973193,789.6701,558.98834,0.89531,813.49316,472.80667,0.6501353
3740,756.1165,562.5968,0.9806014,788.4395,559.1983,0.90527916,812.08453,470.4669,0.6333644
3741,755.03986,561.4326,0.9630302,786.57544,557.4961,0.92512554,809.784,467.25012,0.79237354
3742,753.8389,561.62604,0.90636116,785.70135,555.5176,0.85454696,809.9437,465.35767,0.8037826
3743,752.5045,561.11017,0.8743288,785.0946,554.3454,0.8405623,811.2918,466.18027,0.82198346
3744,751.4675,560.0536,0.8646361,784.4957,555.1563,0.86122084,814.869,469.1167,0.64154404
3745,750.6176,559.931,0.819074,783.8528,554.0057,0.8541346,227.81337,1010.7371,0.370823
3746,749.87054,560.52484,0.8695045,782.31525,554.2862,0.8768393,228.12875,1010.8277,0.4158202
3747,748.83484,560.76965,0.89605606,782.2939,555.62305,0.8486781,228.1478,1010.4998,0.46743158
3748,749.13885,560.2696,0.8743655,783.07806,556.8513,0.7817589,822.8921,482.07275,0.5705441
3749,748.4977,560.39996,0.8227908,782.0038,556.87335,0.8285027,228.25496,1010.7462,0.45083123
3750,748.59955,559.7278,0.8208064,781.7296,556.5122,0.8412962,826.5473,485.43234,0.6092797
3751,748.69574,559.6004,0.82829237,781.135,555.99963,0.8923416,826.05316,485.78027,0.7165691
3752,749.13306,559.4457,0.8496544,781.2743,557.4919,0.8603233,825.7587,485.04202,0.6940688
3753,749.2334,558.36383,0.8476107,780.2244,555.9583,0.9064769,825.8996,484.87253,0.6495606
3754,749.4206,558.06476,0.84017,780.5765,556.50214,0.9099324,228.52322,1010.67645,0.4983267
3755,750.6627,557.0564,0.85779303,781.87866,556.00055,0.91022146,825.6525,483.52472,0.55038655
3756,750.73035,556.7073,0.86005694,781.6637,553.0923,0.915319,824.26996,481.69437,0.66164196
3757,751.18756,556.61383,0.8838093,782.2511,554.9232,0.9190989,822.1344,477.0671,0.7423818
3758,751.7055,555.6566,0.93420035,783.7334,554.94415,0.9048989,818.74554,472.31412,0.6233302
3759,752.04675,554.823,0.9190449,783.8917,554.4178,0.8630764,814.1161,465.8524,0.71432227
3760,752.7284,553.56866,0.9420963,784.4124,553.98016,0.90836877,808.222,460.9567,0.74382234
3761,753.10046,552.3845,0.9216253,784.90686,552.01654,0.8594341,803.1464,456.51605,0.72212446
3762,752.9468,551.49,0.9130133,786.0696,551.00446,0.83302236,803.2996,453.71375,0.7897458
3763,753.23364,551.4523,0.89937764,786.2137,549.6989,0.84031886,806.3106,453.1799,0.8111361
3764,753.83936,550.9556,0.9161919,786.682,549.2088,0.8470408,809.631,453.25092,0.7427609
3765,753.9184,550.5647,0.9093296,786.86334,548.7233,0.84637135,813.14355,456.62552,0.59634846
3766,753.57996,550.74536,0.9157761,786.9191,548.358,0.84838635,818.41113,459.81845,0.62303907
3767,753.6437,550.6219,0.92383116,786.63403,546.1105,0.8478859,821.428,464.0477,0.61492074
3768,753.50073,550.5473,0.93581575,786.6356,547.8443,0.84870476,823.32294,466.0846,0.5929302
3769,753.6966,550.4835,0.941092,787.1137,547.8468,0.8075349,827.58044,469.09213,0.6003048
3770,753.3694,550.03076,0.93958855,786.9429,547.04675,0.7759215,228.28162,1010.13885,0.516922
3771,753.4975,550.5691,0.93252677,786.8219,546.6687,0.85428673,830.7069,473.84747,0.4936715
3772,753.0415,550.78424,0.9346697,787.0968,549.346,0.8995089,831.65137,475.36444,0.5701486
3773,753.4468,550.07227,0.933883,786.1687,548.14014,0.91450924,832.40045,476.55383,0.6944033
3774,753.5481,549.9628,0.95020396,785.627,548.9966,0.92336637,832.8656,477.9744,0.7720821
3775,753.2235,550.23785,0.9141748,786.4237,549.6629,0.8920092,834.0129,479.03217,0.65911627
3776,753.83295,550.0204,0.92981654,786.464,550.0121,0.9354394,834.8697,480.12115,0.6708601
3777,753.8536,549.5273,0.93144125,786.14996,550.2408,0.9074014,835.23413,479.67914,0.6707045
3778,753.69073,549.3544,0.93872726,786.15155,549.9207,0.8931336,836.02655,479.7136,0.63602775
3779,754.1534,549.5429,0.9482882,786.24225,550.38226,0.87173164,836.74176,480.51135,0.5882285
3780,754.36523,549.2501,0.98604274,785.73,550.75635,0.88342726,837.4635,482.57428,0.59656537
3781,754.4192,548.96387,0.9907144,786.07666,550.99915,0.88652295,838.5468,485.02216,0.65885687
3782,753.8273,548.2884,0.97834367,786.4573,550.76624,0.8759498,839.20013,487.77026,0.56141394
3783,753.6496,547.17694,0.97292835,786.01855,550.8725,0.89129525,228.50073,1010.35223,0.43733308
3784,754.5607,547.7231,0.9884921,786.43555,551.0625,0.8848652,843.0205,493.26434,0.72417516
3785,754.3892,547.2373,0.981373,786.5423,550.46844,0.9084341,842.62445,495.94257,0.78017575
3786,754.8192,546.5272,0.97724956,786.7491,549.5581,0.926653,843.04016,498.2775,0.76290584
3787,754.5626,546.2121,0.9723031,786.44916,549.9179,0.9222699,843.23517,499.4875,0.74336505
3788,754.9248,546.1097,0.9909441,786.8884,549.66113,0.93220466,843.5778,500.1552,0.74049944
3789,756.1438,546.01855,1.0,787.44727,550.27155,0.90155,844.2936,499.9793,0.6663691
3790,756.40295,545.9579,1.0,787.46783,550.26495,0.9089435,844.2045,497.96622,0.53346914
3791,756.04486,545.51874,0.9853118,787.77185,550.5242,0.89161247,843.39856,496.24954,0.5741625
3792,756.7061,545.3096,0.9790121,788.11694,550.92285,0.902787,228.48323,1010.21826,0.52328783
3793,757.01886,545.42694,0.99757296,788.07806,550.5917,0.9166804,844.47296,495.90744,0.57810366
3794,756.90875,545.7187,0.9944083,788.3063,550.61145,0.91596603,843.8862,496.50192,0.64398533
3795,756.67816,545.01526,0.980752,788.0377,550.63495,0.9094859,118.89338,10.182748,0.4521352
3796,757.12634,544.8226,0.9810631,787.8658,550.0148,0.89896864,228.32755,1010.3481,0.54650784
3797,756.9677,543.7196,0.93224674,788.2673,548.9531,0.92299205,847.7527,481.55847,0.505983
3798,758.26965,542.8621,0.9274382,788.05383,547.7335,0.95544636,845.01166,472.73242,0.49853534
3799,760.0027,542.18274,0.8776112,788.404,546.1936,0.97427255,842.26044,466.2922,0.66991395
3800,760.28467,540.5387,0.84632665,787.7318,545.47345,0.94406897,840.6293,460.94598,0.64358115
3801,762.2195,538.59705,0.8817153,790.18176,545.26404,0.8903298,839.21246,456.4502,0.59125817
3802,762.6343,538.3331,0.8800701,791.1557,545.1622,0.84849066,840.6432,456.0265,0.5348237
3803,761.9533,538.531,0.8478592,790.58,543.4761,0.8479506,842.6264,458.1385,0.63370675
3804,763.68805,538.0455,0.85742784,792.0378,542.57465,0.84701854,844.4793,460.82803,0.52806336
3805,762.84393,538.3756,0.85234374,790.6649,541.66614,0.84342223,229.13565,1010.3071,0.53454846
3806,761.6418,538.62616,0.8673768,790.4781,541.54565,0.8648434,229.29169,1010.58496,0.4737709
3807,760.9037,538.79395,0.844174,789.8788,541.7021,0.8982095,229.39233,1010.26276,0.5002538
3808,760.88214,538.7577,0.8536107,789.3816,541.96405,0.9021285,229.37506,1010.1416,0.46881205
3809,758.9483,538.6715,0.89465433,789.2343,541.3156,0.91337186,230.1007,1010.5576,0.39975736
3810,757.72894,539.2864,0.92171323,788.4016,541.3784,0.9502489,230.98842,1010.42554,0.32762757
3811,757.83844,538.8542,0.940743,787.64734,542.346,0.9187326,845.8332,473.45337,0.54655516
3812,756.43805,539.2032,0.94884664,787.0745,542.4059,0.93384135,846.02106,476.61328,0.6665735
3813,756.08295,539.3087,0.9477374,786.33655,542.8985,0.9291746,847.1005,481.41357,0.5907131
3814,755.0908,538.9894,0.9349664,785.45966,542.5439,0.90797776,234.05157,1011.0325,0.46950182
3815,754.9328,538.883,0.9265854,785.2403,541.8566,0.922201,234.08232,1010.88837,0.5062718
3816,754.9263,538.33777,0.9790333,784.92566,541.37964,0.95467633,233.89435,1010.7821,0.52158225
3817,754.83307,538.8763,0.9684258,785.11975,540.8626,0.96137327,845.34503,488.09537,0.6561732
3818,754.7268,538.4108,0.9898272,785.45544,541.52716,0.961968,845.404,490.91696,0.7803076
3819,755.17706,538.15906,0.98557943,784.7683,543.0268,0.92036074,846.3106,491.2571,0.7493321
3820,754.55457,537.8789,0.9768154,784.89453,542.59454,0.9331696,233.99266,1010.5244,0.49640206
3821,754.70026,537.82196,0.97304434,784.39325,543.1026,0.91927296,847.11285,485.64392,0.46633813
3822,754.8177,536.97955,0.9610594,785.2095,542.7422,0.9240704,233.95349,1010.6079,0.55454564
3823,755.71704,536.72156,0.9572819,784.86456,542.0212,0.9270063,234.73337,1010.8046,0.5348348
3824,756.28296,535.26605,0.96564937,785.2515,540.7858,0.9359048,234.56117,1010.7452,0.5348312
3825,756.04803,534.76544,0.95904714,785.4429,539.8997,0.9403884,234.3472,1010.51874,0.5931566
3826,756.0877,534.35205,0.97101027,785.3775,539.8674,0.9472402,233.9755,1010.6256,0.55861187
3827,756.43176,534.3098,0.9705132,785.6673,539.9128,0.9457089,234.79205,1010.95135,0.55697423
3828,756.4804,534.57465,0.9651035,785.00104,540.08563,0.9317352,234.77435,1010.8326,0.5841155
3829,757.1498,534.51733,0.96244705,785.95593,539.54456,0.96219355,234.88792,1011.1621,0.4650828
3830,756.79596,534.20636,0.9750393,785.5455,540.24524,0.946179,234.45929,1010.9933,0.48729786
3831,756.7606,534.0364,0.97316784,785.7005,539.4067,0.9614549,234.75461,1010.9991,0.48310453
3832,756.9299,533.7751,0.9523218,785.43353,540.01447,0.9648803,234.61302,1010.9472,0.5168849
3833,757.02277,534.00665,0.9570195,785.2042,539.4667,0.9481543,234.71852,1010.9144,0.5095947
3834,756.91077,533.4615,0.9706533,785.3404,539.4137,0.95436555,234.53922,1010.6977,0.59384745
3835,756.65155,533.65533,0.9035323,785.0308,539.037,0.9366799,234.773,1010.7098,0.5660914
3836,756.5897,533.4247,0.8997095,785.2365,538.32166,0.9256043,234.63614,1010.63446,0.6312489
3837,756.29205,532.1971,0.9368483,785.63104,538.6976,0.8890768,234.97066,1010.8786,0.58205175
3838,757.4162,531.55914,0.9288148,786.37805,537.2748,0.880402,235.07068,1011.0469,0.5401429
3839,757.4802,530.636,0.9528835,786.97577,536.82355,0.8780324,234.05316,1010.54755,0.5674453
3840,758.1383,529.67255,0.9140443,787.8282,536.847,0.8452638,235.00589,1011.166,0.58002234
3841,758.4178,529.30524,0.92032504,788.08014,536.5822,0.86303246,835.0575,448.4262,0.7389912
3842,759.3065,529.0782,0.91502494,788.1294,536.31824,0.87268895,831.9263,445.58246,0.8745242
3843,758.7219,528.8283,0.89894426,787.8744,535.7758,0.8741575,828.92664,443.52872,0.81369746
3844,758.6607,528.1876,0.88686866,787.8385,535.6261,0.8888559,827.39355,442.11496,0.8518074
3845,758.67993,527.735,0.8995065,787.5115,535.2028,0.8665461,827.06805,442.84955,0.82067525
3846,757.71375,528.199,0.91954476,786.36523,535.3319,0.8617893,828.47644,445.3876,0.800398
3847,756.97974,529.5839,0.95402575,784.6271,535.42914,0.8622615,831.16266,448.75354,0.6888654
3848,755.95734,529.56055,0.93104416,782.85376,535.16,0.83670515,103.40141,10.388868,0.44704655
3849,754.44147,529.20605,0.91918135,781.67773,536.0104,0.8315125,101.34993,9.938096,0.41896644
3850,752.3007,528.2009,0.86249214,780.1725,536.3016,0.85903376,99.94108,10.230168,0.40146008
3851,750.5963,529.72,0.91318464,780.2938,536.2681,0.83561784,99.51334,10.315924,0.3462921
3852,750.9029,529.3469,0.90210366,779.9135,535.5467,0.88386923,243.12454,1011.51935,0.43015125
3853,750.26373,528.97345,0.91558635,779.2323,536.14746,0.8826489,841.01544,468.4084,0.4875857
3854,750.7299,529.03235,0.9058233,778.98676,536.30084,0.8600966,242.88892,1011.154,0.36357093
3855,751.0101,528.8841,0.88857627,779.0392,536.2187,0.8655382,98.46019,9.615744,0.29333988
3856,751.0748,528.5988,0.88559395,779.03314,536.27264,0.8444981,98.23826,9.924524,0.28231844
3857,750.6081,527.8287,0.88615376,779.0247,535.79297,0.8703464,242.70541,1010.7423,0.38922632
3858,750.137,527.4984,0.88221914,779.48737,534.59174,0.92010623,845.4386,486.22134,0.39889017
3859,749.95276,527.125,0.86032397,779.37823,535.52563,0.9055304,84.59016,987.8558,0.5377449
3860,749.7821,527.31354,0.8735203,779.6197,535.29535,0.9091675,98.44617,10.096322,0.35050872
3861,750.3813,527.1852,0.8693126,779.74866,535.8618,0.88652533,243.03558,1010.31384,0.36342868
3862,750.4427,527.03705,0.8610824,779.5986,535.7795,0.88638717,848.59766,490.4113,0.470555
3863,751.36383,526.08685,0.8673571,779.8124,536.0858,0.85197645,849.3929,491.41193,0.46781886
3864,751.7621,526.08014,0.87411875,779.46204,536.25275,0.8337168,851.64124,494.31952,0.32003796
3865,751.4906,525.5468,0.87136996,779.62836,536.36334,0.84101266,98.26886,11.212188,0.3387729
3866,750.41504,525.9167,0.872359,779.14154,536.3751,0.8430553,243.52977,1009.4392,0.36089584
3867,749.9588,526.1201,0.89339006,778.4415,536.8879,0.862884,851.3418,503.01245,0.52464926
3868,748.93494,527.1515,0.9083076,778.6947,536.4579,0.8471599,851.1707,504.2957,0.6087745
3869,747.9742,527.61786,0.9535872,777.8292,537.3819,0.86597013,851.9186,504.44455,0.39223328
3870,747.3297,527.53,0.96309155,776.8348,537.89777,0.8694444,95.218094,13.663855,0.27232084
3871,747.25323,526.6883,0.95189726,775.12994,538.02057,0.8806631,850.3464,501.2977,0.3525252
3872,745.92505,527.44525,0.9311865,774.398,538.0797,0.8944803,846.9771,499.3647,0.5356534
3873,746.14484,526.62897,0.92736065,774.1385,538.25934,0.9052631,846.62115,496.26807,0.31801948
3874,745.7043,527.4284,0.92857546,774.1578,538.10767,0.902734,47.06884,924.7785,0.34361306
3875,746.28925,526.3569,0.9146736,773.79254,538.0544,0.8947572,91.509384,15.895324,0.3224642
3876,746.34106,526.4858,0.91830593,773.95557,537.5469,0.86076826,91.031395,16.143871,0.22306947
3877,746.66174,526.1996,0.9085747,774.0927,537.81384,0.876342,90.99155,16.204647,0.17840223
3878,747.04333,524.72235,0.90597725,774.18384,538.0496,0.88592964,832.51135,458.6246,0.36867076
3879,748.19934,524.93475,0.90808886,774.4653,537.3099,0.8907775,828.54474,454.03677,0.53282213
3880,749.32513,523.91736,0.91512567,775.1213,536.65405,0.88340706,827.45917,452.40738,0.63271224
3881,749.6478,524.14,0.8933422,775.9023,536.4216,0.8505611,827.9072,450.82004,0.73758507
3882,750.32837,523.7412,0.8959765,777.6144,536.39764,0.8316783,829.6835,451.77652,0.5712127
3883,750.55225,523.7088,0.90962404,777.3754,536.4044,0.85332584,831.13556,453.31708,0.6360651
3884,750.3214,523.3947,0.9453081,777.95483,536.3955,0.87044734,832.40234,454.6653,0.5015923
3885,750.0271,523.49054,0.9453885,777.93506,536.55963,0.863178,833.91254,455.89496,0.3825375
3886,750.4765,523.69183,0.94363195,777.5956,536.63055,0.84074867,834.571,457.82944,0.3529372
3887,751.29694,523.83527,0.942908,777.7941,536.7111,0.8419658,835.4292,459.6261,0.57495624
3888,750.4267,523.9519,0.9230644,779.58813,536.14636,0.8313038,835.9247,463.84784,0.2678469
3889,750.3532,524.2993,0.9366015,778.24445,537.02234,0.82998484,837.47626,465.8279,0.5019132
3890,749.42883,524.3235,0.9421114,777.8591,537.20276,0.8578471,837.9783,467.1068,0.5977708
3891,748.9807,523.8713,0.9480374,776.94,536.7118,0.85861814,839.15826,469.37927,0.27760375
3892,748.8366,524.03284,0.9547709,776.7057,536.7828,0.8505776,838.36487,470.07343,0.3289633
3893,748.7844,523.8353,0.9484356,776.6091,536.9711,0.8264545,839.6162,469.8687,0.4098423
3894,749.0679,524.13544,0.93248487,776.5659,536.52966,0.8454159,116.12979,479.44275,0.14151113
3895,748.9133,523.88293,0.938893,776.8054,536.54315,0.845946,115.75079,479.43268,0.14412703
3896,749.2088,523.76324,0.9296253,776.9607,536.3239,0.83831257,89.02741,16.426561,0.19755457
3897,749.2103,524.01636,0.91982716,777.2415,535.97076,0.8583123,90.11858,16.285828,0.16750795
3898,749.7997,523.3678,0.8793461,777.7886,535.49164,0.8861807,844.06854,467.07388,0.1802796
3899,751.6856,521.86084,0.8861237,778.40765,534.6784,0.90683115,89.405,16.959145,0.18698277
3900,752.44745,522.1598,0.85155493,777.98004,534.60944,0.9253081,89.29107,16.819916,0.29367656
3901,752.47424,521.8187,0.83483773,778.09033,534.3084,0.91940284,89.19026,16.692125,0.2762209
3902,752.32526,521.6358,0.8640229,778.8682,533.9424,0.9342821,89.7434,16.657093,0.15907535
3903,752.0279,521.4634,0.823234,779.292,533.3231,0.93004334,841.2611,454.68054,0.35745975
3904,752.937,521.71625,0.7948516,779.4861,533.6943,0.9221948,840.30316,452.8129,0.33871427
3905,752.61566,521.62537,0.80627227,778.6911,533.9899,0.9351636,840.6225,453.3941,0.5203373
3906,751.4306,521.1679,0.86687034,779.2176,534.1456,0.9318562,838.5604,454.7444,0.4376773
3907,752.33826,521.9229,0.89184767,779.3566,533.68646,0.928677,88.64822,17.114067,0.31876954
3908,751.9645,522.46515,0.8984812,778.75256,534.3065,0.93485993,838.7988,457.8547,0.41903865
3909,751.69244,523.1311,0.86685306,778.2471,534.5925,0.91162467,88.92204,17.385517,0.32162055
3910,751.7785,523.4275,0.8741068,778.838,535.1344,0.89226234,843.33875,466.8947,0.42821398
3911,751.63055,523.3266,0.88863605,778.92053,534.94025,0.88496274,88.9125,17.334644,0.31644902
3912,750.1501,523.01685,0.9296614,778.7335,535.3512,0.8517657,88.606255,17.507284,0.21182679
3913,750.4436,523.04456,0.93464,778.3252,535.88,0.82232857,88.60005,17.666761,0.2223549
3914,750.02875,522.4456,0.91863763,778.08606,535.6594,0.8503823,88.57801,17.683475,0.16702564
3915,750.27704,522.3721,0.90306026,778.04755,534.6704,0.89713186,88.926575,17.534124,0.3055822
3916,750.2436,522.20264,0.88568115,777.51,535.34265,0.87749904,88.259125,17.967388,0.15644157
3917,750.39575,522.0811,0.88252604,777.6953,535.2388,0.8941855,88.45348,17.54902,0.1610382
3918,751.98016,522.7849,0.90481836,778.81366,535.9029,0.8584773,88.37754,17.688185,0.29175243
3919,752.82025,523.0417,0.9046321,778.74066,536.2869,0.845046,845.3931,465.19934,0.40392825
3920,752.9188,524.16797,0.93034035,779.0484,537.11194,0.8564713,843.2403,461.95544,0.41232014
3921,753.87506,524.8834,0.92661387,779.85406,538.19385,0.90780705,841.0245,459.03732,0.5276271
3922,754.4508,525.7631,0.9626084,781.1217,538.8921,0.90838295,838.6125,456.5483,0.56757295
3923,756.66626,527.08136,0.9802061,782.14966,539.4222,0.8664601,834.1083,454.75064,0.59863865
3924,757.2943,527.86145,0.9510074,783.3031,540.3386,0.8650308,829.508,452.50528,0.6602663
3925,757.2448,528.13104,0.9320258,784.17816,541.20526,0.90147907,825.5716,450.59244,0.8292078
3926,756.9278,528.09753,0.92493725,783.8589,542.4392,0.90136534,823.0775,450.0266,0.83901614
3927,757.369,528.058,0.9318171,783.9024,543.31683,0.88707167,822.5018,450.75815,0.8268522
3928,758.141,528.2031,0.9308471,784.3754,543.9908,0.8752083,822.8078,451.16678,0.8365039
3929,757.74976,528.1659,0.9541208,784.16455,544.28516,0.9025727,824.07074,451.59818,0.8350129
3930,757.5075,528.0091,0.9577283,784.8825,543.96265,0.9053877,826.47144,453.03085,0.7587559
3931,757.5506,528.87054,0.9716696,783.18585,544.8435,0.90062183,828.76404,454.8741,0.6542765
3932,757.24774,529.0197,0.97040707,783.12384,544.8931,0.89395696,829.1707,456.95465,0.715659
3933,757.1123,529.056,0.96799,782.2351,545.83545,0.92851543,830.2511,458.09363,0.7118076
3934,756.9358,529.6343,0.97946495,782.4979,545.8063,0.90682036,833.1337,461.57373,0.6940808
3935,756.4792,530.49567,0.9702404,782.2943,545.96344,0.9394507,834.56586,464.71844,0.48725978
3936,756.1508,530.2566,0.9617491,781.81506,546.0602,0.9814575,837.0208,466.5852,0.45382956
3937,755.9693,530.3225,0.9778233,781.83813,546.0468,0.9802386,838.9898,468.99774,0.44995105
3938,755.81335,530.7139,0.9879459,782.23566,546.1669,0.9664952,840.3777,472.10373,0.5107677
3939,755.5248,531.49713,0.9717751,781.8624,546.3404,0.972508,840.5459,475.78937,0.58972687
3940,755.6352,532.8559,0.97185105,781.96027,546.4042,0.9406069,841.1896,478.3719,0.37954345
3941,755.3123,533.6,0.93611586,781.27057,546.59076,0.9584345,842.2639,479.9908,0.46868625
3942,755.7421,533.1079,0.9838436,782.13824,546.47736,0.91446465,88.89246,26.091671,0.38547418
3943,755.55804,533.7081,0.9710438,781.52405,547.0217,0.95019764,843.6352,484.37418,0.5902256
3944,755.4048,533.6671,0.962181,781.55524,547.27893,0.9543194,844.1338,487.60208,0.6600125
3945,755.3239,534.31134,0.9690335,781.8144,547.14374,0.9496415,844.55396,489.34024,0.72303516
3946,755.2772,534.2912,0.96868676,782.50024,546.86237,0.8757411,843.924,491.10822,0.78951985
3947,755.5704,534.0649,0.9867462,782.589,547.4943,0.9003529,846.47296,492.999,0.6389717
3948,755.1286,534.3828,0.9671094,781.9231,547.9493,0.923575,89.52859,26.197823,0.36611715
3949,755.45776,533.7868,0.9699015,781.8217,548.0265,0.9446013,88.5398,26.164835,0.4227672
3950,755.5971,533.6896,0.9657486,781.4383,548.8854,0.8950078,89.02428,26.58063,0.36226943
3951,755.67224,534.1324,0.9643231,781.9705,547.9696,0.86408037,847.9767,490.84763,0.46758083
3952,756.30304,533.6312,0.9645987,781.7814,549.0375,0.85820395,845.4724,486.7967,0.5354787
3953,756.6031,533.67615,0.99929905,782.40485,549.2876,0.7975929,843.1529,481.18723,0.51181406
3954,757.23755,533.0734,1.0,783.71423,548.18353,0.7666802,837.3442,470.2341,0.4716479
3955,758.2767,532.7612,0.9886773,783.5966,547.69147,0.93587327,827.3195,463.06274,0.8231015
3956,759.39215,531.4602,0.9714467,783.7322,548.2735,0.89550316,820.061,457.78174,0.7773075
3957,760.0988,530.7895,0.9656093,784.8503,547.4229,0.91624516,812.61847,454.36646,0.7129308
3958,761.32336,530.02686,0.9822317,785.2465,547.687,0.96740836,803.0942,450.94604,0.6966053
3959,762.1653,529.46893,0.9835338,786.5227,546.9126,0.9360048,794.10693,449.36755,0.7675158
3960,762.8017,528.03503,0.9753998,788.3046,544.95966,0.8821439,786.4708,446.9665,0.76857215
3961,762.569,527.7276,0.9557076,789.602,543.9097,0.7456257,782.38776,443.3429,0.79911125
3962,762.8821,527.2589,0.9625229,791.1434,541.2184,0.76406807,782.2481,439.67706,0.68276393
3963,763.69775,527.41235,0.9862595,792.90625,539.1013,0.7908454,781.66583,437.73657,0.5295461
3964,763.7797,527.82263,0.9918682,793.4587,537.3245,0.69267106,779.147,437.78223,0.6018757
3965,763.8009,527.85175,1.0,794.87775,537.2611,0.7934426,777.14966,436.8527,0.42295018
3966,763.6588,527.46796,0.9749231,795.5448,537.4866,0.83152664,773.09576,437.40967,0.63178277
3967,763.3449,528.4574,0.9924528,796.3926,537.00476,0.8290772,769.55634,439.6574,0.73663425
3968,763.3051,528.12726,0.9757629,796.43134,536.0674,0.75553703,765.51544,440.01953,0.7475648
3969,763.2565,528.2846,0.9848905,795.6412,536.40106,0.7709653,763.8498,442.42224,0.74488497
3970,763.1855,528.50916,0.99381447,795.6078,534.9799,0.77558774,759.8854,443.6969,0.8192798
3971,763.5246,528.9725,1.0,796.04974,534.2818,0.72755164,755.9973,444.70233,0.65510356
3972,763.9623,529.69666,0.98860127,795.8542,533.82245,0.86898285,754.75183,446.42957,0.4365374
3973,763.69727,529.6994,1.0,795.60596,534.35834,0.8597496,750.47864,447.93985,0.68040526
3974,764.3603,530.2374,0.97881514,795.5241,534.3794,0.84399205,747.54456,450.36453,0.7754041
3975,764.0191,530.50775,0.9977272,794.7558,535.4226,0.856172,747.42346,452.26822,0.76089776
3976,764.03033,531.07117,0.972918,795.1437,535.0583,0.839858,743.74414,453.40906,0.5954344
3977,763.6828,530.8582,0.99441475,795.1597,534.5468,0.8400044,739.93604,456.0065,0.5868068
3978,763.9751,530.9084,0.91985065,794.8455,534.12695,0.8622815,737.7223,455.73126,0.6734879
3979,764.38513,530.2026,0.9531678,794.7347,532.65,0.86590976,734.3195,453.05597,0.6574887
3980,764.49023,529.0889,0.94036573,795.61816,531.0089,0.91943985,733.4816,448.8289,0.60030675
3981,764.43384,528.3274,0.94803315,794.8158,529.9233,0.9397388,733.74097,443.38327,0.73427254
3982,763.84717,528.25305,0.94987327,794.3639,530.50476,0.9269247,732.57733,442.40372,0.586533
3983,763.0943,528.5004,0.9778963,794.88837,530.2421,0.9287328,731.587,442.6452,0.57218343
3984,762.7154,529.2613,1.0,794.762,530.64417,0.93221205,728.98456,445.15848,0.53580916
3985,763.0589,530.5205,0.97795695,795.1205,530.82654,0.9312802,724.40137,449.26602,0.30964038
3986,763.9301,531.58984,0.88177603,795.0621,531.5033,0.9253478,48.271503,938.90283,0.14380048
3987,761.8483,533.5318,0.87285286,794.145,533.31885,0.9148377,48.17527,940.3143,0.17100063
3988,759.1191,535.4125,0.9158504,791.74585,535.288,0.85183305,46.64924,941.16425,0.26276493
3989,757.3357,539.53345,0.88809144,790.8804,538.1061,0.8625323,729.08997,457.38922,0.47804263
3990,756.0171,540.5854,0.9576921,789.292,541.1993,0.91086596,732.96533,454.53043,0.56266695
3991,754.01874,541.01587,0.95684266,786.7504,542.6777,0.8765306,739.01465,450.44736,0.66071093
3992,752.8958,541.9426,0.86132723,784.39374,543.34814,0.8757996,749.60974,445.09406,0.7885836
3993,752.68536,543.241,0.84862405,781.23145,544.1579,0.9331249,760.06696,442.29935,0.82080984
3994,751.12665,543.6619,0.8250583,779.9368,546.9342,0.93640685,770.42926,440.77573,0.76036084
3995,750.0022,543.3574,0.8725176,778.70306,547.6562,0.91635543,779.3777,440.82642,0.8781672
3996,748.10846,544.9496,0.8926646,777.69604,548.7407,0.88589144,783.563,442.50275,0.7557642
3997,747.0464,545.82245,0.9037714,776.7364,549.91693,0.8542072,786.38824,444.66022,0.7967836
3998,745.033,548.41534,0.87978315,775.3027,550.70953,0.85009587,786.3045,446.2068,0.8856733
3999,744.21405,551.2349,0.7531349,774.7326,552.6361,0.7961941,786.17554,448.28458,0.8570782
4000,744.15137,551.796,0.81897837,775.0114,554.18005,0.831436,785.46796,448.85962,0.8897461
4001,745.1646,552.79944,0.8112664,775.18195,555.6707,0.8376806,785.1538,449.86847,0.87544
4002,743.64655,555.945,0.79312164,774.8212,557.0051,0.8318354,784.1552,451.61737,0.81081986
4003,743.6079,556.586,0.8303316,775.00586,557.6365,0.83031267,782.0563,451.3052,0.7935289
4004,744.1113,558.32184,0.82745063,775.32086,558.6705,0.81392723,780.6765,452.04794,0.7924279
4005,743.9151,561.2354,0.75294644,775.1694,559.98004,0.7826678,778.68896,453.03595,0.7937569
4006,744.44824,561.512,0.754205,774.87994,561.0184,0.8136262,776.8951,453.1909,0.82893777
4007,744.5704,562.2078,0.68555117,774.8266,561.52936,0.80787474,774.4924,453.36163,0.83242905
4008,741.87225,562.10236,0.81576616,774.6616,562.0657,0.8566068,773.0115,454.76404,0.8581432
4009,741.8704,564.4782,0.777131,774.7527,562.492,0.8692107,771.32855,456.05212,0.796824
4010,742.99646,564.162,0.73313695,775.1672,562.847,0.8284859,769.74207,457.06668,0.71581274
4011,742.6403,566.53455,0.7296061,774.909,563.85693,0.8048515,768.6433,457.14334,0.7378769
4012,743.0747,566.2248,0.73984045,774.5373,564.24634,0.829271,766.55554,458.13968,0.8020539
4013,743.1946,565.87366,0.66769576,774.4543,565.1588,0.78040427,766.1892,459.20245,0.8096909
4014,741.62866,567.89465,0.661817,774.13715,565.89087,0.7639156,765.6405,460.3221,0.80623025
4015,742.5777,569.2953,0.70088637,773.8683,566.9948,0.7293187,765.1628,461.35324,0.7929823
4016,742.1084,570.70514,0.6970091,773.48584,568.13696,0.7243652,764.8754,462.37244,0.77744645
4017,741.76086,571.751,0.74240816,773.59406,568.40485,0.7369376,764.7377,463.6153,0.7898883
4018,743.3839,571.7429,0.4929448,774.02765,569.5262,0.6808421,764.63403,464.1678,0.83662456
4019,742.2376,572.43475,0.70324737,773.7944,569.5193,0.7344623,764.1994,464.28714,0.85554373
4020,740.69556,574.71594,0.72764486,773.7813,570.1618,0.75109094,763.992,464.2953,0.8522614
4021,741.8236,574.1299,0.72421,774.1592,569.9298,0.76071674,764.02545,464.4831,0.86715275
4022,741.07263,572.9867,0.8315463,773.5053,569.64044,0.7672795,764.03326,464.3578,0.85863507
4023,743.09283,573.9558,0.5982665,774.3361,570.0158,0.728146,763.92773,464.43546,0.85675466
4024,744.05176,572.2416,0.6649144,775.1533,569.5735,0.7456548,765.08734,464.37247,0.8310402
4025,744.09393,571.8998,0.64373654,775.7709,569.517,0.7285934,766.9894,463.62875,0.83523
4026,746.33527,572.4171,0.53022665,776.76154,569.7664,0.67247695,767.5919,463.39792,0.87419707
4027,745.6102,571.35724,0.6317858,777.4221,569.5205,0.6634169,768.3749,462.95975,0.8750645
4028,745.8723,572.4808,0.6720415,778.5817,569.1854,0.6991101,768.1584,463.04578,0.88041246
4029,746.37103,571.6707,0.68587685,779.1948,569.335,0.70859164,765.0095,464.34827,0.8576161
4030,748.1762,573.0734,0.5864521,779.4109,570.0399,0.7377974,759.04755,465.89862,0.88057816
4031,747.3447,573.1979,0.70788866,779.7218,570.38165,0.79181105,754.2453,467.64688,0.8128985
4032,747.65967,572.9595,0.76339173,780.23816,569.93085,0.8071961,749.961,469.36847,0.72466826
4033,746.80005,573.45856,0.7395359,780.3313,571.6173,0.8270299,747.762,470.38153,0.74868274
4034,747.08234,573.34265,0.7872462,780.4675,571.9112,0.8822935,746.6376,471.89896,0.75852406
4035,747.33716,575.07355,0.7850624,780.75543,571.41486,0.8921849,745.3051,473.7751,0.74279666
4036,747.67316,575.16595,0.8314497,780.4475,572.3579,0.9052165,744.1092,476.13266,0.81258684
4037,747.92444,575.71643,0.8491181,780.54974,574.04364,0.88939023,744.096,477.27966,0.81295395
4038,747.4627,575.58325,0.8665944,780.2663,573.9588,0.89892465,746.7272,476.6514,0.74835
4039,747.5225,575.4162,0.87856394,780.101,574.6718,0.9007691,750.03217,476.88885,0.7940038
4040,747.0398,576.0371,0.8937197,779.41925,575.60254,0.842414,754.6926,476.75412,0.80180055
4041,746.10956,576.1278,0.88876444,779.41034,575.72034,0.8613333,758.0873,477.5213,0.8300367
4042,745.5186,576.0558,0.87537616,779.579,575.35236,0.8260207,761.8518,478.55698,0.9099063
4043,745.61804,576.3194,0.8834029,779.5595,575.3473,0.840997,765.8287,479.98358,0.8693956
4044,745.0848,576.29156,0.8410881,778.69885,575.9913,0.8160215,769.36707,480.40414,0.8619853
4045,744.0021,576.4149,0.8494863,778.34717,575.8026,0.8368684,771.8079,482.26303,0.88986075
4046,744.03107,576.44495,0.8624178,778.3815,575.89886,0.8422887,773.5793,483.07584,0.92852116
4047,743.8865,576.31915,0.8890647,778.6904,576.38934,0.8935587,775.975,483.7217,0.8613128
4048,743.59564,576.5709,0.9060844,777.91736,576.6352,0.85033804,776.91644,485.3583,0.8185663
4049,743.8213,576.366,0.8989483,777.90607,576.7053,0.8715851,778.3518,486.22382,0.84255886
4050,743.4226,576.41,0.920957,777.33044,576.53253,0.90099335,777.9123,489.26196,0.80336875
4051,743.2376,576.7249,0.9369297,777.0203,577.0289,0.8949091,777.77155,492.94507,0.7109618
4052,743.09863,576.5904,0.9381528,777.0428,577.1288,0.8781012,782.7455,491.04877,0.7242906
4053,743.7271,577.8121,0.9189338,776.8148,577.1131,0.87148273,786.5895,489.93695,0.64444417
4054,743.9895,577.7848,0.9523742,776.92584,577.9731,0.84690744,786.55646,490.79245,0.8074835
4055,743.8064,577.47076,0.9384358,776.9621,575.961,0.8982782,786.1478,491.15955,0.84464955
4056,743.89575,578.09753,0.8939247,776.6237,577.36066,0.869996,784.5858,492.93365,0.8109328
4057,743.462,577.5702,0.90273196,776.8264,577.8512,0.86109316,783.44073,493.30652,0.8355059
4058,743.8665,575.9299,0.8781548,776.67896,578.4024,0.8655061,782.0291,488.58777,0.87391627
4059,744.5673,576.31824,0.86762744,777.042,578.0997,0.8822213,779.25055,487.53986,0.73748016
4060,745.7609,576.2046,0.88556117,777.56647,578.0468,0.8909696,771.7113,486.05753,0.88216823
4061,746.2311,574.2941,0.848565,778.7512,578.51196,0.85899895,762.79083,485.02774,0.8281481
4062,747.0782,573.13367,0.8655329,779.36505,578.29913,0.9203425,753.4308,487.29755,0.76008654
4063,748.0198,572.7361,0.9111404,779.90607,577.4032,0.8793373,747.7794,488.05133,0.75629497
4064,748.6507,572.0065,0.91739047,780.84644,575.65625,0.894624,742.2052,488.3018,0.7679136
4065,749.0973,571.6982,0.8850787,781.877,574.903,0.9013655,736.88495,489.44266,0.7193766
4066,748.9119,571.0171,0.8716237,783.66833,571.5347,0.8066783,730.55945,490.8725,0.7077979
4067,748.9845,572.89166,0.87873197,783.344,569.5472,0.75357205,727.7662,495.20654,0.61826617
4068,748.3202,575.69214,0.9032365,781.6393,574.7969,0.84495735,724.01715,498.90378,0.5138399
4069,747.40686,577.6669,0.9561258,781.7397,577.1499,0.76080316,237.93367,977.8283,0.40968576
4070,746.32947,578.20166,0.9664343,780.6539,578.82874,0.824151,237.32454,978.30414,0.28464386
4071,746.5005,579.0647,0.96396375,780.4032,580.3225,0.82585794,720.3784,506.03873,0.6409712
4072,745.883,580.59235,0.93786126,779.4645,581.9298,0.86484337,718.4294,508.90582,0.629549
4073,745.6369,582.22833,0.889967,778.3002,582.62604,0.86275226,715.5916,510.02502,0.5611273
4074,743.93097,584.00256,0.82198066,777.56946,582.3954,0.8452411,236.96213,980.0122,0.2888057
4075,743.1458,586.62445,0.8385546,775.82666,582.5868,0.8791731,715.61316,508.46106,0.6725646
4076,742.8281,588.9051,0.86654216,774.44324,581.75214,0.8879722,718.15515,503.7792,0.5782176
4077,741.8042,590.06274,0.91397166,772.60156,582.115,0.91672593,721.5541,501.25845,0.7232754
4078,740.80426,590.87537,0.8934294,771.5633,582.3814,0.870094,724.6728,496.8116,0.70945156
4079,740.2672,592.217,0.9004045,771.1186,581.7738,0.8778663,733.2,491.95685,0.65536577
4080,739.66736,593.2532,0.8903309,770.6862,581.49335,0.9199958,741.4702,488.9816,0.7069657
4081,739.5938,593.5209,0.9076522,770.1608,581.1998,0.8965415,747.4801,488.22495,0.79271907
4082,739.0109,593.8554,0.89755017,769.52124,581.4887,0.8921426,752.983,489.03088,0.7345022
4083,739.0363,594.1863,0.92877513,768.754,580.64294,0.8942635,756.99036,489.53433,0.79955846
4084,738.0553,593.56714,0.8835406,768.52893,580.43115,0.8678968,759.54285,490.33286,0.8355293
4085,738.30005,593.46954,0.8682117,768.66364,580.2838,0.8447302,763.5131,491.35428,0.9199294
4086,738.36456,593.38666,0.8308384,768.99426,579.97894,0.8117195,766.0783,492.53387,0.9213157
4087,738.7328,593.69574,0.8166439,769.3103,579.3245,0.8409558,769.71094,493.52557,0.8250135
4088,739.04065,593.45935,0.80809104,769.2398,579.00256,0.8520536,772.47375,494.4421,0.76351535
4089,739.07214,593.6387,0.7854003,769.0734,578.7609,0.84682983,777.60114,495.92703,0.8638501
4090,739.03394,593.03644,0.7736865,769.22687,578.84296,0.86582,780.34406,497.23846,0.8540516
4091,738.39545,590.15686,0.78604096,769.6429,578.5397,0.8830014,784.1081,498.58212,0.7948328
4092,738.6784,588.5324,0.8147138,769.9914,578.2982,0.88997,789.3916,499.07736,0.78063244
4093,739.08813,587.3399,0.8072946,770.736,577.72943,0.8860166,794.2402,500.5657,0.63175297
4094,739.723,585.55286,0.8043942,770.99115,577.4135,0.9252371,796.5903,501.24728,0.65905607
4095,739.68787,584.33386,0.8380328,770.98083,577.1029,0.9254523,800.298,500.76886,0.47818905
4096,740.12006,584.1928,0.8397915,770.70685,577.19653,0.92095405,803.08673,500.75824,0.7163587
4097,740.0602,583.8848,0.8548377,771.0807,577.14087,0.8905577,805.0084,502.03992,0.6899595
4098,740.3729,583.78864,0.8424753,771.5925,577.2013,0.8997791,808.7346,503.23047,0.6139396
4099,740.2136,583.6536,0.8143166,771.60065,577.3748,0.86873114,811.08563,504.8373,0.61657345
4100,740.4247,583.4701,0.8030754,772.1703,577.4201,0.84631586,812.3641,505.46838,0.66406024
4101,740.5108,583.5329,0.81631327,772.5721,577.3974,0.8584083,814.2507,507.18716,0.54068077
4102,740.72546,583.3024,0.79754746,772.851,577.34204,0.85242045,816.41943,510.2597,0.59066796
4103,740.93207,582.8977,0.7807575,773.14777,577.3804,0.8544978,817.4638,512.4923,0.5831053
4104,741.54663,580.91376,0.79999536,773.62384,576.6669,0.84460825,819.4529,512.4186,0.5542568
4105,741.86835,579.302,0.87977105,773.66,575.848,0.85283464,819.9443,511.7491,0.6063934
4106,742.49756,578.52405,0.8369358,775.2492,573.9858,0.8278681,113.461494,26.95435,0.51197356
4107,743.6967,577.3213,0.75022703,776.68414,570.97833,0.8587522,824.58264,506.3131,0.59432083
4108,744.2375,576.38275,0.73840564,777.26276,569.87036,0.84307975,826.0864,503.7391,0.62585694
4109,745.5805,572.6752,0.71060836,777.92267,569.643,0.8258706,827.587,503.39835,0.58697253
4110,746.2814,570.46466,0.7583737,778.2138,567.7308,0.80123085,827.5661,501.993,0.6766427
4111,747.6505,567.589,0.74199826,779.4992,566.5448,0.75815326,828.30914,498.9582,0.69640136
4112,749.0167,566.12476,0.8247995,780.38074,565.15564,0.8275133,829.30023,495.762,0.63675094
4113,749.44434,564.71765,0.8692018,782.601,563.3317,0.79773486,830.3453,491.5168,0.6489736
4114,750.99646,561.88165,0.8908584,784.1634,561.4296,0.88852364,829.65607,487.74872,0.5329106
4115,751.88464,560.43115,0.8688882,784.81476,558.0708,0.85738474,829.3645,483.8375,0.6624389
4116,752.3558,558.08997,0.8708212,785.7418,555.7632,0.86319596,830.19336,481.64825,0.6421915
4117,752.99554,556.9328,0.8863694,786.9214,553.82416,0.86444765,831.2939,479.52478,0.61470467
4118,753.71765,556.2904,0.8875732,788.0514,553.53595,0.8502124,118.010956,11.772045,0.55880773
4119,754.4517,555.0251,0.92887187,788.2165,552.3197,0.87422454,118.258125,10.813035,0.54335165
4120,754.3913,554.90027,0.9193352,788.37354,552.1917,0.88305175,117.95577,10.468057,0.49568483
4121,755.0364,554.57367,0.92585534,788.7163,551.87787,0.88902444,118.3483,10.545266,0.5751288
4122,754.9301,554.7014,0.9083067,788.29517,552.92346,0.8675887,227.87816,1010.0098,0.5476475
4123,755.2651,554.6253,0.89458996,788.73303,552.4622,0.8534665,840.3587,486.69708,0.6414044
4124,755.0801,554.81934,0.89633185,788.7722,552.7099,0.85646945,118.78649,10.133816,0.5346918
4125,755.57715,554.3013,0.88189286,789.505,553.08167,0.85969716,842.8139,492.71094,0.6648
4126,756.0299,553.66595,0.86109245,789.2721,553.3563,0.8442213,842.53754,494.53622,0.7571631
4127,756.4629,553.3815,0.90425825,789.4911,552.596,0.84966385,842.9802,496.45517,0.7777538
4128,756.63464,553.1666,0.89633006,789.319,553.2662,0.8988778,843.0563,497.7694,0.7855178
4129,756.9691,553.19556,0.8916134,789.55426,553.23285,0.86908805,843.3059,499.03256,0.79874384
4130,757.6875,552.521,0.9109363,789.72955,552.0983,0.8912639,844.241,499.0192,0.80744064
4131,758.57446,551.5454,0.89716667,790.2493,552.0836,0.8705845,845.16113,497.45682,0.6086887
4132,758.6493,551.31104,0.90745443,789.91,551.89343,0.86176777,848.2481,495.51404,0.50704134
4133,759.1983,551.0098,0.892937,790.08685,551.56195,0.87417585,848.9683,494.44202,0.69018614
4134,759.4239,550.5262,0.8794144,790.4542,550.86725,0.88963777,849.8955,495.18497,0.62685645
4135,760.3813,549.7772,0.8909283,790.46246,550.8914,0.87274486,850.57227,497.47397,0.560386
4136,759.50934,549.0972,0.90538067,790.6719,550.2258,0.8948246,851.3456,499.21783,0.60834074
4137,759.7355,548.44073,0.9232737,790.4139,550.74646,0.9032316,851.9129,500.87808,0.64838487
4138,760.4918,547.8994,0.9154181,790.8085,550.42883,0.8933402,851.9089,502.75058,0.7178016
4139,760.97253,547.2602,0.9343144,790.946,550.60114,0.87904227,852.2926,503.7371,0.6625411
4140,761.3485,547.2605,0.93671745,792.6956,550.8272,0.8632813,852.259,504.48407,0.649389
4141,761.8578,547.1687,0.9477084,792.949,550.914,0.87700135,852.1672,504.7583,0.6897458
4142,761.93164,546.85144,0.9520823,792.3554,550.722,0.8753992,852.9559,503.07013,0.6811615
4143,762.1014,546.49945,0.9501377,792.70325,551.22565,0.872723,118.34007,9.433996,0.47921
4144,762.3714,546.29254,0.94906354,792.6751,551.92175,0.85750085,118.71154,9.537604,0.49577373
4145,762.6691,545.7879,0.9435118,793.62317,551.2882,0.88473135,119.34093,9.470383,0.5231877
4146,763.53516,545.6538,0.95630217,794.4611,550.3559,0.91766286,119.057335,9.192694,0.5228214
4147,763.8023,545.2239,0.9404122,794.7665,549.8533,0.91762537,118.704796,9.480783,0.5171738
4148,764.3516,544.5538,0.9187327,794.3803,549.20215,0.91173255,851.2343,474.54553,0.37217566
4149,765.55286,544.21295,0.8384628,794.28253,548.76324,0.9030059,850.8846,469.69226,0.473556
4150,767.2325,543.8194,0.7643884,795.0596,548.41943,0.9113805,849.0982,464.8415,0.63239753
4151,768.5825,543.1896,0.7428108,795.2158,547.52014,0.9109884,847.1242,461.41574,0.7621101
4152,769.42755,542.2285,0.7896471,796.196,546.7349,0.894844,845.16907,458.0778,0.69642234
4153,769.7444,541.7923,0.76839423,796.4343,546.6197,0.893935,845.06445,455.08688,0.51428926
4154,770.14325,540.1801,0.80537933,795.9366,545.48926,0.8853284,843.8168,453.4492,0.6007674
4155,770.4144,540.251,0.78098726,796.26056,545.3051,0.87587494,843.09393,452.23083,0.6781644
4156,770.8378,540.70306,0.8024991,797.17535,544.0988,0.8783748,842.7773,451.74252,0.6621417
4157,770.81726,540.3439,0.83472615,797.6594,543.6286,0.892941,843.8056,453.1448,0.63794196
4158,770.86395,539.833,0.865442,798.47784,543.0626,0.8865774,845.376,454.84363,0.5889225
4159,770.46277,539.99475,0.90952104,799.39197,543.12744,0.8904063,846.9194,456.108,0.57999164
4160,770.6475,539.9454,0.8844501,798.4043,543.4666,0.8724741,848.7983,458.5824,0.62823606
4161,771.3187,540.39856,0.898598,799.1912,543.0253,0.8841879,849.6876,459.65372,0.63182473
4162,771.3667,540.12946,0.9301949,799.918,542.5298,0.90568405,850.96844,461.17813,0.5310593
4163,770.9989,540.121,0.9183951,800.00226,542.8505,0.90887755,119.854904,7.7242007,0.3983334
4164,771.174,540.63275,0.89171225,798.45685,543.3994,0.8793009,120.77778,7.3829236,0.3640885
4165,770.96545,540.7391,0.8920118,798.06793,545.2091,0.8834463,855.23627,469.3686,0.29804468
4166,770.8622,540.8467,0.9077957,798.16644,545.38763,0.9028244,856.00555,470.74567,0.29756573
4167,770.8107,540.89166,0.88979775,798.23846,543.9591,0.88639814,856.19415,473.68863,0.47515896
4168,770.69556,540.7344,0.91229016,799.66473,543.53204,0.8927186,856.0199,474.03006,0.5024035
4169,771.0672,540.83154,0.9165694,799.6792,543.45776,0.9014111,856.3559,473.81854,0.458944
4170,771.30164,540.98236,0.90663,799.2067,543.8704,0.8880243,858.33,472.07498,0.36068997
4171,771.4023,540.99927,0.92956036,799.387,544.0653,0.90975493,120.04029,6.342183,0.3303553
4172,770.93524,540.58954,0.89850795,798.13806,544.1813,0.8954778,228.3381,1012.61035,0.39184922
4173,770.0746,540.1798,0.88432306,796.76733,545.26843,0.90999407,859.6733,477.7332,0.43448082
4174,769.45667,540.8257,0.85868007,796.29266,546.2657,0.91303855,228.68579,1011.5214,0.49961913
4175,768.83673,541.2263,0.8658672,796.8586,545.70087,0.9108595,228.83527,1011.28986,0.47496912
4176,768.2054,541.68536,0.828118,797.0698,545.9276,0.9169309,860.2838,486.59933,0.54987407
4177,767.9383,541.94073,0.820672,796.5127,546.9527,0.920857,861.29865,489.70135,0.57943285
4178,768.068,542.5173,0.8269991,796.4519,546.7323,0.9099534,228.73546,1010.78345,0.5141166
4179,766.2402,543.1617,0.8290816,796.3651,547.6764,0.9047131,228.73476,1010.6611,0.5172452
4180,768.24927,542.7691,0.81840307,796.88007,548.0954,0.92608887,864.7974,499.81628,0.5131698
4181,768.392,542.5305,0.8128199,796.84045,548.22156,0.93348575,866.05707,501.89658,0.48111886
4182,768.14703,542.2515,0.839673,797.0456,548.15155,0.930854,867.7698,501.34995,0.36586046
4183,769.0259,541.80237,0.859016,796.499,547.91626,0.9421108,866.84467,497.18967,0.3865181
4184,768.70215,540.9419,0.8505642,795.9739,547.76685,0.944624,114.388016,8.394831,0.38312435
4185,768.37555,540.4752,0.8262468,795.3411,547.60864,0.9543051,113.88014,8.668125,0.40996143
4186,767.9381,539.8839,0.7793316,794.47095,547.35767,0.9260035,112.64756,8.699575,0.39279658
4187,767.8024,540.2857,0.72707206,793.5592,547.3569,0.91100335,111.25097,8.304857,0.4167861
4188,766.6253,540.1131,0.7664181,793.7347,546.8521,0.90878063,849.09045,464.90555,0.560476
4189,766.06964,539.5206,0.80217826,793.53864,546.7432,0.8997387,843.30676,459.9246,0.66899705
4190,765.7739,539.38776,0.8271341,793.0152,546.60156,0.91676384,839.95654,455.74152,0.7036277
4191,765.2267,539.7532,0.85691255,792.8094,546.4011,0.91766626,836.51825,455.68616,0.67701596
4192,764.4576,539.7148,0.8523394,792.70905,546.672,0.9092954,835.31683,455.69116,0.6084894
4193,764.8205,539.56616,0.88340396,792.1521,546.8975,0.91578037,835.4183,456.70956,0.61054456
4194,763.5687,539.3944,0.9093711,791.8409,546.488,0.8906397,835.6756,458.08224,0.5807822
4195,762.45526,539.0989,0.902473,790.2103,546.6954,0.91071755,834.8887,459.55667,0.5770264
4196,760.9522,537.90845,0.9007282,789.78204,546.4695,0.94581354,835.2565,461.79834,0.5585546
4197,760.6061,537.631,0.9004178,788.83215,546.3746,0.9561304,241.03326,1011.77484,0.4062865
4198,759.04346,538.4253,0.93905705,787.43604,545.65875,0.96289694,836.76953,462.86194,0.47966072
4199,758.9276,538.79834,0.9160879,786.9992,544.69006,0.9524929,837.141,461.23334,0.44577512
4200,760.6853,537.97034,0.8448523,787.2059,544.77423,0.97485834,836.8938,458.91846,0.484969
4201,758.0865,537.93774,0.8844494,787.96185,543.3567,0.9774004,835.1236,456.29868,0.36463168
4202,758.85516,537.98834,0.8567178,788.24854,542.7899,0.9644626,830.35315,453.2907,0.65827733
4203,758.838,537.99286,0.8820265,787.7209,543.2727,0.9447207,826.4778,450.61823,0.8581536
4204,759.332,537.5235,0.85880464,788.3515,543.1278,0.9485342,823.90576,449.29782,0.81474245
4205,759.45905,537.08167,0.8318365,787.63025,544.0562,0.9438915,819.90857,447.45834,0.769055
4206,758.83795,537.28894,0.826076,787.28546,544.0724,0.9339341,817.6988,446.15146,0.8003782
4207,760.64484,536.6769,0.84452575,787.83875,543.9426,0.94100577,816.73334,445.76572,0.8303668
4208,759.14197,536.7248,0.8424063,787.87634,544.02625,0.94216233,816.3056,444.74255,0.80395555
4209,760.6811,536.71185,0.83695775,788.2714,543.22235,0.94838184,814.12463,443.76804,0.8012094
4210,761.15625,536.59247,0.8355735,788.8125,543.14813,0.9166745,808.73096,442.7399,0.840531
4211,760.66815,537.07043,0.8117281,789.3213,543.0875,0.9029202,803.0034,442.31113,0.7382542
4212,761.0303,538.0522,0.85742146,789.2794,544.4843,0.91206896,798.4244,444.07495,0.7780902
4213,759.8861,539.9688,0.8686135,788.7794,544.3994,0.92800146,792.2324,444.64792,0.7975486
4214,760.4245,540.37,0.88227767,789.0287,544.32904,0.9341236,787.39777,444.35855,0.75160205
4215,759.66046,540.2267,0.89970404,789.031,544.15625,0.92703825,782.53754,443.2794,0.7061443
4216,759.52563,540.42395,0.9208042,789.1487,543.4166,0.9277577,779.6965,441.12613,0.78488374
4217,757.3291,540.2138,0.9365682,788.1453,542.9094,0.92735225,778.182,438.97128,0.8125136
4218,756.13184,540.82294,0.939563,787.25964,542.34906,0.9155989,772.5026,438.18332,0.7320796
4219,756.3259,541.826,0.9305857,786.81665,542.02014,0.9309189,764.68445,439.58853,0.6403666
4220,756.02325,542.069,0.9665691,787.26636,541.6886,0.9679012,757.2256,441.34146,0.5568675
4221,755.64954,542.36835,0.96238697,787.27515,541.1457,0.9604209,752.38684,443.17065,0.58048654
4222,755.7839,542.9193,0.92365235,787.1533,540.9536,0.94893175,243.34543,1010.72095,0.47510156
4223,754.66815,544.08844,0.84670705,786.9327,541.113,0.9234402,243.62827,1011.0082,0.4128178
4224,755.1258,543.6624,0.84105486,786.9186,541.08795,0.92131126,743.2611,443.63995,0.601879
4225,755.2891,543.768,0.87344253,786.2793,540.28265,0.93147165,744.6694,441.45886,0.6255755
4226,754.5967,544.994,0.8839771,786.40326,539.8775,0.9424543,746.9322,439.4934,0.7273358
4227,755.2448,543.5282,0.8904254,786.34625,538.4692,0.91797286,748.9505,437.94128,0.6645541
4228,754.16003,544.794,0.8459354,785.9724,538.5177,0.9056361,750.91693,436.34723,0.717332
4229,753.751,545.33905,0.85486424,785.48914,538.4093,0.90337425,753.66266,434.9326,0.77103233
4230,752.9069,544.92883,0.82955253,784.82587,538.4027,0.8941918,755.06647,434.3337,0.8497211
4231,753.4253,544.95074,0.79336715,784.69336,538.47015,0.87853885,756.6255,433.65686,0.85932195
4232,752.8667,544.5749,0.7752295,784.16876,538.55676,0.8756824,758.01654,433.38605,0.80845827
4233,752.55896,544.5767,0.78597444,783.58203,538.34924,0.8734391,759.62335,433.31775,0.81674564
4234,752.5064,544.5169,0.7576409,783.309,538.1663,0.85335034,761.01746,433.17648,0.8480092
4235,752.58246,544.76056,0.7321487,782.9237,538.0624,0.84303707,761.80536,433.03085,0.79343414
4236,750.3466,545.02637,0.74252295,783.04517,538.2723,0.8414421,762.3629,433.1369,0.8001739
4237,751.89496,544.5683,0.7451193,783.3468,538.0913,0.8462731,761.9251,433.3444,0.8202989
4238,752.1055,544.8866,0.7632461,783.191,538.4589,0.8842574,759.80664,433.8817,0.82149076
4239,752.42584,544.3264,0.8080228,783.96313,538.2559,0.8841104,757.5597,434.58624,0.82175773
4240,752.6544,544.3474,0.7776361,783.6261,538.3162,0.8687749,754.6596,435.5408,0.7027448
4241,752.6904,544.40796,0.7692211,783.69965,538.1519,0.85740525,750.9301,437.08212,0.71107125
4242,752.8328,544.93036,0.8103891,784.5815,538.41583,0.8788773,747.77374,438.40668,0.6699078
4243,752.8149,544.8863,0.83366925,784.9569,539.07776,0.8992797,744.15533,442.0243,0.7322521
4244,752.5271,546.2336,0.924272,784.55804,541.4944,0.9265003,740.20905,447.18063,0.62211406
4245,753.1642,547.11096,0.9990544,785.0998,542.57263,0.9535682,736.8981,451.75873,0.5245315
4246,753.9402,549.23224,0.9642689,785.11993,545.2362,0.9623082,733.5463,455.18777,0.55366635
4247,753.934,549.5672,0.962532,785.36206,545.74084,0.9476946,731.24854,458.63403,0.54857546
4248,752.45325,550.78546,0.89307016,785.82587,546.97736,0.89454395,728.55835,460.68582,0.5667381
4249,752.5814,551.8497,0.87513953,785.81665,547.4998,0.89347494,726.8516,462.1633,0.49539492
4250,752.3744,552.95746,0.8593602,785.6278,548.3807,0.8854366,724.60876,465.1723,0.63643956
4251,751.7281,554.33496,0.88063,784.812,549.6772,0.85541624,723.63715,467.4879,0.7003056
4252,752.0094,555.4337,0.8990949,784.3536,550.1956,0.8256474,722.9258,469.04062,0.721468
4253,752.79865,557.2301,0.94076025,784.12085,549.5924,0.8858487,724.18787,469.9982,0.6401601
4254,750.8161,560.7543,0.88378334,783.4859,550.7662,0.86908233,729.4411,469.2902,0.6364701
4255,748.4293,562.2634,0.92724293,781.43884,553.6269,0.92410654,732.6882,468.1921,0.735071
4256,747.0836,563.40344,0.90500695,779.126,556.73376,0.95082605,736.1838,464.10934,0.73376524
4257,745.2705,565.86084,0.8131315,776.6572,557.72534,0.8683934,742.3459,460.109,0.74378204
4258,742.9856,567.6203,0.7695078,774.30804,559.35767,0.81144494,746.82654,457.06525,0.80841374
4259,741.4389,571.20825,0.84008586,772.18695,560.2491,0.88392776,749.7451,456.71878,0.7709617
4260,740.1034,573.70874,0.876365,770.6603,561.237,0.90718263,753.2034,457.91013,0.7126488
4261,739.5565,574.9278,0.8517205,769.864,561.75616,0.8870166,754.2605,459.4476,0.7384329
4262,738.838,577.5415,0.84393615,769.1607,563.22144,0.84955555,750.95447,461.38864,0.75345063
4263,738.6984,579.3905,0.8442693,769.2282,563.8919,0.81630737,746.8055,464.78476,0.8055527
4264,737.9455,581.42596,0.8425672,769.01526,565.8002,0.7349133,742.06726,465.9815,0.8532579
4265,737.78235,583.0475,0.85670716,768.4165,566.8753,0.73309237,739.3393,467.6298,0.8345434
4266,737.8183,583.854,0.8035007,767.6827,568.4253,0.78231525,738.04663,470.11215,0.77671087
4267,737.9998,584.93445,0.7910804,768.25476,570.5397,0.8282461,737.12585,472.58853,0.71232086
4268,736.94727,587.7061,0.8162077,766.7305,573.1975,0.8606161,736.0942,473.84494,0.72004426
4269,736.76843,588.7225,0.8675111,765.33405,574.4491,0.9678296,732.9915,475.19812,0.7869179
4270,735.7653,590.93774,0.8135714,764.49646,576.0386,0.9160405,731.85754,476.47244,0.83827806
4271,735.39185,594.25244,0.78922266,763.12946,576.5036,0.8766386,730.6416,478.43973,0.7772027
4272,734.83246,596.20105,0.67741734,761.90265,577.83966,0.84032196,729.3619,481.7193,0.7110499
4273,734.002,597.3699,0.7779648,759.8188,578.14667,0.8414467,729.02106,482.79834,0.6763004
4274,732.2725,598.0029,0.80513376,759.0693,579.1645,0.81296396,728.74164,482.12198,0.78527427
4275,732.16376,599.40265,0.75514096,757.8449,579.789,0.8213639,726.1395,483.9716,0.697448
4276,732.1004,601.77997,0.7919593,756.5709,580.90125,0.86582047,723.2855,484.7797,0.7509391
4277,731.7772,605.9893,0.809196,756.64374,582.23126,0.8590451,717.8816,488.55768,0.7690555
4278,732.15576,609.74603,0.80219144,756.9842,586.7433,0.7964484,715.8887,492.67014,0.91168886
4279,732.6911,611.9169,0.83338994,756.67505,589.11304,0.7580367,713.37164,496.8402,0.82458806
4280,732.80164,614.1735,0.83675593,755.2595,590.7754,0.8012359,710.5558,500.19968,0.8809377
4281,733.1843,617.8386,0.84077716,754.9768,592.5103,0.81406605,709.39795,504.3941,0.84787494
4282,733.8163,618.52216,0.7658148,754.7834,594.00507,0.70983475,708.201,507.31268,0.9231346
4283,734.24567,619.71155,0.73760885,754.60767,594.3959,0.80291915,704.95874,510.0749,0.9739009
4284,735.2021,621.5154,0.7345659,754.5412,594.9505,0.7892491,700.2932,513.0581,0.9221496
4285,735.47296,621.3176,0.74144423,754.61664,595.4485,0.853774,696.7284,515.5092,0.8959656
4286,735.7021,621.4622,0.7913056,754.57074,595.84467,0.87676567,692.3396,518.3576,0.7999537
4287,736.265,622.65533,0.8065711,755.0021,596.79236,0.9232106,688.84515,521.32513,0.7846568
4288,739.1118,625.8969,0.71336925,758.3572,598.14954,0.8183097,684.62335,529.9638,0.8382678
4289,743.16,627.50397,0.7720789,761.4889,600.9599,0.8313381,682.7022,537.5776,0.661598
4290,747.23517,629.8418,0.8988938,764.9369,602.76886,0.90375936,680.60815,544.7127,0.8071105
4291,750.0011,631.26184,0.7498712,768.0613,603.9411,0.81528586,679.4611,550.43756,0.71465766
4292,752.7024,632.15936,0.7677383,770.4343,604.7378,0.8020838,679.6675,554.3592,0.85498923
4293,754.4165,632.0303,0.71286637,771.43585,605.0243,0.7700097,679.0648,556.78595,0.8807591
4294,755.0037,632.57324,0.6324048,772.0075,605.0751,0.7378145,677.40045,558.63257,0.851164
4295,755.3054,633.78577,0.65340847,771.51575,604.6344,0.6921079,676.56433,558.91187,0.73454213
4296,755.442,634.8354,0.7313213,771.3676,605.306,0.77068144,675.98083,559.6152,0.7593494
4297,755.3896,635.1897,0.75809795,771.5128,605.5002,0.7770799,676.00433,559.8236,0.70458937
4298,755.77905,635.2936,0.72573704,771.4591,605.66266,0.7746851,676.3554,559.3789,0.70022374
4299,755.9527,631.79364,0.6642537,772.35583,603.8541,0.6787787,677.05035,557.5917,0.7656294
4300,755.695,629.2901,0.6136001,772.44354,600.6193,0.6716946,677.2067,554.8506,0.7106511
4301,755.9684,626.6676,0.730708,772.50415,597.10126,0.84901303,676.702,550.3977,0.6779881
4302,756.8103,623.9292,0.6224629,771.3947,593.84094,0.76102674,677.8532,546.6277,0.75606394
4303,755.6075,618.3642,0.69728905,771.4235,589.8547,0.76313484,678.5842,541.9581,0.8269701
4304,755.7174,613.6087,0.67553574,772.2571,585.42865,0.653801,679.4836,537.5184,0.77976644
4305,755.4626,610.3775,0.7678769,772.18414,581.2984,0.8458096,679.7651,532.0103,0.8271183
4306,755.0092,605.3991,0.7632864,771.62177,576.87024,0.860336,679.86646,526.99603,0.8559641
4307,755.258,598.94257,0.7363217,772.3148,570.98114,0.6905442,680.64185,520.10297,0.8349215
4308,755.32086,594.6856,0.8034527,772.1909,565.4852,0.8489652,681.0593,514.481,0.8969583
4309,754.72174,589.59393,0.78059703,771.23193,561.6097,0.88531184,680.69434,508.5331,0.9440861
4310,754.93146,583.95575,0.739306,772.3118,557.70056,0.77433866,682.60785,503.17023,0.7837032
4311,755.31793,578.9638,0.68524605,772.1742,550.90265,0.81555784,682.1403,498.60535,0.8948643
4312,755.2772,574.5449,0.782295,771.42615,546.54865,0.9383634,682.04755,493.15814,0.9170512
4313,755.6612,568.2086,0.7319309,772.3646,541.8993,0.8121783,682.59735,487.38718,0.78208596
4314,755.6226,563.5911,0.58303344,772.38086,535.6489,0.73131186,682.1762,482.82108,0.8372373
4315,755.55133,562.92566,0.7263239,772.19946,534.3922,0.86816627,682.33264,481.44107,0.8049959
4316,755.7133,562.3143,0.7161753,772.2077,534.0884,0.882079,682.4743,479.48126,0.8020694
4317,755.74585,561.75604,0.74180573,772.07416,533.638,0.90297383,682.79816,479.11572,0.7656457
4318,755.7453,561.87317,0.7448687,772.23975,533.4853,0.92606807,682.7578,478.85605,0.7582565
4319,755.61414,561.55914,0.739771,772.3386,533.4008,0.915009,683.40326,478.6591,0.7789826
4320,755.8855,561.42377,0.8189395,772.93353,533.1522,0.9405045,684.4028,478.7199,0.22518954
4321,756.1645,560.52484,0.82376784,773.27716,532.43884,0.96477264,682.05975,482.0195,0.42078337
4322,756.4087,558.684,0.856406,773.61816,531.6273,0.9507125,680.9064,482.73083,0.80303407
4323,756.3966,557.56696,0.8982527,774.2727,530.7213,0.95966476,679.17267,482.74362,0.6855981
4324,756.0213,554.49255,0.84051305,774.9652,526.2812,0.8562136,680.1658,484.40332,0.578095
4325,757.40356,549.8227,0.8744288,777.3536,522.8687,0.86986566,681.3192,486.28677,0.4732574
4326,758.44006,548.65045,0.88310087,778.6781,521.6043,0.87074393,682.9516,487.28836,0.5081094
4327,761.04706,548.0252,0.93477803,779.46204,521.07935,0.920539,683.7221,489.20108,0.5731317
4328,761.2629,547.2639,0.9446939,780.2893,521.37415,0.93364745,684.3968,491.1689,0.6341453
4329,761.7409,547.34045,0.93956375,781.89484,522.37054,0.9473393,50.278984,935.33734,0.5161649
4330,762.0798,547.3243,0.91781235,782.69727,521.97626,0.894834,684.5236,497.92914,0.44637898
4331,762.5686,547.1502,0.9166972,783.3044,522.0785,0.9059592,683.92505,498.85196,0.595123
4332,762.3476,547.1646,0.9393112,783.72253,521.8056,0.88690066,50.945446,935.37756,0.57127213
4333,763.0304,547.13446,0.95485896,783.2071,520.8253,0.88743556,50.354713,935.57086,0.5285935
4334,762.98645,546.64386,0.96914023,783.41833,520.6334,0.9194322,51.151066,936.29846,0.4310769
4335,762.78674,546.8233,0.92746824,782.9158,520.6891,0.9382702,51.009983,936.15784,0.48136327
4336,762.61285,546.7128,0.9283026,781.646,518.516,0.96338654,50.196285,935.9773,0.5996859
4337,762.6828,546.79175,0.9485124,780.92114,518.3336,0.97376657,675.0568,497.2166,0.62463593
4338,762.29193,546.46014,0.93273824,780.7723,517.6307,0.98589486,50.5937,935.9256,0.5880405
4339,762.16223,546.3703,0.9797123,780.00525,517.45734,1.0,50.418262,935.6714,0.551664
4340,761.5631,546.2408,0.9658082,779.6521,517.48315,1.0,50.857136,935.5674,0.610476
4341,761.5669,545.5934,0.95728815,779.1894,517.0413,1.0,670.6773,482.54263,0.8009848
4342,761.09814,541.7663,0.88218945,779.60187,514.1361,1.0,667.7363,479.79398,0.75473475
4343,761.5205,538.06274,0.8613157,779.4739,511.7905,0.9343551,672.0453,471.83102,0.43239376
4344,761.9154,535.4429,0.88929504,779.76855,509.05603,0.94889647,673.6743,467.2716,0.4714965
4345,762.1579,532.7825,0.89716804,780.326,506.08655,0.89739317,678.2834,460.83517,0.74195135
4346,761.9926,531.49036,0.9507568,780.8499,503.37045,0.95646274,680.9871,457.61646,0.7994486
4347,762.2532,531.2014,0.9683888,781.3434,503.26834,0.97171396,683.33826,457.99176,0.7790367
4348,762.513,531.09235,0.95626456,781.34796,503.12277,0.9693701,684.11615,460.89648,0.7739361
4349,762.41394,530.99603,0.97082525,781.0641,502.74487,0.99354774,682.7675,464.86792,0.5492115
4350,762.30865,530.6633,0.9395854,781.7272,502.97025,0.9691539,681.78503,467.48816,0.50626385
4351,762.6776,530.8162,0.9511407,782.135,502.9263,0.9557505,59.586838,969.46423,0.47996274
4352,763.01935,530.50824,0.96148235,782.5865,502.71832,0.97932345,59.448364,969.1802,0.39496833
4353,763.4251,530.74945,0.9973081,782.8626,502.54965,0.97423726,670.7388,492.31805,0.6229488
4354,763.7172,530.49554,1.0,783.22565,502.346,0.98355836,670.527,491.90222,0.4568059
4355,764.2361,530.5777,1.0,783.4944,502.01184,0.96478695,672.346,490.88763,0.46169296
4356,764.21576,530.4346,0.95596594,783.9013,502.02634,0.93899983,59.89479,969.89,0.61049885
4357,764.6175,530.8996,0.9485423,784.993,502.7192,0.91759676,58.870674,969.2312,0.6040715
4358,764.6015,530.8128,0.9320087,784.7606,502.49203,0.93104327,58.840424,969.3181,0.60636675
4359,764.5952,531.21136,0.93230253,784.8534,502.53156,0.9167605,58.40418,967.9397,0.50812757
4360,765.98944,531.60065,0.92242616,785.6081,503.21906,0.94722056,57.132126,967.1514,0.37698516
4361,765.9808,531.6195,0.89112073,786.1832,503.759,0.939385,58.555355,969.0853,0.48888868
4362,766.9766,531.145,0.88209885,786.9643,502.70795,0.96134084,58.69873,969.0429,0.56419367
4363,767.4108,531.296,0.89373666,787.0857,502.63965,0.97963446,59.72773,969.8999,0.55434763
4364,767.9062,531.2073,0.8878143,787.155,502.9804,0.9760839,58.716675,968.73303,0.5697141
4365,768.2055,531.538,0.8971615,787.06604,503.20645,0.9814029,59.36757,969.4247,0.6553706
4366,768.652,531.86084,0.9123909,787.1745,503.88815,0.97943133,60.039284,970.5705,0.6474552
4367,768.6124,531.92804,0.9121459,787.01556,503.5738,0.9947888,59.41451,970.12537,0.6403367
4368,768.76263,532.0714,0.92630714,787.0645,503.07782,1.0,57.54779,967.32715,0.53096867
4369,768.95154,531.87775,0.9408443,786.4142,502.7319,1.0,58.73481,968.475,0.6313712
4370,768.8104,531.8763,0.9224362,786.4033,502.94336,1.0,58.453594,968.8492,0.6222638
4371,768.4658,532.05444,0.9177657,786.57404,503.79205,0.98821634,59.033875,969.1006,0.59372056
4372,769.0455,532.25476,0.9393363,786.4695,503.36853,1.0,58.214787,968.2738,0.5986285
4373,769.3685,532.27527,0.9574823,785.9724,502.8752,1.0,59.487316,969.007,0.5115534
4374,769.55566,532.8637,0.9671928,785.6547,503.45697,1.0,57.501587,967.7979,0.47748992
4375,769.5532,533.03265,0.99604446,784.37555,502.46124,1.0,57.13616,967.1886,0.46435067
4376,769.57733,533.1448,1.0,784.46045,502.68588,1.0,58.949066,968.569,0.4896932
4377,769.8684,533.016,1.0,783.9839,502.81955,1.0,58.828583,969.29926,0.51614964
4378,770.02106,533.467,1.0,783.438,502.3569,0.99358886,59.06149,969.75525,0.5601132
4379,769.9779,533.34467,1.0,782.1134,502.4428,1.0,58.62064,968.3341,0.62275606
4380,770.119,533.5744,1.0,780.77716,501.0365,1.0,58.47841,968.79944,0.53405803
4381,769.99524,533.6049,1.0,780.73083,502.37128,1.0,57.354317,966.90686,0.58330184
4382,769.8464,533.2546,1.0,780.31085,502.8241,1.0,57.887295,968.47766,0.60957026
4383,769.6198,533.36084,1.0,780.0683,503.0197,1.0,58.573093,969.5283,0.6792762
4384,769.2598,533.64905,1.0,779.38446,502.85834,0.97657734,55.59974,965.50586,0.70913047
4385,768.8788,534.30865,1.0,778.6467,502.24463,1.0,56.690857,966.63513,0.6594119
4386,768.8715,534.4355,1.0,777.31946,501.82288,0.98678416,57.608086,967.9133,0.6708992
4387,768.28687,534.36523,0.9841615,776.13153,501.95877,0.967393,56.81748,966.4154,0.68095285
4388,768.0158,534.9165,0.94526255,774.84595,501.89542,0.9484357,57.56969,967.53253,0.7004506
4389,767.15466,534.7093,0.92086375,774.5171,501.87717,0.9555139,56.76045,966.55084,0.6881475
4390,766.36053,534.54333,0.9246947,773.7856,501.72327,0.9691856,56.498287,966.0693,0.70251256
4391,765.2566,534.9438,0.9135608,773.1039,501.75293,0.94080395,56.695942,967.13074,0.7159512
4392,764.9188,535.2283,0.91532546,772.5043,501.71954,0.9600199,57.864025,968.4523,0.5067008
4393,764.42596,534.76605,0.92456704,771.7064,501.88358,0.93841916,58.94007,969.06616,0.6838334
4394,763.9587,534.90814,0.8950195,770.4073,502.04828,0.9254962,58.78255,968.9518,0.75199264
4395,763.3742,534.1833,0.8822519,769.2969,502.00458,0.8977086,57.775257,967.93024,0.6747832
4396,762.48047,534.0523,0.8425407,768.0507,502.17612,0.83374685,58.4117,968.47424,0.7165267
4397,761.55865,534.4914,0.77531713,767.45416,502.9013,0.7725666,58.275566,968.28284,0.7216751
4398,760.12067,535.1747,0.80289096,766.55963,503.4436,0.7553379,58.129208,968.14923,0.7583351
4399,758.95386,535.03314,0.8292674,766.1028,503.82214,0.7407306,59.084282,969.15344,0.7360141
4400,758.9711,534.09546,0.8366206,765.7875,503.39673,0.7754963,58.47395,968.3571,0.7277802
4401,758.66974,534.4902,0.8476117,766.06476,503.28192,0.7884025,59.74967,969.637,0.72427756
4402,760.83136,534.7532,0.78683597,767.57135,502.74915,0.806501,61.396923,971.2172,0.4715001
4403,763.51697,534.39197,0.85593575,770.055,502.43054,0.9040167,1460.0743,910.3004,0.11085789
4404,766.0475,534.8412,0.8765744,772.58105,502.15067,0.9594642,50.999878,967.29144,0.691365
4405,769.1093,534.61084,0.92961144,774.3319,502.53192,0.93800896,50.70089,969.0315,0.56266767
4406,770.6813,533.958,0.9758454,778.14966,502.58902,0.9425956,49.664177,970.3459,0.34517565
4407,773.6281,533.3112,0.98199,780.7001,501.6402,0.98083466,650.8962,472.34418,0.2602691
4408,776.0759,532.53143,0.94717705,782.39526,500.5485,0.9470205,1478.9071,899.8279,0.26802254
4409,778.00354,531.70325,1.0,784.39764,499.53204,0.96738726,1481.0273,897.7312,0.23300247
4410,779.13995,531.3819,1.0,785.4457,498.86584,0.9916814,684.1942,523.55835,0.4145748
4411,781.68274,529.76666,0.95883876,787.498,498.10898,0.97764206,685.78046,518.6481,0.61119646
4412,781.86816,529.38257,0.940234,787.9017,497.69888,0.99151504,685.0419,512.85706,0.7405364
4413,781.7342,528.8266,0.92810553,788.1606,498.03305,1.0,1371.886,998.76917,0.39527395
4414,781.79767,529.0935,0.9240559,788.023,498.25656,1.0,687.7367,498.57623,0.6704769
4415,781.4171,529.3663,0.93672293,788.2188,498.59088,1.0,1371.4199,998.2021,0.51639974
4416,781.303,529.26,0.9323022,788.1078,498.7335,1.0,1371.6003,998.10046,0.55090344
4417,781.56055,529.30164,0.9506108,788.62585,498.98697,1.0,1371.8148,998.00256,0.5456376
4418,781.16187,529.8551,0.9699467,789.3567,499.0867,1.0,1371.8604,997.6765,0.61226743
4419,781.4708,530.16943,0.9728325,789.3373,499.1943,1.0,1372.2288,997.5475,0.5384141
4420,780.3233,530.4201,0.9968103,789.45074,499.27463,1.0,702.4028,471.04117,0.6145989
4421,780.3237,529.949,1.0,789.3238,498.46432,1.0,1372.3789,997.2551,0.6311102
4422,779.48157,529.1637,0.98984534,789.85516,498.2516,1.0,707.65216,461.91077,0.6710578
4423,780.20154,528.24274,0.97946495,789.932,497.09183,1.0,1372.7332,995.62805,0.5690038
4424,780.8334,526.6183,0.99200076,789.7007,496.4146,1.0,1374.3849,994.5297,0.5174838
4425,780.84143,525.3233,0.9977778,789.4677,495.13715,1.0,1375.7267,993.00256,0.3909772
4426,780.5008,522.30054,0.97314155,790.7024,493.37073,0.9470164,1376.6569,992.87225,0.31109056
4427,781.53925,521.35187,0.95278645,792.96204,492.2512,0.9199003,1375.7478,992.795,0.5010085
4428,781.83234,521.258,0.9420967,794.2416,491.4251,0.98241365,1375.572,992.6659,0.62334216
4429,782.7504,520.9943,0.94168204,795.23315,491.8241,0.9966971,1375.7535,992.6523,0.5368805
4430,782.8288,520.5836,0.9037637,796.10333,490.37814,0.9879046,1375.9774,992.34265,0.6077539
4431,782.3042,519.74896,0.8722981,796.261,489.7577,0.96239495,1376.3652,992.1504,0.5401349
4432,782.73175,518.3796,0.8624176,796.56476,488.6331,0.94733804,692.13666,464.1192,0.47652927
4433,782.7442,518.006,0.8731587,796.35004,488.1999,0.96249884,691.9068,465.31403,0.53717893
4434,782.434,517.54254,0.89430606,796.3155,487.76074,0.9800232,691.59735,467.41254,0.5313324
4435,783.26587,516.9134,0.9104001,796.5778,487.65472,1.0,1375.6857,991.8105,0.61294013
4436,783.72504,516.24286,0.92907953,797.07996,486.8124,1.0,1375.9104,992.43536,0.51838
4437,784.54156,516.5695,0.96384156,797.22424,487.25696,1.0,692.50275,477.82086,0.5201308
4438,785.6169,516.3874,0.97999483,797.93005,487.09897,1.0,1375.979,991.6068,0.55222476
4439,784.97974,517.6027,0.9612053,798.45294,487.27072,0.9861901,1375.6661,991.72064,0.44400588
4440,786.2701,517.74384,0.9953863,799.86115,486.553,0.9732545,1378.1317,991.54254,0.5440198
4441,787.10803,518.2888,0.96458924,801.6595,486.69006,0.9527204,703.5952,467.49234,0.5298599
4442,787.8281,518.1579,0.9351935,802.66724,486.99222,0.9182647,708.26953,460.19464,0.61535454
4443,789.52185,517.95795,0.89849204,803.4721,486.7137,0.94163173,710.6995,454.73572,0.5578922
4444,790.8804,518.3064,0.86275566,804.3268,486.114,0.96193707,1381.8704,989.8812,0.5102345
4445,792.84656,518.1989,0.8684086,805.60205,486.43143,0.9330463,723.86676,443.89822,0.49754402
4446,793.466,518.2303,0.8892862,807.12146,486.86078,0.94997,731.0399,437.37076,0.7277907
4447,793.9828,518.3664,0.90906394,806.21295,486.77008,0.94079137,739.3614,431.63397,0.78178555
4448,793.86005,518.188,0.90703326,806.212,486.94565,0.91909856,746.9428,426.74008,0.9205231
4449,793.7523,517.82904,0.9113508,806.4358,487.571,0.8913281,754.20624,423.68124,0.74361515
4450,793.26685,517.3013,0.90519655,806.57385,487.21106,0.89153725,760.59326,420.3245,0.79892635
4451,792.7708,516.904,0.9045325,807.8654,487.69775,0.9037901,765.37805,418.7411,0.8076513
4452,792.8985,516.482,0.9144836,808.1343,487.47803,0.9193755,769.9788,416.87442,0.84863335
4453,792.9263,516.1812,0.9462269,808.638,486.92224,0.9687595,774.65546,415.02048,0.7705639
4454,792.7947,515.4585,0.9420477,809.3916,486.29138,1.0,777.9794,413.51868,0.88682246
4455,793.2547,514.8673,0.97234696,810.0491,485.83475,1.0,778.9618,410.92148,0.8641603
4456,793.1087,514.4459,0.96315134,810.2241,486.04404,1.0,776.94855,408.7102,0.82959306
4457,793.47375,514.52936,0.9840955,810.29846,485.83954,1.0,774.2447,407.8747,0.7399577
4458,793.6701,514.9627,0.9791685,810.85693,486.54407,1.0,1385.1625,990.16016,0.6886001
4459,793.71796,517.10345,0.9697885,810.63525,490.39603,0.967156,771.20435,413.3099,0.68015546
4460,793.83777,519.51245,0.9159429,812.20123,493.37473,1.0,771.635,416.9953,0.6211668
4461,794.1648,523.75995,0.9510285,812.06635,497.09262,1.0,772.6985,420.57547,0.6351788
4462,793.73944,526.84717,0.920914,811.9897,498.85953,1.0,774.27637,423.54715,0.7110609
4463,793.9519,528.35675,0.901125,812.1589,499.05362,1.0,776.1725,424.2263,0.7102529
4464,794.1281,528.6626,0.9299527,812.4152,499.59106,1.0,777.7959,426.0733,0.8124147
4465,794.35504,528.7872,0.93313766,812.36694,499.75357,1.0,779.42786,426.92267,0.84079504
4466,794.09973,528.99493,0.9338582,812.3962,499.71973,1.0,781.1782,427.38367,0.795047
4467,794.4105,528.7069,0.9355356,812.55426,499.79532,1.0,782.6291,427.2277,0.7544591
4468,794.8303,529.0089,0.9672305,812.4187,500.15234,1.0,783.0687,426.61057,0.725261
4469,794.4107,528.9363,0.957856,812.4339,500.10458,1.0,783.65717,425.78516,0.6500329
4470,794.29095,528.4585,0.9651448,812.17017,499.71283,1.0,781.9838,424.2454,0.5996609
4471,794.2628,529.00275,0.96476567,812.1448,499.7099,1.0,781.3245,422.49542,0.52356136
4472,794.6341,528.89233,0.96706456,812.64465,500.39172,1.0,779.00006,422.54752,0.6222149
4473,796.44415,529.0033,0.92376906,814.37103,500.48734,1.0,771.00867,427.57004,0.63269275
4474,798.4758,529.9136,0.9293627,814.9608,500.66937,0.97022575,762.48926,433.21896,0.63702023
4475,800.6451,529.9676,0.9095827,816.77454,500.96014,0.9965884,1387.7892,1001.3296,0.40901583
4476,801.3697,530.56006,0.91569763,817.7841,500.82538,1.0,1386.8049,1001.3196,0.5418362
4477,802.02124,530.37994,0.91433126,818.27594,500.5983,0.9957898,1386.9249,1000.9667,0.41969734
4478,802.71344,529.91473,0.91794986,818.034,500.63913,0.99587995,722.68933,469.5743,0.63394284
4479,803.0506,529.8226,0.9191471,817.8812,500.8455,1.0,717.19916,481.86563,0.5811102
4480,803.7698,530.14874,0.9472854,817.80237,500.37677,1.0,1387.575,1000.868,0.6089674
4481,803.8075,530.07556,0.95553803,817.583,500.1336,1.0,1387.3064,1001.4906,0.53346825
4482,804.1518,530.35626,0.976486,817.25977,499.22913,1.0,1387.7764,1002.0051,0.40602693
4483,804.6207,530.6529,0.99846566,816.6495,499.3327,1.0,1387.47,1001.1673,0.4483015
4484,805.05676,530.9435,0.97454363,816.2032,499.87778,0.9961137,712.15497,497.81403,0.7252638
4485,805.8302,531.3353,0.9490444,816.23376,500.5664,0.97628593,711.5153,498.75055,0.74801135
4486,806.3316,531.72815,0.9357886,816.5008,500.5484,0.9596981,712.06665,499.3152,0.68628037
4487,806.3752,532.14136,0.92591363,817.50397,500.7213,0.97391456,1392.407,1004.3923,0.30369863
4488,806.98126,532.72504,0.86456555,818.8206,501.77005,0.96069825,711.98706,499.01608,0.58377516
4489,808.1471,532.99036,0.8915339,820.34503,501.78497,0.9709196,713.98047,499.51447,0.59563637
4490,809.41656,533.13873,0.92685586,821.54724,502.10822,0.9749906,1387.6089,1001.928,0.52759486
4491,810.46295,533.66547,0.93958753,822.63403,503.3174,0.95071304,1388.1316,1001.5899,0.48885307
4492,811.9202,533.5182,0.95984274,824.51245,503.61948,0.9546425,1387.3783,1001.47205,0.53748465
4493,814.0547,534.79596,0.91754264,826.3587,504.58603,1.0,1387.7626,1001.4132,0.54553956
4494,815.8594,534.91516,0.94417006,827.84265,504.82837,1.0,1387.8663,1001.4987,0.52653617
4495,817.03516,535.06244,0.95310736,829.7398,504.68402,0.98873776,1387.9136,1001.2972,0.6099315
4496,817.8325,535.5459,0.9527008,831.0703,506.16864,0.9101065,1387.637,1001.66833,0.5802573
4497,818.7179,535.59436,0.93312025,834.5154,507.32703,0.8747889,1388.1697,1001.439,0.38252032
4498,818.93134,535.96027,0.87905663,835.7114,508.43948,0.8570668,1387.8058,1001.24756,0.54414773
4499,819.41626,536.84406,0.86428493,836.70087,509.20026,0.87489176,1387.4785,1001.6455,0.54090244
4500,820.2554,535.6832,0.85187334,837.44696,510.28506,0.90259916,1387.5292,1001.5901,0.607139
4501,820.8986,536.7109,0.8685228,837.86005,510.39813,0.93848133,1388.2705,1001.1668,0.46289593
4502,821.62354,536.4424,0.8783351,838.78375,510.4983,0.96250606,1388.812,1001.72217,0.5036173
4503,821.7938,537.26416,0.84877306,839.015,511.61215,0.98895603,1387.6166,1001.1509,0.5125233
4504,822.0387,537.2749,0.8333098,839.6421,512.271,0.96799535,738.0877,498.51453,0.5722424
4505,822.55255,537.40686,0.8226977,841.3229,513.1283,0.97070926,740.2441,487.35846,0.6051967
4506,824.35223,538.03723,0.83744836,842.80743,513.24585,0.98956645,745.1152,480.833,0.7005706
4507,825.1087,539.12213,0.8837974,844.0724,513.5191,0.9939564,749.2087,474.98932,0.8044077
4508,825.9104,539.18115,0.90351075,845.30994,514.06586,0.98234373,752.5309,473.09653,0.6306251
4509,826.66724,539.29224,0.8955743,846.149,514.1709,1.0,755.45135,470.41333,0.741083
4510,827.1739,538.1842,0.8989018,846.88226,513.9206,0.993794,757.3221,468.77277,0.75289416
4511,827.4974,537.7348,0.8911954,847.093,513.6651,0.9861818,760.6349,467.07245,0.7980904
4512,828.3587,538.0289,0.89222264,847.41156,513.83673,0.9674577,762.3933,466.2416,0.8319327
4513,828.72156,538.40546,0.8940649,847.7454,513.21136,1.0,763.9116,465.1852,0.8291774
4514,828.87506,538.2329,0.8870028,848.4035,513.3954,1.0,764.8718,463.3511,0.80578345
4515,829.3614,538.29114,0.87356186,848.6496,513.476,1.0,764.5355,462.91727,0.8306459
4516,827.3442,538.1225,0.89708346,846.99,514.3032,1.0,763.3301,462.74634,0.797403
4517,824.5357,537.7917,0.8375213,844.6889,513.8434,1.0,761.7348,462.11664,0.77360326
4518,821.1878,538.5801,0.881913,841.9228,514.60956,1.0,758.5496,461.27954,0.7153767
4519,817.9089,539.6169,0.93196255,837.5846,514.8098,1.0,757.1428,459.96674,0.81817126
4520,816.02875,539.3767,0.877506,833.993,513.8867,0.99469566,752.9428,459.6696,0.68748856
4521,814.40186,539.6962,0.89215434,833.4027,514.0108,1.0,752.1081,459.2898,0.6429576
4522,814.2914,539.649,0.89600134,833.50354,514.06586,1.0,751.2568,460.04633,0.6820264
4523,814.925,540.1442,0.87663835,833.9264,514.2527,0.99437153,752.9977,459.1926,0.5204192
4524,815.03076,539.6468,0.8874495,834.241,514.61176,1.0,754.333,459.3147,0.5877527
4525,815.65485,540.457,0.8860663,834.42365,515.11487,1.0,754.69214,459.91617,0.6443748
4526,816.356,540.78674,0.9332716,835.5205,515.7215,1.0,754.6067,463.64038,0.63084865
4527,816.7265,541.126,0.93398654,837.4631,516.75037,1.0,754.084,466.0583,0.39827678
4528,817.615,541.23376,0.94067055,838.646,517.37823,0.97851795,1370.3917,998.0011,0.4475622
4529,818.5736,541.754,0.94620854,840.40393,518.62134,0.94948405,747.3092,503.0532,0.50190985
4530,819.72845,541.9175,0.9417091,841.8691,519.65656,0.93935674,744.8583,494.92477,0.5462489
4531,820.24615,542.8057,0.9222574,842.892,520.27026,0.9271012,1369.9724,997.64105,0.45349357
4532,820.6054,542.7497,0.92891985,843.8541,520.37085,0.9066196,738.5028,504.7745,0.77094436
4533,821.4742,543.3459,0.9188508,843.46423,520.97455,0.9323041,737.67126,508.43716,0.8250207
4534,821.92096,544.7116,0.90476936,844.25366,521.87164,0.93844306,731.0017,515.6437,0.6387707
4535,822.60284,545.9448,0.9143813,845.0825,523.3714,0.9305469,1370.1458,997.33167,0.3714188
4536,821.93744,546.0479,0.9131437,845.7611,524.62665,0.9127322,743.94806,511.7152,0.32643363
4537,821.05646,546.87274,0.9503789,845.7373,525.78973,0.90620273,744.9909,512.01624,0.5543121
4538,820.4052,547.0491,0.936484,845.8505,527.7591,0.8984849,745.1991,510.2777,0.5712815
4539,818.6198,547.57965,0.8699703,844.8674,529.6623,0.91695195,745.35944,507.67136,0.5374508
4540,816.7501,547.67773,0.8811837,843.6609,530.81854,0.93362856,745.98083,505.2201,0.57407254
4541,813.1809,548.2703,0.9603801,841.2322,532.19745,0.9495109,745.6094,501.55267,0.6081647
4542,810.9165,548.565,0.9966261,838.3586,532.8836,0.9735377,744.8767,498.61737,0.7908497
4543,810.0744,548.8625,1.0,837.9561,534.21857,0.96330386,746.94403,496.41205,0.7465901
4544,809.92303,548.89154,1.0,838.7384,536.05176,0.88162595,749.32666,494.60538,0.7848069
4545,810.2215,548.8438,0.9818012,839.7287,537.42926,0.8511752,752.94055,492.40912,0.8037641
4546,810.6114,548.8636,1.0,841.0115,538.5722,0.8659527,756.16406,490.36624,0.6140425
4547,812.0531,549.2205,1.0,842.1104,540.01514,0.92216784,759.55084,487.4132,0.73725545
4548,813.5842,548.8906,0.9506468,843.6022,540.68054,0.9342084,761.0035,486.0731,0.8246825
4549,813.9947,548.3569,0.9343464,845.4729,541.02386,0.9133608,763.2416,484.44543,0.84095705
4550,815.606,547.78174,0.9067674,846.86566,540.8995,0.8907081,764.5255,482.76993,0.8183174
4551,816.37506,547.193,0.9231927,846.8872,540.65656,0.9062015,767.8599,478.5222,0.7678106
4552,816.33234,547.0175,0.9128502,847.5875,541.1921,0.8657463,769.19934,476.3238,0.7690742
4553,816.2541,546.7759,0.8965965,847.9944,541.0678,0.86742675,769.6248,476.13,0.6847613
4554,816.0125,547.348,0.8935631,847.7398,540.88336,0.88476306,770.23254,476.29825,0.7474371
4555,814.1701,547.1219,0.90836483,847.33307,541.6478,0.8760019,770.97144,476.41232,0.7182914
4556,812.7327,546.80225,0.9613447,845.4584,543.1798,0.89686865,770.73975,476.0346,0.72050655
4557,812.04535,545.4118,0.9629135,844.4721,542.7071,0.91705155,770.1138,475.75845,0.7442041
4558,810.19073,545.579,0.95521516,842.2251,541.7096,0.90214825,767.5615,476.05252,0.78151697
4559,809.08966,544.789,0.8831578,841.0074,539.7701,0.8409656,764.7915,475.21024,0.8416149
4560,804.5461,541.3063,0.9492132,838.0152,537.38446,0.8407036,763.9604,472.46622,0.76778066
4561,800.91815,539.63275,0.9639792,834.4649,534.6824,0.85435086,761.4191,470.2685,0.85389304
4562,798.74084,538.95984,0.9467399,831.78687,532.6429,0.84247947,757.3452,468.83923,0.83424854
4563,795.53674,536.786,0.9272,827.0474,532.0396,0.8777835,754.2466,467.63913,0.7973034
4564,790.53046,535.83936,0.93865246,822.3726,531.7,0.90352374,753.30365,463.85278,0.8169777
4565,786.27734,535.6984,0.96436393,817.9552,530.80316,0.9781478,753.87317,460.6369,0.79557276
4566,782.44275,534.6419,0.95012116,814.53033,530.9413,0.9282863,755.6885,457.03366,0.77350247
4567,778.5287,533.6903,0.9710074,809.43097,532.5761,0.9080035,756.1535,454.29276,0.8690588
4568,775.9687,533.195,0.9828825,806.9646,531.8939,0.94212794,755.86194,452.74878,0.8881798
4569,774.31445,532.3351,1.0,806.3043,531.75775,0.9686466,757.15894,451.8067,0.88351655
4570,773.4175,532.7173,1.0,805.68097,532.55365,0.9975825,757.58765,452.15344,0.8781728
4571,773.5176,532.90845,1.0,805.3873,533.5166,1.0,758.5539,451.7379,0.84667236
4572,774.51544,533.143,1.0,805.816,535.1456,0.9588924,759.0053,454.02173,0.87391645
4573,775.38464,533.67755,1.0,806.06616,536.1076,0.90965086,760.01355,457.59088,0.89603555
4574,775.56805,535.407,0.974576,807.0553,537.2572,0.9092081,760.14905,458.7842,0.9325675
4575,775.6831,536.04736,0.9541876,807.62946,537.9415,0.91940093,760.2964,460.13184,0.9543143
4576,775.12427,538.16583,0.98484105,806.94244,539.3235,0.96340334,760.0084,461.85464,0.90330565
4577,774.99097,539.22986,0.99262065,806.5486,540.4951,0.9669823,760.4884,462.77676,0.9002429
4578,775.06366,540.78625,1.0,806.68994,540.77075,0.9755911,763.0142,462.30722,0.9028702
4579,774.19244,541.0043,1.0,805.23895,542.6664,0.99854034,764.9823,459.61996,0.9448729
4580,771.1753,540.142,1.0,802.98773,542.9678,0.9699512,765.33466,457.15503,0.89199466
4581,767.8193,538.1774,0.97654486,799.9122,540.79016,0.9478056,766.59796,452.22382,0.7670456
4582,763.7162,536.8457,0.96402967,795.52576,538.67834,1.0,767.0709,448.61945,0.869845
4583,758.6428,534.87946,1.0,790.4551,537.9752,0.944597,764.5024,447.37228,0.8831004
4584,754.5395,534.15576,1.0,786.76086,537.2136,0.953039,761.2318,446.3904,0.9741856
4585,752.30347,531.6472,1.0,782.41785,535.72656,0.92773145,760.78754,444.57404,0.96811503
4586,748.0802,530.67285,1.0,779.58624,534.2741,0.9844157,762.6569,442.3673,1.0
4587,745.3707,529.11206,1.0,776.6781,532.9514,0.9415092,765.4898,441.03836,0.91902024
4588,744.3847,528.54865,0.95638424,774.6656,531.23206,0.9829227,770.07526,441.23172,0.8131896
4589,743.4587,527.38135,1.0,774.27185,528.90576,0.978774,774.5794,441.99118,0.9447229
4590,741.62427,526.4473,1.0,771.8796,528.6252,1.0,778.5803,442.2883,1.0
4591,739.9562,525.37024,1.0,770.1916,528.1554,0.99643373,784.0635,445.23532,0.97646916
4592,739.847,525.03394,1.0,770.7249,527.0109,0.9739663,789.46,447.0862,0.84975743
4593,739.5575,523.88904,1.0,771.0711,524.4747,0.96537685,794.98303,450.89694,0.95873785
4594,739.05206,521.848,0.9970259,770.6231,521.6877,0.9593098,799.63586,454.18207,0.787553
4595,739.3113,521.2562,1.0,770.1599,520.98285,0.94055194,805.93835,457.8615,0.7758669
4596,739.1988,521.48553,1.0,770.4732,521.4266,0.9494299,807.46,460.81293,0.8305343
4597,739.18945,520.8154,1.0,770.15063,521.0417,0.96584874,809.45447,462.85834,0.91199327
4598,739.4114,519.663,1.0,769.5693,520.43414,0.9668895,810.87714,465.6572,0.98359144
4599,739.4979,519.57,1.0,769.48175,521.0595,0.98283833,812.4694,468.25522,0.94768965
4600,739.90857,518.5703,1.0,769.10516,519.24176,0.9590091,816.1605,472.72263,0.76905465
4601,740.13226,518.1975,1.0,769.0967,519.3245,0.92973405,820.32605,477.05466,0.7767796
4602,740.5428,518.74084,1.0,770.5436,521.2949,0.9204791,821.46,481.0249,0.7991208
4603,741.1387,518.2901,1.0,770.8922,521.6267,0.92984706,824.8254,482.40848,0.8428887
4604,741.32965,517.6179,1.0,770.9942,521.7115,0.94479114,827.15607,484.53625,0.87842673
4605,742.3468,516.9104,1.0,771.25244,521.74774,0.95245,830.0092,488.54282,0.7976669
4606,742.91394,516.3044,1.0,771.3345,522.40314,0.95265263,832.05774,492.3985,0.8198886
4607,744.31366,514.90216,1.0,771.92316,522.1989,0.92940605,834.1386,495.32086,0.73488164
4608,744.792,514.7541,1.0,772.4024,522.6791,0.9227689,834.4904,498.59198,0.81223994
4609,745.36334,514.8742,1.0,772.59155,523.23456,0.9309047,835.2992,499.54938,0.87384653
4610,745.7719,514.94763,1.0,772.7757,523.72034,0.9221007,836.13446,499.93835,0.8649253
4611,745.95764,515.3815,1.0,772.586,525.0949,0.9203889,836.562,499.55106,0.8531156
4612,746.1863,518.5072,0.95111746,771.81573,528.796,0.97797394,837.25385,501.43637,0.85063887
4613,747.2443,521.67035,0.9373911,772.2462,531.2836,1.0,838.0056,502.50543,0.81566775
4614,747.54095,523.9702,0.93037975,772.9798,533.41754,0.957008,839.8015,502.78394,0.8223941
4615,747.32056,526.4861,0.9470722,773.2464,536.30994,0.9288647,841.3132,500.77023,0.79580235
4616,747.8148,526.5477,0.96264416,773.6486,536.61255,0.91993827,845.2543,499.717,0.70419097
4617,748.37256,525.8936,0.9742777,773.93243,536.23474,0.88505274,847.7428,498.1334,0.68010354
4618,748.4056,525.3546,0.93343794,774.1331,536.00104,0.8724064,849.2891,496.04892,0.56670576
4619,748.9605,524.8155,0.9139743,774.1257,536.11597,0.867605,850.71124,495.40738,0.6785775
4620,748.9083,524.8329,0.8926288,774.5325,536.31323,0.86440414,851.05054,497.7318,0.6968454
4621,749.64496,524.3527,0.8981944,774.65753,536.2408,0.8670946,851.12524,501.0855,0.72840136
4622,749.9653,523.82745,0.9028545,774.93616,536.5317,0.86841357,851.73395,503.75482,0.70324236
4623,749.8268,524.2056,0.9093409,774.84393,536.7226,0.87531525,850.76843,505.80203,0.7605503
4624,749.8423,524.74866,0.92493737,775.10645,537.0607,0.8966413,851.4135,505.71307,0.68483925
4625,749.65515,524.5863,0.9203406,775.33215,537.35785,0.89990735,851.9613,503.58148,0.74064475
4626,750.0124,524.975,0.92135555,776.5417,537.5168,0.8889141,852.6827,500.28116,0.6533465
4627,750.0986,524.50964,0.9214245,775.7208,537.45374,0.89836675,852.0827,492.0574,0.65376174
4628,749.6564,524.27026,0.9287348,774.8507,537.7073,0.91237444,851.4391,490.66678,0.43223932
4629,748.5023,524.62256,0.9530431,773.82275,537.6369,0.93337005,849.71704,494.8411,0.7093679
4630,747.3026,525.1893,0.96519136,772.56006,537.5881,0.96174365,847.4025,498.80597,0.59707737
4631,744.02045,525.86676,0.9148422,770.1809,537.7695,0.92679536,843.3504,499.93478,0.67057
4632,740.60486,525.55316,0.99489975,765.69385,537.63324,0.91089356,840.00116,501.69662,0.7678138
4633,737.4658,525.36206,0.96305126,763.5593,537.84515,0.9364433,837.0443,504.65878,0.81733644
4634,737.24756,525.4907,0.9525848,763.121,537.8056,0.9225945,836.868,506.41803,0.82998663
4635,736.8389,525.65466,0.9391886,762.96436,537.6569,0.93151915,836.7777,506.51566,0.75529945
4636,736.8781,525.42334,0.9474556,762.7624,537.55444,0.9183826,836.58386,506.0855,0.8080169
4637,736.23785,525.48175,0.9173675,762.13617,537.775,0.91484755,836.321,504.52158,0.7980585
4638,736.6424,525.03406,0.9358904,762.92993,537.5176,0.911771,837.9675,499.0348,0.6971426
4639,737.1696,524.02106,0.9198865,761.95856,537.3122,0.8804856,838.5214,486.48175,0.6851588
4640,738.2264,522.9325,0.91645986,763.0165,537.1994,0.8562412,837.9141,475.4522,0.5885531
4641,739.74536,522.8845,0.9236817,764.5639,536.4025,0.85359156,835.3706,467.75992,0.62161225
4642,740.61505,522.999,0.8970394,764.9712,536.4619,0.8543786,834.91943,465.4472,0.55825245
4643,740.6405,522.9613,0.902197,765.36127,535.99585,0.85384995,835.41565,467.01602,0.46289298
4644,740.45215,523.16534,0.91817135,765.8782,535.91345,0.8386914,836.3428,470.26245,0.48859134
4645,740.6927,523.71606,0.92745274,765.8745,536.16724,0.8588268,46.48213,894.1809,0.4157668
4646,740.64905,523.7801,0.9426129,765.6446,535.82776,0.85824615,838.37573,477.84125,0.5282192
4647,739.8109,524.34546,0.9426133,765.43,536.3523,0.8634296,837.9735,481.99542,0.6441065
4648,739.5128,525.00555,0.9493297,765.3324,536.4764,0.8596789,837.2629,484.83893,0.79879415
4649,739.1066,525.6075,0.9378286,764.73126,536.6644,0.87099624,838.3723,490.6733,0.74621165
4650,738.51025,525.18994,0.94312835,764.73663,536.1121,0.87928635,837.94965,498.13446,0.7315705
4651,738.4016,526.17664,0.90454346,764.0446,537.0516,0.9002495,837.5897,503.3207,0.8346427
4652,738.63855,525.97076,0.9396004,763.8983,537.641,0.91455615,837.53735,508.84082,0.90415466
4653,738.2619,525.89844,0.96019673,764.1648,538.3137,0.9509173,836.9075,514.1397,0.8487927
4654,737.78406,526.18854,0.94294447,763.9158,538.5657,0.96881515,836.13495,519.68933,0.8438084
4655,737.9602,526.55756,0.9438556,764.3625,539.0519,0.97956496,836.0654,523.7336,0.7867587
4656,738.22986,526.9654,0.93904597,764.71594,540.0627,0.9985872,834.55365,527.3909,0.7895134
4657,738.06714,527.7043,0.921635,764.37994,542.93207,0.9942519,834.541,531.8928,0.80948496
4658,739.26355,528.5373,0.916217,763.9953,544.6399,0.9731782,834.3713,535.8599,0.79070836
4659,739.7811,528.6506,0.90270513,763.79456,545.4853,0.9788138,834.0843,538.8989,0.8425094
4660,739.9511,528.9787,0.8923041,763.7032,545.5089,0.96582544,833.6457,542.2759,0.9239778
4661,741.3926,528.96796,0.8716276,764.15125,545.7888,0.97023946,834.1373,544.5873,0.8464564
4662,742.371,528.2942,0.8900513,764.66547,546.0378,0.96384156,833.9035,547.50574,0.86791277
4663,743.1956,528.00336,0.85923153,764.72144,546.1394,0.96035784,833.4882,549.2154,0.81000805
4664,743.94946,526.7544,0.85714793,765.02045,545.6205,0.9483897,833.16724,550.5429,0.7879933
4665,745.3246,525.75745,0.8146145,765.05994,546.24396,0.94344074,833.806,552.0719,0.7861489
4666,745.9981,524.18695,0.82813233,766.11365,545.9877,0.94118655,834.0292,553.06714,0.7528595
4667,746.53534,523.33246,0.8387476,766.4282,545.6825,0.93497235,834.04456,553.5855,0.7801486
4668,746.9712,522.9952,0.875838,767.37646,543.2671,0.89576524,833.54944,554.1909,0.78925973
4669,747.19635,522.7581,0.8797088,767.3346,543.5931,0.8860185,832.4304,554.99115,0.85510397
4670,747.55505,522.0389,0.88048685,767.95105,543.3104,0.8921383,832.8808,555.42914,0.86898494
4671,748.34985,521.31665,0.88395256,768.56995,543.19025,0.92471105,833.1722,555.4967,0.8357323
4672,749.17365,520.48096,0.8570252,769.258,543.08246,0.9117057,834.5906,556.9781,0.8331269
4673,750.56555,519.0874,0.8852672,769.89355,542.6852,0.9583215,838.5859,557.48926,0.82249755
4674,752.695,518.7085,0.88784295,770.83075,542.1971,0.9827171,845.205,556.2798,0.84611344
4675,753.8729,517.81055,0.9312059,771.2625,542.7464,0.9624097,849.8369,555.451,0.81859124
4676,754.7997,516.8088,0.94168127,771.8698,542.4661,0.96961695,850.6951,555.6174,0.850388
4677,756.03644,516.16,0.921142,773.03204,542.50476,0.9600195,850.8588,556.93195,0.90312004
4678,757.26294,515.45325,0.929545,773.4798,541.2968,0.9757568,850.7566,559.088,0.89512503
4679,758.2241,514.7392,0.9189244,774.72284,541.1808,0.96125585,849.5803,561.8306,0.8378094
4680,759.7618,515.0437,0.88802624,776.36945,541.1616,0.93594104,848.2681,563.57336,0.8385792
4681,761.1434,513.95306,0.8821277,776.7721,541.06213,0.9471773,847.7289,565.3569,0.8361107
4682,761.9594,513.656,0.8904188,777.41376,540.94183,0.95047843,846.9916,565.8205,0.8003179
4683,762.96466,513.58655,0.89566743,778.1158,541.153,0.9313796,846.71857,566.55945,0.77985924
4684,763.6165,513.7708,0.8951207,778.95734,541.29974,0.94006336,846.26733,567.2134,0.790154
4685,764.03,513.89557,0.88928527,778.9207,540.743,0.9297663,846.8933,567.016,0.78914106
4686,763.4085,513.4215,0.90875214,778.17365,540.5848,0.9517088,847.5458,566.78375,0.7504248
4687,761.8706,512.74274,0.87590474,775.5102,541.31305,0.9323565,848.19604,565.6529,0.76014894
4688,759.368,513.9351,0.87959146,773.3015,541.44037,0.99636585,848.3783,563.81696,0.8136712
4689,757.2287,513.7651,0.8874178,769.46155,541.9126,0.9734323,845.8885,562.22577,0.8609284
4690,754.7184,513.7732,0.9140876,767.1816,541.56506,0.954244,842.5928,560.34076,0.8664154
4691,751.85596,514.29865,0.8948092,764.00604,541.78534,0.9561529,839.4569,559.98456,0.8399794
4692,747.86084,513.7082,0.92722493,759.7987,541.3296,0.94913304,26.836048,899.53156,0.8738649
4693,744.7246,513.4888,0.8536557,756.94366,541.26733,0.9972042,829.51965,561.5932,0.9116116
4694,741.55554,511.60144,0.8625632,754.04626,540.0543,0.97855335,824.9863,562.02856,0.8611752
4695,739.2645,510.9696,0.8415512,750.2906,537.9846,0.8902031,820.1068,560.782,0.84312606
4696,735.60974,508.8219,0.81678605,748.4498,536.82886,0.91644675,812.7277,562.8869,0.90065074
4697,731.7767,506.65988,0.81099206,744.94714,535.1962,0.8846149,807.73645,562.1209,0.85679376
4698,728.8384,504.15244,0.77427566,741.90137,533.3828,0.9195087,803.0375,561.3261,0.7219305
4699,725.0493,501.98926,0.8548664,738.477,531.8561,0.8729384,795.8746,562.06464,0.8208242
4700,723.17694,499.77548,0.9917069,734.9303,528.77277,0.8822192,792.1292,561.1886,0.83334565
4701,721.18744,498.54553,0.91826886,733.16235,526.91693,0.9124819,788.77124,558.7919,0.8258598
4702,719.5188,496.73807,0.85507387,731.0751,524.15204,0.9500721,787.18445,557.6015,0.76365227
4703,718.48395,496.00223,0.8624178,729.83276,524.18915,0.9139415,784.88226,557.10583,0.6934643
4704,717.625,495.1542,0.8509856,729.04645,524.2962,0.86826086,782.7364,557.0913,0.7565276
4705,717.4818,494.54196,0.8396943,728.5641,523.9241,0.85950136,781.15247,557.1939,0.7599114
4706,717.6305,494.51675,0.8300753,728.45654,523.1861,0.86544645,779.6762,558.75037,0.85416687
4707,717.3354,493.75827,0.8401727,728.2905,522.7613,0.86988074,779.4144,559.0133,0.86247975
4708,717.3628,493.69955,0.82458234,728.30865,521.9953,0.8812459,779.14154,559.4658,0.8503251
4709,717.8444,492.96854,0.8311313,728.2545,522.11597,0.8840554,778.8547,559.8693,0.85255665
4710,718.24475,492.83063,0.8223538,727.66693,522.1002,0.87052494,778.9827,560.2805,0.8449117
4711,718.6686,492.50247,0.81336236,727.6956,521.9884,0.8629541,778.9466,560.5076,0.848148
4712,719.16174,491.9145,0.80194944,728.5379,521.4251,0.85885066,779.1126,560.3323,0.8660883
4713,719.8804,491.54807,0.7999571,728.6332,521.1747,0.85546404,778.9242,560.11206,0.8488657
4714,720.24615,491.32828,0.7994526,729.1416,521.0564,0.8789247,778.9105,560.05865,0.84697217
4715,721.0212,491.34348,0.77965784,729.12726,520.9941,0.8633459,778.86127,561.4723,0.8327054
4716,721.62384,490.89938,0.77026814,729.63763,520.815,0.85611624,778.7553,561.654,0.8437139
4717,721.34625,490.80292,0.7895085,729.92267,520.5514,0.8740665,779.2068,562.3056,0.877285
4718,721.6661,490.76852,0.80056435,730.7695,520.43085,0.8881175,781.4052,562.8849,0.82604
4719,722.1146,490.12616,0.8085026,731.8556,520.87854,0.8806904,788.3269,562.322,0.73642397
4720,722.36365,489.36127,0.80130726,732.3899,519.96606,0.9231375,797.1287,562.622,0.8561096
4721,723.03436,488.00626,0.725488,733.6619,519.6086,0.8615677,803.9825,559.2954,0.8422408
4722,723.35254,486.9745,0.6856003,733.9486,519.1452,0.8515224,805.439,558.261,0.7721869
4723,723.4739,486.24454,0.76574606,734.40796,518.1365,0.88853866,803.94666,556.90875,0.80124766
4724,723.8262,485.65335,0.7958179,734.8563,517.2848,0.88316745,803.48047,557.55865,0.84720945
4725,724.30426,484.73093,0.8213735,735.84204,516.9202,0.7996234,804.19434,557.48596,0.7908379
4726,725.4093,483.92163,0.8585467,736.89966,515.9137,0.7638639,805.43787,556.9548,0.86334306
4727,725.80176,483.786,0.8904639,736.191,516.3905,0.7931481,807.15826,556.1311,0.89071745
4728,726.3153,483.9388,0.8670071,736.5317,516.1795,0.81217855,809.9592,553.5813,0.8804515
4729,727.13525,484.3492,0.85291165,737.83466,515.08234,0.90136385,813.7405,551.5573,0.8238332
4730,730.1683,483.84073,0.76120895,739.6159,516.39996,0.8833385,820.20966,547.1499,0.8588615
4731,731.03973,484.0161,0.79942346,741.4324,517.1205,0.8918334,822.68463,543.3831,0.9283894
4732,731.2734,484.34433,0.8653294,742.4405,516.49396,0.91762257,825.5298,541.23285,0.9182858
4733,733.2217,484.84525,0.8799123,743.5823,516.3498,0.8801181,826.48486,538.76154,0.8877378
4734,733.51385,484.70435,0.8915138,744.1444,516.04724,0.89453393,827.2651,537.7215,0.83407813
4735,733.8039,484.5217,0.894975,745.3442,515.91205,0.91620284,826.8769,536.1945,0.76250905
4736,734.36237,484.3728,0.87782997,746.05225,515.3662,0.90800124,826.31354,535.7501,0.77554667
4737,734.3281,483.97894,0.86957735,746.9295,514.5273,0.8598196,825.6943,535.48444,0.8099911
4738,734.8879,483.71024,0.8717413,748.7347,513.7517,0.8406258,824.69995,535.2328,0.7887465
4739,735.03265,483.20078,0.8652552,750.04065,513.0019,0.8257436,824.58936,535.0094,0.7551626
4740,735.2606,482.74048,0.8795858,750.56854,511.83084,0.85210544,824.3172,534.5807,0.77775383
4741,735.33234,482.60092,0.89523214,750.34973,511.0247,0.88957596,822.7264,534.3661,0.83654237
4742,735.4045,482.66736,0.8907272,750.3194,510.98285,0.91658145,821.8248,535.2043,0.840449
4743,735.1106,482.56995,0.89616996,750.30206,510.91714,0.9447867,819.8879,536.0985,0.8063017
4744,735.0517,482.46524,0.9003468,749.8805,510.69745,0.97439307,818.21893,537.1212,0.7835391
4745,734.8705,482.3549,0.90128726,749.97595,510.4889,0.9733471,816.45667,536.59875,0.79930794
4746,735.2279,482.43832,0.8936728,749.7071,510.59158,0.96598846,814.5635,537.425,0.8562732
4747,735.1524,482.25714,0.8888367,749.5375,510.61203,0.95039487,813.0236,538.10046,0.92715216
4748,735.5191,482.4123,0.895496,749.18774,510.31934,0.97290766,810.6219,538.6157,0.9567473
4749,735.02026,482.2774,0.8988288,748.7055,509.98398,0.9634666,808.4374,539.36975,0.8813866
4750,734.2824,481.76657,0.9079794,747.91754,509.6038,0.9582307,806.89594,539.68353,0.89282143
4751,733.7563,481.90436,0.9165743,747.0211,509.72327,0.9490696,805.3837,539.97766,0.8990321
4752,733.08075,481.8123,0.919228,745.8247,510.08908,0.91147256,804.0155,540.06866,0.881972
4753,732.243,481.39893,0.9027955,744.53674,510.5193,0.86648726,802.75757,540.5948,0.9491384
4754,731.2998,480.94333,0.89737046,741.7657,510.4355,0.9025126,801.72845,540.9953,0.97955984
4755,729.69617,480.24704,0.8620762,741.02203,509.81253,0.91277504,799.4338,541.38104,0.9416803
4756,728.8251,480.75558,0.8400932,740.1964,509.81567,0.90217084,797.25494,541.5074,0.98932976
4757,728.2983,480.52512,0.8510742,739.9694,509.2802,0.91116863,795.81903,542.59314,0.99406105
4758,727.6246,480.1628,0.84544,739.49426,509.06818,0.89303356,795.43274,545.4834,0.9198997
4759,727.22174,480.1809,0.8538627,739.04285,508.88763,0.87676036,795.955,547.0101,0.9432897
4760,726.2547,480.14243,0.8281024,737.9365,508.2795,0.89096177,796.3424,548.3511,0.928308
4761,725.8087,479.83902,0.8501384,736.4263,508.82257,0.91876507,797.0533,549.0197,0.89676964
4762,725.64404,479.64624,0.8652484,736.2922,509.02994,0.93247867,798.2101,549.656,0.85940105
4763,725.08075,479.45508,0.8651399,736.1583,508.85706,0.9390553,798.9878,549.85974,0.8505968
4764,724.65784,479.08694,0.85129267,735.83563,508.97394,0.9546657,799.6456,549.7577,0.80707103
4765,724.1491,478.7383,0.8571158,735.06757,508.7271,0.9688751,801.4105,550.1115,0.83511376
4766,723.7463,478.86584,0.8543355,734.4878,508.09894,0.9633501,802.2336,549.58264,0.84876156
4767,723.2134,478.86368,0.84882325,734.22986,507.92645,0.9493089,799.7051,549.8849,0.823748
4768,722.6757,478.91562,0.82938737,733.81726,507.84113,0.9433353,797.87054,550.1587,0.832675
4769,721.9079,479.18234,0.8065403,733.18085,507.62277,0.94140506,797.0298,549.9108,0.8181316
4770,721.66327,479.07187,0.80583245,732.7148,507.53802,0.93656117,795.98254,549.33575,0.84600794
4771,721.2832,479.0176,0.80744606,732.5575,507.116,0.94844794,797.0122,548.7527,0.8908158
4772,721.2098,479.02295,0.79520607,732.4017,507.28116,0.9242681,797.6249,548.6232,0.89412695
4773,720.8496,479.18842,0.77968115,731.8427,506.90982,0.89878124,798.198,547.9633,0.8894108
4774,720.3969,479.09274,0.79582644,731.3386,506.5157,0.8920887,799.157,546.0832,0.90085804
4775,720.23944,478.3865,0.80407476,731.1155,506.39468,0.9053417,803.3432,542.8354,0.89776534
4776,720.00525,478.22263,0.8150534,730.7235,506.3288,0.8690596,808.3832,538.57605,0.93904954
4777,719.7142,478.32413,0.8144353,730.45465,506.33807,0.86513174,814.08673,533.99817,0.5939358
4778,719.8099,478.17343,0.8076517,731.0712,506.53363,0.87916267,818.7137,527.35864,0.8339089
4779,720.1351,478.2946,0.78984326,731.3524,506.1208,0.87192416,822.61,521.03424,0.66962886
4780,720.2558,477.85883,0.7866359,731.4414,505.75613,0.8756758,824.32983,514.7705,0.6569997
4781,720.3459,477.441,0.7830384,731.72144,505.90958,0.8713377,826.58167,509.55057,0.8570419
4782,721.57947,478.30795,0.7586892,732.372,506.88333,0.8409584,829.50366,506.12503,0.6432526
4783,722.3137,478.8601,0.7245319,732.73596,507.14566,0.78921723,830.2404,505.3448,0.7096735
4784,722.28253,478.21387,0.75321406,732.7972,507.41394,0.83168703,830.22205,509.2763,0.82852304
4785,723.0017,478.95505,0.7528556,732.883,507.60562,0.84306735,828.56696,513.6189,0.8097409
4786,722.4359,478.10892,0.7665712,732.76263,507.18765,0.8340661,825.1465,520.245,0.7911259
4787,721.8033,478.3168,0.7507434,732.40955,507.1793,0.79390454,824.5596,522.642,0.8052701
4788,721.7029,477.48373,0.74216574,732.2098,506.68732,0.7985946,823.14044,525.1139,0.7818115
4789,721.07806,477.50098,0.7269814,731.94543,506.4273,0.80479777,822.4857,525.90283,0.742227
4790,720.8516,477.16068,0.73271936,732.10956,506.9213,0.8118841,821.6186,527.2176,0.8031809
4791,721.1997,476.45468,0.7274743,731.4541,505.9775,0.7803751,819.2686,528.8541,0.65869015
4792,720.86597,476.9724,0.72448,731.473,506.17215,0.7948078,816.94226,531.0586,0.8403214
4793,720.1514,476.59692,0.7443218,731.4013,505.79532,0.7921439,815.14825,532.7083,0.8378918
4794,719.7991,476.67032,0.7577956,731.07544,505.5006,0.7886474,814.39746,533.64386,0.8148594
4795,719.1834,476.32272,0.74263656,730.72186,505.78763,0.7603467,812.946,534.2801,0.8381293
4796,718.8616,476.5444,0.74807477,730.3981,505.79507,0.7857119,811.64606,535.11426,0.82822335
4797,719.64667,476.50812,0.7735268,730.6664,505.7646,0.81680775,810.0939,535.5268,0.7317347
4798,719.21826,476.26877,0.77974313,730.61755,506.07446,0.81650335,808.3696,536.0099,0.6644408
4799,718.5993,476.3145,0.786814,730.8143,506.32303,0.7940143,809.0692,535.92487,0.50413823
4800,718.7722,476.82132,0.78901416,730.5023,505.9229,0.7796411,809.57904,535.30084,0.46528682
4801,718.4529,476.45798,0.80067116,730.3014,506.42883,0.7805112,807.0577,534.8523,0.5394156
4802,718.2121,476.93704,0.81045324,730.7631,506.9272,0.80589163,805.66,535.25507,0.7728504
4803,718.255,477.05954,0.8065403,730.51526,506.84537,0.7913599,805.79443,535.06036,0.76222885
4804,718.03375,477.22797,0.829266,730.33307,506.9842,0.79719365,805.8153,534.8344,0.8267314
4805,717.9478,476.66058,0.83822274,730.2395,506.50745,0.8158275,806.0749,533.8774,0.857197
4806,717.87646,475.86502,0.8401522,729.8161,506.23398,0.79863816,806.4906,532.7081,0.851189
4807,718.3016,475.74973,0.84660083,729.8655,505.74707,0.7811233,806.4557,532.53625,0.8641082
4808,718.485,475.7818,0.84872526,730.2002,506.03967,0.78603774,806.4371,532.0811,0.879441
4809,718.46094,475.838,0.8477785,731.1072,506.65582,0.776054,806.3167,532.0396,0.9031781
4810,718.7034,475.73093,0.84493184,730.58636,506.30182,0.76538455,806.4672,531.8554,0.9115883
4811,718.4188,476.23016,0.8313505,731.42584,506.9422,0.7900645,807.0998,531.5302,0.88891935
4812,718.37756,475.8121,0.8278906,730.72534,506.51535,0.7806795,809.5068,530.2025,0.86082
4813,718.9973,476.2018,0.8314982,730.90533,506.05814,0.7917421,810.92755,527.8699,0.926045
4814,719.59937,475.6625,0.81887466,731.4717,506.49173,0.8029672,814.317,524.2718,0.9381199
4815,720.60815,475.1505,0.81516653,731.5206,506.23276,0.809612,818.5375,521.1444,0.7625793
4816,721.1489,475.20938,0.8036949,731.4842,505.32047,0.8020966,821.6007,521.96674,0.83392835
4817,721.31165,476.0917,0.8264983,732.20447,506.12387,0.85979337,821.2954,525.5481,0.8378397
4818,721.4507,475.97128,0.8221538,732.5801,505.92126,0.84003055,819.1211,530.0901,0.7846283
4819,721.85114,475.97095,0.8346527,732.30194,505.3634,0.842548,815.1632,536.3857,0.77380204
4820,722.4089,476.3997,0.8283035,732.58026,505.5822,0.83489734,813.1835,537.8644,0.8696909
4821,721.96826,475.9205,0.84492207,732.68567,505.43018,0.8367296,811.55493,540.8752,0.84617233
4822,721.6909,475.1921,0.8409049,732.781,505.36017,0.81923264,809.51904,542.4467,0.82420397
4823,721.6479,475.69205,0.84281266,732.6794,505.0795,0.82687086,806.87695,543.8125,0.81705064
4824,721.69403,475.4656,0.837873,732.6312,505.95724,0.85871345,806.7052,544.01575,0.8677497
4825,721.57794,475.47946,0.83351487,732.9632,505.7067,0.8358086,805.8429,543.6714,0.92251885
4826,721.8156,475.54697,0.84783655,732.89594,506.1888,0.8463612,806.28345,543.2654,0.9236279
4827,721.7869,475.97205,0.84477323,732.6235,505.83765,0.85000384,807.33875,542.4096,0.8904232
4828,721.47546,475.04337,0.83327913,732.86865,505.56995,0.83755404,807.3012,541.8277,0.9044593
4829,721.15454,474.8963,0.8382034,732.23834,505.37457,0.83667195,808.40326,541.35944,0.81196654
4830,721.3499,475.10065,0.84482557,732.5741,505.19968,0.835936,810.3553,540.597,0.8786598
4831,721.6638,475.47736,0.84643567,732.91394,505.5597,0.8313453,811.60144,539.87646,0.9014704
4832,721.63745,475.39856,0.83865434,732.74915,505.3619,0.8340021,812.26526,539.50854,0.9144128
4833,721.1051,474.7932,0.84076,732.7825,505.67258,0.83482164,813.27576,538.7152,0.85698277
4834,721.4976,475.16,0.83869225,732.70795,505.55392,0.84193593,814.48035,536.454,0.838624
4835,721.5727,475.0868,0.838791,732.49164,505.7876,0.8655902,818.40405,531.7517,0.87078726
4836,722.4941,475.45355,0.8180781,732.9091,506.14703,0.8188294,821.9388,526.1026,0.61947167
4837,722.3884,475.11157,0.8216582,732.3233,505.51218,0.8031273,822.0999,525.10614,0.70714986
4838,722.1354,475.2859,0.8257265,732.26733,505.39862,0.81217027,822.2505,524.83356,0.68069047
4839,722.9879,476.23032,0.82416016,732.28894,505.57788,0.82124954,821.5183,527.8169,0.75206614
4840,722.4751,476.01172,0.8158793,732.0402,505.7166,0.8203268,816.3636,533.4065,0.71356773
4841,722.54926,475.7384,0.8059372,731.5758,504.9677,0.80979615,814.5608,536.25806,0.79523855
4842,720.9053,474.6527,0.7590205,731.5949,504.45334,0.828353,813.2412,537.5165,0.82575315
4843,720.5594,473.64688,0.751782,731.5023,504.90707,0.79710186,813.09796,538.1333,0.85752267
4844,720.63165,473.74628,0.73846775,731.06903,505.22406,0.8006105,814.6688,537.96545,0.7850887
4845,720.72906,474.65317,0.7225556,731.05804,505.12607,0.8080705,817.1448,536.2191,0.70313424
4846,720.7978,474.7202,0.714181,730.9483,505.2387,0.79365736,819.1412,534.2961,0.7410382
4847,721.13837,474.76782,0.7190346,731.5245,505.5796,0.7861872,821.99146,531.65674,0.82737505
4848,722.0777,475.4319,0.683458,731.3622,505.1424,0.761131,822.9916,530.6114,0.8226522
4849,722.1025,475.38644,0.61510664,731.38715,505.2053,0.74923134,824.05994,529.1761,0.81079006
4850,722.6033,475.9815,0.6651812,731.7937,505.87054,0.7662751,824.68634,528.03644,0.84400475
4851,722.34674,475.76358,0.66026413,731.5735,505.601,0.751553,825.533,527.3098,0.85608876
4852,722.8547,475.5326,0.69551855,731.5755,505.50958,0.75627106,826.2551,526.60535,0.84733176
4853,723.39,475.7664,0.683672,731.5359,505.06732,0.7509889,827.36804,525.38165,0.88213474
4854,722.0863,475.0059,0.6906926,731.79095,504.4431,0.75544894,827.6885,524.9518,0.88867354
4855,722.62604,475.44037,0.6617708,731.7923,505.24402,0.7216094,828.1394,524.1604,0.836548
4856,722.90204,475.47775,0.6836454,731.57916,505.27975,0.75070804,828.374,523.4523,0.76567394
4857,722.8909,475.63428,0.6941032,731.92554,505.78214,0.76657337,829.0886,522.36304,0.64214844
4858,723.1937,475.4783,0.71464425,731.98004,505.65826,0.76829654,829.40234,521.91547,0.5866913
4859,723.99817,476.01556,0.68281657,731.9779,505.8518,0.7616433,829.01904,521.17664,0.5509827
4860,723.96155,476.2482,0.6787652,732.2786,505.85483,0.7712282,829.37964,520.735,0.40342286
4861,723.6902,476.14517,0.6972012,732.1178,505.47415,0.7753513,829.99115,520.56305,0.44834223
4862,724.53754,476.55963,0.69168276,732.59796,506.07422,0.78853875,830.3818,520.84375,0.41841444
4863,724.77484,476.37848,0.70441866,732.81537,505.9336,0.7830039,830.2085,520.5573,0.51952815
4864,724.33673,476.3324,0.74230164,732.6752,505.93155,0.802913,830.17377,520.36694,0.53776765
4865,724.0736,475.9657,0.7393084,732.4764,505.55893,0.77913547,830.47406,520.41815,0.49295804
4866,724.1612,475.687,0.739759,732.37085,505.67654,0.80492455,831.17065,520.77405,0.50715387
4867,724.15955,476.14444,0.7124218,732.45233,505.89014,0.77832824,831.0339,520.57263,0.49152657
4868,724.2899,476.14645,0.7151325,732.35565,505.7963,0.77780926,830.872,520.41504,0.52769357
4869,724.43915,476.46222,0.69923764,732.48553,505.9907,0.77162594,831.46216,520.5801,0.5695512
4870,724.6324,476.5154,0.72345906,732.7754,506.34726,0.7963979,831.3727,520.4265,0.5410452
4871,724.8175,476.55954,0.7210217,732.92426,506.44916,0.81108755,831.4003,520.51483,0.56094766
4872,724.7636,476.2992,0.67703146,732.93353,505.93088,0.7599112,831.6239,520.3539,0.572667
4873,725.07184,476.43604,0.6537861,732.61975,505.67307,0.75351846,831.70776,520.3684,0.55005103
4874,724.6827,476.0355,0.7053498,732.7766,505.6058,0.7791139,831.90686,520.4151,0.5641921
4875,724.68097,476.47968,0.66146004,732.9771,505.745,0.7713033,831.926,520.2132,0.5404217
4876,724.4625,476.27164,0.6999355,733.1514,505.87817,0.7952354,831.9543,520.1581,0.5575553
4877,724.3945,475.91495,0.7501557,733.24963,505.81485,0.7891866,832.0578,520.1892,0.5835702
4878,724.2231,476.03815,0.7541208,733.34155,506.04916,0.79761,832.3849,520.1112,0.57715726
4879,724.5707,476.26038,0.7208646,733.1307,505.96326,0.79411674,832.3149,520.2947,0.5666867
4880,724.4762,476.2412,0.70919627,733.04346,505.71835,0.7858383,832.0086,520.22363,0.5765688
4881,724.726,476.08246,0.6983662,732.9128,505.3013,0.77735084,832.0994,520.1101,0.5791899
4882,724.7849,476.15207,0.71502036,733.0661,505.77646,0.77493286,180.3787,361.1877,0.2595165
4883,724.54175,475.9849,0.7377259,733.16864,505.96454,0.8120996,831.705,514.34845,0.5216907
4884,725.2527,475.96857,0.69602114,732.80566,505.61902,0.79293865,831.4174,510.09607,0.82124454
4885,724.8068,476.19583,0.7401126,732.84656,505.58908,0.798019,831.5239,506.84708,0.66535354
4886,725.0941,476.3142,0.74681586,732.7598,505.68878,0.7836285,831.01514,504.17007,0.6169693
4887,724.92346,476.18338,0.77707005,732.1424,505.56818,0.7892606,830.23425,501.82092,0.7076592
4888,724.6353,475.8535,0.79122704,732.09204,505.74448,0.8072145,830.09827,498.68555,0.78959966
4889,724.4894,475.80603,0.7929696,731.94415,505.55624,0.8083218,829.2103,496.83603,0.7583735
4890,724.58154,476.18927,0.803464,731.81604,505.46613,0.8077852,828.58984,494.80026,0.7748
4891,724.66077,476.39368,0.80918854,732.1816,505.92728,0.8156619,828.6286,492.5401,0.7976329
4892,724.52985,476.4118,0.80638057,732.24176,506.18533,0.8213364,829.01605,491.3283,0.82187414
4893,724.62415,476.98804,0.7955155,732.66534,506.71207,0.8269008,830.7202,491.2447,0.7168962
4894,724.8576,477.5759,0.7849347,732.87524,507.19205,0.8437543,832.2978,494.0986,0.7690501
4895,724.8246,477.645,0.8047115,733.3095,508.04816,0.8734699,832.47516,496.7223,0.7215811
4896,725.08044,478.4644,0.7838589,733.53564,508.51544,0.87511814,831.4544,498.54346,0.7967032
4897,725.2166,478.9252,0.8140222,733.61163,509.1695,0.8893203,831.509,495.67038,0.814991
4898,725.2263,479.40646,0.8094612,733.2319,509.53854,0.87071747,829.8376,492.7406,0.89251316
4899,726.19904,479.71445,0.8238289,733.55475,510.35052,0.8722311,830.19556,489.71646,0.696872
4900,725.8943,479.97412,0.849837,733.6201,510.8943,0.86959076,831.4756,487.85315,0.37626615
4901,726.1778,480.6722,0.8583797,733.41455,510.94916,0.865841,830.362,485.59973,0.4941531
4902,726.13043,480.53772,0.845047,733.5586,511.2138,0.84632707,828.90454,482.5944,0.6685116
4903,726.1535,480.83228,0.8636976,733.76654,511.32065,0.815452,826.75977,478.35236,0.7452782
4904,726.01416,481.3674,0.86942846,733.9102,511.56522,0.77250326,825.6127,473.1149,0.72142845
4905,725.90814,481.45547,0.8633039,733.68665,511.4329,0.7486027,823.5238,468.99356,0.67208517
4906,725.70215,481.58026,0.85760826,733.901,511.6021,0.7342236,821.17926,465.73618,0.69137526
4907,725.36395,481.44485,0.8754038,734.1751,511.84546,0.72360706,819.36523,461.7784,0.6226852
4908,725.3289,481.47012,0.8995583,734.05475,511.82245,0.8240278,817.55634,458.13947,0.6088378
4909,725.38043,481.8752,0.91434234,734.33344,512.3462,0.8321218,814.83813,453.89252,0.66579
4910,725.38513,482.18713,0.9115066,734.23254,512.67523,0.8048672,811.8571,450.15945,0.88627726
4911,725.38293,482.22113,0.91033906,734.7253,512.624,0.8144856,810.3994,446.82425,0.86033565
4912,725.57135,482.42194,0.92592067,734.9633,512.2358,0.84468997,809.0389,444.475,0.87881976
4913,725.38965,482.75803,0.92448837,735.76697,512.18524,0.82754034,810.9855,443.53226,0.86556405
4914,725.4966,483.03314,0.91266096,736.3053,512.4117,0.8041122,815.35645,446.04904,0.72701323
4915,725.54407,483.38266,0.87686634,736.80493,512.65967,0.7644623,820.45386,449.59354,0.37568268
4916,725.5202,483.6516,0.88000023,737.2301,512.90845,0.7451305,825.6223,453.8735,0.58041036
4917,725.1736,483.47513,0.86951756,737.70605,511.5112,0.74074686,827.83057,459.02686,0.6837618
4918,725.4252,483.63513,0.8655061,737.7308,511.26553,0.7523979,829.96436,463.24808,0.6179251
4919,725.37964,484.08203,0.86460537,737.6121,511.44128,0.7773003,831.547,466.41113,0.5992312
4920,725.2767,484.1506,0.8646408,737.7224,511.8148,0.73139787,832.5317,468.9935,0.39644286
4921,725.4531,484.6278,0.85556734,738.51746,513.0268,0.71187353,171.1006,372.84378,0.20851403
4922,726.1931,486.1027,0.8084175,738.58276,513.68005,0.73016244,171.12006,373.28745,0.27368036
4923,726.08673,486.95178,0.78490466,738.7503,514.4732,0.7491246,171.14597,373.56754,0.25073013
4924,725.7222,488.0296,0.7651529,738.40314,515.07587,0.77671546,834.8246,472.36087,0.15776394
4925,726.1717,489.4202,0.72896487,738.1401,516.49615,0.7768947,834.76904,473.52106,0.28015152
4926,725.3862,490.2864,0.76747125,738.2914,517.345,0.801688,834.299,474.72717,0.3168314
4927,724.4021,490.72516,0.80516714,737.7542,518.6639,0.74456084,834.70734,475.5992,0.29378238
4928,724.3157,491.08414,0.8021888,737.4072,519.77386,0.695087,834.973,477.15857,0.41177285
4929,725.1191,493.01328,0.78539973,737.39606,521.38257,0.69871825,834.75684,478.53934,0.29824957
4930,724.8752,494.04877,0.7354272,737.1703,522.45325,0.699798,834.48395,479.32462,0.3989028
4931,724.6309,494.71945,0.7717776,736.7529,523.45166,0.737452,833.4348,480.87152,0.41058055
4932,725.74854,496.15793,0.72154474,736.21405,525.27454,0.6984583,833.05676,481.46097,0.3978557
4933,724.39386,498.0566,0.7443432,735.81354,526.09106,0.7416365,832.90247,482.60675,0.41943654
4934,723.7061,498.66534,0.855174,735.7154,527.194,0.78763324,832.70074,483.84244,0.61099374
4935,723.6311,500.21823,0.88284487,736.24567,528.5378,0.7822682,832.5592,485.4804,0.48517603
4936,722.9532,501.44455,0.88943124,736.30194,529.8925,0.7717335,832.27234,486.69626,0.531919
4937,723.0138,503.79263,0.8388462,735.806,530.91595,0.73849326,832.1149,487.5199,0.5257188
4938,722.37537,504.96838,0.8328163,735.3332,532.8567,0.78674227,831.9197,489.05972,0.48769355
4939,722.6143,506.16287,0.82520515,734.5383,534.0215,0.78344655,831.4405,490.2318,0.57697296
4940,722.9081,507.42233,0.8252361,734.54236,534.88574,0.7326769,831.4139,491.33713,0.6187998
4941,722.7684,508.5122,0.8025691,734.51984,536.6126,0.6796369,831.6882,492.8726,0.45823026
4942,723.09784,510.42862,0.7394526,733.9344,538.3072,0.7080493,831.2673,494.50336,0.5361799
4943,722.32947,511.7553,0.70873475,733.7443,539.75146,0.7432841,831.29236,496.16452,0.4964548
4944,723.54376,514.6831,0.7186133,733.6459,541.1553,0.76655895,831.6927,497.66437,0.28903532
4945,723.0537,516.94434,0.6746736,733.4514,541.9243,0.7837816,831.15515,498.44888,0.3301687
4946,722.3753,516.6503,0.7785868,733.5183,543.07874,0.79406047,830.13434,499.95526,0.22970672
4947,721.3251,515.798,0.79875046,733.3024,543.51984,0.7729772,169.07402,403.96878,0.23562
4948,721.81305,517.9171,0.83754224,733.0312,545.31525,0.7807534,829.96045,500.86282,0.3984389
4949,722.3294,518.9986,0.8011641,732.5979,545.8079,0.7576635,829.747,501.33466,0.45820504
4950,722.3846,519.56964,0.775535,732.5355,545.9098,0.7643929,829.7103,501.57587,0.3322515
4951,722.32556,519.6209,0.75901693,732.4306,546.2793,0.772818,829.70856,501.8346,0.45502755
4952,721.71655,519.39307,0.7859942,732.0066,546.55176,0.7918964,829.6873,501.60223,0.24757458
4953,721.87366,519.83203,0.7523844,731.9947,546.50275,0.7726223,828.57635,501.08517,0.19843133
4954,722.09,519.81146,0.7540099,731.6161,546.6828,0.77607906,827.1325,499.65695,0.2761172
4955,722.51,520.17865,0.7204073,731.3408,546.92554,0.7618038,170.96053,406.05396,0.14974055
4956,722.65454,520.6089,0.7018335,731.3506,547.1396,0.7771902,825.88617,496.09998,0.105361566
4957,722.2637,520.87787,0.64958453,730.942,547.253,0.7790344,171.68338,406.38644,0.14345685
4958,721.5531,520.21893,0.7463718,731.11096,547.75995,0.8214619,171.46707,405.85535,0.18116428
4959,720.9007,520.6882,0.68993884,730.7447,548.04846,0.798659,171.52922,406.22327,0.28159305
4960,720.5469,518.77246,0.72606987,730.67676,548.45233,0.80932385,815.4319,484.9861,0.38195887
4961,719.3398,518.1604,0.72927994,730.0652,548.6089,0.8000534,811.4172,482.5075,0.54189944
4962,718.7665,518.19257,0.73363835,729.90295,548.7451,0.8067061,808.58594,479.54208,0.70175236
4963,718.65454,518.9529,0.73825765,730.1187,549.0463,0.83669084,805.84125,477.04752,0.72587395
4964,718.39935,518.78723,0.74314225,729.75824,549.282,0.8240786,803.07745,474.95355,0.74812186
4965,718.04535,518.81793,0.7693562,729.82153,549.3297,0.83728915,799.86,473.18796,0.74300414
4966,717.5818,519.05457,0.7886886,729.42737,549.43036,0.8208933,799.6492,472.6976,0.7647368
4967,717.47833,519.2904,0.7947942,729.134,549.30615,0.8131859,800.7714,473.2681,0.7810056
4968,716.9465,519.4734,0.7858566,728.7533,549.1793,0.82073873,799.77936,473.2781,0.7868003
4969,716.4513,519.14136,0.80106527,728.7544,549.0834,0.8473993,799.1526,473.18408,0.81225437
4970,715.60504,518.9466,0.80713725,728.3222,549.171,0.8330087,798.2448,473.50983,0.84748316
4971,715.6402,519.332,0.75844455,728.2677,549.2084,0.79076344,799.3995,474.98672,0.859767
4972,714.7456,519.19025,0.7942701,727.3631,548.15955,0.80411315,800.4414,476.06384,0.86184347
4973,713.99695,518.9335,0.79002756,726.1823,547.4722,0.81968373,801.24835,478.43185,0.7527192
4974,713.22076,518.5439,0.80858356,725.452,547.1229,0.81859535,801.39105,480.2302,0.6332773
4975,712.13916,519.3204,0.7900002,725.3015,547.20056,0.7900116,801.4043,482.24622,0.5547393
4976,710.6125,519.0716,0.81407374,724.8245,546.6275,0.77439356,802.36926,483.39545,0.5449923
4977,709.84485,518.69244,0.8483699,724.43945,546.40393,0.78447884,801.85425,486.42566,0.7631895
4978,709.2263,518.62103,0.82694167,723.94885,546.1081,0.7627966,801.17993,488.54645,0.73367244
4979,708.84845,518.2684,0.8264729,723.9016,546.2875,0.77381545,802.4521,490.92734,0.73149943
4980,708.2661,517.63257,0.8421265,723.42206,545.8095,0.73019844,802.46075,494.71115,0.6336756
4981,708.00543,517.789,0.8454964,723.62494,545.7018,0.75447005,801.53705,497.24634,0.67005706
4982,707.68604,516.9467,0.87194675,723.57556,544.68024,0.7766563,806.62036,500.24557,0.8286786
4983,708.0979,516.7772,0.90640026,722.7204,543.2182,0.830014,809.1743,503.26016,0.7125335
4984,708.0639,516.1175,0.90448594,723.10956,541.9104,0.87973434,809.5397,508.47992,0.8299865
4985,708.18634,515.39307,0.9331937,723.2234,541.367,0.90546435,810.66907,514.9243,0.9159502
4986,707.56757,514.90533,0.943814,723.50415,540.74585,0.931595,811.10376,520.4377,0.8751285
4987,708.08514,514.86194,0.90104216,723.69934,540.1491,0.93819916,810.0326,524.2059,0.95680654
4988,707.68335,514.0641,0.91519254,723.53107,540.1517,0.949017,809.68567,527.22107,0.9547461
4989,707.50824,514.5398,0.9346363,722.81177,540.34033,0.942566,809.4899,527.9781,0.9344489
4990,707.1285,514.06384,0.943813,722.60724,540.31824,0.9593321,809.37573,527.6809,0.90940654
4991,707.06384,514.575,0.943935,722.9463,540.25336,0.9499203,809.9826,526.1206,0.97146153
4992,707.1284,515.03375,0.9347777,722.85175,540.7766,0.91963357,810.11346,522.0346,0.7220957
4993,707.2674,514.2346,0.9264638,722.6153,540.1061,0.94754547,811.61096,518.0542,0.8459157
4994,707.45416,514.5721,0.9520418,722.6256,540.49506,0.95089036,813.9588,511.76407,0.8943719
4995,707.9619,513.7676,0.94734144,722.8855,540.46625,0.9363243,817.10974,509.56155,0.83282185
4996,708.93756,514.0597,0.9407107,723.33545,540.4999,0.91582817,819.45905,507.5045,0.6318855
4997,709.1214,512.97864,0.91454136,723.6502,540.25366,0.91128355,820.52313,505.74518,0.40732792
4998,710.39294,512.9123,0.90437126,724.00653,540.37787,0.8965172,821.8462,503.1063,0.067468055
4999,711.9363,512.497,0.82977337,724.44183,539.62885,0.83849496,823.3249,500.9892,0.052368883
5000,711.8189,512.042,0.824732,725.1727,539.6592,0.826166,724.6822,540.08673,0.05790166
5001,713.8313,512.41797,0.80174047,726.0025,539.1309,0.82993394,824.1254,498.67337,0.24497683
5002,713.874,512.42126,0.8140553,726.86304,539.22504,0.81123954,484.35315,320.82007,0.055509776
5003,713.98566,512.5265,0.8280483,727.2845,539.7597,0.79884076,135.24734,321.30383,0.04407885
5004,713.9727,512.3605,0.8081394,727.6995,539.1185,0.790484,825.40295,496.0349,0.05579115
5005,715.31213,513.00433,0.84262186,729.25476,538.52216,0.7729097,825.4233,495.89304,0.053330667
5006,714.6537,512.3532,0.7940729,728.2932,538.8419,0.7584631,826.3242,493.70294,0.06206981
5007,715.27423,512.75275,0.82490283,729.6307,538.5514,0.74452776,826.8953,493.25247,0.080032066
5008,715.5068,512.8794,0.80013055,728.4074,539.009,0.7469196,826.9715,492.62296,0.0725861
5009,715.7167,513.0495,0.79098874,728.59174,538.9718,0.72569066,826.9841,492.45245,0.075097315
5010,715.5399,512.92316,0.7385897,728.3917,538.8179,0.7029844,825.689,493.4392,0.06969147
5011,716.084,513.008,0.76796204,729.7282,538.1601,0.70998883,827.2785,491.68774,0.06948744
5012,715.9601,512.79095,0.75688237,729.6888,538.27563,0.69271976,825.65985,492.95084,0.07241163
5013,716.21326,512.76,0.77859634,729.55634,538.0844,0.70452225,826.2849,491.7706,0.10222549
5014,716.5466,513.31256,0.77440816,728.6515,538.88837,0.7001216,825.96967,491.3323,0.37250978
5015,716.2964,512.926,0.80305284,729.622,538.0129,0.74094105,826.4184,491.3265,0.15018214
5016,716.4021,512.8081,0.8049367,728.6504,538.9083,0.6915925,825.6752,492.4999,0.064623356
5017,716.5695,512.9463,0.7807811,729.7342,538.2785,0.69755673,826.44403,491.03354,0.098873384
5018,715.974,512.6106,0.7737045,729.7509,538.4414,0.68296397,826.1885,491.00897,0.2970355
5019,716.9476,512.98224,0.814266,729.9876,538.63165,0.704824,826.216,490.75742,0.17339559
5020,716.22125,512.458,0.8330547,729.89935,538.6399,0.7080083,826.3,490.6975,0.3216956
5021,716.16504,512.7058,0.82881117,730.18866,538.2855,0.7176164,825.81934,490.14688,0.27164435
5022,715.99646,512.9028,0.83116716,728.5772,539.5449,0.7189049,823.0829,486.87564,0.19085068
5023,716.0173,513.23315,0.83439714,728.4646,539.18066,0.7391612,820.1917,482.6167,0.29065993
5024,715.6209,512.925,0.7918815,727.9609,539.11584,0.72929484,818.0038,480.674,0.4225478
5025,715.64624,513.36743,0.7931215,727.7111,539.1903,0.7516692,814.9927,477.0993,0.6978976
5026,715.0887,513.7422,0.846909,727.60754,539.9084,0.7574921,811.3875,473.09796,0.72732997
5027,714.64166,513.8572,0.89101213,727.5584,540.1823,0.7773439,807.8583,470.3175,0.6964772
5028,714.7935,514.1746,0.8602715,727.1844,540.0761,0.77937776,803.76447,467.2407,0.7581585
5029,714.70953,514.346,0.8724955,727.6167,540.15326,0.7738877,801.8141,464.96524,0.83549654
5030,715.14624,514.52734,0.9067581,728.2043,540.3449,0.7762014,801.89746,462.47067,0.797806
5031,715.5966,514.6251,0.8805707,729.61206,539.3734,0.7732796,802.10175,460.79214,0.6406748
5032,715.2301,514.36505,0.8889407,730.6006,539.31335,0.7574286,800.67596,459.0754,0.75307876
5033,715.3186,514.0133,0.8678873,731.12964,539.0212,0.74629074,799.1119,457.62885,0.75738424
5034,715.5275,514.3371,0.8978219,731.45233,539.1369,0.7659061,796.5574,456.1562,0.7329872
5035,715.1651,513.8505,0.8834266,731.353,539.63086,0.7566345,792.7708,452.89487,0.7552229
5036,715.9302,514.378,0.8700207,731.9426,539.43286,0.7599592,789.2883,451.54245,0.83479744
5037,716.5036,514.3316,0.8837126,732.52966,539.82294,0.7898731,785.0383,450.43964,0.8791355
5038,716.54224,514.57544,0.8903377,733.10596,540.0534,0.8015299,782.5848,449.2935,0.9176124
5039,716.565,515.0724,0.8866696,733.4087,540.0907,0.7935609,779.7926,448.94537,0.9725346
5040,716.47833,515.0007,0.90947217,733.7053,540.19867,0.77819556,777.6585,447.00034,0.82645667
5041,717.1102,515.4624,0.8819534,733.82117,540.2929,0.79332787,774.11475,444.82346,0.8683204
5042,716.97327,515.29443,0.8926988,734.022,540.4251,0.79672986,770.4978,442.92093,0.8525177
5043,717.0723,515.2992,0.9148497,734.7407,540.4674,0.80204505,768.5089,441.87805,0.7621729
5044,717.06647,515.50653,0.89898354,734.64575,539.4897,0.7919337,768.128,441.0386,0.6955805
5045,717.6014,515.1829,0.87985355,736.20966,538.9375,0.7725176,769.2336,439.61035,0.77548337
5046,718.5606,514.9606,0.8722492,737.86395,537.5048,0.75913,770.32166,438.2902,0.81913763
5047,719.6568,515.0159,0.87751526,739.3284,536.8699,0.7828589,770.82983,437.76544,0.782799
5048,720.3984,514.4049,0.8622953,740.2719,536.4313,0.81517583,770.2502,437.53616,0.71004164
5049,721.42914,513.6767,0.85334665,741.15,536.8996,0.8366743,767.0077,437.01773,0.6971827
5050,722.4339,512.3074,0.8574243,742.5386,536.4568,0.7547816,765.3074,436.1926,0.8058912
5051,722.59875,512.41656,0.86076635,744.6291,535.1547,0.73267776,763.5244,435.00076,0.8882258
5052,723.43005,512.99005,0.91290206,746.0537,534.2823,0.7812075,762.38434,434.24606,0.8802799
5053,723.42365,512.3653,0.9091385,746.3291,533.55084,0.82644504,761.36865,433.5611,0.8682884
5054,723.6859,512.2107,0.9151526,746.7742,533.18365,0.83022755,758.9398,433.34952,0.7920978
5055,723.4763,511.652,0.8972513,747.10565,532.5095,0.82962924,756.2856,436.2833,0.80167615
5056,722.2396,511.6262,0.890091,747.11096,532.2095,0.8491337,752.051,433.36127,0.7305626
5057,722.94934,511.82828,0.8911517,746.587,532.6047,0.8627166,747.84534,433.2434,0.8355999
5058,722.95685,512.0874,0.91076577,746.8659,532.8345,0.8603483,745.331,434.61313,0.8057872
5059,723.4198,512.94977,0.9388704,747.1885,532.7774,0.8431753,742.1152,433.80746,0.77376246
5060,723.5563,512.74634,0.9397139,747.62616,532.5317,0.88034016,740.0438,431.36478,0.6571724
5061,723.85266,513.7455,0.9506425,748.49963,531.8419,0.8639621,739.9383,430.827,0.5925484
5062,723.5475,514.7268,0.95920414,747.9021,532.153,0.9054213,741.2132,429.00494,0.6621235
5063,724.03156,515.59515,0.96628386,749.4531,532.4044,0.893282,742.6854,427.21024,0.8077309
5064,724.45514,517.1062,0.92866397,750.7198,533.3558,0.8355121,744.5987,426.1528,0.78028125
5065,725.7759,518.5939,0.9283517,751.2318,533.9421,0.824801,747.4586,425.74774,0.8355184
5066,725.62476,519.965,0.8432762,751.85596,534.7412,0.7773275,750.5799,425.26913,0.728865
5067,727.05164,521.8892,0.8658198,753.97595,536.3845,0.7671423,752.4143,426.9516,0.71460027
5068,728.96466,523.6648,0.92886406,755.0538,537.5534,0.8227449,752.32764,429.71234,0.8092265
5069,729.1953,525.0296,0.9157158,755.94946,538.83044,0.8330723,752.4291,432.44067,0.7718045
5070,730.2471,527.142,0.94478226,756.9846,540.53864,0.8521195,754.53705,434.59998,0.80745375
5071,730.7821,528.5263,0.9532529,758.16595,542.2538,0.7806063,758.5189,436.0095,0.77620506
5072,731.3723,529.3434,0.938421,759.1762,543.1911,0.74402857,763.3449,437.30225,0.7669016
5073,732.7055,530.66614,0.9354426,761.15125,543.23285,0.804018,769.4109,439.5616,0.73488086
5074,734.4971,531.7867,0.92849165,762.67865,542.39166,0.80844563,775.9762,439.6636,0.799407
5075,736.4329,530.8844,0.88644904,764.747,541.35095,0.8028935,782.9118,441.2886,0.72778493
5076,737.3834,530.647,0.8868221,765.8639,540.1158,0.8014088,791.3237,441.00522,0.7810337
5077,737.7359,529.8495,0.8832621,766.9683,540.3943,0.7688741,797.61066,441.8378,0.7748715
5078,740.4511,529.0534,0.9020349,768.9042,539.5937,0.73485905,803.32916,443.273,0.58927155
5079,742.2735,528.5004,0.8914471,769.96326,538.4839,0.75273806,808.61664,445.71564,0.7228597
5080,743.2261,528.2839,0.86178046,770.9943,538.584,0.76166284,812.7325,448.84378,0.63841474
5081,743.60004,528.5581,0.8925168,770.5061,538.84283,0.7992471,815.8568,450.19455,0.58332944
5082,743.36816,528.2345,0.8541172,770.67303,538.915,0.75598687,818.95917,452.54648,0.19747005
5083,743.6708,528.2398,0.84738576,770.99976,538.80054,0.78277266,146.82866,354.93988,0.2325211
5084,743.1758,527.76135,0.84982556,770.55597,539.13934,0.7915455,146.4818,355.7319,0.30079675
5085,743.36127,527.8025,0.8343255,771.09784,539.03326,0.77939755,146.27391,355.94684,0.32071504
5086,743.95807,527.5232,0.848791,770.8615,538.6687,0.79185385,821.10254,452.8736,0.32570812
5087,744.34155,527.29987,0.8421884,770.95605,538.64465,0.78192884,820.2042,452.0945,0.6168703
5088,745.262,527.469,0.867135,771.3845,538.5682,0.7499237,818.7975,451.03906,0.664157
5089,744.872,527.1821,0.8383954,770.9598,538.2669,0.75134164,818.49725,449.2886,0.59636945
5090,745.1361,527.3738,0.8664375,771.17993,538.03876,0.7886338,819.2192,448.4001,0.5802411
5091,744.7756,527.03046,0.8246675,770.3393,537.7803,0.770834,818.9924,448.44415,0.46276197
5092,745.0297,527.0336,0.83516866,771.0869,538.09546,0.75657815,818.6849,448.05334,0.53183067
5093,745.7775,526.73773,0.8648253,770.9999,537.98755,0.7916855,819.3659,448.7396,0.61164343
5094,745.6744,527.062,0.8381461,770.83636,537.92896,0.76396126,819.3489,450.31412,0.52420783
5095,745.40295,527.0226,0.84932697,771.6001,537.5693,0.75758976,820.19055,451.52103,0.5147041
5096,745.0879,526.7532,0.8459194,770.94543,537.9598,0.77429944,820.6216,451.98587,0.526851
5097,745.23193,526.4424,0.8636401,770.98206,537.94745,0.7845308,820.7833,452.1432,0.47973806
5098,745.11505,526.66595,0.83899707,771.03925,537.9985,0.7573579,820.8321,452.3364,0.5109376
5099,745.6616,526.4338,0.851866,771.093,538.055,0.77027047,820.85376,452.2316,0.5675637
5100,745.24866,526.6552,0.83312005,771.08954,538.0825,0.7529182,821.02747,451.97928,0.4239927
5101,745.1048,526.6613,0.83835816,771.0164,538.54565,0.782209,821.24664,451.33,0.56889606
5102,745.4366,526.70917,0.8648012,771.51794,538.16095,0.80124253,821.1513,450.91116,0.6137538
5103,745.8094,526.1074,0.8297348,770.8395,538.3834,0.7692328,821.0851,451.1176,0.5883678
5104,744.97064,526.30865,0.8353474,770.58984,538.46185,0.76226366,821.0357,451.17743,0.61709684
5105,745.56305,526.40985,0.8433354,770.77026,538.7315,0.7739977,820.85895,450.62878,0.6250346
5106,745.211,526.2234,0.84729016,770.7199,538.24457,0.766654,820.6129,450.2798,0.6198526
5107,745.28735,526.405,0.8614914,770.59357,538.1839,0.7871564,820.55743,450.07925,0.5555949
5108,744.9058,526.5187,0.8607375,770.5842,538.4191,0.8107041,820.0664,449.90552,0.61592335
5109,745.28046,526.6417,0.8581926,770.44635,538.4039,0.7919989,820.07184,449.68423,0.58254063
5110,744.93445,526.28107,0.85298526,770.6089,538.7848,0.79249835,819.90125,449.63556,0.5752924
5111,745.934,526.1011,0.8758783,771.1369,538.43646,0.8134605,819.4832,449.60706,0.58686334
5112,744.755,526.0842,0.86254346,771.14044,538.1601,0.83609235,820.1204,448.98987,0.5112766
5113,744.68475,526.2752,0.83996916,771.1024,538.5265,0.82237154,819.8313,449.20065,0.61002576
5114,744.59143,526.83777,0.8385284,771.2663,539.24243,0.8011547,819.73663,449.9707,0.5928776
5115,745.4855,526.76086,0.8719643,771.15576,539.56476,0.8181943,819.42017,450.007,0.57507133
5116,744.7466,527.4096,0.85716397,770.4695,540.4582,0.78114444,819.3261,450.43958,0.5958709
5117,745.09485,528.0547,0.8959877,771.2831,540.2844,0.7933127,819.46906,450.74878,0.59253216
5118,745.44507,528.7586,0.9073464,771.2052,540.6903,0.8009358,819.5755,451.07007,0.5821532
5119,745.855,529.623,0.9076358,770.9403,541.42395,0.8131464,819.84357,451.58548,0.60077673
5120,745.9241,529.7569,0.92421144,770.9256,541.72095,0.8163546,819.9367,451.92252,0.6280974
5121,745.6387,530.29144,0.896313,770.22955,542.6065,0.7888476,819.6815,452.58044,0.64381313
5122,746.076,530.76434,0.9156017,770.1569,543.3332,0.80525196,819.9027,453.01678,0.64474905
5123,746.2207,530.99176,0.9009977,770.4034,544.28033,0.76570123,819.85657,453.7391,0.65160507
5124,746.4555,531.1867,0.86754185,770.1839,544.81433,0.7438597,819.61456,453.90118,0.5764573
5125,746.3393,531.6887,0.8603354,770.4613,544.9495,0.75183576,819.8001,454.22134,0.59170127
5126,746.35693,532.0049,0.8307043,769.87213,545.1449,0.773935,819.618,455.04306,0.61415803
5127,746.56104,532.98596,0.81927115,769.9547,545.7784,0.78375167,819.5961,455.50342,0.56459564
5128,746.0136,533.738,0.80108225,770.04285,546.07306,0.7774449,819.7763,456.06528,0.49910888
5129,746.53613,534.6189,0.74171156,769.97046,546.42926,0.76427454,819.93726,456.17856,0.5079638
5130,746.5252,534.63434,0.7701301,770.3339,546.70154,0.77320457,819.98285,456.33984,0.5665078
5131,746.92,534.529,0.7808021,770.5252,546.9154,0.77369916,819.81805,456.73898,0.6094383
5132,747.07513,535.1044,0.770782,770.633,547.49646,0.78660417,819.79944,456.99295,0.5801766
5133,747.0887,535.6067,0.77574545,770.6482,547.8804,0.79579943,819.3195,457.32886,0.57528895
5134,747.0438,535.8033,0.7389845,770.6753,547.8504,0.7421351,819.62115,457.97272,0.58839846
5135,746.43274,535.9633,0.71859825,770.51324,548.0955,0.7284004,819.63165,458.55533,0.5799821
5136,746.7057,536.18774,0.7372881,770.3489,548.6557,0.7233593,819.5617,458.72873,0.5711739
5137,746.42816,536.69794,0.7393676,770.5033,548.73987,0.7462961,820.18866,459.1234,0.5530473
5138,746.6271,536.55853,0.7449455,770.6707,548.4349,0.7459541,821.24023,460.05756,0.5839281
5139,746.6648,536.9695,0.75219065,771.0102,548.9416,0.7311026,822.96094,463.40976,0.61081374
5140,746.491,537.2561,0.77350855,770.2612,549.69324,0.7326601,825.1376,466.94214,0.67598605
5141,746.3043,537.6826,0.7773816,770.3349,550.16376,0.7366063,825.90656,470.32855,0.36618808
5142,746.2047,538.07446,0.80070233,770.41785,550.5818,0.7356763,827.2034,473.45428,0.37212688
5143,745.7632,538.6994,0.7970222,769.96344,551.09143,0.72136563,147.39764,367.46405,0.28444174
5144,745.0762,538.8614,0.8246442,769.93756,551.18646,0.7238082,148.08049,367.6319,0.3139376
5145,744.3471,539.5961,0.7658457,768.8215,552.0733,0.69004923,832.3769,483.70642,0.32863298
5146,743.3424,540.5807,0.80183274,768.44836,553.0023,0.6934846,833.7547,487.13663,0.44363457
5147,742.7412,541.4727,0.7757537,767.72614,553.3748,0.63971144,834.4614,490.1543,0.35047063
5148,742.2594,542.0325,0.81399745,766.7842,553.66565,0.6829704,835.2681,494.081,0.31268105
5149,741.8955,542.64923,0.8358335,766.6317,554.3784,0.7017836,834.57794,497.36005,0.34319144
5150,741.1764,543.0377,0.8449046,766.40295,554.8546,0.737316,834.5527,502.6345,0.55922425
5151,740.3402,543.0521,0.88449466,766.21295,554.70483,0.77355105,835.90216,507.72586,0.5728345
5152,739.78595,543.5764,0.8808301,765.8466,555.3868,0.79560953,835.9218,510.73828,0.667063
5153,739.46136,544.0305,0.8748817,765.4885,555.4756,0.7938167,835.45514,513.3696,0.6346734
5154,738.2765,544.0366,0.8177478,765.32367,555.7993,0.7940467,835.50696,515.59644,0.72376275
5155,737.66315,544.0129,0.79434997,765.0907,556.1115,0.81576216,836.05664,518.41406,0.8001682
5156,737.94995,544.48346,0.84814745,765.1097,556.26434,0.83118457,836.068,519.4559,0.6782054
5157,737.8785,544.1836,0.82879776,765.06616,556.7919,0.8198924,836.45874,521.6502,0.6043696
5158,736.8173,544.4406,0.7830696,764.83325,556.7654,0.8026105,835.7346,523.2382,0.7183995
5159,737.375,544.55457,0.79647166,764.7801,557.2238,0.78809315,835.424,523.9145,0.70525074
5160,736.67523,544.5824,0.8119604,764.19836,557.1742,0.81198907,835.2676,524.57385,0.7400438
5161,736.65094,545.14636,0.8290741,764.2743,557.6166,0.8275726,834.95233,523.9628,0.7493188
5162,736.7897,544.81464,0.8127293,763.64404,558.07446,0.8257938,836.26337,522.93054,0.7377368
5163,735.66656,544.6296,0.80471903,763.0525,557.7257,0.8103488,838.29407,518.4602,0.505864
5164,736.6435,544.3179,0.7989499,763.4326,558.25006,0.81978714,839.5931,510.8961,0.6009649
5165,737.3286,543.8924,0.7917883,763.8442,558.1738,0.80504173,841.4472,504.24695,0.22272104
5166,736.73254,543.8575,0.762487,763.3614,558.4234,0.7889336,841.57825,501.58374,0.25456437
5167,737.3611,544.2961,0.8056855,763.1722,558.75946,0.8262129,148.62628,367.2808,0.22709899
5168,737.3088,544.7667,0.8262912,762.72125,560.4177,0.8373962,148.50957,367.44373,0.2003709
5169,736.32227,544.9606,0.8171252,762.3173,560.35297,0.83548623,839.94867,508.85403,0.65172964
5170,735.3983,545.3324,0.8345794,761.391,560.8755,0.83420855,840.27277,512.961,0.6703269
5171,735.0872,545.5738,0.8677172,761.14813,561.1165,0.86516804,839.24817,514.9792,0.68973374
5172,735.2674,546.2204,0.8628858,761.0289,561.7613,0.8659814,838.5619,516.3489,0.61199117
5173,734.32324,546.5884,0.8771389,760.43195,561.6661,0.8437826,837.70526,517.40704,0.6831534
5174,733.9565,547.1794,0.88529426,760.6109,562.1476,0.84700257,836.9685,518.1625,0.70678645
5175,733.32544,547.0869,0.9062199,759.9453,562.4153,0.8320405,836.83746,517.74286,0.63750786
5176,732.61597,547.6526,0.9168039,758.46655,561.49664,0.8502609,836.15216,517.56177,0.68838674
5177,732.7988,547.95294,0.92338306,758.123,561.2701,0.84106785,835.0395,518.2102,0.5653092
5178,732.08417,547.6328,0.9686933,757.8743,560.5887,0.84936523,831.6779,518.0985,0.5799248
5179,731.8824,547.9782,0.9349677,757.3428,561.0062,0.8681238,830.73193,517.9618,0.62521744
5180,730.891,547.1686,0.9500577,757.3846,560.54456,0.8628814,829.6835,518.82605,0.6301435
5181,730.20294,546.88525,0.96079546,757.495,559.9979,0.86967295,828.7549,518.43286,0.6690186
5182,730.02515,546.9426,0.9612834,756.85114,559.949,0.8666405,828.4837,518.5682,0.72733104
5183,729.79694,546.3424,0.97174025,756.43884,559.8683,0.87679833,828.00165,520.007,0.6839073
5184,728.9621,545.624,0.9686176,756.14307,559.06635,0.9028847,827.1185,521.0597,0.7085373
5185,728.21655,545.4523,0.93793935,755.02136,558.37244,0.92043954,826.11383,523.3582,0.7873367
5186,727.13885,545.2366,0.93258643,754.75323,557.39496,0.8981331,825.013,525.62524,0.8053869
5187,725.2137,544.36005,0.92621714,754.021,556.93304,0.91191787,824.1601,526.8513,0.7949114
5188,724.0658,544.55194,0.9221384,752.79736,556.3518,0.88903135,823.8278,527.8898,0.7712751
5189,723.3903,543.7543,0.9627879,752.3049,555.44727,0.8977011,823.1166,529.351,0.7402801
5190,723.2463,542.932,0.97891504,751.5034,554.76965,0.88804644,822.59735,529.8065,0.7729998
5191,723.18396,542.1934,0.9568308,749.43146,554.56104,0.8777609,822.3325,528.0837,0.7855548
5192,722.6075,541.10205,0.92896336,748.8167,554.0789,0.8826965,822.31177,527.5939,0.81515515
5193,723.18427,539.4006,0.9417377,748.43353,553.5733,0.88879114,823.58545,525.38824,0.865136
5194,723.193,538.71497,0.8869141,748.09686,553.03156,0.88087165,825.9137,520.29224,0.6887934
5195,722.9557,538.0674,0.85950786,747.5976,552.0649,0.8862475,825.4472,514.78937,0.68869996
5196,723.5289,537.4132,0.83770245,747.482,551.05896,0.90227383,826.8844,504.72086,0.55628526
5197,723.8037,536.1891,0.8691519,748.0915,549.72217,0.91406935,827.0908,500.5141,0.63273585
5198,723.7357,534.62036,0.90027404,748.6461,549.0192,0.93710566,826.42755,496.9789,0.63894415
5199,724.61646,533.04285,0.91630036,748.9535,548.2321,0.9506847,827.9022,490.91562,0.66742617
5200,724.59705,531.0828,0.88829976,748.23364,547.2278,0.97854257,828.8091,490.00916,0.611593
5201,723.966,530.58356,0.8957106,748.4867,546.34766,0.96317947,830.73206,491.5741,0.37189397
5202,724.72046,528.1766,0.8828376,748.64154,546.0799,0.943621,831.6247,494.3801,0.5603452
5203,725.0557,526.4744,0.90009636,748.4596,545.0244,0.92647606,831.8334,494.81635,0.73347414
5204,725.8439,525.39374,0.93272036,749.02716,544.4753,0.91021746,831.3643,496.37485,0.60652745
5205,725.6779,524.79944,0.93795854,749.77905,542.609,0.87826306,832.0664,497.61,0.62115127
5206,725.60474,523.4556,0.94998986,748.5214,539.734,0.863155,833.6874,494.8947,0.56041795
5207,725.7014,522.51935,0.9563328,748.9413,538.8202,0.85987353,834.0847,491.41278,0.44867948
5208,726.0372,522.2358,0.9391169,749.2932,537.9689,0.8724129,834.965,488.14102,0.34700963
5209,727.40466,521.1243,0.8961251,749.87994,537.61865,0.862606,834.65814,483.577,0.3709152
5210,728.8313,520.0468,0.8599021,749.87695,537.24945,0.85001975,143.75696,342.53134,0.25303653
5211,729.174,519.1311,0.8554087,750.82166,537.10284,0.8142709,831.44257,473.17688,0.46621695
5212,729.9813,518.90924,0.87746876,751.60895,536.5201,0.84005195,829.06213,468.8755,0.316806
5213,730.5961,518.61273,0.89289194,752.80383,535.61993,0.8566524,827.1965,465.2184,0.31393853
5214,731.3318,518.6485,0.89182884,752.9806,535.311,0.86065316,311.03143,494.08945,0.22330584
5215,731.5428,518.1486,0.92924875,754.1344,534.72797,0.8956663,825.46875,456.68857,0.3337899
5216,731.7555,518.1058,0.94859344,754.8609,534.6447,0.9127924,823.5087,454.5436,0.56377286
5217,731.31635,518.5114,0.9252405,755.0696,534.5187,0.88913155,820.9032,452.4324,0.5829836
5218,730.7826,518.8714,0.92234033,754.8543,534.2012,0.9028667,818.6597,451.08746,0.68200934
5219,729.99695,520.00903,0.89858437,754.09863,533.98926,0.884108,816.4585,449.52472,0.6342551
5220,729.6537,520.70154,0.8933881,753.4691,534.37714,0.86262226,815.03674,448.8749,0.73656905
5221,729.2065,520.62585,0.89204085,752.86273,534.522,0.8443266,813.80133,448.75333,0.7762197
5222,728.7854,520.89105,0.9001339,752.3783,534.5831,0.85315216,811.7793,447.70877,0.7858759
5223,728.3795,521.6405,0.90008754,751.689,535.1196,0.83384687,809.8315,446.68637,0.8188484
5224,727.04736,522.12506,0.8621823,750.6243,535.4182,0.8421821,808.88763,446.18243,0.805989
5225,726.224,522.70557,0.9082865,750.23505,536.0787,0.8250193,807.8995,445.72577,0.7850027
5226,725.5618,523.25726,0.92645687,749.99854,536.3777,0.8170426,806.7479,445.21555,0.76242554
5227,724.0954,524.0072,0.8845965,749.0518,536.88324,0.8088374,805.8777,445.11755,0.5801799
5228,722.7521,525.1126,0.86569065,748.44183,537.43134,0.80936825,804.7712,445.47687,0.6398374
5229,722.07336,525.63043,0.84624314,748.0498,537.8594,0.8031219,803.42114,445.86676,0.6015626
5230,723.23114,525.6951,0.92887086,748.0823,539.06195,0.8467063,802.67065,446.56873,0.6128758
5231,721.59033,528.5189,0.8636922,747.3049,541.6755,0.8406938,801.6212,448.89084,0.5469513
5232,720.7916,530.1387,0.8174936,746.52716,544.2557,0.872059,800.1061,449.33304,0.65586936
5233,719.4369,532.02295,0.7750034,746.3659,546.2783,0.9103026,798.7357,451.05734,0.735068
5234,719.93756,533.5952,0.7178474,745.7759,546.98175,0.8916003,798.2827,452.5498,0.72229147
5235,720.85767,534.4956,0.79294044,745.69653,548.16986,0.9408615,797.69403,453.5814,0.71453893
5236,720.677,535.6762,0.8190959,745.41583,550.2033,0.923595,797.0458,454.1538,0.72207224
5237,719.36926,536.6332,0.7815046,744.9044,550.9656,0.8646136,796.6598,455.90503,0.6970719
5238,719.2252,537.8116,0.83643556,744.09686,552.01636,0.8205138,795.7626,457.24753,0.78629714
5239,719.1716,540.06195,0.84072584,744.08044,553.6814,0.8341711,795.2474,458.1477,0.79836816
5240,719.13995,541.03955,0.8796166,744.03894,554.69763,0.84838337,794.98206,460.52762,0.81277144
5241,718.72,542.97864,0.8721339,745.49896,556.28455,0.83809036,795.4853,462.22208,0.80447567
5242,719.0041,543.9102,0.84396386,746.5223,557.6854,0.86243415,795.8765,462.80902,0.7952504
5243,719.9493,545.7503,0.77985984,746.936,559.0159,0.8481859,796.99005,464.09396,0.73774827
5244,721.0743,546.7013,0.74498826,747.64233,561.3273,0.85747844,797.39014,465.3924,0.7258655
5245,722.1993,548.3892,0.69888884,748.37946,561.71356,0.84667736,798.1102,466.29874,0.75452363
5246,724.1096,550.42206,0.6050883,749.4961,562.16583,0.8255849,798.9411,466.0872,0.7575994
5247,724.88916,550.9518,0.5858548,750.3045,562.3369,0.7986534,799.0232,465.97318,0.7462937
5248,727.9976,550.6516,0.80825,752.9291,563.33386,0.873624,794.7886,465.63303,0.8263072
5249,729.665,551.14185,0.83975476,754.51276,564.8567,0.8626943,790.811,465.66455,0.73073816
5250,730.41125,552.3866,0.8263502,756.0404,565.7717,0.84682345,786.2624,465.60284,0.7760713
5251,731.4648,553.0907,0.8796308,756.4609,566.1349,0.84319144,783.32477,464.10873,0.803537
5252,731.67645,553.5395,0.8861477,756.85,566.61365,0.8362376,781.27136,464.06232,0.8322613
5253,732.23737,554.02704,0.8865344,757.3887,566.7515,0.8471162,779.3882,462.82562,0.8608716
5254,732.02527,554.5199,0.86257315,757.6939,567.0958,0.8346825,777.44055,462.9565,0.86136305
5255,732.23303,554.9562,0.8751689,757.53564,567.50006,0.83477896,776.0656,463.66327,0.7578611
5256,731.78925,555.21844,0.9362824,757.849,567.72614,0.8229935,771.78766,464.0723,0.8257762
5257,732.18,555.5968,0.91220427,757.67365,567.7062,0.8337304,767.55,463.46945,0.86998624
5258,732.0228,555.8848,0.903882,757.9515,567.94696,0.81879306,763.14197,462.71246,0.8954361
5259,731.52026,556.39905,0.85937,757.6709,567.82745,0.81070644,758.7318,463.25928,0.8511014
5260,731.4787,556.432,0.8733153,757.8552,567.7403,0.8243071,754.31195,463.41718,0.92294264
5261,731.34344,556.3367,0.8856215,758.0605,567.506,0.8256919,750.5535,464.0848,0.8778486
5262,732.06696,556.8184,0.9117321,758.58075,567.4805,0.8268227,747.69586,464.73602,0.88944495
5263,732.6237,556.59863,0.9342546,759.03534,567.1034,0.82919586,745.02576,465.4036,0.87549174
5264,732.3372,556.6013,0.92374694,761.17993,566.56036,0.79607725,741.5304,466.24136,0.87999266
5265,732.70123,556.9024,0.9295246,762.26624,565.4257,0.8421802,738.1371,465.94345,0.817686
5266,732.9248,555.87915,0.8416168,763.0638,564.3096,0.8630468,733.6033,466.87567,0.8979716
5267,733.85754,555.5774,0.7976985,763.36664,562.42114,0.82233024,730.2613,466.39246,0.9347431
5268,734.03564,555.1695,0.7969018,764.5721,561.12854,0.83600855,726.9671,465.74045,0.84059775
5269,734.0903,554.5984,0.72070444,766.08575,559.8264,0.74892145,725.51917,463.19052,0.8609899
5270,733.0162,556.596,0.71132517,767.3862,558.3382,0.7794246,723.18964,462.91467,0.9157431
5271,735.45996,554.09204,0.77774185,767.98584,555.43787,0.80625814,719.6404,465.01056,0.8776629
5272,735.88434,553.73267,0.701032,769.49286,554.14166,0.7632467,716.81866,467.09415,0.9098475
5273,736.3114,553.8382,0.747544,770.6568,552.9689,0.7574416,714.9132,468.48712,0.87806356
5274,736.9924,552.68036,0.8283871,771.3729,552.5463,0.7540433,714.21765,469.52255,0.86298764
5275,738.43286,553.071,0.89581925,772.2963,551.5088,0.8004743,713.528,469.78268,0.8544396
5276,740.25385,553.91296,0.84460115,773.04114,551.4768,0.7809828,713.25385,468.99994,0.81924725
5277,742.2648,553.3636,0.80981404,774.08484,550.2311,0.8604948,711.8839,467.199,0.8736218
5278,742.7116,552.264,0.8350591,774.7014,549.4095,0.8613322,708.6649,466.74805,0.79266024
5279,743.8914,552.88654,0.84688586,776.9662,548.5431,0.8375941,707.59204,468.0069,0.8164761
5280,745.7487,551.0388,0.8130249,777.54395,548.12146,0.85940844,706.7429,469.67007,0.83098906
5281,747.28394,550.7471,0.8268542,778.3702,547.79865,0.87604386,707.014,469.20145,0.8338927
5282,748.29285,551.1708,0.801622,779.23895,547.0208,0.86863977,708.07837,466.98993,0.822068
5283,749.1883,550.77264,0.8211248,779.9918,545.7035,0.88220406,709.09875,465.80026,0.82181025
5284,749.9151,549.9204,0.7820684,781.07996,545.2245,0.8833972,708.6665,466.1929,0.78116524
5285,752.5285,549.4331,0.6713621,781.65564,544.031,0.8755974,707.4705,468.21667,0.8124262
5286,753.0506,549.2539,0.76299316,783.2744,543.4267,0.86500865,707.39294,470.6135,0.85227275
5287,753.92334,548.0252,0.77223414,784.2787,542.88416,0.8845826,706.7757,472.54007,0.7415267
5288,754.629,547.27277,0.83071434,785.5963,542.4682,0.87100464,706.5317,473.4628,0.66577953
5289,756.5735,550.93524,0.86028373,786.52765,542.3156,0.89701957,707.23535,472.38763,0.79118365
5290,757.49036,549.4401,0.9641673,787.60895,541.2426,0.9190685,710.4832,466.7222,0.88491565
5291,757.95056,548.3191,1.0,788.13727,540.66486,0.8943783,713.71136,462.02014,0.9162102
5292,759.24066,548.7294,0.98819745,789.3222,538.8603,0.8824757,717.82166,456.6952,0.8147615
5293,760.04596,548.6929,0.9360372,789.90955,538.4254,0.8802052,724.5752,452.72852,0.87343746
5294,760.79724,550.11285,0.8503645,789.64087,537.7236,0.8991291,730.49695,449.6595,0.9594401
5295,761.8386,548.2111,0.8622164,790.47406,537.4123,0.9073655,735.5086,447.4703,0.8769022
5296,761.8601,548.67,0.81790227,791.32007,538.22974,0.8913304,738.5131,446.34015,0.907754
5297,763.09076,547.8699,0.8518533,792.0794,537.9297,0.88322574,738.67786,447.00928,0.89320636
5298,763.86993,548.48975,0.88684094,793.44794,537.71533,0.9194457,739.0893,448.0287,0.88602865
5299,765.35565,548.63104,0.83526593,795.18256,537.47064,0.9207249,738.6418,450.3606,0.8810208
5300,768.03046,548.7176,0.85487944,797.83575,536.9657,0.9248801,736.09784,453.88318,0.78322273
5301,770.0902,548.68414,0.8871154,800.0254,537.012,0.8738812,734.36224,457.8943,0.7376384
5302,771.45074,549.19666,0.9151126,802.66595,537.0522,0.9026831,732.3694,462.2741,0.84941787
5303,773.979,549.2733,0.94766396,804.1955,537.04816,0.9183556,731.70197,466.44815,0.8336877
5304,774.92035,548.771,0.9095523,806.16144,537.3154,0.9068008,730.5484,470.09277,0.78223157
5305,776.70215,548.6781,0.86972934,807.73724,537.3517,0.88803726,729.81323,474.63132,0.8996904
5306,778.996,549.50165,0.86933655,809.32776,537.38214,0.8969363,727.6585,479.9246,0.81823635
5307,779.8485,549.942,0.9029868,809.3981,537.06464,0.9010833,724.48065,484.86026,0.7406271
5308,779.94385,550.0873,0.89988774,809.1938,536.5973,0.8883124,723.4724,485.3769,0.767147
5309,779.58466,550.1763,0.8780455,807.84717,534.84796,0.9060495,721.0467,483.88135,0.7650912
5310,779.03204,550.4379,0.83258694,806.9529,534.1039,0.94710034,718.92694,481.03476,0.8042428
5311,776.68024,551.02905,0.8657139,804.9593,533.4109,0.9899781,717.9831,478.09146,0.85895824
5312,775.4757,550.84735,0.9054255,803.23724,533.3563,0.9409118,717.1107,475.0104,0.89355856
5313,774.3658,551.7675,0.9289467,800.7539,532.1267,0.91591847,716.6495,471.50494,0.80229723
5314,771.926,552.644,0.9234657,798.56995,531.4542,0.9065997,717.7127,468.1174,0.79269254
5315,769.24567,553.01044,0.89717364,795.48645,531.4366,0.88272005,718.0211,466.39383,0.8704264
5316,766.2577,553.95636,0.891774,791.13434,532.366,0.9498936,717.98334,464.92123,0.8717835
5317,764.8615,553.7864,0.922782,787.70337,531.8325,1.0,717.18176,464.59055,0.85678804
5318,761.8319,554.569,0.85555416,784.2478,532.53937,0.92673284,714.8635,463.9222,0.8668954
5319,760.5309,555.0386,0.8270014,781.3972,533.1439,1.0,710.06366,464.8872,0.8079649
5320,757.595,555.9461,0.90615827,778.7211,533.1815,1.0,706.3199,464.29486,0.8454773
5321,755.7578,555.6174,0.91112745,776.421,533.36224,0.99940723,699.622,465.05063,0.9206083
5322,754.2889,556.0284,0.873899,773.8783,532.631,0.98466456,696.9037,464.74835,0.8997151
5323,753.3394,555.877,0.87010294,772.6808,532.4907,0.98943913,695.8014,464.09442,0.89069235
5324,752.6036,555.8626,0.88262266,771.8171,532.4478,1.0,697.0881,463.00052,0.9414433
5325,751.94244,556.35126,0.8769808,771.68146,532.6897,1.0,698.934,461.80023,0.9639219
5326,752.8609,556.2728,0.8703783,772.2569,532.7966,0.9930299,702.13403,460.33228,0.92982334
5327,753.5767,556.61975,0.8862402,773.5092,532.7561,0.9897348,704.92816,459.62378,0.89229643
5328,755.1938,556.7311,0.9006429,776.3365,533.44434,0.9759845,706.28,458.86993,0.8582995
5329,757.81635,556.75525,0.8002437,780.2096,533.5028,0.9519946,704.69775,461.7149,0.9591712
5330,762.6492,558.76416,0.89937234,784.1469,535.22784,0.87020427,704.8646,468.6446,0.8302644
5331,765.4876,560.1666,0.87175125,788.4972,537.2653,0.9151811,706.6824,474.02628,0.75471723
5332,769.6362,560.7472,0.83267695,791.51495,538.6054,0.8684243,707.3608,479.61386,0.83702415
5333,772.3761,561.95984,0.892545,796.19904,540.5397,0.9166737,709.351,484.0033,0.8053374
5334,776.5676,562.8189,0.8789364,798.59106,540.74963,0.8786944,711.05396,485.18765,0.78494096
5335,778.36365,563.1283,0.90533966,801.45575,541.31934,0.9054585,713.2148,484.6911,0.76005495
5336,780.61456,563.50525,0.92618465,803.2885,541.41266,0.89544815,716.6919,483.23627,0.8376466
5337,784.4891,563.4992,0.8595975,805.5361,542.2453,0.8588036,723.5718,481.21753,0.80909264
5338,786.4056,564.33777,0.8815908,808.23346,543.3802,0.89236015,730.0244,479.1343,0.86319304
5339,788.30493,564.6441,0.9082828,812.05554,545.06116,0.9749747,736.95715,477.26425,0.912916
5340,790.58496,565.3497,0.8524627,813.9519,546.383,0.9380414,743.56616,475.1998,0.83388674
5341,793.61523,565.6396,0.88341767,816.259,545.95154,0.9194325,749.85925,474.00436,0.8410241
5342,795.14087,566.6108,0.8866972,818.42175,546.8377,0.97626,758.8526,472.6995,0.8155134
5343,795.79517,566.9784,0.8877701,818.771,547.3844,0.9963924,765.1209,472.4941,0.7438059
5344,795.5572,568.2065,0.8775141,819.36536,548.1356,1.0,772.5591,470.4487,0.7918578
5345,795.7032,568.3498,0.8830001,819.6718,548.4629,1.0,780.5461,470.1522,0.74100053
5346,795.3654,567.929,0.8929579,820.0278,549.06573,1.0,789.0741,469.17624,0.760301
5347,795.83856,568.9064,0.87865776,820.96967,548.8211,1.0,794.2261,475.41818,0.7659722
5348,796.85236,570.249,0.9268184,821.4443,549.48175,0.9939413,800.76776,472.00464,0.6307578
5349,797.0983,569.7396,0.9189039,822.4356,549.92487,0.9527357,809.8538,472.4555,0.68266505
5350,796.9329,569.6128,0.88316363,823.27313,550.44916,0.913479,813.9188,472.90973,0.77595013
5351,797.2884,569.1355,0.883388,825.0553,551.98584,0.843062,819.03876,473.04178,0.64185286
5352,797.43976,568.85077,0.8917536,825.8667,553.14594,0.8581839,822.33655,473.91824,0.8241667
5353,797.72906,569.43274,0.88930935,826.27563,554.4215,0.9281899,824.4391,474.9835,0.9211913
5354,798.73834,568.8057,0.87413675,827.40015,555.66205,0.95908886,826.42395,477.07385,0.8953315
5355,799.51984,569.38995,0.919375,827.8833,556.23944,0.9867887,829.08636,477.70404,0.86299753
5356,799.5762,569.2483,0.88954806,828.5866,556.5135,0.9830543,831.152,478.3317,0.81479824
5357,799.6201,569.9827,0.90305525,829.253,557.0739,0.9844754,831.7142,478.61685,0.8000044
5358,800.1638,570.0927,0.91795796,829.4596,557.3439,0.98590195,831.3436,477.9058,0.8744124
5359,800.5178,570.09155,0.9278452,830.16943,557.29645,0.9753127,830.5614,476.49057,0.8792244
5360,800.57355,569.586,0.9178601,830.76086,557.20435,0.96404856,830.326,475.57977,0.8800078
5361,800.73285,569.1891,0.89971095,831.25793,556.99615,0.94847566,830.42865,475.02692,0.8701527
5362,801.14264,568.3539,0.9090053,831.46686,556.72363,0.9247747,830.51,473.66174,0.82551914
5363,801.66034,566.77814,0.95172966,831.1515,555.7138,0.939497,829.2588,469.1971,0.7328403
5364,801.766,565.2888,0.95524836,830.90576,554.37634,0.9312563,826.37256,465.15643,0.88024473
5365,799.7644,562.08234,0.89440346,831.3229,551.82184,0.8879417,823.88824,460.1717,0.8835358
5366,798.56824,561.4661,0.88857406,830.3101,550.603,0.84853816,821.7964,456.93576,0.80549085
5367,798.27966,560.1612,0.87337106,828.65106,549.8892,0.83416253,817.7042,455.2717,0.783908
5368,797.5417,558.98883,0.8972489,827.4781,548.8617,0.8634149,814.40265,453.0021,0.7716843
5369,796.1819,557.8947,0.89585173,826.2758,548.58167,0.8284326,810.92615,449.61264,0.91208386
5370,795.22156,554.604,0.8858579,825.0242,547.3262,0.81605756,808.5181,447.28302,0.8659464
5371,794.24786,552.23737,0.88288265,823.9412,545.71716,0.8327957,804.9889,444.86115,0.8428573
5372,792.0352,551.4147,0.86033887,823.37,544.0639,0.7995048,801.7204,442.35568,0.75362825
5373,791.2243,550.5521,0.9346915,821.6073,541.23804,0.8980412,797.3934,440.73105,0.78688914
5374,789.8902,548.4485,0.98234826,820.785,538.45685,0.8940342,796.59485,438.65115,0.80411476
5375,788.78754,547.15375,0.9931642,818.9698,535.94073,0.8460012,796.9831,436.71875,0.8152659
5376,787.72473,546.013,0.9260273,817.77014,534.496,0.8660809,798.37506,436.49725,0.7883131
5377,786.63983,544.90607,0.9066894,816.52625,532.8595,0.86644834,799.2951,435.09814,0.81101966
5378,785.0077,542.3227,0.90163517,815.4975,531.6211,0.85819346,798.47363,433.08084,0.86662126
5379,784.0227,540.46674,0.92085916,814.18134,530.3068,0.91475075,796.1675,432.2627,0.8617233
5380,783.5282,538.2409,0.9256616,812.03314,529.30945,0.9253204,792.9462,429.48883,0.90101635
5381,780.72906,536.9585,0.9082901,809.8279,527.85516,0.89072603,790.0636,427.70404,0.8416408
5382,778.806,534.7112,0.92617977,809.0022,526.7636,0.8639183,786.53143,426.03693,0.7140236
5383,777.61194,534.16614,0.9457138,807.17566,525.9031,0.8572796,782.34845,425.54755,0.81143105
5384,775.53564,534.6563,0.91987276,805.9703,525.55707,0.87427646,778.845,424.87177,0.82774746
5385,774.7479,534.49176,0.95537394,804.89606,524.53864,0.9200186,774.957,423.8613,0.79739785
5386,773.68634,534.6558,0.9685202,803.86444,524.10895,0.89419836,770.92834,424.47174,0.7452548
5387,772.7889,534.9134,0.96732366,802.8897,523.9249,0.8915325,766.88495,424.71613,0.72209734
5388,772.2489,535.1297,0.97871846,802.39685,523.8856,0.9074195,764.35834,424.61224,0.8200728
5389,771.19745,534.9129,0.96858984,801.4672,523.6936,0.88995165,762.48157,423.4516,0.7707784
5390,770.1956,535.04877,0.9544924,800.35834,524.1353,0.86771005,760.471,424.287,0.76110584
5391,769.2462,535.5655,0.9371318,798.4675,524.0689,0.867125,759.08624,424.815,0.75144243
5392,768.2417,535.6227,0.9188458,797.34766,524.6096,0.9172686,758.0697,425.8245,0.764079
5393,767.5571,536.56396,0.89552593,796.32007,526.3214,0.92936707,756.8436,427.43536,0.7811084
5394,767.42993,537.2297,0.8908474,795.7258,527.2713,0.9246151,755.2825,428.61618,0.8167257
5395,766.2048,538.1611,0.9020705,795.7918,529.0886,0.92710567,754.5486,430.04736,0.8811073
5396,766.2972,540.1725,0.9438721,795.3612,529.7698,0.96323264,753.869,431.01263,0.87691516
5397,766.2914,541.1388,0.93572,794.949,530.90857,0.9409514,753.14655,431.9217,0.8370458
5398,765.9874,541.4511,0.9345178,795.2432,531.025,0.96219975,751.99225,433.3152,0.8162334
5399,764.5673,544.17676,0.9118596,794.5201,532.1041,0.9624005,752.3024,434.29803,0.8045104
5400,764.86096,544.4016,0.9390747,794.5878,532.62,0.9630286,752.4293,435.09036,0.81234604
5401,764.8051,544.6355,0.9485524,794.7251,533.08185,0.97754294,752.28656,435.82642,0.8343013
5402,764.8414,545.6576,0.9610986,794.6067,533.7111,0.9572256,752.3359,436.49628,0.8184056
5403,764.7227,546.71643,0.9628407,794.6246,535.40765,0.9075765,752.3401,437.85974,0.7790187
5404,764.99445,548.2657,0.9631197,794.61096,536.6878,0.88302284,752.2325,439.18073,0.7908174
5405,765.7731,549.9983,0.93407124,795.3202,537.7204,0.9178873,752.1688,440.70834,0.7883971
5406,767.2191,551.4065,0.88452184,796.28186,538.9868,0.90592706,753.4584,442.2121,0.77475435
5407,768.2081,552.74225,0.9159855,796.9502,541.1777,0.9288191,754.83514,444.23544,0.81646657
5408,768.5925,554.214,0.9670324,797.7583,543.2109,0.9425685,754.9509,445.89343,0.8664434
5409,768.5172,555.5056,0.9808809,797.95276,544.17145,0.91427684,754.76294,447.25882,0.85805213
5410,768.3763,556.799,0.97802013,798.4666,545.74457,0.9422322,755.06445,448.94177,0.88852644
5411,768.516,557.7767,0.9415409,798.5241,546.7446,0.9307787,755.80817,450.4552,0.9353162
5412,768.44666,559.4958,0.884913,798.92944,547.5436,0.90539294,756.06287,451.5516,0.9710165
5413,769.24023,560.7546,0.8846972,798.72314,548.2371,0.88065416,756.97485,452.29343,0.94182396
5414,769.3507,561.88086,0.8967472,799.0176,548.80145,0.8701437,758.64905,452.51727,0.9173673
5415,769.5444,562.33484,0.8934817,799.2402,549.6074,0.83235973,760.54553,452.83008,0.8454062
5416,769.46875,563.00726,0.91605276,798.8318,549.9725,0.8569133,762.1407,454.0671,0.82787097
5417,769.629,564.34973,0.93435043,798.8115,550.6318,0.83687824,763.12286,456.6173,0.77305937
5418,769.5043,565.18365,0.9323959,798.7683,551.1383,0.836017,761.8701,456.97906,0.80723774
5419,769.84015,565.8359,0.9464991,798.9689,551.588,0.8357062,759.19336,461.39374,0.7895833
5420,769.9476,566.25745,0.9261189,798.81964,552.48175,0.8256542,755.2547,463.09512,0.79845643
5421,769.97516,566.9036,0.9194287,799.02124,553.1928,0.8373464,750.62463,464.1119,0.8808691
5422,770.07184,567.35596,0.9201381,798.88617,554.1204,0.8398929,747.3827,465.51312,0.96277064
5423,770.52625,567.81274,0.92623484,799.3866,554.74084,0.8421384,745.7075,463.8336,0.9506439
5424,770.73505,568.202,0.9127125,799.3752,555.28284,0.8303114,743.7027,465.52942,0.899971
5425,770.88696,568.2278,0.90810424,799.9571,555.62897,0.8220596,742.95056,465.84692,0.912611
5426,771.027,568.1565,0.8885816,800.1611,555.65497,0.8185106,742.9899,466.04578,0.9054614
5427,771.0675,568.25525,0.8903461,799.9927,556.18976,0.8182905,743.1348,466.39648,0.8993919
5428,771.24677,569.035,0.8827929,800.3592,556.1279,0.8204338,743.2024,466.6935,0.9100578
5429,771.15875,569.62305,0.93862146,800.13165,556.3364,0.8499935,743.48376,466.93503,0.9273376
5430,771.3113,569.69196,0.94002515,799.6001,556.43616,0.8446781,744.0078,467.02377,0.890206
5431,771.13495,570.2149,0.95531625,800.03577,556.9936,0.85131687,743.6727,466.97067,0.9000195
5432,771.2152,570.21405,0.9254427,800.0613,557.5765,0.8340475,743.7362,467.46347,0.89123297
5433,771.07184,570.00464,0.93786436,800.09485,557.40173,0.85072166,744.0252,467.3414,0.8653781
5434,771.0286,570.4573,0.9532306,799.86914,557.6613,0.8582613,744.12006,467.71362,0.83176947
5435,770.9206,570.46765,0.95493215,800.241,557.98663,0.8664525,744.10876,467.62198,0.8062132
5436,770.9502,570.2647,0.923497,800.6925,558.3424,0.8453767,742.8809,467.9508,0.8114984
5437,771.1432,570.7784,0.9579393,801.0069,559.2421,0.87500066,739.6809,471.42245,0.8132952
5438,771.7442,571.15594,0.9498079,801.28156,560.0485,0.9125088,736.07025,476.6083,0.8445806
5439,772.33374,571.9838,0.9349759,802.18677,561.7166,0.9307946,733.7283,480.40793,0.7139393
5440,772.4164,573.28656,0.9229092,802.55347,562.1612,0.89773643,732.5686,483.82208,0.7229116
5441,772.733,573.6927,0.89661586,802.90753,562.5099,0.88377684,732.92535,484.2669,0.7836268
5442,772.96387,574.04175,0.8954546,803.1605,562.6718,0.9055801,734.74066,482.2439,0.8137461
5443,773.0227,574.72485,0.87917084,803.1062,562.911,0.90846777,738.075,479.5637,0.8249944
5444,772.97156,576.3518,0.83572125,803.0877,563.81464,0.8932997,739.9297,479.00455,0.8874471
5445,772.7996,576.4542,0.88059837,802.888,563.9057,0.8998205,742.2794,477.84106,0.78918713
5446,772.8974,576.4963,0.8726414,803.1329,564.5473,0.8973608,746.0129,476.61496,0.8013669
5447,772.7491,576.97876,0.81546706,803.22546,564.86346,0.86859524,747.39996,476.4462,0.88827693
5448,772.5931,577.05145,0.8045911,803.1371,565.1085,0.84303296,748.3798,476.3614,0.89302576
5449,772.73517,576.71246,0.84294766,803.005,564.7963,0.8753259,748.8567,475.74854,0.900115
5450,772.3564,576.90875,0.8460471,802.962,564.6727,0.8478521,749.8595,475.30252,0.85734195
5451,772.3964,575.18335,0.86592263,802.8331,564.3421,0.8655639,752.55695,474.50192,0.7990339
5452,773.008,575.2562,0.8873721,803.31506,565.19965,0.8774408,752.2749,477.06415,0.9217419
5453,773.42566,576.80835,0.85809857,804.157,566.147,0.86631864,749.47955,479.19476,0.83543354
5454,774.09827,577.2251,0.85766786,805.4968,567.4987,0.8364757,747.5837,482.52344,0.8581699
5455,775.2755,577.66144,0.9208342,806.94934,569.60065,0.84489936,748.4904,485.36404,0.77149224
5456,777.04346,577.98914,0.9483267,807.8463,571.526,0.857434,752.3895,486.08618,0.759296
5457,777.6479,578.19995,0.9300906,809.06995,574.56006,0.85174483,755.89526,486.81067,0.8082256
5458,778.7774,578.4892,0.91750926,809.6508,576.2929,0.8394933,758.92706,484.47025,0.7835478
5459,779.8617,578.24347,0.91149133,810.40356,576.2888,0.8903217,765.7564,482.9723,0.85672075
5460,780.94525,577.75287,0.9268846,811.4348,576.5092,0.91691667,772.3513,479.80472,0.8521479
5461,780.9339,577.21765,0.9762761,811.95447,576.25287,1.0,781.57465,478.10352,0.8889457
5462,781.42346,577.23694,0.95904076,812.56525,576.20087,1.0,789.64404,477.6128,0.8465724
5463,781.42694,576.83014,0.9204666,812.627,576.03076,0.9489734,795.4889,477.4962,0.9378275
5464,781.7097,576.3046,0.90650326,812.585,576.1044,0.95034903,801.14557,477.24744,0.93067217
5465,782.1356,575.88,0.90267986,813.2266,576.10846,0.9743464,806.0117,477.05908,0.8822267
5466,781.31287,576.42,0.9219373,813.3325,576.5772,0.944283,809.67505,478.69617,0.9371633
5467,781.8259,575.744,0.9212733,812.99335,576.62335,0.945081,812.0473,481.09885,0.97201085
5468,781.3274,576.65137,0.93949395,812.53735,577.57605,0.8966684,817.31476,482.33627,0.91897964
5469,781.1106,576.6983,0.9599262,812.4143,578.1298,0.9088214,823.3513,484.99606,0.82215273
5470,781.0162,577.08636,0.96155673,812.3367,578.4263,0.8900495,826.31396,487.99744,0.7458841
5471,781.0805,577.7553,0.9312461,811.77606,579.5041,0.92170036,828.8632,490.4894,0.8528988
5472,781.6421,577.10516,0.9258458,811.9153,578.89606,0.9249123,832.975,492.44333,0.82301414
5473,780.97437,577.14734,0.9320335,812.1906,578.89764,0.91356033,835.74005,494.51788,0.74615216
5474,780.5593,577.2213,0.9305659,812.1101,578.74695,0.91974986,838.2045,496.38843,0.72357655
5475,780.8515,576.66846,0.92357844,812.16943,578.113,0.918196,841.00775,498.6329,0.75841707
5476,780.65454,576.46875,0.9180246,811.6815,578.11255,0.922005,843.08026,500.33987,0.42167965
5477,780.51556,575.7035,0.8924778,810.9543,577.92706,0.9196642,843.8494,501.0799,0.35551947
5478,779.753,575.3025,0.87350446,811.03186,575.7985,0.92961913,843.7495,501.79138,0.6203751
5479,779.16,573.9545,0.85658395,810.4256,575.1588,0.93330437,844.2488,503.297,0.5899392
5480,777.9841,572.7463,0.8048359,809.12024,575.6282,0.8618707,844.87866,505.41708,0.63960814
5481,775.7756,571.573,0.84145755,808.2661,574.58746,0.84549516,845.7509,506.92435,0.7642309
5482,775.2738,570.2904,0.8809297,806.3995,573.166,0.89382887,847.10785,507.93118,0.7756695
5483,774.2191,569.5942,0.90294504,805.63965,572.15717,0.9197946,848.8524,510.68323,0.7657701
5484,772.8309,567.2221,0.9349504,804.86487,570.3439,0.9591109,850.70233,514.2443,0.7604756
5485,771.8876,565.4772,0.9433592,803.8121,569.55585,0.9299138,852.51526,517.8469,0.7767937
5486,770.9756,564.13995,0.93920195,802.69183,568.61914,0.8931155,91.68206,912.9502,0.5933487
5487,770.9922,562.178,0.9883092,800.5635,566.9606,0.90902066,856.9919,519.53577,0.66373086
5488,770.0693,560.7069,0.944878,799.10046,565.06696,0.92658234,856.0861,514.901,0.717317
5489,768.7047,559.90845,0.86924326,798.17206,565.386,0.9495641,857.58923,507.72787,0.72859585
5490,767.21045,558.11395,0.8187781,797.3199,564.1146,0.92618304,856.00543,500.17484,0.6179834
5491,765.8502,557.4023,0.8475375,795.3023,563.9253,0.93545586,853.3549,495.50674,0.63407457
5492,764.5908,556.3449,0.85702217,794.37384,563.90533,0.9408539,849.9719,490.57538,0.67934334
5493,763.65753,555.7669,0.82552516,792.9248,563.78796,0.91151637,845.93634,485.7315,0.7218729
5494,762.99664,555.4011,0.8283693,791.94403,562.1954,0.8905465,840.86127,479.918,0.78974396
5495,762.6475,554.6434,0.85253793,791.1287,559.8397,0.87229913,833.36017,474.31158,0.726051
5496,762.47314,553.47455,0.88782156,789.9289,558.8339,0.9228838,826.56165,469.7006,0.79312944
5497,759.5389,552.6415,0.86118364,789.1077,557.14685,0.9813617,818.87836,465.11697,0.87768555
5498,758.3416,552.91187,0.8406959,788.0837,555.9541,0.9426941,811.77405,462.48523,0.88314295
5499,757.64154,552.16724,0.76886636,786.2576,554.59247,0.8970688,806.4504,460.34793,0.8833828
5500,754.39716,550.9508,0.5834312,782.09564,552.48987,0.7481533,796.9609,457.76852,0.9219498
5501,753.12885,548.9963,0.5885483,780.6725,549.88,0.86597115,786.4948,455.57263,0.82192934
5502,748.3716,548.8759,0.6157313,777.6456,548.649,0.9100659,776.3339,453.01123,0.86725557
5503,747.80273,549.8713,0.64100546,775.0238,546.9677,0.9795014,765.3917,451.81058,0.8990711
5504,745.33453,549.4998,0.60048,773.7507,545.0928,0.96193916,755.8197,450.0868,0.89869094
5505,742.8861,548.73785,0.7525348,772.47626,543.3444,0.9116196,745.7735,450.89215,0.9248332
5506,740.95056,547.54016,0.8809913,770.7908,542.43646,0.9190832,735.96173,452.6228,0.86451685
5507,739.00653,546.7932,0.97767395,769.68335,540.8552,0.913004,729.9671,453.3917,0.861513
5508,738.4649,545.9761,0.96925163,769.24835,540.4136,0.91184944,724.7731,454.34546,0.8121411
5509,737.6205,545.3034,0.9359462,768.46735,539.8308,0.8843314,720.7887,457.32764,0.71395844
5510,737.1151,545.4327,0.9076076,767.5719,538.0601,0.8821684,717.4388,457.90872,0.803702
5511,736.99365,545.3655,0.9012892,767.0899,537.5272,0.8946933,715.95416,456.4213,0.7193985
5512,737.3863,545.36694,0.8962864,766.9711,536.6762,0.87683463,716.4401,452.80328,0.77008927
5513,736.9448,545.126,0.8881651,766.7769,536.50977,0.8581918,719.04456,449.3314,0.9067157
5514,736.864,545.0793,0.89389664,766.94696,535.81476,0.84824055,722.88885,446.71265,0.94515896
5515,736.2392,545.0318,0.88318044,766.9826,535.36957,0.8483429,725.1047,444.89502,0.92082334
5516,735.96405,545.09247,0.8660392,766.443,535.66815,0.835119,726.1169,444.31464,0.9287232
5517,736.54315,544.7764,0.88163406,766.5358,535.5416,0.863163,726.6386,443.77304,0.91512024
5518,735.9942,545.2454,0.89639485,766.58264,535.4821,0.87881863,726.5466,443.19455,0.9107063
5519,735.2097,545.6069,0.8999424,766.37665,535.60913,0.8759387,726.66345,443.1682,0.92261314
5520,736.08325,546.1383,0.89855677,766.46045,536.08276,0.885752,726.56836,443.45685,0.92985904
5521,735.57025,545.9842,0.9106168,766.412,535.67163,0.91290176,726.3103,443.5786,0.9291581
5522,736.39716,546.3633,0.91599333,766.45465,536.0395,0.9124909,726.5368,443.46747,0.93105006
5523,735.4635,545.45874,0.91290885,766.5932,535.99097,0.9157856,726.8445,443.40607,0.9424117
5524,736.09326,546.4766,0.8926762,766.5373,536.2434,0.8750366,726.0173,443.90256,0.92385453
5525,736.13477,546.4419,0.87635213,766.454,536.74207,0.9042894,726.2232,443.90863,0.9182087
5526,736.32465,545.77814,0.92910296,767.0897,536.8342,0.88237643,727.71625,443.67938,0.9344497
5527,736.181,546.7787,0.9305268,766.88446,536.7666,0.8992449,729.7456,443.4299,0.95781946
5528,736.7979,546.2664,0.9541089,767.00745,537.2003,0.90149444,733.1976,443.26733,0.9518465
5529,736.41693,546.4742,0.93223053,766.94293,537.64594,0.9073216,740.6252,443.31396,0.85081506
5530,736.3869,546.433,0.92741793,766.7472,538.1583,0.9216285,745.1134,445.7513,0.9574844
5531,736.51227,546.3784,0.9228554,766.6891,539.0899,0.93363905,747.9221,446.33337,0.93454534
5532,736.3748,546.1588,0.922777,766.8471,539.0066,0.8836596,753.5375,445.4438,0.91275066
5533,737.6415,546.3209,0.9644927,768.71375,539.33154,0.89311975,758.687,444.6382,0.82892436
5534,739.32367,547.0514,1.0,770.0444,539.47485,0.91700244,762.9536,445.2703,0.85470736
5535,740.4572,546.704,0.98410255,770.6777,539.3332,0.9139384,766.16266,443.96606,0.8644892
5536,741.2389,546.24365,0.9883232,771.82996,539.4469,0.9241734,767.47876,444.28604,0.87687385
5537,742.10803,546.435,0.9940292,773.12244,539.1536,0.92012876,771.1539,444.86328,0.78804743
5538,742.6027,546.0525,0.9696912,773.1114,539.50714,0.9145932,773.60443,444.90714,0.8275169
5539,742.4642,546.39496,0.9867525,773.2458,539.9243,0.91533095,774.7856,446.3793,0.8341706
5540,742.8718,546.2394,0.9729741,773.1254,539.8165,0.9138975,776.7971,448.40216,0.89849454
5541,743.24475,546.74194,0.9600992,773.2791,540.23376,0.9128141,778.2659,449.45053,0.970421
5542,743.13,547.1582,0.9612575,773.47363,541.1192,0.90010464,777.54083,450.85876,0.9594772
5543,742.8217,549.0284,0.94537354,773.34406,543.1406,0.87668055,773.8921,451.72192,0.91982734
5544,742.37256,550.37384,0.9464747,773.6791,544.3822,0.90887296,772.0708,454.15277,0.9068556
5545,742.5196,551.9121,0.8992643,773.264,545.38715,0.9496323,770.18713,456.3894,0.79616606
5546,742.4266,554.2564,0.8591271,773.4663,547.72485,0.93597144,764.56165,458.2021,0.97650456
5547,743.63226,554.5365,0.8509477,773.135,549.99243,0.90412503,758.6005,460.38358,0.9467774
5548,743.5024,557.1791,0.8203659,773.5811,551.3164,0.8675911,751.282,461.73267,1.0
5549,743.2455,558.4,0.8535417,773.52637,551.24207,0.8670968,743.9599,462.40076,1.0
5550,742.4295,560.5039,0.8643313,773.5862,551.6376,0.8620006,738.55884,463.1274,0.985535
5551,742.53064,560.8159,0.8591248,773.84534,550.7225,0.90142953,735.5955,462.8706,0.9966918
5552,742.5703,561.3085,0.8505934,773.70123,550.60364,0.90142035,735.7706,461.60394,0.9997153
5553,742.64685,561.7486,0.82371134,773.5781,550.39056,0.8724142,737.93866,459.621,0.92522955
5554,743.2667,561.8784,0.8181914,774.0495,550.6274,0.8604981,739.8528,458.64066,0.86555266
5555,745.0689,561.9326,0.8581907,774.3587,550.8603,0.86823606,740.84576,458.146,0.86875534
5556,746.0278,562.0205,0.8640341,775.2335,551.7503,0.81339127,741.8833,458.00235,0.8954605
5557,746.45807,562.301,0.8516888,775.75256,551.82947,0.7929226,743.1391,457.66684,0.9126533
5558,746.9821,562.6893,0.9254618,777.11273,552.3948,0.84045154,743.9482,457.47,0.9407476
5559,747.35986,563.2912,0.9212306,777.62146,553.23047,0.8583617,744.3958,457.80585,0.9314499
5560,748.0821,563.83575,0.9204538,778.1039,553.5363,0.89038056,745.797,458.60675,0.94426066
5561,748.32654,564.28613,0.9427994,778.8737,554.2365,0.91704535,746.35834,459.85834,0.9683363
5562,748.9714,564.5187,0.91259974,779.7324,555.17535,0.9041102,746.5737,460.25204,0.9928199
5563,749.2591,565.1307,0.8844984,780.1904,555.70105,0.899554,747.4004,460.486,0.97333145
5564,749.6246,565.4558,0.9040794,780.58734,556.5564,0.93682414,753.5304,460.54562,0.97055006
5565,749.5337,567.0489,0.8686628,779.88873,558.76385,0.929082,763.05505,463.72635,0.95758706
5566,750.0906,569.4599,0.88623375,780.41046,560.9978,0.94204503,769.3893,464.9657,0.9176738
5567,750.49835,570.0957,0.8574565,780.9007,561.6271,0.9507804,776.0679,466.01837,0.9410367
5568,751.9457,569.5615,0.8849061,781.30835,562.5014,0.94992536,778.2748,466.43695,0.9412763
5569,752.19885,570.10565,0.9166768,781.9665,562.95715,0.9366818,778.05237,466.85678,0.908877
5570,751.5857,573.0457,0.9022744,782.5135,563.28394,0.9337104,776.92535,466.95953,0.89280915
5571,751.7195,574.401,0.8616764,783.3365,563.38824,0.8792711,775.44037,467.6017,0.89520574
5572,753.67737,573.3125,0.9441734,784.19684,562.8009,0.91755825,774.7534,467.68222,0.8891413
5573,754.4448,573.7623,0.94963294,785.0629,563.50336,0.92021626,774.61115,467.7446,0.8992571
5574,755.66595,573.55804,0.95080334,785.77344,563.8404,0.9057467,775.2625,468.1025,0.87377053
5575,756.28955,574.3644,0.93499,786.4671,564.1051,0.90650576,774.88214,468.39053,0.90012133
5576,756.9233,574.54694,0.91562635,787.0933,564.6599,0.9167169,777.9318,468.9526,0.8420768
5577,757.2397,574.65015,0.8760695,787.6327,565.8546,0.8702617,781.98834,470.8579,0.7338334
5578,756.78204,576.59235,0.92836446,787.72974,566.80206,0.8817508,784.66437,473.37814,0.73338264
5579,756.9603,577.7968,0.9512088,787.6742,567.4635,0.877284,786.0564,474.38382,0.7660981
5580,756.87976,579.38873,0.96324474,787.7732,568.0587,0.8437975,786.20245,475.09497,0.8173572
5581,757.3268,579.7075,0.98419356,788.08344,568.573,0.8737256,785.7703,476.24872,0.8361465
5582,757.8782,580.7123,0.9505858,788.23987,569.6983,0.85786474,783.2888,476.65103,0.8648817
5583,757.7989,581.54767,0.940789,787.7777,571.52,0.8385517,781.0399,477.57248,0.8580348
5584,757.4962,583.5436,0.9381024,787.7585,573.3655,0.8815053,779.34717,478.14645,0.78534734
5585,756.98676,586.0517,0.9051954,787.7557,575.3765,0.86087906,779.0705,480.96262,0.8877386
5586,757.00525,587.9243,0.9323012,786.6258,576.5177,0.89948344,778.9956,481.7474,0.92122674
5587,756.84,588.8347,0.91770595,786.1181,577.2417,0.9120806,778.9028,483.60934,0.8511717
5588,756.57794,590.4948,0.87245053,786.101,577.0563,0.92177933,778.259,484.64813,0.79903316
5589,756.69855,591.02295,0.84028745,786.2895,578.28674,0.8874981,777.50586,485.2591,0.7846987
5590,756.5627,593.53766,0.9133505,786.2033,578.96387,0.905653,776.53864,485.46457,0.7960042
5591,756.51447,594.9217,0.9061458,786.3388,580.0091,0.8809238,774.8749,486.19318,0.7563236
5592,756.43304,596.07306,0.88042706,786.1754,580.6374,0.8552986,764.3824,531.8166,0.6950543
5593,756.95435,596.4588,0.885209,786.1014,581.3359,0.84840256,772.32556,487.48495,0.6696088
5594,756.8953,597.58954,0.90019494,786.2949,582.3243,0.8355381,769.3633,488.31223,0.70206887
5595,757.5441,598.34766,0.85350525,786.913,583.0462,0.8162808,762.0307,491.96756,0.91886485
5596,758.1254,599.76263,0.80071014,788.03357,584.85706,0.8483672,755.2238,497.2224,0.9029445
5597,759.27783,600.3581,0.7970847,788.7798,586.41406,0.9022439,751.0445,501.04657,0.9018085
5598,759.53937,601.60016,0.8219262,788.96136,587.3316,0.94545394,747.676,503.49216,0.8673924
5599,760.9075,600.8157,0.8306985,789.1496,587.38367,0.95175505,743.6762,505.97202,0.91927445
5600,760.87006,601.5579,0.8354312,789.0413,587.37714,0.94865614,739.6833,506.20102,0.7914038
5601,761.1241,600.5461,0.828373,789.12286,587.0214,0.92457765,736.514,506.9965,0.8877548
5602,761.123,600.49054,0.8420753,789.10345,586.2278,0.94260794,734.01794,507.80545,0.91496754
5603,760.9816,600.0353,0.8441219,788.9883,585.36957,0.9353809,732.739,507.75708,0.9808389
5604,761.0795,600.2797,0.85809326,788.9758,585.20984,0.9364398,732.20734,508.93243,0.9856231
5605,761.0292,598.82776,0.879584,789.59924,585.0952,0.9241783,734.14557,508.68927,0.94471425
5606,760.8651,598.65173,0.88036144,788.90295,585.10474,0.92545575,737.28564,508.06384,0.924263
5607,760.8203,598.2333,0.88270587,788.5611,584.13043,0.91967213,738.32794,507.43057,0.90921474
5608,760.881,597.4792,0.89756376,788.5563,583.02924,0.9531891,738.7747,506.56436,0.9126447
5609,761.0227,596.9677,0.95275944,788.6551,582.1252,1.0,737.7107,506.97968,0.9235549
5610,761.07214,596.323,0.9623644,788.85565,581.26306,1.0,736.4721,506.697,0.88614136
5611,761.1674,595.63934,0.94673663,789.2329,580.43024,1.0,733.85614,506.61853,0.91367644
5612,761.2309,594.5858,0.940113,789.48096,579.6108,1.0,731.2211,507.50745,0.95354086
5613,761.30365,593.9421,0.8972682,790.03314,578.8111,0.99969083,728.3817,509.11325,0.9862531
5614,761.6265,593.35974,0.88298243,790.2545,577.8172,0.98982584,726.4203,510.99792,0.90471804
5615,761.542,592.81067,0.86514527,789.73865,577.04285,0.9729347,724.9593,511.43478,0.8779931
5616,761.7644,590.14496,0.84652054,789.458,575.42,0.98393863,724.1651,512.48834,0.85448015
5617,761.96936,589.2283,0.8776633,789.2228,574.84216,1.0,722.6209,514.50836,0.8349761
5618,762.1534,587.26886,0.8868146,789.1537,573.26587,0.99699956,720.8044,516.76904,0.7995979
5619,762.1981,585.7945,0.9076932,789.15045,572.4795,0.98397404,717.2005,518.83704,0.81028295
5620,762.4884,585.25757,0.9086293,789.0465,572.11206,0.97567767,715.3251,520.87665,0.8155803
5621,762.1739,583.5297,0.91931295,789.05426,571.60297,0.9652541,712.38446,522.1537,0.8989355
5622,761.9913,582.6991,0.95851034,789.0284,570.42804,0.94599754,710.3079,523.9657,0.8059614
5623,761.5688,582.1307,0.9866502,787.74396,567.89,0.966653,707.4325,527.0953,0.8503938
5624,761.21173,581.53876,0.97800976,787.3091,566.1692,1.0,704.84314,531.45825,0.86120695
5625,761.2621,580.967,1.0,786.85345,564.52374,1.0,702.36444,534.8819,0.6923954
5626,761.14526,580.20557,1.0,787.13416,563.56824,1.0,700.3691,537.93396,0.83051133
5627,761.2001,579.8654,1.0,787.06506,562.5365,1.0,698.317,542.55756,0.89510345
5628,762.2269,579.46014,1.0,786.53265,560.5627,1.0,696.7857,546.19604,0.80606145
5629,761.7545,578.8523,1.0,786.80316,558.78613,1.0,695.6822,548.59753,0.6195749
5630,761.46967,578.2888,1.0,786.09625,557.0661,1.0,695.4958,553.2368,0.6740228
5631,762.0228,578.0993,0.9911136,785.54974,556.07025,1.0,694.8672,556.9603,0.7557615
5632,762.02014,577.668,0.9528397,784.66504,554.4158,0.97945935,693.7629,559.7671,0.706132
5633,761.9854,577.1025,0.92556787,783.24457,553.39624,0.94391865,692.9232,562.4099,0.7435313
5634,761.62274,575.0838,0.8898085,782.8315,549.9859,1.0,692.9139,565.02167,0.5884927
5635,761.37286,573.90594,0.9035467,781.1639,547.31573,1.0,693.01483,569.26013,0.5869111
5636,762.0906,573.31604,0.944422,779.60657,546.5351,1.0,693.29315,572.3197,0.7590197
5637,763.21106,572.37256,0.99218994,777.8327,545.1447,1.0,693.2755,575.5647,0.76923615
5638,762.78613,571.37006,0.9847746,775.6917,543.6587,0.97899646,693.65936,579.1568,0.7883969
5639,762.28937,570.1455,0.9586948,774.5114,541.7979,0.9795274,695.0415,581.6494,0.5455915
5640,762.1886,568.8178,0.9322477,773.65393,540.0502,1.0,695.85297,584.0844,0.5406344
5641,761.78864,567.95123,0.9219005,772.89746,539.6503,1.0,696.7843,585.4519,0.6573269
5642,762.3933,566.47986,0.93963474,771.05176,537.0077,1.0,696.74274,586.09357,0.75143945
5643,761.5144,565.0727,0.98394257,770.3582,535.1393,1.0,698.24365,586.498,0.7629128
5644,761.07324,564.01764,0.9821592,770.213,533.6029,1.0,698.4282,586.21234,0.79405636
5645,760.7296,563.105,0.9711564,769.0707,531.7665,1.0,699.84314,586.75793,0.81691307
5646,761.27246,561.7002,0.95897657,767.79193,530.11237,0.9991569,701.2832,587.4428,0.81533116
5647,760.4619,560.8233,0.95358354,767.28455,529.2635,0.97742975,702.7891,587.38086,0.74744684
5648,760.3435,559.28674,0.9303407,766.43396,528.11536,0.94510907,703.5362,587.1308,0.7332434
5649,759.67773,559.5794,0.9432632,765.9647,526.9508,0.9141231,700.4715,586.0409,0.7073014
5650,759.5217,559.90173,0.9445089,766.46246,527.8269,0.8940304,695.19214,582.31323,0.63617074
5651,759.5097,559.5865,0.96135896,766.3193,527.9492,0.9098075,691.7952,580.7344,0.56840235
5652,759.6815,558.4414,0.9567362,766.4068,526.0848,0.9018226,683.3361,575.7588,0.6236353
5653,758.9603,557.1629,0.95992357,766.63025,524.41907,0.92425936,678.7724,571.05334,0.2950369
5654,758.9588,556.1108,0.9468354,767.1492,523.75995,0.9147621,679.4042,568.87195,0.39130345
5655,758.77783,554.88666,0.95621306,767.79425,522.27057,0.8895071,681.4984,568.9703,0.30826315
5656,759.41284,552.13104,0.9180381,768.0065,520.26447,0.94481605,683.96344,568.3807,0.45431426
5657,759.16974,549.34125,0.97243047,768.4381,518.23645,0.9931995,687.8977,569.72614,0.52075803
5658,760.0099,548.2036,0.9873994,768.4704,515.9766,0.9952342,691.2213,570.76697,0.57596123
5659,761.03827,547.293,1.0,769.38824,515.58673,1.0,693.13293,570.9098,0.61825943
5660,760.94855,546.3731,0.9906933,769.33887,514.68555,1.0,693.8713,569.81915,0.61397994
5661,761.80383,545.02295,0.9884071,769.6509,513.48737,1.0,694.73846,567.6761,0.4609176
5662,762.3343,544.1162,0.9720613,770.437,513.0014,1.0,693.7947,564.0894,0.7165815
5663,762.9434,543.08325,0.9816724,771.2449,513.00244,1.0,691.9259,561.39185,0.6943228
5664,762.4216,543.41675,0.96597797,771.48737,512.68585,1.0,688.62494,554.59247,0.6604525
5665,760.54504,543.2854,0.9855071,771.7432,513.0722,1.0,681.5055,542.4826,0.5759475
5666,755.36255,542.84625,0.9926007,771.46783,515.723,1.0,677.95233,526.1855,0.6449997
5667,753.64496,541.33777,0.9734196,772.07025,515.63086,1.0,678.46155,512.51105,0.68018556
5668,753.58246,539.64746,1.0,773.53827,513.96106,1.0,680.06696,501.02914,0.73812544
5669,753.95703,537.44196,0.97212845,775.378,514.02966,1.0,684.42615,489.8232,0.87992954
5670,754.843,535.8274,0.9512822,777.2043,513.8366,1.0,690.36725,481.02563,0.85591674
5671,755.9385,534.5649,0.9669314,779.443,513.679,1.0,696.2693,472.34073,0.8826402
5672,756.90344,532.2265,0.99403167,781.33307,514.06024,1.0,701.03503,466.27634,0.90616727
5673,758.35876,531.7928,1.0,782.88806,514.16547,1.0,707.9909,460.9483,0.86474186
5674,759.15485,531.3671,0.99378616,784.20465,512.8173,1.0,715.60095,455.5971,0.8571905
5675,761.198,530.3245,0.9732513,785.4944,512.07776,1.0,719.3679,450.82422,0.8775087
5676,761.5667,528.2534,0.893327,787.2389,510.4941,1.0,723.4903,446.9518,0.8161441
5677,762.7429,525.4187,0.8803394,788.36316,509.10907,1.0,727.4792,444.0691,0.85955405
5678,763.9312,524.6228,0.9258379,789.47253,507.58948,1.0,731.88794,441.01343,0.86645997
5679,765.32733,523.196,0.9560144,791.6179,506.9722,1.0,734.4277,438.07843,0.844103
5680,766.92255,521.7956,0.98435235,793.1065,506.22336,1.0,738.4946,436.78717,0.8341383
5681,768.78894,520.8981,1.0,794.7067,505.88687,1.0,741.13153,435.32837,0.8815402
5682,769.87524,519.4307,1.0,797.7203,505.4644,0.9881747,743.5177,434.64993,0.8834286
5683,771.5252,518.14777,1.0,800.69806,505.18292,0.9358204,746.7093,434.07654,0.91571736
5684,773.35596,517.23346,1.0,802.49255,505.63345,0.97483975,749.92883,434.2577,0.8851551
5685,775.5967,518.8696,0.98019844,804.13995,508.54648,0.9842012,754.58405,435.14124,0.81038237
5686,777.18805,521.64655,0.9289285,805.3112,510.5558,1.0,756.65295,438.3936,0.8621385
5687,778.74255,526.14624,0.9312759,806.7251,514.3446,1.0,760.2166,441.5853,0.8961376
5688,778.5264,528.7648,0.95319784,806.6001,516.70624,1.0,761.11084,443.92667,0.86171913
5689,779.0348,530.85925,1.0,807.4617,518.38586,0.98062515,760.0405,446.6813,0.81994903
5690,778.72565,532.7336,1.0,808.07446,521.2029,0.9111311,759.22614,447.85556,0.8228338
5691,779.05994,534.6702,0.96982974,808.46313,522.31824,0.9393547,759.7191,449.69345,0.81972826
5692,779.4079,536.4871,0.9527228,808.587,523.7821,0.9605282,760.9199,447.7777,0.8767725
5693,780.2578,539.4934,0.97539604,808.0272,526.27637,0.9558068,762.53687,450.1835,0.88691056
5694,778.039,541.9449,0.9058768,806.81494,529.8315,0.9957666,763.6472,452.0512,0.8798401
5695,776.4854,544.37946,0.89455867,804.51105,531.7308,1.0,765.48376,453.8186,0.8031851
5696,774.29956,546.0114,1.0,803.0371,533.1938,1.0,766.4611,454.6335,0.70002735
5697,772.6567,547.19305,1.0,801.14905,534.1671,0.95541996,768.4749,456.1595,0.65515214
5698,770.2996,548.9368,0.98477405,798.7054,535.62646,0.8973987,769.68274,457.54453,0.70873326
5699,767.732,550.7245,0.96805114,795.53455,538.3894,1.0,771.88446,457.09412,0.6852734
5700,764.3484,552.23083,0.94593954,793.2616,541.28015,0.96468145,774.66833,458.20462,0.7423468
5701,762.8507,553.5043,0.91028345,790.8746,542.4014,0.9700087,777.15717,460.32617,0.91698176
5702,761.251,553.53424,0.88300186,789.5063,543.2302,0.9735761,779.89795,461.20047,0.8988473
5703,760.6035,552.89905,0.87974924,788.89496,543.1894,0.9849741,783.71375,462.15024,0.8745611
5704,759.1855,552.3123,0.86758286,788.4583,543.23883,0.97992927,787.52576,462.45273,0.7492627
5705,758.9052,551.2458,0.9027939,788.6509,543.41864,0.9565981,790.78613,464.40613,0.7703117
5706,758.51697,550.07776,0.9516101,788.3063,543.3552,0.9815915,794.02795,465.02072,0.8681722
5707,758.76874,549.54944,0.94318634,788.1751,542.67676,0.9804242,795.85645,465.20593,0.7853557
5708,758.5174,548.85315,0.9412608,788.185,542.518,0.9563702,798.63293,465.44373,0.7997565
5709,757.96814,548.0843,0.96972734,787.9044,542.51373,0.9529081,801.0932,466.03546,0.78892386
5710,758.22327,547.6942,0.9822853,788.29803,541.8173,0.9621561,804.61304,466.3948,0.7709276
5711,757.9437,547.58887,0.9584866,788.30206,541.86523,0.9429098,806.4553,467.58533,0.73727936
5712,758.0311,547.2084,0.9579197,787.9035,542.4531,0.9436172,806.1291,467.77533,0.72043836
5713,757.8627,547.1917,0.9605735,787.99915,542.7833,0.94819146,805.76935,467.1051,0.69565403
5714,757.7856,547.296,0.9664188,787.8834,542.44275,0.94648063,805.39557,466.23267,0.7440524
5715,757.9042,547.5451,0.97301763,787.6841,542.7959,0.9462229,804.6211,465.8141,0.7498321
5716,757.82623,547.3819,0.9795225,787.935,541.7031,0.96189505,804.04456,464.9582,0.74494493
5717,757.6473,546.227,0.93890923,788.02594,540.22943,0.93006307,806.32153,463.34546,0.65363014
5718,758.0445,545.96564,0.92317,788.3665,537.5589,0.92169005,809.895,464.55432,0.75310045
5719,758.2613,545.4709,0.9074897,788.2079,536.4652,0.9189969,813.36523,466.7672,0.732775
5720,758.49005,544.9998,0.90719527,788.07275,535.29584,0.95334244,818.28595,469.31906,0.5413462
5721,758.8142,544.2677,0.8987509,788.2757,535.0912,0.9523526,820.68207,471.32953,0.6306497
5722,758.99176,544.3168,0.8845257,788.5438,535.1474,0.92353064,823.3087,474.43442,0.7525111
5723,758.87915,543.7332,0.85792476,788.4987,534.767,0.93557775,824.83014,477.30106,0.9055479
5724,758.62604,544.17834,0.8824035,788.3549,534.4428,0.95619303,826.3872,479.65802,0.78170854
5725,758.4507,542.91895,0.8792383,788.35333,535.0231,0.9343111,827.56134,482.47952,0.8473644
5726,758.3064,542.60986,0.9095488,788.4027,534.8682,0.94361645,829.34607,484.84598,0.7846719
5727,758.618,541.9077,0.8960305,788.45483,535.13434,0.9197313,830.18823,486.888,0.7454105
5728,758.3984,541.46234,0.90844136,788.5341,535.08093,0.9138103,832.5738,489.1907,0.6727207
5729,758.331,540.5575,0.8852536,788.46814,534.8902,0.89824855,833.82336,491.52533,0.7692964
5730,757.9139,540.2109,0.8899321,788.48206,535.02216,0.88843316,834.4848,494.96777,0.6649178
5731,757.3908,539.276,0.8519616,788.18115,534.91754,0.87206435,836.51654,497.5368,0.5873492
5732,757.13165,537.33655,0.82558197,787.9884,534.1565,0.8844053,837.24854,499.58682,0.7135838
5733,756.77905,535.9289,0.84536177,787.92804,533.6562,0.91845083,837.36725,501.07483,0.7824241
5734,756.98083,534.14215,0.85792834,787.85754,532.9158,0.92925155,838.24097,500.6335,0.7579309
5735,757.01996,532.5725,0.90027726,787.15027,530.7653,0.96429354,839.0966,501.3136,0.7370006
5736,757.757,530.29193,0.9163648,787.6627,529.0318,0.9309867,840.60486,501.50708,0.7458303
5737,757.9789,528.7276,0.8779536,787.90375,528.7504,0.9253301,841.10846,501.7293,0.7955738
5738,757.83307,526.4227,0.8628704,787.7621,528.21906,0.9177337,841.9007,501.995,0.76985765
5739,757.96735,524.4037,0.87006676,787.8683,527.2332,0.8929401,842.53595,501.68896,0.7535814
5740,757.88995,522.2189,0.8458297,788.3558,525.30536,0.8997026,843.3803,501.90213,0.7777941
5741,757.9342,520.27783,0.80309886,788.6831,522.78015,0.8648941,843.9339,501.49374,0.7768871
5742,758.6593,518.4159,0.8695156,789.0441,521.5588,0.85976607,844.3378,500.99338,0.77246606
5743,759.0423,516.79736,0.92316604,788.7456,520.1676,0.894964,844.7914,501.15503,0.7814518
5744,759.24084,515.1596,0.9441929,788.695,518.55566,0.95313936,844.7723,500.81778,0.79982376
5745,758.60876,513.63245,0.91239244,788.4138,516.2769,0.9441604,844.8954,500.52515,0.784682
5746,758.89233,512.41547,0.8913285,787.28326,515.00116,0.9369835,845.04517,500.66983,0.70235896
5747,758.81085,509.78998,0.9043744,786.8708,513.66254,0.96633774,844.6337,499.93448,0.75118655
5748,758.5368,508.3397,0.9331737,787.07947,512.3895,0.9753807,844.2674,499.7496,0.7565195
5749,757.6258,506.1469,0.92285687,786.2057,511.67792,0.9452089,844.2101,499.71042,0.7425245
5750,757.2006,503.86108,0.917541,786.4169,510.51413,0.9336351,844.1164,499.21744,0.7431353
5751,756.79834,502.1819,0.94316256,786.16034,509.30722,0.9387582,843.67664,498.78406,0.7978394
5752,756.3229,500.6452,0.93013674,785.6299,508.29544,0.93052524,844.00757,498.2026,0.76676804
5753,756.4536,498.9984,0.93467176,785.1987,507.47192,0.90792584,843.93945,497.64023,0.75472635
5754,755.8692,497.11224,0.9255845,783.9972,505.9622,0.8707197,843.6408,497.4539,0.73267317
5755,755.32526,495.1251,0.9236172,783.0609,504.43124,0.86132294,843.3397,497.44455,0.7431538
5756,754.9725,493.3371,0.9460133,781.9428,503.85425,0.91481,843.0604,497.4134,0.752373
5757,754.4778,491.90848,0.9190678,781.6858,502.84784,0.9229919,843.1333,497.36047,0.7751485
5758,754.7627,491.0349,0.92453915,781.43506,502.393,0.93272626,843.0531,497.4329,0.78321725
5759,754.3215,490.28912,0.8976496,780.9055,502.44266,0.95962983,843.8612,497.79767,0.8283994
5760,754.88983,489.66235,0.89241016,781.18744,502.40085,0.9609818,844.4841,498.59534,0.7375332
5761,754.72235,487.86508,0.8899477,780.2547,502.22266,0.9849793,844.1405,499.1087,0.7717869
5762,754.1198,487.35574,0.9059326,779.50574,502.07156,1.0,844.0112,499.97238,0.7216984
5763,753.64514,487.35962,0.902129,779.06195,502.12723,0.98912543,844.3523,501.22156,0.7458633
5764,753.15857,487.48993,0.8726596,777.7378,502.80368,0.94107753,843.7362,501.75516,0.7308503
5765,751.402,487.65677,0.8304821,776.4178,503.50217,0.91709024,843.29395,502.24783,0.7106384
5766,750.37555,488.09265,0.8423055,775.5238,504.5633,0.9028111,843.2644,501.9751,0.714888
5767,749.2659,489.27386,0.8335604,775.07526,504.98517,0.91448075,843.10516,500.451,0.7877946
5768,748.97327,489.50638,0.85599005,774.3886,505.38864,0.93099934,842.8669,499.80618,0.833864
5769,748.50134,489.70923,0.8908635,773.68225,505.63367,0.93743575,842.7075,499.57666,0.8336468
5770,748.26245,489.84558,0.92099667,773.2947,506.47433,0.9523095,842.3315,499.3708,0.80911076
5771,747.7412,490.08243,0.92583525,773.0839,506.67773,0.9658611,841.5727,499.70648,0.7655852
5772,747.65735,491.19083,0.95689964,772.56793,506.64667,0.9837067,839.8168,501.08447,0.73798704
5773,747.03644,491.562,0.9656703,772.2756,507.2931,0.997529,838.09076,503.2528,0.75794756
5774,746.79425,492.36948,0.9651819,771.7738,507.98648,1.0,837.4972,504.4782,0.744725
5775,744.86084,494.93,0.9445725,770.987,509.78986,1.0,836.9472,507.24826,0.8290687
5776,744.60834,496.0813,0.9327381,768.90717,512.1609,0.9692171,836.0192,509.69873,0.8347248
5777,744.1936,497.45804,0.9604109,768.1936,513.78125,0.9923249,834.8604,512.4587,0.7453368
5778,743.9658,499.5053,0.9877648,768.94745,515.31573,1.0,832.47736,514.913,0.8049834
5779,743.13763,499.99823,0.991114,768.26556,516.68787,0.94099414,831.06006,516.2965,0.82117754
5780,742.016,500.5315,0.9851082,766.6391,519.00684,0.9187884,829.9889,518.24835,0.75749934
5781,741.9749,502.06274,0.9721646,765.6188,520.6622,0.8836142,829.23645,519.7807,0.7440092
5782,741.10175,503.53745,0.9606662,765.1383,521.2456,0.88648784,827.83185,522.0443,0.8548572
5783,740.0982,505.02518,0.9601914,764.68994,521.23,0.9116663,826.9683,523.2194,0.8569932
5784,739.87134,506.1279,1.0,764.6558,522.53986,0.956002,826.1683,526.2382,0.8679661
5785,739.7659,507.5872,1.0,765.0389,523.6079,0.95941234,825.84235,527.8563,0.8472248
5786,739.50116,508.2529,1.0,763.8568,526.3439,0.9668989,825.59796,530.6898,0.88085353
5787,739.63574,509.3407,1.0,763.07324,526.8807,0.99520665,827.04095,531.87244,0.85784507
5788,739.3524,510.54846,1.0,762.01636,528.80585,0.9581658,829.401,534.0733,0.8103535
5789,739.0357,511.34485,0.9764963,761.65924,530.3677,0.9493228,829.88574,535.5091,0.8440886
5790,738.60266,512.4309,0.93709534,761.37195,532.3017,0.9712369,830.5365,536.6404,0.8272922
5791,739.3916,513.8334,0.9508852,761.06415,534.1636,0.9469866,830.4958,538.79376,0.89819247
5792,739.3726,515.99005,0.97131807,761.4085,535.2731,0.9191993,830.2819,541.06024,0.9217659
5793,739.2017,517.199,0.9776294,760.26776,536.67505,0.90831643,829.94446,543.1723,0.89238894
5794,739.11304,518.0885,0.9308211,759.5042,538.94556,0.8897438,828.63806,545.3312,0.8633429
5795,739.21716,519.0067,0.9274822,759.80597,540.3612,0.8917025,829.0371,547.10144,0.89675516
5796,739.0962,519.4995,0.92723435,759.8781,540.93304,0.9234633,829.24554,548.0701,0.86844677
5797,739.1947,520.8669,0.9090256,759.72504,542.21674,0.9190533,829.88684,549.153,0.83140194
5798,739.7642,521.99365,0.9257104,760.5083,545.14264,0.87255275,831.8212,550.0883,0.75664854
5799,740.197,522.4674,0.91372544,761.06384,545.8346,0.86439824,834.43915,552.1146,0.76932794
5800,740.8463,523.2864,0.91248494,760.87604,546.46356,0.87815076,836.8215,551.6458,0.7888116
5801,741.0744,524.7702,0.9003492,761.16675,547.86395,0.8768572,841.41724,549.54645,0.78014785
5802,742.1209,526.4982,0.90304977,761.73724,548.61053,0.8611867,844.1408,547.04065,0.8890571
5803,742.6984,527.3564,0.88031906,762.39496,549.27966,0.873319,847.4688,542.7145,0.803095
5804,742.9053,527.3093,0.8783898,761.94934,549.0236,0.8463213,849.14746,541.10425,0.8350365
5805,743.06024,527.0649,0.8590551,762.2878,549.49536,0.8929106,847.7261,540.67535,0.84812456
5806,743.1464,526.9663,0.86974984,762.0161,549.21313,0.9069769,846.8154,539.96326,0.9131276
5807,743.3871,527.5265,0.840076,762.6268,549.99133,0.8875692,846.40796,538.67773,0.86481637
5808,743.59424,526.72723,0.85955983,762.36664,549.74396,0.8934825,846.4449,537.30725,0.79683554
5809,744.9161,525.8611,0.85161316,762.8446,549.2668,0.9139246,848.4812,536.68256,0.78182524
5810,746.00946,525.0871,0.89251035,762.4207,548.7474,0.9156857,852.2191,527.92535,0.7530642
5811,746.1862,524.38855,0.87663424,763.1787,548.358,0.933907,853.2742,510.9587,0.67332286
5812,745.5435,524.91125,0.85266393,762.81714,548.2402,0.9398359,37.495293,876.39105,0.5216909
5813,745.45593,524.0509,0.8738942,763.7043,545.9598,0.90140074,37.139965,877.61707,0.5468403
5814,743.4283,524.12384,0.8943678,764.33057,544.5021,0.8878607,23.847794,835.2241,0.53955644
5815,741.58344,524.72363,0.96667236,765.5368,541.8221,0.9278092,826.6062,462.04443,0.6694914
5816,739.6018,524.19116,0.9906012,764.6829,539.6041,0.94148433,35.95157,880.26447,0.70547473
5817,737.16956,524.68616,0.9394116,761.0925,539.50323,0.9322046,20.802761,835.7421,0.72881997
5818,733.7324,524.3022,0.95361507,759.4098,538.67285,0.9003064,805.41925,451.57687,0.80867755
5819,732.5789,524.524,0.9748124,756.9798,539.0514,0.9870893,799.6728,450.10776,0.8473269
5820,729.22577,524.0034,0.9554064,754.8515,537.6544,0.9818167,797.2201,450.07526,0.84350836
5821,725.542,524.24866,1.0,751.6481,536.8639,0.9347197,795.0939,450.15002,0.9240447
5822,723.21796,524.4182,1.0,749.88794,536.6337,0.8774795,794.06354,450.0851,0.8899795
5823,720.771,524.03046,0.98993737,747.57007,536.4129,0.87614256,792.1832,450.43512,0.7661097
5824,717.4725,523.95435,0.96632576,745.905,535.8089,0.8802066,21.035723,880.5812,0.73266184
5825,716.42017,524.1045,0.9380771,742.8283,535.0242,0.920733,20.825233,879.53424,0.77274096
5826,715.43427,523.04626,0.9471583,741.6284,534.20123,0.951953,784.98395,446.4026,0.77716863
5827,712.9437,523.9169,0.9232218,740.4886,533.41797,0.96000254,779.5224,443.64325,0.92917705
5828,710.5359,525.8807,0.98174804,738.7109,532.512,0.99391663,775.7247,442.37595,0.85042435
5829,708.20734,528.14276,0.92082185,736.5152,532.25635,0.9363813,773.5251,441.79602,0.8374771
5830,706.2372,529.1177,0.93470824,734.24713,533.8545,0.9180528,20.560534,883.0159,0.83969295
5831,704.73285,530.2565,0.92141217,732.36444,534.09515,0.9182978,765.5181,441.799,0.88457197
5832,702.0814,532.55316,0.90166646,732.247,533.72034,0.92144907,762.357,441.35648,0.9309392
5833,700.748,533.9428,0.8756403,730.5642,535.16614,0.85566914,757.8992,441.25522,0.86517245
5834,698.90265,536.8746,0.81519055,729.70184,535.9947,0.80425555,752.08527,441.47354,0.82658887
5835,699.6687,538.7452,0.8044983,728.701,537.2328,0.7912598,749.0677,441.36905,0.9416398
5836,700.2882,539.9849,0.8250517,731.0436,537.23254,0.84326345,747.8728,441.49765,0.9826917
5837,700.66113,541.6655,0.8376244,732.2286,538.7986,0.88841945,746.9566,442.89157,1.0
5838,701.81726,542.70795,0.82146937,733.0279,539.6649,0.91221255,746.9627,445.3398,1.0
5839,703.8224,543.84827,0.86490077,734.51025,541.60846,0.9058439,747.72504,448.16998,0.96938825
5840,705.83405,544.63586,0.9162564,736.60974,543.7089,0.87151784,751.3403,447.48254,0.93035287
5841,708.99677,545.7855,0.9614477,739.55255,544.51587,0.9251457,753.1762,447.4537,0.94072247
5842,711.4067,546.9548,0.9606319,742.28455,546.2173,0.94263875,756.2679,450.36255,0.9963109
5843,713.9981,548.83356,0.9029792,744.9395,548.02844,0.89014006,759.0567,451.485,0.965631
5844,716.6683,550.4669,0.8129783,747.2376,549.3191,0.8922954,761.67365,452.80334,0.9162745
5845,719.65894,550.7714,0.8023056,750.2014,549.5701,0.8648941,764.0359,453.3177,0.8939146
5846,721.42346,551.96313,0.85466516,753.6032,549.7685,0.85340875,766.5148,454.1165,0.8945979
5847,724.3111,552.9145,0.85774654,756.1405,550.90607,0.8774908,769.6319,454.91714,0.86172855
5848,727.099,553.56244,0.7971327,758.4589,551.0413,0.8871315,773.64453,455.79178,0.9509157
5849,731.411,554.02106,0.797791,762.7466,551.3876,0.8257783,776.8026,455.06842,0.9131744
5850,734.2682,554.8469,0.81679106,766.05206,551.49243,0.837318,779.3348,455.9375,0.87969536
5851,736.80475,554.4507,0.8803939,770.1037,551.7777,0.83658725,783.211,456.0443,0.8117837
5852,739.9149,554.67487,0.91708416,772.45483,552.0005,0.8897216,786.5875,456.0185,0.83520305
5853,742.3737,555.09863,0.8430086,774.8508,552.26184,0.8782868,790.5487,456.42905,0.8609847
5854,743.41986,555.5467,0.8415517,775.6654,552.8147,0.87838894,791.94995,456.9227,0.91206354
5855,743.8239,556.29504,0.8148038,775.7871,553.4474,0.8612448,793.864,458.92432,1.0
5856,745.15686,556.63885,0.8043739,775.9713,553.7459,0.8672916,796.0758,461.035,0.9671101
5857,745.3453,557.7694,0.7970652,775.7447,554.22327,0.87453026,797.66156,462.70566,0.9259387
5858,743.7783,559.2196,0.82497555,775.6384,555.44885,0.9094039,801.6677,467.43365,0.76617813
5859,743.8454,559.6484,0.8248333,776.40796,557.24304,0.88283604,804.90295,470.48724,0.7852736
5860,743.5939,560.1458,0.83920664,776.1852,557.61005,0.8804759,808.5545,473.98962,0.746019
5861,743.3248,560.79364,0.86177474,775.5629,558.70984,0.85843366,809.9346,474.95322,0.8332281
5862,743.3373,561.57556,0.88387114,775.8547,559.604,0.8531419,809.8378,473.91763,0.8098753
5863,742.9643,561.63135,0.85765946,775.35046,559.7523,0.84137577,808.94025,472.08765,0.6052041
5864,743.3934,561.7963,0.85165644,775.8309,560.11975,0.8347071,808.31665,471.30246,0.5942077
5865,743.712,562.7653,0.9094262,774.8845,561.22394,0.90514696,807.46594,473.19568,0.64296746
5866,742.8922,564.2243,0.91803426,774.5801,562.5164,0.9455695,806.3194,474.38705,0.7065962
5867,742.48035,566.5846,0.89239997,774.15076,564.1776,0.95670843,806.04596,477.7122,0.6768614
5868,742.4552,569.9476,0.8291026,773.7504,566.2952,0.9061983,804.8178,481.12488,0.6951633
5869,741.988,573.94977,0.865585,774.0003,568.8947,0.8377088,805.0547,484.8615,0.6694876
5870,741.4609,577.1122,0.91187197,773.4611,572.1093,0.8623485,805.6535,489.76718,0.7645917
5871,740.7125,580.78577,0.9272134,772.16156,575.79456,0.84769094,805.93335,495.9283,0.76325613
5872,740.02216,583.5559,0.87427014,771.5916,577.90765,0.89523077,803.8682,498.41357,0.8097177
5873,740.291,586.29926,0.9212952,771.0576,579.4203,0.8957225,799.3697,501.55713,0.73875237
5874,739.81134,589.32837,0.93522036,771.004,581.0415,0.84372383,795.27094,501.78555,0.7930737
5875,739.282,593.07306,0.8557666,770.65967,581.83826,0.81882894,788.8018,500.0242,0.9119594
5876,738.6657,594.9825,0.89346254,770.12775,582.4809,0.8164925,781.3009,497.84314,0.98604393
5877,738.50195,596.66785,0.90448743,769.9717,583.49585,0.7996405,773.74615,493.7094,0.8783402
5878,738.7385,597.1814,0.91247773,770.27026,584.94214,0.82479656,764.0426,491.6691,0.8912106
5879,738.8136,598.00604,0.8849936,770.0711,585.6083,0.8050387,757.93054,491.0572,0.8645381
5880,738.99927,599.9706,0.8628066,769.98175,586.2426,0.83138204,752.79584,491.4665,0.92748886
5881,738.53503,601.2699,0.83256924,770.069,586.9495,0.84598434,749.0017,492.07468,0.97483224
5882,739.1507,601.7573,0.85857075,770.25354,587.64935,0.83017427,746.2553,493.4918,1.0
5883,738.98016,602.0116,0.87824184,769.6202,588.6579,0.8649917,744.5757,494.49335,0.9844377
5884,739.5086,602.5722,0.9025821,769.7814,589.5697,0.8772126,743.07336,495.85367,0.89784086
5885,739.11145,603.8803,0.8614375,769.8467,590.7522,0.83632785,741.6162,497.68494,0.9371928
5886,739.6289,604.68506,0.8591977,769.44476,591.84607,0.86855185,741.41766,498.7694,0.9195763
5887,739.4898,604.79175,0.86328655,769.53705,592.01556,0.8887984,740.1159,499.46436,0.8765069
5888,739.4433,604.95953,0.8546866,769.6414,592.17786,0.9009424,740.1502,500.54422,0.9207443
5889,740.1427,604.623,0.87753534,769.73,591.99457,0.927214,741.4839,501.55414,0.8227118
5890,740.49365,604.0209,0.90594745,770.04144,591.6007,0.91564727,741.0621,502.20715,0.85409427
5891,740.6758,603.6969,0.90383863,771.084,591.0986,0.9293427,739.9901,502.26968,0.92076397
5892,740.19135,604.2098,0.8793745,770.84265,589.69336,0.9222603,735.6641,501.64905,0.8172371
5893,740.49304,603.7686,0.9056831,770.93585,589.28925,0.9085717,734.0882,502.18033,0.72163475
5894,740.49316,603.4443,0.8745345,771.0532,589.2079,0.89260006,733.5622,502.903,0.78194994
5895,741.5432,603.5937,0.78200287,771.6301,589.5993,0.8865636,734.31885,503.56442,0.8185586
5896,742.8759,602.74854,0.79044425,772.4436,588.4392,0.92780703,736.88055,503.3679,0.79446864
5897,745.0148,602.19586,0.8098208,773.82043,587.8136,0.92192096,738.2176,501.64536,0.77220154
5898,746.2405,602.0395,0.83198786,774.6666,586.95306,0.90632474,739.99097,500.679,0.88967323
5899,747.82904,601.33527,0.8428698,776.48236,586.38416,0.8860768,740.7427,500.61298,0.92507523
5900,749.08514,602.5855,0.91724443,777.2711,585.90796,0.93328,743.83887,499.81107,0.8806111
5901,751.31274,601.7951,0.899715,778.5058,586.0487,0.94421124,745.81195,500.13034,0.91646636
5902,752.63654,602.4362,0.9513715,779.8907,585.617,0.93194836,747.39655,499.9952,0.89539313
5903,753.72986,602.6079,0.9377205,781.44714,584.6274,0.878818,750.8767,499.86777,0.896757
5904,755.07294,602.8602,0.9556291,782.45197,583.98004,0.89786106,754.1554,498.6627,0.9174891
5905,756.2114,602.7567,0.96474916,783.2408,583.24023,0.8945442,755.8053,497.34796,0.9073414
5906,757.4562,601.99304,0.9046187,783.87415,581.766,0.90882874,754.17505,496.68243,0.90622354
5907,758.796,599.9646,0.84161705,784.4529,580.9552,0.9072736,750.88306,495.59442,0.8438996
5908,760.46454,599.47266,0.84319025,784.90454,579.55536,0.9397394,745.97046,493.9895,0.84435767
5909,761.3833,598.6974,0.90944856,785.29443,577.9063,1.0,738.2555,494.5891,0.8669872
5910,762.0957,598.2667,0.93025947,785.172,576.6304,0.9899216,730.22064,496.59995,0.91164076
5911,762.59454,597.0003,0.9663057,785.32367,575.00916,0.9892786,724.2275,497.52487,0.94009006
5912,762.8489,596.13257,0.98354703,784.95807,573.67017,0.99276644,717.8588,498.9246,0.9386872
5913,763.07056,595.61505,0.97745883,784.5844,572.65796,0.9749231,714.7313,499.29498,0.96078336
5914,763.34015,595.01276,0.9649313,784.1553,570.98,0.9504809,711.40466,500.03183,0.9073161
5915,763.26605,593.9635,0.94941014,783.78894,569.0886,0.89553374,708.5511,501.25284,0.9512926
5916,762.95416,592.69037,0.93044215,783.6711,566.902,0.96383226,706.21545,501.29233,0.89418095
5917,763.613,591.0547,0.9416044,782.8704,564.8321,1.0,702.9784,500.9064,0.8742122
5918,764.22864,589.33154,0.9696943,783.0379,563.3604,1.0,699.53534,504.7291,0.90667737
5919,765.23566,588.23145,0.9748359,784.0005,562.7342,1.0,693.47284,514.1344,0.857025
5920,765.8231,587.02637,0.9753997,784.66626,561.3384,1.0,689.63684,522.14233,0.7158096
5921,766.44385,586.81726,0.97130775,784.55023,560.71735,0.9990609,687.289,528.8397,0.73081714
5922,766.71045,585.67065,0.94437486,784.7585,559.5751,0.98371696,684.37305,534.1064,0.5745853
5923,766.4343,584.61487,0.9238994,784.2326,558.0959,0.98381203,683.38574,538.3585,0.5512144
5924,767.7171,582.10315,0.92573696,784.3195,557.3438,1.0,681.8533,540.79083,0.44477403
5925,767.8766,581.1854,0.94623244,784.03986,555.949,1.0,38.090523,932.7063,0.10221483
5926,767.6837,579.88104,0.95207727,782.9503,553.8923,1.0,22.451159,449.35638,0.07307972
5927,767.10754,578.74445,0.9404022,783.2867,552.229,0.9785856,39.478184,928.1993,0.11352522
5928,768.1075,577.183,0.96038723,782.69446,550.02386,1.0,680.2674,543.84595,0.22156394
5929,767.89166,574.98016,0.9403289,783.3755,548.60406,1.0,39.318207,927.1679,0.061624784
5930,767.84644,572.8407,1.0,782.7738,546.56,1.0,682.0779,539.833,0.32422158
5931,768.3126,572.39355,0.9432416,783.5603,545.65753,1.0,682.04083,539.3462,0.35040042
5932,768.50037,569.3582,0.8727657,784.06946,543.0042,0.927033,499.8746,337.9858,0.16518274
5933,769.2068,568.051,0.89886165,784.80475,541.8291,0.95727545,24.476654,431.9502,0.066620104
5934,770.25305,566.5523,0.9324251,785.83624,540.2495,0.94273776,684.6333,538.51794,0.085011005
5935,771.5486,564.85944,0.95715624,786.9068,538.0843,0.93726414,177.28477,255.74312,0.0683738
5936,771.95856,564.6527,0.9427807,787.70496,536.7386,0.9074762,179.51219,254.29291,0.0721005
5937,773.7799,564.0047,0.9262011,789.19775,535.6137,0.9494657,180.40085,251.97026,0.0669144
5938,775.7262,563.375,0.9388442,790.3141,534.5968,1.0,1452.3289,601.5018,0.15852377
5939,777.7384,562.09796,0.96884304,792.929,533.6284,1.0,1451.8098,597.74445,0.259273
5940,779.7618,560.87866,1.0,794.96826,532.5532,1.0,180.5154,244.3673,0.06774592
5941,781.33234,558.6119,0.94681513,796.8755,531.1632,1.0,48.498425,950.8771,0.14502028
5942,783.42,556.55237,0.9392282,798.6215,530.1152,1.0,85.84446,975.5471,0.23323776
5943,785.1478,555.0859,0.9419429,799.9884,528.5248,0.9683973,86.03548,973.7858,0.5207081
5944,786.383,553.58875,0.92128587,802.0065,526.62,0.9393021,186.2878,237.10449,0.0876737
5945,787.8306,551.52576,0.8906942,804.1175,526.0686,0.9423004,1311.7317,824.7899,0.14663292
5946,790.2109,550.55304,0.8567671,806.2475,525.6338,0.9548067,1312.4492,824.17474,0.07391024
5947,792.80963,551.3226,0.8289629,807.4546,525.37286,0.9482693,1313.684,823.7548,0.17801918
5948,794.6373,550.8823,0.894664,810.81213,525.8224,1.0,1314.236,823.34155,0.5626955
5949,796.1501,552.10675,0.9080294,813.317,526.5257,1.0,1315.1718,823.2866,0.46848536
5950,799.3645,554.6699,0.9317059,816.01434,527.39954,0.95366853,194.80975,231.56879,0.30826625
5951,801.5303,555.37695,0.9581443,818.0582,528.2692,1.0,1321.1897,822.6801,0.5266532
5952,805.3716,556.97546,0.9911217,822.2508,529.86487,1.0,1323.5096,822.7681,0.6712526
5953,809.7051,557.3194,0.92863095,827.2964,530.71075,1.0,731.86597,521.8453,0.6346721
5954,812.7692,558.01575,0.93740714,830.47986,531.73975,1.0,735.82306,519.73175,0.60534745
5955,813.63336,558.5272,0.9150205,831.9757,532.73096,1.0,738.16315,516.7996,0.57194835
5956,814.7962,558.66565,0.910667,833.2403,533.41144,1.0,740.3246,515.5848,0.6869621
5957,816.45654,559.66815,0.93516535,834.1441,533.55475,1.0,741.7059,514.79803,0.6825869
5958,817.34735,560.078,0.9447649,834.7812,533.93463,1.0,743.61993,514.3368,0.71258044
5959,818.1609,560.9433,0.9656752,835.47955,534.7647,1.0,744.7807,513.6465,0.79427195
5960,819.0009,561.7143,0.9769767,836.16864,535.42847,1.0,746.3337,513.2141,0.7958416
5961,819.5188,562.2889,0.9799077,837.5356,536.16736,1.0,748.21045,512.44183,0.80321866
5962,820.01434,563.32166,0.9953317,838.4096,537.02997,1.0,750.1993,511.6021,0.82106227
5963,820.4031,563.74365,1.0,839.57214,537.69073,0.9882632,752.01056,511.4795,0.8793112
5964,821.0068,563.0894,0.9841405,841.38916,537.86005,0.992164,752.2606,511.043,0.8901062
5965,821.47345,562.84924,0.9723832,841.53625,537.23267,0.9977234,752.74493,510.48706,0.9078814
5966,821.4918,562.0498,0.95811874,841.3999,536.51385,0.98831755,754.5098,507.02512,0.84312606
5967,820.7679,559.9704,0.94194514,840.69305,535.3155,1.0,755.13074,504.94916,0.7855916
5968,819.9824,558.238,0.99752253,840.19666,534.10345,1.0,755.63196,503.24588,0.83627546
5969,818.7275,556.8739,1.0,840.0568,532.9878,1.0,754.98834,501.23862,0.8532932
5970,818.0741,555.57117,1.0,838.5658,531.3095,1.0,754.4241,498.94208,0.8594074
5971,817.292,553.8762,0.9769079,837.20715,529.8007,1.0,753.0739,495.7388,0.8700988
5972,817.1444,552.251,0.93195105,836.3551,528.4658,1.0,752.5864,494.5316,0.92763925
5973,816.7553,551.0422,0.94910353,835.936,527.0985,1.0,752.7008,492.56635,0.9255034
5974,816.01404,549.87787,0.92925805,835.2065,525.93494,1.0,750.8091,491.70285,0.8961646
5975,813.8611,549.4707,0.9315716,834.68976,525.6413,1.0,750.35205,490.20972,0.89376307
5976,812.4041,548.8847,0.97962725,833.94586,524.9237,1.0,750.45874,489.3898,0.83964705
5977,810.98035,548.7168,1.0,833.09033,525.2627,1.0,750.0385,488.34915,0.8312485
5978,810.24506,548.1842,1.0,832.46655,524.9616,1.0,749.7556,487.1599,0.88347447
5979,809.5392,547.75903,1.0,830.496,524.7892,1.0,749.0681,486.63556,0.87813807
5980,807.6433,547.7264,0.97968096,829.3025,524.04785,1.0,748.4142,486.26315,0.8691562
5981,806.4829,547.234,1.0,828.1383,523.6676,1.0,748.25507,485.5763,0.8395697
5982,805.56696,546.7632,1.0,827.5394,522.8501,1.0,747.9623,485.85837,0.8408263
5983,804.4845,546.3781,1.0,826.38916,522.05865,1.0,746.8408,485.88785,0.8380307
5984,803.8084,546.1418,1.0,825.40894,521.5303,1.0,746.028,485.95868,0.8317863
5985,802.82776,545.71765,0.96775275,823.7726,521.4104,1.0,745.37366,486.35718,0.8705292
5986,801.7758,545.4991,0.9633589,821.92566,522.2044,1.0,744.79456,485.98972,0.8068164
5987,800.7274,546.2251,0.96335554,820.53503,523.2146,1.0,742.86774,486.98508,0.82172334
5988,798.0605,546.68756,0.98036736,819.21686,523.7932,1.0,741.0171,487.48843,0.8067298
5989,796.20465,546.7199,1.0,818.0954,524.0539,1.0,740.05145,488.3235,0.82150626
5990,794.97675,547.0037,1.0,816.8628,524.8112,1.0,739.1238,489.10867,0.77654123
5991,791.8316,547.6055,1.0,815.09143,525.4662,0.9892184,737.6713,489.598,0.77458483
5992,790.45886,547.52527,1.0,813.2412,526.37756,1.0,735.2266,490.49164,0.82937396
5993,788.913,547.44257,1.0,811.5969,527.3125,1.0,732.7745,490.94485,0.9512878
5994,787.5607,547.6775,1.0,810.5287,528.55707,1.0,731.5904,491.11777,0.9333706
5995,786.20123,547.99054,1.0,808.1087,528.54535,1.0,731.0982,490.81485,0.9597145
5996,785.18243,548.8593,0.98460084,805.5885,529.37274,1.0,729.7871,491.10806,0.9316064
5997,782.73535,549.078,0.96155494,803.7201,529.4796,1.0,728.17413,491.36267,0.9274314
5998,781.2961,549.7651,0.98579246,802.3233,528.74805,1.0,727.2964,492.35184,0.9049064
5999,779.64777,549.98334,0.9865301,801.36053,529.45776,1.0,725.2924,493.6432,0.89354795
6000,778.72504,550.0513,0.9713872,800.5366,529.78284,1.0,723.5149,493.87955,0.8868773
6001,777.5563,550.038,0.9391375,799.61597,530.1831,1.0,722.9656,494.4976,0.8727964
6002,775.9322,550.5813,0.9617925,798.70776,530.9925,1.0,721.9338,495.07245,0.88120633
6003,775.4744,550.6964,0.9670504,797.8499,530.75256,1.0,720.87866,496.89886,0.84370464
6004,775.50104,551.3386,0.9455186,798.22626,531.5669,1.0,720.483,497.61365,0.8616224
6005,775.97797,550.91345,0.949109,798.203,531.2626,1.0,719.98553,498.3673,0.8599589
6006,776.14465,550.9966,0.94251186,798.6724,531.68475,1.0,719.9034,499.21448,0.86223364
6007,776.69,550.7969,0.93785733,798.7233,531.56757,1.0,720.0074,499.9027,0.8438806
6008,776.5696,550.1651,0.95828545,798.79755,531.30994,1.0,720.26215,500.9609,0.83282197
6009,776.50775,549.94055,0.9575301,799.1999,531.5898,1.0,720.6046,501.10995,0.86202824
6010,777.31226,549.36304,0.9795101,799.57635,530.927,0.99278986,720.67224,501.33212,0.84756315
6011,776.25,549.3823,0.9918621,799.65424,529.9767,0.999094,719.63214,502.82928,0.78664434
6012,775.81354,548.71686,0.98587555,799.81903,529.50104,0.98994297,717.0714,503.30212,0.70876837
6013,775.1514,548.01355,1.0,799.04486,529.028,0.9566117,715.8567,505.93045,0.7942886
6014,775.6272,547.62854,0.9763793,799.69916,527.5939,0.9362172,714.6518,508.2274,0.7474452
6015,775.2504,546.53577,0.95715743,799.69727,526.3845,0.93472975,714.48303,510.4973,0.6274894
6016,774.93475,545.0463,0.9053945,799.6371,525.0588,0.97926444,714.9262,512.4646,0.6024078
6017,774.81964,543.07086,0.8934745,799.3522,524.1469,0.97400755,714.3574,514.62244,0.45252612
6018,774.7444,541.5418,0.9177138,800.353,522.70416,0.9647929,42.347084,948.0724,0.57030505
6019,775.6075,540.6016,0.87399465,800.8826,521.9256,0.9588428,41.18604,954.7869,0.5049894
6020,775.7541,539.1145,0.85224193,801.5111,521.4908,0.95823723,41.0115,954.0122,0.6332402
6021,777.0143,538.0787,0.86544377,801.9044,520.3672,0.9664207,40.986073,956.4623,0.66127884
6022,777.43506,536.63135,0.87246567,801.8886,519.79224,0.99155474,41.1003,958.0811,0.661199
6023,777.4412,534.7334,0.9084849,801.7895,518.4555,1.0,41.951023,957.7618,0.55740064
6024,777.8155,534.30676,0.9395114,801.9778,516.9327,1.0,40.5211,956.1958,0.3929232
6025,777.4027,533.5689,0.9619056,802.4637,517.1777,1.0,721.30286,514.3349,0.28250217
6026,777.75385,533.25836,1.0,802.28314,516.71844,1.0,40.648094,953.5411,0.34514186
6027,777.6111,532.96173,1.0,802.46967,516.78986,1.0,101.97361,1024.7406,0.40172324
6028,777.4775,532.7296,1.0,802.4606,516.7496,1.0,101.88733,1024.5051,0.37040505
6029,777.66223,532.9062,1.0,801.93866,516.1216,1.0,721.52234,516.409,0.49082628
6030,777.0387,532.6003,0.9949438,802.24316,515.68585,1.0,721.9844,516.8993,0.42482266
6031,776.78033,532.3194,0.99227697,802.2311,516.3673,1.0,722.0175,516.8297,0.46529028
6032,775.35315,531.85315,0.97316355,802.3592,516.48645,1.0,721.83545,517.6388,0.4137852
6033,775.43805,532.0941,0.9705112,802.01385,515.974,1.0,101.52254,1024.0272,0.39545795
6034,776.7082,532.01733,0.9602011,802.1117,515.34595,1.0,101.44041,1023.99634,0.31551084
6035,775.21844,531.56036,0.975812,801.90216,515.1293,1.0,722.0405,520.37665,0.43922645
6036,775.43896,531.3301,0.97982264,802.0124,515.45966,1.0,721.08466,524.39215,0.3135904
6037,775.28467,531.0229,0.98927253,801.66437,514.6191,1.0,721.7576,522.9878,0.47844258
6038,776.8284,531.19025,0.98095375,801.0331,513.6543,1.0,721.35,524.3971,0.57442284
6039,775.71484,530.3619,0.9774758,800.82837,513.29834,1.0,720.69617,524.3126,0.44677314
6040,775.0906,530.1044,0.9801176,800.3208,512.7634,1.0,100.81873,1023.1973,0.37961534
6041,775.4277,529.75714,0.9718811,799.82684,512.3687,0.99751,720.3929,524.4766,0.37317237
6042,775.51135,529.24225,0.9793907,798.2667,510.53888,0.9918854,101.301636,1023.03265,0.34279153
6043,775.15155,528.6071,0.97084934,796.3498,508.02585,1.0,720.2852,528.5346,0.4588034
6044,774.4617,528.0104,0.9565608,795.0402,506.76773,0.987477,719.87366,533.01886,0.4313412
6045,773.7093,527.23645,0.9873552,793.48376,505.18753,0.9625254,719.5159,538.3619,0.48318514
6046,772.9024,526.47656,1.0,792.59735,504.5083,0.9666041,100.46945,1023.33276,0.31021234
6047,772.04645,525.7794,1.0,790.9003,503.48532,0.9668583,720.3263,535.406,0.2986686
6048,771.6991,524.9972,1.0,789.9381,501.0358,1.0,100.57771,1022.9752,0.41302457
6049,771.0647,524.5783,1.0,788.86707,500.6235,1.0,722.16736,541.0986,0.40851003
6050,770.6027,524.54315,1.0,787.01154,499.299,1.0,718.9212,547.3138,0.29630122
6051,770.7505,524.47943,1.0,785.9651,499.1246,1.0,99.9223,1023.80817,0.2988674
6052,770.5152,524.31024,1.0,785.3397,499.04825,1.0,712.2612,553.92194,0.32837686
6053,770.15704,524.3056,1.0,784.69293,498.83856,1.0,710.75397,552.5797,0.3634722
6054,769.9128,524.06586,1.0,783.9912,498.7045,1.0,709.70953,552.3192,0.278889
6055,769.68,523.6834,1.0,783.6208,499.12677,1.0,100.69415,1023.48975,0.24410929
6056,769.53906,523.5352,1.0,782.8107,498.51566,1.0,100.580894,1022.9532,0.28509977
6057,769.3251,523.43097,1.0,782.5746,498.0085,1.0,100.75265,1023.35394,0.3005248
6058,769.09125,523.5393,1.0,782.0686,497.50943,1.0,100.08114,1023.1032,0.33441928
6059,768.898,523.355,1.0,781.60144,497.63333,1.0,716.39026,549.9709,0.342606
6060,768.7553,523.36914,1.0,780.9005,497.74515,1.0,717.2128,550.73737,0.4316718
6061,768.5413,523.28503,1.0,780.1594,497.07053,1.0,716.43665,551.1281,0.34669414
6062,768.19183,522.8998,0.9927921,779.5651,496.97284,0.9956562,715.5637,550.9109,0.4168296
6063,767.1432,523.28516,1.0,779.0483,496.67142,0.9969097,711.1258,552.94794,0.41668922
6064,766.5193,522.9576,1.0,777.4837,494.85638,1.0,706.28705,552.21747,0.5279832
6065,766.0804,522.9205,1.0,775.807,494.17645,0.9993038,703.6421,551.67004,0.37337822
6066,765.94556,522.7346,1.0,774.6835,493.7106,0.98269016,703.8938,553.1765,0.4407285
6067,765.2687,523.2273,1.0,773.34515,494.20868,1.0,704.16797,553.57544,0.38467297
6068,764.9772,523.6844,1.0,773.11487,494.81097,1.0,705.20447,555.0624,0.47315463
6069,764.6529,523.9671,1.0,773.13324,495.7917,1.0,706.03625,554.96625,0.5197559
6070,764.59973,524.49255,1.0,773.2219,496.2067,1.0,706.9929,555.40857,0.4040762
6071,764.6525,524.8493,1.0,772.93634,496.56067,1.0,709.00604,556.40594,0.6679703
6072,764.6543,525.42053,1.0,772.8779,497.3252,1.0,709.42694,557.496,0.6661511
6073,764.5321,525.5504,1.0,772.8127,497.65945,1.0,709.30664,558.3126,0.64901555
6074,764.0697,526.34357,0.99985796,772.47595,498.3656,1.0,708.4869,560.16254,0.58326447
6075,763.69836,526.64246,1.0,771.282,498.46976,1.0,708.1743,560.7927,0.72320867
6076,763.4007,527.92053,0.9922184,770.6674,498.46518,1.0,708.5177,562.0916,0.7220791
6077,763.17676,528.17346,0.9936748,770.64386,498.88422,1.0,708.7652,562.9679,0.7931198
6078,762.9889,528.6945,0.99690485,770.83417,499.57535,1.0,709.3724,563.44006,0.81514466
6079,762.6516,529.27783,1.0,770.91864,500.0826,1.0,709.7964,563.95355,0.82547545
6080,762.29626,529.85114,1.0,771.0965,500.4411,1.0,709.4983,564.8969,0.78596246
6081,762.0658,530.33154,1.0,770.22565,500.23102,1.0,284.23587,202.03304,0.7604629
6082,761.7447,530.82904,0.99151236,769.32385,499.96652,1.0,284.47562,203.43456,0.8098994
6083,761.5011,531.0228,0.97493017,768.5468,500.116,1.0,284.0326,204.55597,0.7927018
6084,761.2987,531.2943,0.9619439,768.05035,500.41888,1.0,284.3967,206.41747,0.7362185
6085,761.28015,531.1904,0.98308975,767.4177,500.38367,0.9983606,284.05783,207.36063,0.7654304
6086,761.18604,531.5014,0.9898669,767.0803,500.48868,1.0,284.24634,207.63301,0.7411316
6087,761.3298,531.60376,1.0,766.8607,500.46094,1.0,284.45795,209.2109,0.6817832
6088,761.50793,531.3947,0.99659544,766.88715,500.2616,1.0,709.56366,573.2141,0.58538306
6089,762.36395,531.1867,1.0,767.65814,499.78525,1.0,710.6407,573.04553,0.45233923
6090,762.8412,530.81213,1.0,768.5238,499.49216,1.0,287.34964,212.93823,0.33841488
6091,763.4594,530.52844,0.9761954,768.9916,499.05,1.0,45.156586,949.9127,0.43469238
6092,764.3237,530.1222,0.9715037,769.697,498.92682,1.0,718.15186,573.1976,0.47896382
6093,765.43024,529.55994,0.95549613,770.5724,499.03827,1.0,719.2191,573.9242,0.5959766
6094,766.0395,529.00214,0.9530998,770.55634,499.12778,1.0,717.8095,573.8672,0.7655414
6095,767.0894,528.4076,0.9115161,770.24493,498.80276,1.0,714.9789,574.45056,0.8464951
6096,767.7313,527.4596,0.9013259,770.435,498.48145,1.0,713.0465,575.66254,0.7852092
6097,768.14795,527.2364,0.91392845,770.42664,497.93768,1.0,712.02985,575.37415,0.69257116
6098,768.75116,526.32446,0.9494737,771.3614,497.70178,1.0,711.2308,574.70703,0.7134528
6099,769.4996,525.5878,0.99398917,772.76245,497.3408,1.0,711.8123,574.74835,0.6713142
6100,770.41626,525.52545,1.0,773.44116,496.73477,1.0,712.254,574.8012,0.73650295
6101,771.34045,525.2913,1.0,773.53503,496.69983,1.0,714.5277,575.1312,0.76276904
6102,772.9099,525.00977,0.9945719,773.8772,496.226,1.0,716.4999,574.16077,0.8944052
6103,774.27136,523.7156,1.0,774.5827,495.8578,0.96490943,715.7238,574.0969,0.8827201
6104,775.66516,523.0898,0.9827271,775.4174,495.83636,0.960725,712.30414,573.9962,0.6290271
6105,776.67914,522.8465,0.9739997,775.8151,495.42685,0.94707966,711.7404,573.9173,0.61653954
6106,777.8709,523.4036,0.9703231,776.32056,495.14566,0.9174396,710.59534,573.0125,0.7607367
6107,778.59174,523.0872,0.9799121,778.0954,493.5857,0.89566785,707.76874,571.6876,0.6187851
6108,779.45996,523.6196,0.96495605,779.0093,493.4365,0.8961194,64.83274,951.3749,0.33860096
6109,780.19434,523.3042,0.96734375,779.6289,493.20566,0.9030435,65.99029,952.1112,0.2704005
6110,780.5884,522.6111,0.96213883,781.526,492.48373,0.8952464,61.79126,951.8818,0.09038933
6111,782.05835,522.1909,0.9394253,782.2751,491.82257,0.8771521,67.50154,952.03766,0.08159544
6112,783.51984,522.52075,0.92969227,782.8386,491.46158,0.89023393,707.8203,570.0528,0.4485036
6113,784.6047,520.1944,0.9001841,783.29333,491.30017,0.8831019,711.14185,570.79535,0.6315421
6114,785.6355,519.8163,0.90362155,784.7571,490.76004,0.9016121,714.48676,570.5546,0.6465723
6115,787.5443,519.2767,0.93427277,785.2222,490.83566,0.9118201,716.76526,570.6853,0.65370536
6116,788.4794,519.01294,0.95835036,786.1769,490.51663,0.93377763,719.37494,570.7284,0.6470371
6117,789.7211,519.19904,0.9510059,787.7125,489.86908,0.93456674,722.069,570.5403,0.64792526
6118,791.37854,519.51764,0.9196975,788.8584,488.25085,0.9545238,723.51886,570.58655,0.6014497
6119,794.25977,519.1259,0.9087039,789.88885,487.1715,1.0,725.9227,571.1654,0.7898985
6120,795.95294,518.5753,0.9685419,790.59033,486.71893,1.0,728.002,571.56885,0.7247068
6121,797.33105,517.88025,0.9792835,791.704,486.67862,1.0,729.3974,570.94086,0.6724419
6122,797.4501,517.01215,0.9565405,793.66315,486.53284,0.9807101,731.66296,570.12445,0.76311547
6123,798.8129,517.09863,0.91638106,794.497,486.53546,0.96440595,733.26807,570.1778,0.5950289
6124,800.1674,516.1669,0.95873207,795.70355,486.29526,0.96943897,733.7629,540.2265,0.39715508
6125,801.1383,515.9199,0.97662723,796.4268,486.1411,0.95663375,741.7164,570.9275,0.54741913
6126,802.30133,515.10986,0.9761156,797.33264,485.63043,0.95789677,744.45,570.8861,0.85289323
6127,803.0737,515.8357,0.9998559,799.27747,484.94522,0.946311,747.8235,570.7897,0.94174
6128,803.74243,515.48035,1.0,800.048,484.9651,0.9934255,751.036,570.71967,0.8902759
6129,804.3204,514.67035,1.0,800.4247,484.73016,1.0,753.6523,570.9548,0.83920604
6130,804.80426,514.02795,1.0,801.01105,484.4853,1.0,756.2416,570.56036,0.8674389
6131,806.1913,514.2019,1.0,802.06165,484.61176,1.0,758.1812,570.0833,0.8754123
6132,807.3265,514.80176,0.99119925,802.3361,484.41895,1.0,760.7793,569.78516,0.74225956
6133,807.36285,514.0815,0.9803646,801.99255,484.59778,1.0,761.56885,570.20105,0.81851184
6134,807.2063,513.11774,0.96406347,801.77905,484.43063,1.0,761.697,570.5626,0.8401453
6135,806.11334,512.18665,0.96967655,801.2659,483.94635,1.0,761.3617,570.6177,0.8236534
6136,806.2594,510.73386,0.95172197,801.5108,484.22226,1.0,761.34045,570.9558,0.85989565
6137,805.6439,509.89777,0.9876345,800.6923,483.56445,1.0,760.01227,572.3562,0.88346684
6138,805.2338,509.99747,1.0,799.9225,482.98038,1.0,758.1622,572.58264,0.93276095
6139,804.94824,510.28436,1.0,798.8175,482.69836,1.0,756.10876,573.115,0.9344415
6140,804.76056,510.66364,1.0,797.76984,482.57248,0.97880036,752.32404,566.0366,0.6881814
6141,804.3012,511.75687,0.9793286,797.0262,482.33005,0.95239013,753.96027,570.0127,0.65020216
6142,803.8665,510.75644,0.98650026,796.7306,482.35663,0.9542566,755.2711,571.2263,0.82764435
6143,803.5648,510.65536,0.98537606,795.638,481.9455,0.9423204,756.5848,573.3573,0.95990056
6144,803.172,510.0521,1.0,795.1234,481.8655,0.96479267,756.9156,572.7977,0.9581313
6145,802.9877,509.9935,1.0,794.71857,481.7037,0.96201366,757.1295,572.47534,0.9413146
6146,802.60785,509.6469,1.0,794.29535,481.69492,0.96483743,756.3283,572.63306,0.928933
6147,802.09076,509.34732,1.0,793.8416,481.67947,0.9574698,754.915,572.90674,0.8454096
6148,801.5395,509.41537,1.0,792.6914,481.2485,0.9526138,751.8576,573.69586,0.9702984
6149,801.33014,509.36176,1.0,792.2048,480.91876,0.960983,750.5305,573.1457,0.9268282
6150,800.75964,508.9693,1.0,792.0176,480.89502,0.9881481,750.706,573.09143,0.9129354
6151,800.475,508.8573,1.0,790.7406,480.59323,1.0,752.1698,573.14795,0.8714858
6152,800.09424,508.6265,0.9985097,789.9022,480.67764,1.0,753.4304,573.82666,0.8165294
6153,799.6661,507.75308,0.9996657,789.42505,480.56677,1.0,754.61896,573.8731,0.8235917
6154,799.33374,508.40204,1.0,788.91327,480.12775,1.0,754.9878,573.29614,0.77368927
6155,798.55835,507.2751,1.0,788.5504,480.05746,1.0,756.10034,571.9883,0.7434279
6156,798.8582,507.08762,0.99830353,788.33826,479.37143,0.9943676,757.40857,571.88025,0.84181345
6157,798.3874,506.29358,1.0,788.1215,478.5096,0.9556889,757.8185,570.70966,0.83600765
6158,798.2242,505.64606,1.0,788.23413,477.28598,0.94530934,758.31256,569.9917,0.8264691
6159,798.33954,505.4402,1.0,788.2336,477.074,0.94401294,758.50757,569.9468,0.7949344
6160,798.39606,504.99802,1.0,788.35333,476.34842,0.9325023,758.2074,569.8114,0.80993605
6161,798.71466,504.17615,0.99862635,788.1132,475.82703,0.92994606,757.81,569.1564,0.7792609
6162,798.7108,503.15875,0.9733328,788.3914,475.0898,0.95991915,757.31647,567.55786,0.8067162
6163,799.91364,501.93555,0.99530387,787.594,474.32425,0.96128386,757.4604,566.68695,0.84614104
6164,799.6992,502.03207,0.98585445,787.2269,473.46326,0.9324656,757.9632,565.9581,0.86114955
6165,799.6743,501.52917,0.9823499,787.42505,473.38623,0.9782688,758.0269,565.2387,0.8979244
6166,799.65625,501.6115,0.981925,786.9947,472.5549,0.9659286,758.6959,565.0131,0.9087926
6167,799.7847,501.2917,0.978577,786.96625,472.65982,0.96711373,759.47687,564.8683,0.84410816
6168,800.2743,501.08145,1.0,786.8389,472.96976,0.9955136,758.9132,564.31793,0.877002
6169,799.99097,500.80103,1.0,786.62354,473.16492,0.9794894,757.8129,565.65424,0.8778696
6170,799.7472,500.241,1.0,786.2922,472.97516,0.9763898,756.346,567.0204,0.8366288
6171,799.269,500.6188,1.0,785.61096,473.1509,0.96512485,753.4774,567.6914,0.7687298
6172,798.8924,500.65448,1.0,785.1284,472.99594,0.9418724,752.5606,567.55927,0.73119503
6173,799.2754,501.00955,1.0,784.94867,472.81778,0.9226876,752.1968,567.41693,0.69628686
6174,798.7952,500.8822,1.0,784.43665,472.5925,0.9164608,751.8744,567.16846,0.7231978
6175,798.5237,500.81424,1.0,783.7897,472.6629,0.89713484,752.04083,567.32806,0.6877025
6176,798.54694,500.7717,1.0,783.5366,472.51907,0.8813148,751.2693,567.3692,0.68233204
6177,798.3351,500.70184,1.0,783.2767,472.27707,0.8801559,750.44196,567.2078,0.75034094
6178,798.2731,500.86688,1.0,782.4993,473.18726,0.87662864,750.71375,566.418,0.70668495
6179,797.97394,500.84503,1.0,782.44946,473.21185,0.85992086,751.3966,566.3353,0.76056814
6180,797.8286,501.09085,1.0,782.26685,473.17883,0.86669856,752.0311,566.5209,0.7793853
6181,797.4076,500.98538,1.0,781.7712,473.06265,0.86980426,750.2323,567.4724,0.8386692
6182,796.59827,500.26343,1.0,781.3301,472.9728,0.89213294,747.16724,568.15045,0.80893725
6183,795.85876,499.3227,1.0,781.14545,473.19455,0.89866775,743.6547,568.19116,0.8312546
6184,794.7039,498.8309,1.0,781.3158,473.14084,0.9130896,744.10223,567.49146,0.8243235
6185,794.9041,499.52704,1.0,780.3282,473.0769,0.9083347,745.63574,567.4243,0.8052739
6186,794.21643,499.41412,1.0,780.4972,473.03415,0.95936066,747.3667,566.8047,0.84945047
6187,793.23175,498.0022,1.0,780.18134,473.15982,0.95638907,748.9291,566.584,0.8654419
6188,792.62384,497.66653,1.0,779.9267,473.25818,0.9260971,753.28125,565.7063,0.86579645
6189,792.3648,497.76733,1.0,779.0981,472.52963,0.9349615,756.8206,564.3583,0.8888829
6190,792.36163,498.14035,1.0,779.24506,472.30524,0.93996906,757.5714,564.61456,0.86219144
6191,791.42224,496.96802,1.0,777.8154,471.96066,0.9546282,759.32404,564.2035,0.8206488
6192,791.69165,497.08206,1.0,776.86304,471.86407,0.95960265,762.5935,565.75995,0.73431957
6193,791.9179,497.68588,1.0,776.2606,471.93484,0.98121697,764.16766,566.2485,0.7390344
6194,791.42944,497.76263,1.0,774.994,471.81274,1.0,765.2126,566.7348,0.69097054
6195,790.9147,497.6015,1.0,774.7338,471.64536,1.0,766.17847,566.95166,0.6748781
6196,790.7134,497.7612,1.0,774.08234,471.30344,1.0,766.7342,567.84906,0.6629205
6197,790.1905,497.3204,1.0,773.48206,471.5706,1.0,766.5055,570.08307,0.69422466
6198,789.8788,496.8228,1.0,773.34485,471.61118,1.0,767.9044,570.6203,0.66878915
6199,790.0309,496.97897,1.0,772.81696,472.10934,1.0,770.3798,570.86346,0.65708447
6200,789.97186,496.8765,1.0,772.72815,472.18564,1.0,770.99005,570.6268,0.674173
6201,790.1893,496.78146,1.0,772.50476,472.6315,1.0,772.0348,570.81354,0.66732925
6202,790.5778,497.14102,1.0,772.9383,472.52298,1.0,773.092,570.988,0.6517427
6203,791.32794,497.1118,0.99105906,772.72046,472.8495,0.9987746,774.451,570.7853,0.6383193
6204,791.73566,497.09738,1.0,772.34564,473.47952,0.9949947,774.79803,568.36725,0.59890765
6205,791.7817,497.36557,1.0,772.7852,473.43243,0.99151224,775.5807,568.545,0.6328112
6206,792.2344,497.41913,0.99578285,773.21826,473.4148,0.9952371,776.8216,567.88666,0.5373218
6207,792.8917,497.21198,0.99948364,773.6909,473.61664,0.9658118,777.1031,566.83954,0.50246084
6208,793.32556,496.83524,0.99445873,773.8706,473.7749,0.9658494,777.05707,566.04877,0.45853764
6209,793.9827,496.55313,1.0,774.0308,473.33926,0.98451775,777.6485,566.3306,0.33336025
6210,795.0552,497.4715,0.994772,774.3701,472.91537,0.9364838,777.8242,566.6823,0.475364
6211,795.80493,497.35916,0.98659223,774.4555,473.01404,0.9137812,778.05853,566.3717,0.47761858
6212,796.8814,497.90714,1.0,774.88947,473.01617,0.89894885,778.8109,567.01025,0.44920918
6213,798.31903,497.89737,0.94005644,775.40094,473.79672,0.8269003,779.4239,567.0965,0.45291764
6214,799.34753,497.97546,0.93860716,775.4918,473.94098,0.83520854,781.29016,569.28033,0.5499041
6215,799.59894,497.62354,0.9078554,776.1122,474.24335,0.8204258,783.3586,570.5978,0.5081363
6216,800.6629,497.10828,0.9277887,776.6242,474.37045,0.7996693,785.6026,570.89844,0.4335222
6217,800.9919,496.85587,0.9595005,776.85034,474.59088,0.80110747,787.0756,568.4249,0.4233559
6218,801.4783,496.85974,0.9803781,776.8916,475.0971,0.8042641,56.337948,949.48126,0.39102155
6219,802.1196,496.49118,1.0,777.7073,474.91156,0.80017555,54.517498,948.1635,0.3271425
6220,802.4585,496.39023,1.0,777.946,474.85187,0.7912749,788.0273,567.83734,0.43103874
6221,802.31055,496.20764,1.0,779.25226,476.31516,0.8341462,788.2506,567.2675,0.34998557
6222,802.66364,496.8531,1.0,779.55615,475.94537,0.83563584,788.1741,566.957,0.42291936
6223,802.3873,496.79684,1.0,778.1701,475.58926,0.80558693,787.19037,568.23236,0.34851676
6224,801.8879,496.66556,1.0,777.23834,476.1876,0.7821595,783.5802,569.1128,0.43274263
6225,801.7025,496.73126,1.0,776.88776,476.63455,0.7507461,781.11145,572.6644,0.58838737
6226,801.5967,496.56906,0.99507445,777.19806,476.71924,0.7405211,778.8336,572.1822,0.6319841
6227,801.67725,496.62793,0.9486374,774.75977,477.70572,0.71352637,776.01044,576.66174,0.6351181
6228,801.0166,496.85684,0.93314826,773.776,478.54086,0.7023718,772.3536,580.18976,0.7028337
6229,800.30096,497.23334,0.9041709,774.18335,477.4389,0.776457,1366.3555,773.0711,0.3806836
6230,798.65405,497.63232,0.9252643,773.96094,478.08572,0.8151517,1366.0974,772.1862,0.41608247
6231,797.9052,497.4915,0.9415618,773.2259,478.31256,0.8959224,1367.7075,773.14264,0.36903036
6232,797.96625,498.12997,0.9715983,773.3238,478.53745,0.879155,1368.1879,773.3472,0.370671
6233,797.1445,497.7109,0.97357947,773.05884,478.14136,0.8762093,1367.4799,773.0915,0.35802692
6234,795.22375,497.12946,0.9820938,773.06256,478.53326,0.9013383,771.9626,584.9569,0.38392362
6235,794.3148,497.3691,0.96982914,772.17316,479.30276,0.8929319,1367.4825,773.06616,0.33201024
6236,794.2787,497.12918,0.9201586,771.36017,479.60162,0.8444249,772.99854,585.20764,0.39458737
6237,793.97644,496.8812,0.88717014,771.28766,479.9289,0.83824855,772.6148,585.0208,0.35658708
6238,794.1347,497.50198,0.92353946,771.1077,479.29224,0.85306364,771.9122,583.88367,0.44222295
6239,795.1776,498.12302,0.92248744,770.5136,479.99744,0.81316715,771.50543,584.23303,0.33175513
6240,794.2165,497.69702,0.94088143,771.41943,479.60272,0.85669255,770.0381,584.6828,0.44281575
6241,793.3486,497.3171,0.9387503,771.845,479.9362,0.8924923,769.6179,584.19617,0.41145006
6242,792.71783,496.7807,0.9119698,772.03015,479.40747,0.8645815,1367.2357,773.14905,0.3608269
6243,793.0315,496.92618,0.88471776,771.73883,480.1238,0.8160663,1367.7025,773.0066,0.35314512
6244,792.5871,497.21713,0.8923374,771.2903,480.94754,0.828137,766.0213,584.34656,0.35878447
6245,793.27747,497.5358,0.9023505,771.39996,481.4219,0.7990605,764.89954,583.64856,0.3915827
6246,793.0199,498.49005,0.8991388,771.39624,481.28003,0.8215235,762.87006,584.9111,0.3758953
6247,792.5743,498.33844,0.928036,770.7045,481.1528,0.8493355,758.95013,586.82227,0.6418431
6248,792.3996,498.17657,0.90971893,770.57355,480.94962,0.8665101,756.3385,586.52875,0.67778087
6249,791.64325,498.64136,0.95066875,770.71716,481.25867,0.8489346,750.12115,585.6675,0.63334227
6250,791.49304,498.83673,0.9374473,769.48267,481.77545,0.80193335,747.4397,585.7267,0.61892503
6251,790.74457,499.31125,0.9576232,770.16956,481.36215,0.8388465,745.5474,586.5499,0.6074106
6252,791.04144,499.04825,0.94369096,769.71545,482.6968,0.7653748,745.10834,585.7711,0.58642775
6253,791.4304,499.4325,0.946253,769.9968,482.37958,0.8329329,744.9891,585.15497,0.51801616
6254,790.81696,499.25876,0.9776735,770.2356,482.40274,0.77522385,745.36163,584.7428,0.5256572
6255,790.691,499.2139,0.9582599,770.30597,482.6896,0.76263875,746.4105,584.068,0.45033082
6256,790.6322,498.65503,0.96345484,771.03784,482.97174,0.74486023,750.4577,582.9899,0.4768088
6257,790.68097,499.08206,0.9932929,770.9354,483.3637,0.71240234,754.75525,583.8433,0.40834013
6258,790.5029,499.50223,0.9465172,770.43695,483.7013,0.7889214,756.3,583.8915,0.42220542
6259,790.24994,499.13147,0.9137548,769.4392,482.7011,0.8134684,757.3287,585.4342,0.50819004
6260,789.9757,498.57004,0.90874773,768.96625,482.96536,0.77591676,757.6959,586.583,0.40710798
6261,789.33875,498.46402,0.9409558,770.0506,482.90866,0.7239229,757.9022,586.6239,0.44876614
6262,789.2717,497.98468,0.9222048,769.4736,482.56082,0.8038878,100.04973,1014.0776,0.40054378
6263,788.94,497.46716,0.9056416,769.0696,482.87582,0.7505161,41.303005,946.8401,0.4365634
6264,789.0622,498.5037,0.97401345,768.38293,482.79193,0.7809215,759.8697,585.16797,0.47464037
6265,788.75116,497.85068,0.95380485,768.05194,482.65952,0.7723891,1365.6625,770.87646,0.3428019
6266,788.29205,496.92877,0.9523472,766.6262,480.87387,0.7764325,1365.1831,770.55725,0.3901854
6267,788.4077,496.9564,0.9562691,766.81915,481.6581,0.7536547,101.321815,1013.11993,0.30105385
6268,788.6263,496.93585,0.9566781,766.75287,481.20328,0.7952598,100.216866,1013.3019,0.3567134
6269,788.9628,497.37302,0.9753229,767.9756,481.7449,0.83772093,749.66833,584.6275,0.39404875
6270,789.0036,497.75803,0.98716384,767.8992,480.96317,0.85303265,740.0885,585.0471,0.48324516
6271,789.3698,498.34628,0.9802463,767.80035,480.29846,0.86204344,735.6074,580.49664,0.44141713
6272,789.64777,497.06674,0.9554373,768.0228,480.25293,0.85488385,731.86884,579.0442,0.555074
6273,789.8082,496.3391,0.9152121,767.1332,479.96515,0.80529916,730.6578,576.35956,0.45117828
6274,790.5571,496.75897,0.94230616,767.17065,480.08127,0.80885893,44.849945,980.00183,0.36249188
6275,791.2459,497.01505,0.93922496,767.9442,479.7343,0.851206,44.879616,979.5264,0.2841512
6276,791.38965,496.66824,0.92823124,769.1067,479.78867,0.84770674,723.7967,571.70844,0.32896408
6277,791.15955,496.22302,0.9342218,768.9468,478.85983,0.8632984,723.95374,571.5213,0.43861908
6278,792.34186,497.1227,0.89691,768.80096,478.31412,0.83714634,724.6335,570.90875,0.39650872
6279,792.7677,496.77155,0.91750795,769.8497,477.89362,0.90631986,723.87445,569.7492,0.47039002
6280,792.493,496.04758,0.9349229,768.9636,477.58978,0.8402317,723.9856,569.22034,0.5453734
6281,792.3143,495.60828,0.9579713,769.82086,477.0957,0.8701492,724.6136,567.8146,0.5352324
6282,792.14545,495.24496,1.0,769.513,476.4555,0.90794986,724.56366,565.57904,0.58169556
6283,792.27246,493.47943,1.0,771.47345,474.17413,0.9431095,724.16675,564.7553,0.64318806
6284,792.66724,491.97675,0.92115504,770.9531,473.7892,0.83727735,723.69495,562.41364,0.6767177
6285,792.8644,491.51907,0.94267255,771.09094,473.99222,0.8829417,722.8759,560.0669,0.60771686
6286,793.1397,490.51,0.9190884,771.9713,473.03064,0.92950255,723.3619,557.76263,0.65356696
6287,795.0521,489.30136,0.93618655,772.56506,472.03357,1.0,723.14233,555.6889,0.7161013
6288,796.366,489.8283,0.94018126,774.1212,470.95667,0.9843876,722.6316,554.3067,0.6677283
6289,799.1891,489.24197,0.8549415,775.4506,469.65048,0.88789123,722.6797,553.0962,0.63774675
6290,799.84546,488.72705,0.8512061,777.97015,468.95883,0.81525654,721.8965,552.2913,0.6184974
6291,800.7932,487.9274,0.9178571,777.5877,468.80075,0.8002927,721.7043,551.37354,0.53078127
6292,801.1224,487.43442,0.9182094,779.3672,469.3482,0.7977442,720.3863,549.6186,0.4969069
6293,802.15247,487.24225,0.8616769,781.4198,469.0232,0.7547259,719.5025,548.63715,0.6184095
6294,803.85016,487.55963,0.7737133,781.96545,469.8294,0.6676646,719.5055,546.248,0.716225
6295,805.387,487.7861,0.7738908,783.15564,470.2358,0.7036488,719.89575,544.81335,0.61448187
6296,806.427,487.1044,0.7166859,785.4928,468.2906,0.75624305,720.86816,542.49207,0.4427536
6297,806.8691,487.80515,0.73468274,784.2171,469.75635,0.74025244,721.64264,540.07306,0.53260696
6298,808.2737,485.72855,0.76024264,787.38116,467.9595,0.80808675,721.82294,539.0135,0.6145438
6299,808.5882,485.58038,0.8135202,788.23175,469.1873,0.7954261,722.0244,537.79205,0.5699974
6300,810.55865,485.1265,0.7865417,787.9714,469.6953,0.7567396,96.043785,918.9449,0.47754782
6301,812.2535,485.88324,0.7246413,787.823,470.36328,0.75288373,720.0656,534.0837,0.59138775
6302,811.7341,487.3934,0.8061421,789.4738,469.6503,0.83055884,716.392,530.5893,0.7462553
6303,811.2368,487.3757,0.8773017,788.76746,470.55322,0.91373503,713.2659,527.86536,0.6367497
6304,811.312,487.49152,0.8989257,788.3189,471.392,0.9254002,712.4065,522.17236,0.61936563
6305,812.65247,488.3934,0.88962114,789.98376,470.71527,0.95524156,711.4407,516.01746,0.80235094
6306,814.4066,489.6055,0.84391314,788.9245,471.51773,0.87892824,711.69666,515.34094,0.83810824
6307,813.37274,488.09833,0.8589519,790.1884,471.3271,0.8899194,711.9036,516.56506,0.5992937
6308,814.1777,488.8077,0.9195247,791.59247,470.3053,0.9223706,712.847,521.43677,0.7417996
6309,814.45154,489.3331,0.9386445,792.3853,470.14905,0.9240655,715.16815,527.9382,0.75702685
6310,812.7463,489.92282,0.9733354,793.60284,470.6746,0.8972543,719.2565,534.6073,0.60900134
6311,812.1775,491.19662,0.9707346,794.35333,470.77124,0.93274444,724.02014,539.4441,0.74776316
6312,810.88116,491.1424,0.90668863,795.56213,471.1064,0.9268294,726.4015,543.74426,0.724635
6313,810.1915,490.10965,0.8340291,796.2669,471.72516,0.86202896,728.8122,547.25653,0.74595267
6314,810.76746,489.96082,0.7942601,797.01654,472.03674,0.8285077,730.3606,548.20734,0.7947539
6315,811.1753,490.26706,0.8682376,797.9191,471.6341,0.8944556,730.5551,547.98224,0.79756105
6316,812.4292,490.6369,0.9174233,799.2898,470.97217,0.9939227,730.4009,547.188,0.839417
6317,813.19965,490.92038,0.8379022,801.2261,471.62747,0.98318046,731.9677,546.7463,0.89324856
6318,813.6897,490.43213,0.9343528,800.8365,470.92502,1.0,734.5133,546.42126,0.85323334
6319,815.00757,490.41135,0.9388984,801.77344,470.5246,1.0,738.646,546.34186,0.8552657
6320,816.0489,490.06467,0.9216865,802.66095,469.5399,1.0,742.6219,547.1586,0.88033545
6321,818.35944,490.3231,0.9908168,803.5022,468.79276,1.0,745.48834,546.9635,0.8582761
6322,819.479,488.83838,0.9601934,803.9033,468.72467,1.0,748.9499,546.74194,0.87988174
6323,820.06354,488.4457,0.9469871,804.33417,468.07208,1.0,754.2147,546.69965,0.7057955
6324,820.57007,488.00604,0.9477934,805.1048,468.21732,0.9444782,757.8722,548.28595,0.8250718
6325,821.055,488.2756,0.97714907,806.0726,467.54803,0.9630092,759.0001,548.5258,0.78742576
6326,821.7813,489.04242,0.9952001,806.4223,467.62805,0.95795774,759.052,548.3637,0.78612566
6327,822.25726,489.11884,0.98902786,807.074,467.57117,0.9466054,759.38074,548.8771,0.7938848
6328,822.8645,488.7241,0.97446495,807.1114,467.48923,0.94498134,759.69855,549.56915,0.7409936
6329,823.03186,489.0565,0.9764093,807.6638,467.26074,0.92210954,757.5041,551.107,0.7916973
6330,823.09644,487.7887,0.8936587,807.52515,469.27094,0.81735414,752.2994,551.50507,0.5981446
6331,823.4182,486.38443,0.82761306,809.42194,470.49628,0.79330206,1353.8013,860.92377,0.41467264
6332,823.7108,485.72168,0.78755563,811.94495,470.72922,0.8197326,1224.9802,116.99855,0.37346977
6333,824.4305,486.13306,0.85189897,812.457,471.16016,0.84497887,1225.5934,117.003044,0.4314053
6334,825.19977,487.3285,0.8975644,813.63464,471.83893,0.8590374,1226.4062,117.0362,0.32675502
6335,825.4901,488.06903,0.79680455,813.53906,471.99658,0.83779067,19.3715,839.9112,0.35612705
6336,825.9756,489.40118,0.6236054,814.2758,472.72086,0.7415766,1227.6794,116.81625,0.35234287
6337,826.6793,489.58746,0.6685559,812.3045,472.44836,0.7420377,1227.8884,116.768906,0.42530248
6338,827.218,489.26917,0.7269829,811.65955,471.5625,0.79649967,1229.1443,117.07696,0.38844278
6339,828.4299,489.801,0.7509568,811.2845,471.28534,0.7868632,727.2356,530.21075,0.6625871
6340,828.3886,490.16,0.6995487,812.55444,471.78177,0.7405885,727.5595,526.84247,0.6894647
6341,829.906,490.96576,0.72792584,813.83417,472.10165,0.77742374,727.7657,523.60956,0.7624326
6342,829.335,491.09247,0.70754176,814.80096,472.59573,0.82167774,727.4886,521.83246,0.6366082
6343,829.19745,491.76834,0.6804688,815.7361,473.11423,0.81850123,725.6299,517.0252,0.571508
6344,830.5683,492.04135,0.7928155,816.4759,473.67075,0.8804177,724.9609,511.79498,0.7527734
6345,831.39825,492.70874,0.8399984,816.82794,473.6478,0.8848769,725.16376,508.27585,0.7607668
6346,832.4172,492.07248,0.85814756,817.7251,473.61584,0.863136,726.4035,505.58258,0.5904665
6347,833.53766,491.8484,0.72700197,818.46686,473.13815,0.7952512,727.8178,503.8633,0.5065299
6348,835.2381,493.4723,0.8198708,819.7307,472.3133,0.92528075,729.699,503.31784,0.50876033
6349,836.0613,493.0977,0.8450349,820.60425,472.3061,0.91739297,731.21564,502.6995,0.6919663
6350,837.22925,493.01102,0.82403344,820.88135,472.5396,0.8678493,731.82025,502.51694,0.72435534
6351,837.6271,493.5289,0.8265949,821.2406,472.31424,0.86774486,731.5315,501.34293,0.7766521
6352,837.8134,493.8006,0.807046,821.21063,472.36234,0.8627727,731.0996,498.63513,0.88804024
6353,837.89343,493.79758,0.7843005,821.1315,472.338,0.86333984,731.2192,493.89893,0.8820566
6354,837.9007,494.1264,0.816722,820.67737,472.6818,0.889159,731.4664,488.976,0.81700855
6355,837.0799,494.51254,0.8247356,820.26465,472.34756,0.90761274,731.8815,485.3737,0.8308871
6356,836.14124,495.09573,0.7798522,821.1267,472.52853,0.87832683,730.65894,483.05,0.8321688
6357,835.0801,495.4954,0.63342875,821.8196,473.2628,0.7880624,728.81433,482.11063,0.7533711
6358,832.72754,495.41296,0.45725483,822.3079,475.26144,0.6153645,724.52936,482.70996,0.7816477
6359,832.2076,496.59952,0.57804316,821.04016,473.24097,0.7699115,721.9551,483.9859,0.8041899
6360,831.64716,497.74704,0.46908858,820.57684,472.1865,0.74058205,719.8769,484.46948,0.7235843
6361,830.47485,497.5546,0.39439303,820.82825,471.48273,0.7432104,718.529,484.783,0.80471134
6362,829.6368,497.18338,0.4171099,820.3611,470.95245,0.77820307,717.8069,483.79773,0.84730023
6363,827.20795,495.96155,0.44726396,820.2902,470.60925,0.79226595,717.7684,481.48975,0.8064846
6364,824.99805,495.226,0.46712765,820.1018,470.25577,0.82568866,718.13654,476.63504,0.8304973
6365,823.59625,494.4655,0.43444696,820.2332,469.74176,0.82361704,717.88336,471.62164,0.6793304
6366,823.98126,494.50632,0.41035977,819.76514,469.41867,0.80457217,719.4544,467.43375,0.7633456
6367,823.39246,493.8933,0.4254859,819.79047,469.4353,0.8314595,721.41296,462.5874,0.82869744
6368,823.039,494.6732,0.4391194,819.2793,469.31317,0.8209228,723.1336,457.56335,0.73651636
6369,822.4686,495.5106,0.47801924,819.5553,469.13583,0.84202975,724.1701,453.77942,0.82434946
6370,821.79944,495.7698,0.51661724,819.621,469.05447,0.8500941,725.8932,450.5153,0.8209824
6371,821.6102,496.8159,0.52924764,819.6532,469.51318,0.8537367,728.7197,447.173,0.8454011
6372,820.7912,497.48767,0.5949348,819.42786,469.5973,0.84118074,731.527,442.90527,0.855989
6373,820.4141,497.80768,0.5156223,819.3061,469.90945,0.7887264,733.0944,439.31256,0.79014087
6374,820.0395,498.87338,0.5147328,819.35895,470.01157,0.76354784,734.0327,437.6546,0.71712685
6375,819.62463,500.33624,0.62591153,819.4046,469.83432,0.8337992,733.95447,436.95294,0.73157406
6376,819.62134,500.84335,0.72042483,819.3331,469.7987,0.8633177,734.59265,435.4951,0.7267417
6377,819.19556,501.9983,0.69275934,819.45355,470.38287,0.8609176,736.9516,432.60895,0.80873185
6378,818.4449,503.2248,0.6634074,819.56067,471.097,0.83900785,740.02185,430.07166,0.7894931
6379,817.42426,503.42145,0.60424715,819.45746,471.59793,0.7849945,743.8683,426.26602,0.7283864
6380,816.63525,503.35944,0.6459487,819.46533,472.27264,0.78941774,746.8021,423.30344,0.7019215
6381,815.717,503.5456,0.61088973,818.8809,473.3537,0.74655014,749.4435,420.68246,0.69602156
6382,815.01465,503.92877,0.58761305,819.1404,474.52902,0.7717083,752.2752,417.74454,0.70564437
6383,812.669,505.17114,0.6586714,819.2818,475.5202,0.82713205,755.3202,416.7859,0.7228271
6384,811.59906,505.52786,0.7179691,819.01697,475.62497,0.84983224,758.56866,415.30753,0.6544294
6385,810.7871,506.2505,0.74501175,818.4148,477.5516,0.8692009,759.75287,413.85657,0.73855567
6386,809.8106,506.474,0.70180404,818.41516,478.21494,0.8750117,760.88934,412.58868,0.69491994
6387,809.2404,507.2268,0.710758,818.4543,477.8286,0.8785371,761.98816,411.08545,0.6370478
6388,808.6204,507.87997,0.7056855,818.44806,477.39285,0.878563,763.47284,410.80582,0.698796
6389,808.9941,508.51804,0.76364833,818.70435,476.43338,0.9049779,763.11536,410.56393,0.6651339
6390,808.1075,509.66003,0.7431265,818.7501,477.164,0.9041082,761.28406,410.19058,0.5581281
6391,807.6204,510.20508,0.70479006,818.88684,477.13077,0.8765761,756.1329,411.47003,0.71958756
6392,806.8844,510.27786,0.6874879,818.7737,477.9264,0.88543916,751.0487,411.6346,0.72404766
6393,805.5879,509.92703,0.75180364,818.4533,478.7346,0.89627343,746.8239,412.6448,0.7057571
6394,804.6373,510.05655,0.77543,818.74384,480.60156,0.92735195,743.2671,413.12628,0.80068976
6395,804.1113,509.9413,0.82120806,818.43854,479.9265,0.93327826,743.07983,412.55862,0.84281933
6396,804.026,510.68042,0.81097156,818.2773,480.04858,0.9278242,745.6794,410.86197,0.7500792
6397,803.51215,510.83148,0.82456046,818.2543,480.4832,0.932949,748.16895,410.4633,0.79802656
6398,803.48846,510.96375,0.8041025,818.4178,480.94836,0.9239962,750.8865,409.32104,0.7011989
6399,803.51105,511.7246,0.7953306,818.5823,481.795,0.9505886,756.112,408.18372,0.6852708
6400,803.40753,513.26025,0.7953743,818.8171,482.67484,0.9358873,761.2648,407.0652,0.75229037
6401,803.3083,513.6999,0.79872495,819.012,483.38458,0.95077753,766.05646,406.00507,0.5985725
6402,803.2029,513.9564,0.7918543,819.21875,483.74182,0.9613729,770.7637,406.02765,0.61184454
6403,803.0963,514.14606,0.77626187,819.33167,483.9006,0.9733862,773.40967,404.51996,0.5801633
6404,803.05817,513.7777,0.80160594,819.64343,484.34146,0.9834717,777.24744,405.34805,0.49412957
6405,802.8157,514.51746,0.79686433,819.8211,485.2234,0.9868192,1432.5233,818.5358,0.29136452
6406,802.9465,514.9199,0.8172901,820.72833,486.67194,0.9361997,783.7881,407.19986,0.33503124
6407,802.7085,515.2788,0.8175034,821.32074,487.52933,0.8926216,785.77,407.7144,0.40474233
6408,803.09125,515.0177,0.8406121,822.3775,487.50116,0.89715093,787.9157,407.1187,0.22234808
6409,802.97906,515.07404,0.84451896,823.4197,487.5682,0.9037017,789.55774,405.65472,0.5483303
6410,802.59015,514.50806,0.78976756,823.61145,487.7913,0.85970503,794.1028,406.1283,0.26811087
6411,802.63544,514.6042,0.81343704,824.72644,488.1757,0.8618188,795.54724,404.75705,0.3255228
6412,802.2912,514.2808,0.8465634,825.17267,488.62085,0.8821381,797.61584,403.90375,0.217416
6413,801.8437,513.6283,0.82804215,826.0497,488.8441,0.8761199,801.16705,403.04443,0.4169425
6414,802.1967,513.3104,0.83164406,827.0519,489.99738,0.8637152,804.922,402.35092,0.48121408
6415,802.4603,512.30743,0.85433626,827.8147,490.6459,0.8679156,806.0488,401.48663,0.41008216
6416,802.54236,511.684,0.8713259,828.9028,490.97833,0.83830863,806.2653,398.47455,0.2923225
6417,802.5908,510.5877,0.93464166,829.4512,490.78735,0.8561655,805.1864,396.79263,0.46918237
6418,802.60596,509.76727,0.94156724,829.54767,490.31833,0.8662347,804.39856,395.64062,0.5486785
6419,803.0564,509.58493,0.93485993,830.94495,490.82156,0.86097974,804.6199,395.4792,0.53441787
6420,803.161,509.57538,0.9386795,831.82465,490.85068,0.8552646,807.0283,395.58646,0.6500669
6421,803.46985,509.70517,0.92727184,832.3921,491.2324,0.85863286,811.0408,396.19034,0.65029424
6422,803.8659,510.0067,0.93242687,833.24445,491.25168,0.87964886,816.11053,396.6139,0.74554294
6423,804.4729,510.3764,0.93738264,834.07764,491.78387,0.88914853,822.77167,397.52173,0.67855144
6424,804.57776,509.46442,0.9106354,835.3239,492.03436,0.90366954,827.3568,398.62033,0.76038736
6425,805.04785,508.85092,0.8776628,835.9229,493.16086,0.90785533,831.70844,399.0083,0.80974334
6426,805.335,508.03036,0.8602368,836.6663,493.68274,0.9041589,834.23615,398.38297,0.8025299
6427,806.325,507.03903,0.83605397,837.9258,494.2514,0.8912284,837.2158,397.9329,0.7207773
6428,806.9036,506.21042,0.7631491,839.1107,493.82498,0.8693021,839.5059,397.04636,0.72858894
6429,809.3392,505.25906,0.7895397,840.12964,493.12012,0.86506355,841.9746,396.9202,0.69394594
6430,810.8499,505.71164,0.8290472,841.36774,493.7257,0.8941758,841.9977,397.01788,0.7084117
6431,812.205,504.14157,0.77900493,843.8832,493.57568,0.8968026,841.20844,396.80557,0.7800964
6432,813.0915,502.98724,0.8698397,845.6427,492.7525,0.9233863,840.9938,396.8589,0.73577684
6433,815.18274,502.6867,0.87225604,847.32306,492.1874,0.8775468,839.9671,395.65744,0.7712179
6434,816.3039,503.1673,0.90198296,848.6179,491.83215,0.8148654,838.5252,395.36,0.74651766
6435,816.62604,503.19888,0.8865254,849.51807,491.71167,0.8425574,836.44543,395.39163,0.7434298
6436,816.9292,503.71814,0.86148894,850.3249,492.89886,0.8117354,833.3874,395.96332,0.7836542
6437,817.5459,503.56033,0.87195086,851.4486,494.7844,0.81228685,829.48944,396.10278,0.8106864
6438,818.4089,503.0569,0.8795078,852.55347,495.64893,0.7877361,825.68915,396.18796,0.7686286
6439,819.59875,501.97498,0.9186339,853.1517,495.1826,0.8295806,820.8556,397.32565,0.77859414
6440,819.9264,501.98248,0.9042042,853.91095,495.09964,0.820342,815.76715,399.25317,0.7410801
6441,821.2862,501.4078,0.9029947,854.6224,495.07907,0.8067263,812.0462,400.9464,0.7367502
6442,821.80945,501.82538,0.89151156,855.23413,494.46265,0.8047673,808.8762,402.56122,0.72494256
6443,822.62134,501.6459,0.84436196,856.0271,495.25717,0.78651935,805.8084,403.73462,0.70673966
6444,823.37585,501.4838,0.7906943,856.68744,494.9818,0.79032487,803.89215,405.10608,0.6705107
6445,823.8324,502.1689,0.7880794,857.7198,494.05963,0.8175434,801.41943,406.90927,0.65214074
6446,824.97253,502.24835,0.6873854,857.7157,494.65057,0.8095793,799.0799,406.72345,0.54477817
6447,826.0652,502.60483,0.68043,857.3338,494.67102,0.83055705,797.7624,406.97034,0.6511884
6448,826.087,502.97336,0.7149151,857.395,495.7878,0.82319695,796.46265,406.89517,0.5887171
6449,824.05505,504.61063,0.7784331,857.36584,496.2282,0.84284043,795.14734,409.29007,0.6923612
6450,823.7123,505.4037,0.8399208,857.61566,497.362,0.82789654,793.3584,412.56305,0.7792351
6451,824.46814,506.24567,0.8240047,857.6654,498.39825,0.8578051,791.3352,414.8562,0.71625674
6452,825.77826,506.81454,0.8099795,858.0051,499.45084,0.8827542,790.17255,418.25235,0.6878541
6453,826.17535,507.43597,0.7905352,858.20856,500.06052,0.863612,1412.1523,906.4324,0.63528323
6454,826.7068,508.29883,0.7205155,858.41156,500.87564,0.8464215,1412.6442,910.3775,0.43885374
6455,827.02026,508.80853,0.7425268,859.3653,501.01895,0.8197221,1410.6155,913.33594,0.5028821
6456,827.8486,508.77246,0.7796441,860.1283,501.01166,0.8463145,1410.7654,914.5136,0.5504818
6457,828.4063,508.9202,0.7503664,860.7877,500.65067,0.8647786,1407.4902,914.9625,0.45942208
6458,830.19086,508.1564,0.86313456,862.25,499.93518,0.8900072,1406.3467,916.0614,0.46606433
6459,831.7418,507.2623,0.8596064,864.59595,498.81854,0.88848156,777.81305,445.03085,0.62443453
6460,834.3878,506.165,0.92274946,867.1184,498.59924,0.94118506,781.8839,445.4969,0.8210473
6461,841.9284,503.0963,0.8378101,873.6172,498.4968,0.86982524,789.7542,443.66562,0.6850736
6462,850.36273,502.28644,0.8856188,880.07776,496.4125,0.90089995,797.91156,442.61554,0.6912179
6463,854.366,501.66116,0.97490644,885.0708,498.00476,0.8961823,803.2974,444.40955,0.6640595
6464,855.42584,503.41977,0.8930761,886.60834,499.28387,0.86182916,803.8545,448.08347,0.6169057
6465,854.80115,504.33908,0.89075,886.1111,500.03613,0.88245946,802.8625,448.35205,0.6358253
6466,853.5591,507.75302,0.953747,884.95123,500.50436,0.9224027,802.43207,444.65356,0.763219
6467,852.8919,509.83643,0.9548674,883.8253,500.7868,0.8781344,803.4663,436.28705,0.7182348
6468,851.337,510.64294,0.9665289,882.3609,501.15744,0.85941225,807.0319,430.66534,0.7913192
6469,850.033,511.62918,0.93052703,881.326,502.77005,0.81391484,808.9546,426.61368,0.8932158
6470,848.1155,512.6969,0.8933443,879.78845,503.76685,0.8004278,811.42487,423.94385,0.78307986
6471,846.4427,513.7307,0.89322895,878.10864,505.06772,0.87984645,812.8752,422.60553,0.78263605
6472,845.2707,516.1448,0.9486448,876.98804,507.4049,0.9616642,815.1019,421.84195,0.7104347
6473,843.64813,518.5583,0.9640508,875.0275,510.31198,0.94341356,819.07306,421.3784,0.81369406
6474,842.36554,520.27386,0.95672345,873.63324,512.13995,0.90190405,821.0693,420.87646,0.8638378
6475,841.24347,520.8058,0.9292158,871.42334,513.3472,0.87075883,821.0028,421.60654,0.8708442
6476,838.2483,523.17914,0.9678546,869.5102,513.8833,0.9372131,820.4448,422.7306,0.86782986
6477,836.3501,523.44476,0.9921443,867.5941,515.03613,0.93689716,819.2485,424.05902,0.8163937
6478,834.4145,525.3114,0.9887652,866.11865,515.86786,0.9354208,818.354,425.4616,0.77144456
6479,832.8987,528.222,0.9554493,864.5123,517.8533,0.85477823,817.3933,426.6231,0.7939713
6480,830.3331,529.8898,0.9677395,863.0008,518.7596,0.87272334,816.46765,428.03793,0.8524409
6481,828.5962,531.47644,1.0,860.19855,520.60815,0.93772525,815.5299,429.74384,0.89133894
6482,826.6647,532.6103,1.0,858.77515,523.8423,0.9867533,813.17346,431.3893,0.8931926
6483,825.37164,536.13025,0.97696525,857.0587,526.3417,0.925755,812.3802,433.27908,0.918797
6484,822.873,535.77374,0.8859676,854.6441,527.9406,0.86802405,811.1307,434.6609,0.9463434
6485,821.1354,537.7369,0.92295307,852.2111,528.68195,0.9764289,809.76495,435.94528,0.89222443
6486,819.3496,540.03644,1.0,850.1326,530.3207,0.9879378,807.5018,437.67004,0.7998328
6487,817.0629,541.8227,0.9860326,848.50134,532.14923,0.9344553,805.0658,439.5467,0.80057526
6488,814.5262,544.23846,0.93006885,846.7097,533.8205,0.8965774,803.2017,441.6667,0.79078865
6489,812.1945,545.65375,0.9776842,843.987,535.88513,0.8900883,802.2704,443.06992,0.8211
6490,810.0407,546.928,1.0,841.6614,537.3647,0.9200944,800.2092,444.5205,0.8621455
6491,807.6677,548.0623,0.9996672,839.1978,538.43304,0.9086718,798.2011,446.16275,0.82800645
6492,805.68536,550.7692,0.95291483,837.03723,541.2512,0.94917184,795.4039,447.37433,0.8975675
6493,803.88727,553.098,0.9605054,835.22614,542.66644,0.9576777,794.49414,449.3854,0.89361084
6494,801.7215,554.4756,0.98296857,833.00397,544.32983,0.96523255,792.8762,450.78632,0.8634906
6495,800.1379,554.63513,0.95304066,831.1569,546.5145,0.9422702,791.163,451.9484,0.77403015
6496,798.384,556.2638,0.88519126,829.02795,547.8307,0.9579647,788.82916,453.9344,0.804148
6497,796.13477,560.4791,0.9036086,826.8876,550.0288,0.9335544,786.40027,456.28195,0.7416546
6498,793.75946,562.17523,0.9420412,824.9867,551.61414,0.86802995,784.13934,457.94635,0.7477402
6499,790.5608,562.957,0.98442227,822.6169,552.85754,0.9005912,782.9075,459.92535,0.81062996
6500,789.739,564.15106,1.0,820.5582,554.6182,0.9702026,780.4986,461.59665,0.8580895
6501,786.9988,567.65186,0.9600798,818.32404,556.476,0.95193094,778.2971,463.23083,0.85869527
6502,785.1536,567.841,0.93854517,815.8033,558.3563,0.9470375,775.8791,465.34836,0.81050205
6503,782.2211,570.1353,0.91194665,813.1616,559.9497,0.9559186,773.8025,466.5872,0.8541483
6504,781.6444,570.96436,0.91548353,811.10205,562.35785,0.95703846,772.0811,468.53824,0.89167273
6505,778.76465,573.67474,0.9080143,808.86334,563.93274,0.9146798,770.2521,470.18304,0.8451048
6506,775.3613,575.44586,0.7689395,806.3694,564.76935,0.9074102,766.3834,471.65378,0.8290261
6507,774.03876,575.7122,0.8516362,804.56647,566.16455,0.87956154,765.5979,472.6858,0.85371876
6508,772.0858,577.5532,0.9849888,802.50116,567.5668,0.8713661,764.1342,475.7794,0.88996285
6509,770.61066,579.31805,0.99730885,802.0867,570.52527,0.8920019,758.51465,479.29593,0.83143437
6510,770.0606,580.3669,1.0,800.9036,572.77356,0.9028235,757.2165,483.45346,0.94287807
6511,769.79156,581.0359,1.0,800.9641,573.92505,0.91994816,753.6353,487.88898,0.8939723
6512,769.94275,582.16895,0.992836,800.8439,575.4348,0.90271014,748.3546,490.92267,1.0
6513,770.09985,582.563,0.98399585,801.0959,575.8882,0.9286563,743.5803,495.73972,0.9170871
6514,770.03125,582.5661,0.9808431,801.0667,575.83,0.92095697,739.927,499.55035,0.92635393
6515,770.0784,582.9141,0.947209,801.1737,576.0365,0.92875355,734.23676,504.9123,0.84008163
6516,770.54236,583.48254,0.9423124,800.9557,576.42267,0.9685868,729.66376,512.0103,0.9097761
6517,770.11414,583.749,0.96095824,800.91534,576.9638,0.95421344,724.1968,517.8572,0.7621286
6518,770.0463,584.0056,0.9415669,801.0604,577.32605,0.95555615,720.4042,524.8633,0.81787896
6519,770.7404,584.5349,0.9529888,800.89154,576.84326,0.9510922,716.98706,529.9334,0.8325039
6520,770.58093,585.00494,0.96738595,801.20935,576.6716,0.93973565,715.1643,532.53784,0.65942526
6521,770.87866,585.5979,0.9501171,801.3102,576.4596,0.9527132,90.89629,871.67773,0.62272036
6522,772.1365,584.4659,0.93468875,801.5448,576.2373,0.93926615,714.1555,538.67645,0.7340978
6523,771.75415,585.6521,0.9344443,801.7465,575.93243,0.9187744,90.07766,871.3979,0.56870395
6524,772.2645,585.6707,0.9322794,801.7395,576.032,0.9147116,90.346756,871.4233,0.633392
6525,772.2847,585.98627,0.9211558,801.93054,575.38214,0.8880891,89.914894,871.12634,0.592259
6526,772.2488,587.0149,0.943284,801.8074,574.8271,0.911472,711.70886,552.0825,0.54073614
6527,771.98914,587.47437,0.9708247,801.96606,574.5017,0.91102034,89.992355,870.98816,0.60359097
6528,772.1679,585.6181,0.98490596,801.9379,573.52057,0.90176445,90.05756,871.2517,0.54854566
6529,772.12994,584.69885,0.96926576,801.34283,571.95795,0.8904385,90.44086,870.7523,0.5417865
6530,772.1956,583.4276,0.9690243,800.2115,569.98254,0.8899466,90.20367,869.7203,0.48846307
6531,771.96344,581.0975,1.0,799.85706,566.4954,0.90452677,89.33152,867.97046,0.6190722
6532,771.6845,579.8546,0.9945156,799.3591,564.1379,0.9398424,703.876,554.7576,0.67245257
6533,771.5745,578.0608,1.0,798.9763,562.47144,1.0,88.570145,864.03156,0.6051947
6534,771.31384,575.41156,0.98155844,798.6609,559.9567,0.93752855,703.3591,552.8358,0.5917794
6535,770.5198,572.0865,1.0,798.0001,556.0381,0.91259044,90.99443,857.8591,0.6363711
6536,770.66907,570.52246,1.0,797.8323,553.3189,0.9216304,701.98126,548.8867,0.6311032
6537,770.1341,567.28485,0.96884936,798.25586,549.33374,0.9527499,89.09078,851.3938,0.7655761
6538,770.30725,564.3471,0.9937332,798.14923,547.1626,0.9986133,703.2716,548.10846,0.51052696
6539,770.9644,562.1695,1.0,797.9545,544.755,0.9705141,88.30912,847.514,0.43091354
6540,769.9099,558.1882,0.99377066,797.5069,540.79456,0.931704,90.439865,843.54047,0.588043
6541,770.4899,555.9942,0.99709576,796.4457,536.9389,0.86908394,704.9736,545.1009,0.5479267
6542,769.76514,553.05475,0.957498,796.87054,533.3073,0.944327,90.269066,838.7298,0.43319342
6543,770.0206,549.0724,0.9810057,796.77203,530.28973,1.0,704.0125,539.8668,0.50616115
6544,770.2775,546.3329,0.98389137,796.6357,526.1447,0.94757026,703.34937,537.70605,0.5969213
6545,768.967,541.9711,0.9900374,795.6168,522.3755,0.957028,702.51245,534.67755,0.46774593
6546,770.0236,540.29083,0.9878714,795.0706,519.62115,0.9050455,702.2485,533.32117,0.43013436
6547,769.67035,539.20776,1.0,794.434,517.9939,0.9657088,701.80286,532.91046,0.5095575
6548,769.6275,538.3875,1.0,794.637,516.7934,0.9933303,701.8702,532.45593,0.54120684
6549,769.7192,538.1362,0.99891394,793.99554,516.35223,1.0,700.7561,531.958,0.5694599
6550,769.01056,537.6389,0.97318256,793.401,515.5886,0.991108,699.6784,531.20215,0.6859408
6551,768.4543,537.1563,0.9281668,792.94904,515.12537,0.9785021,698.5182,530.58765,0.62032545
6552,768.8694,537.1831,0.94476837,792.921,514.96735,0.9727103,695.8623,526.8473,0.5826335
6553,770.2124,537.4326,0.9539279,793.73755,514.86926,0.99068046,92.16226,825.95624,0.30608517
6554,771.16876,536.92694,0.9422692,794.2052,513.97217,0.9818449,690.63055,510.80396,0.34161857
6555,772.3012,535.454,0.911982,794.7105,513.12463,0.97524625,688.23285,500.44406,0.24137051
6556,772.3976,535.1308,0.9300099,795.10565,512.7637,1.0,689.0721,492.4535,0.17034782
6557,773.06323,533.83594,0.9436665,795.5937,512.6319,1.0,689.89856,488.63156,0.5249723
6558,771.8355,533.65564,0.9529718,794.71686,511.98218,0.98043346,691.24884,485.7553,0.6840662
6559,771.4753,532.6803,0.96530503,794.27484,510.64264,0.9756454,691.9982,483.53104,0.76091975
6560,771.2406,532.08954,0.94928074,793.88165,510.18036,0.95437855,693.45654,481.8544,0.8023278
6561,770.4639,531.052,0.9385675,793.3215,509.6337,0.94822156,693.448,477.9518,0.8610341
6562,770.195,530.18024,0.93274313,792.07275,508.28857,0.93579084,696.1015,472.4638,0.7132695
6563,769.6774,529.9909,0.9180215,791.13416,507.7611,0.96159196,699.0988,463.58942,0.88859415
6564,769.46436,529.6323,0.9336048,791.5686,507.88293,0.9679061,703.48206,456.24014,0.79622746
6565,769.0206,529.2931,0.9203425,791.0841,507.47665,0.99034625,707.308,452.8585,0.8661504
6566,768.82367,529.45575,0.90574354,791.03143,507.9385,0.99639225,710.0883,450.40936,0.904809
6567,768.00287,529.18134,0.8830001,790.8641,508.04767,0.9824948,713.2008,446.95297,0.9415942
6568,767.0224,529.3107,0.8990202,790.3511,508.18826,0.9976813,714.5297,444.03967,0.9459258
6569,767.8424,528.5455,0.87491965,790.0117,508.1304,1.0,714.53735,441.9238,0.9339327
6570,767.8045,528.5507,0.8668578,789.94476,508.38663,1.0,711.5984,444.32156,0.92024565
6571,768.12604,529.22064,0.88555694,790.5637,509.05215,0.9812879,712.0368,446.58322,0.9128564
6572,769.4164,529.92474,0.91377467,792.8247,510.1627,0.9458354,712.9355,450.4863,0.9001944
6573,770.2107,532.18506,0.95926577,794.7663,513.2822,1.0,713.31946,454.6513,0.7710616
6574,771.0346,533.773,0.9825364,796.58716,515.3107,1.0,714.0378,458.61234,0.85478574
6575,771.5651,537.66754,0.95095825,797.4135,517.05383,1.0,714.81775,462.9286,0.8700053
6576,772.9691,539.30975,0.9649293,799.0344,519.61804,0.9395705,716.495,465.77744,0.8243649
6577,774.3256,541.2892,0.9282808,800.84406,522.7481,0.94801766,719.07715,468.07294,0.79611194
6578,775.0402,543.9666,0.90169436,801.9498,524.8483,0.99192685,722.60223,469.20407,0.7699482
6579,775.7986,546.6544,0.96969444,803.00757,526.9235,1.0,724.83887,470.81738,0.78011644
6580,777.3213,548.10297,1.0,803.7525,529.8446,1.0,729.8632,472.2343,0.72398424
6581,778.5459,550.03516,0.9776113,805.2583,531.94196,1.0,730.91003,474.96005,0.8604688
6582,779.189,552.30695,0.89643025,806.61487,534.5179,0.95835596,731.63104,478.6053,0.93260986
6583,781.35986,554.29694,0.9302162,808.9305,538.58484,0.9115493,733.7354,482.34576,0.94047153
6584,781.8447,557.118,0.9132442,809.6858,541.6865,0.96511704,736.7178,484.05066,0.8983892
6585,782.0737,561.3734,0.9133696,810.16986,545.9141,0.97604203,738.3245,487.16888,0.8949134
6586,782.4392,563.35547,0.89151967,810.4246,547.86456,0.9879913,739.9956,488.08322,0.8184581
6587,784.1209,566.0831,0.9222644,811.5,549.8205,0.9818247,743.3063,489.53018,0.78513634
6588,784.61224,568.13586,0.8889256,811.2853,552.5959,0.9173131,745.5824,490.83453,0.6873837
6589,784.6788,570.7585,0.905904,812.87866,555.991,0.9179449,746.83154,493.53925,0.8007443
6590,784.8798,571.6625,0.9043365,813.2857,556.83044,0.925971,745.5459,495.87555,0.8552879
6591,785.3166,571.8142,0.92202175,813.7162,557.5722,0.92947125,745.6353,496.75027,0.8737272
6592,785.5328,572.5445,0.91987383,814.43634,557.94604,0.9033002,745.93823,498.0218,0.7749892
6593,786.2223,573.3658,0.91459674,815.5513,558.33496,0.90218264,746.3445,498.9329,0.68008256
6594,786.4435,573.7378,0.8927984,815.75616,558.8574,0.92478794,747.2127,499.31583,0.6220258
6595,786.7212,573.7961,0.9060238,815.8946,559.04865,0.9380892,748.34796,500.59558,0.31582764
6596,787.36255,574.2949,0.8932373,815.9088,558.89276,0.9435641,749.46423,500.3002,0.42534962
6597,786.6373,574.2145,0.88005406,815.5038,559.39966,0.9250977,748.97107,499.80585,0.72520804
6598,785.3233,573.6501,0.85680455,814.16394,559.6669,0.8995475,747.4038,497.93723,0.8690125
6599,783.03613,572.0451,0.85262126,811.3791,556.73615,0.9629517,748.6985,494.1997,0.8099867
6600,780.81415,569.0847,0.91204226,808.3379,552.85583,0.9037125,752.28937,489.08328,0.7525617
6601,779.00867,566.0785,0.91775453,804.00055,549.1102,1.0,754.4398,481.68787,0.79074347
6602,775.57214,563.8186,0.944024,802.3089,546.1055,1.0,753.4072,476.7352,0.8630142
6603,773.1324,561.693,0.96196246,799.8586,543.4082,0.9401491,750.00183,470.90298,0.7703434
6604,770.6311,558.4441,0.8997186,796.43115,539.2638,0.9230684,747.49866,465.74786,0.73676336
6605,768.7138,554.2785,0.92902607,794.8287,536.3761,0.89837533,743.96796,460.70996,0.4757158
6606,768.2681,553.98206,0.8900774,793.8653,535.05255,0.9461959,735.94714,461.46542,0.7538599
6607,768.5021,553.00684,0.8879635,793.94446,534.2808,0.9841241,726.9352,467.20587,0.90501404
6608,768.7763,552.9817,0.929442,794.2562,534.17426,0.9943549,720.3802,474.92822,0.84030646
6609,768.5651,552.0457,0.92580193,794.7269,534.10187,0.9911795,716.4862,484.62338,0.7101572
6610,769.0416,551.9738,0.93182945,795.5178,533.33075,0.98476285,708.2908,493.28998,0.79291135
6611,769.45355,551.0314,0.93995756,795.95886,531.4215,0.99009365,703.6457,500.53036,0.67894554
6612,769.524,550.93146,0.93187237,796.4453,531.4163,0.9609055,700.9699,505.23196,0.84697133
6613,769.93384,550.4977,0.94466925,796.584,531.04926,0.98613375,701.31836,506.5141,0.82536143
6614,770.104,550.4515,0.9523112,796.8198,531.4968,0.9823423,701.352,507.21182,0.8284053
6615,770.465,549.72406,0.96572715,797.3355,531.5275,0.9739042,702.5382,506.1184,0.7943957
6616,770.8511,550.181,0.9725134,798.3877,531.794,0.9480806,705.80664,505.0092,0.71651363
6617,771.0458,549.9402,0.98698777,799.1207,532.2123,0.9145891,708.22125,502.0411,0.74113595
6618,771.8984,549.5729,0.99867636,800.1122,532.6468,0.89583844,711.574,499.3343,0.8309842
6619,773.00226,549.08417,1.0,801.3486,534.08887,0.92126924,714.3379,498.19098,0.8413385
6620,773.4574,549.30743,1.0,802.5851,534.9359,0.9206257,717.60785,497.1212,0.82842827
6621,775.65796,549.6183,0.95478296,804.7917,537.0919,0.9112567,720.80206,496.4721,0.7802132
6622,778.4677,549.8882,0.9713957,808.5934,538.46216,0.88021517,724.98846,496.84933,0.79747784
6623,781.56964,550.63196,0.9696811,811.2668,540.01654,0.969602,728.36816,495.78406,0.8009362
6624,783.9869,551.70886,0.9085954,813.58795,541.154,0.9639692,731.9797,496.10492,0.7973156
6625,785.54675,552.62006,0.9476078,816.5713,542.2222,0.9244868,736.6864,494.89468,0.8999139
6626,785.70294,554.0764,0.96211004,816.7166,543.499,0.9223468,738.46356,494.6095,0.88772964
6627,785.22986,554.61,0.97514194,816.9705,545.26807,0.97010636,740.1396,494.55035,0.8906468
6628,786.04224,556.5913,0.95505303,817.5982,547.1495,0.9687125,743.00824,493.83063,0.902146
6629,785.9304,557.8365,0.9335205,817.8694,548.6555,0.94027835,744.7765,494.88058,0.7777163
6630,786.6752,560.04834,0.9472751,818.2895,550.3036,0.9231779,747.7691,493.67703,0.8285738
6631,787.09204,560.97375,0.97935396,818.017,550.6675,0.9242965,749.73987,490.5317,0.9000384
6632,787.14905,561.77435,0.9857709,818.5159,552.8783,0.8884235,753.56494,488.82172,0.7775912
6633,787.0096,562.3614,1.0,818.8425,554.10046,0.89514595,758.5109,483.38528,0.79523605
6634,787.0883,562.8529,1.0,818.7919,554.8511,0.92096597,767.839,479.64212,0.83493483
6635,786.9337,562.49097,0.9792492,818.4322,554.26825,0.9047541,778.541,474.4177,0.9284362
6636,786.6915,562.24365,0.9677889,818.28265,553.4982,0.88691777,784.8359,472.61777,0.7432961
6637,786.5767,560.7146,0.9688924,818.10455,553.18335,0.898966,794.1226,471.9967,0.7046184
6638,786.87067,562.2404,1.0,817.0169,551.82886,0.9053097,801.2318,471.67587,0.6508193
6639,783.12384,558.92554,0.92499465,813.69543,549.9369,0.9907077,805.3249,470.28622,0.806234
6640,780.0925,556.6172,0.8899983,809.86646,548.83923,1.0,806.0514,468.26816,0.7545719
6641,775.7301,552.8886,0.85299355,806.46027,546.2531,0.9929763,804.10394,466.53488,0.80281955
6642,772.28174,550.5791,0.98430604,803.14136,542.84955,0.99063,801.1789,465.04868,0.7606491
6643,769.69305,549.14374,0.9657943,800.6139,541.935,0.9587376,796.8363,462.16418,0.836649
6644,769.15015,548.27985,0.9454674,800.3545,542.0466,0.9405286,794.4074,461.13962,0.8418005
6645,769.19025,548.4352,0.89871186,800.3188,542.6942,0.93721956,792.22656,459.3133,0.75772023
6646,770.0852,549.3649,0.97067326,800.2352,542.48474,0.9437698,788.0422,457.72488,0.5935467
6647,769.2799,550.1841,0.9612316,799.74316,543.60956,0.9556789,779.8939,456.56784,0.7335564
6648,770.0493,549.31793,1.0,800.1606,544.6854,1.0,772.26385,456.5241,0.69820297
6649,770.2842,550.17834,1.0,800.0789,545.28906,1.0,766.87,457.415,0.73914486
6650,769.81244,550.3831,0.9875745,800.092,546.0051,1.0,764.47723,457.65768,0.83208585
6651,770.0646,550.48724,1.0,800.40137,547.6232,0.9820675,761.2015,462.68787,0.8552546
6652,769.9472,551.188,0.97311574,800.3887,549.36053,0.95408696,759.84766,465.63885,0.78441566
6653,769.89484,551.45953,0.95677876,800.63226,550.347,0.9546358,758.3082,467.43457,0.8898549
6654,770.1649,551.68665,0.9553664,801.16315,551.4911,0.9151432,756.6516,470.21423,0.827085
6655,768.80786,553.2844,0.9295298,800.96655,552.8752,0.8858362,754.6236,472.8305,0.7415496
6656,768.2104,554.9556,0.9566458,800.59357,554.3416,0.92304736,758.32733,471.84924,0.8466095
6657,768.4161,555.76434,0.94695455,800.4989,556.79095,0.9266354,760.70435,473.15207,0.88137925
6658,767.5858,557.4421,0.8897819,800.10065,559.15735,0.91026765,762.97473,474.48886,0.9722636
6659,768.0005,559.10364,0.9102178,798.9542,561.73987,0.9323752,763.954,476.47885,0.95608354
6660,768.3488,561.057,0.9774664,799.1692,562.79865,0.94220704,765.56683,478.2098,0.9113733
6661,767.848,562.89746,0.9718532,798.59717,565.0004,0.9530216,766.3995,480.8256,0.91900957
6662,767.8614,564.5611,0.97537273,798.45514,565.89417,0.94190925,767.7193,482.32178,0.8759892
6663,768.07697,565.6212,0.96064925,798.5103,567.1549,0.90032107,768.91705,484.44156,0.86925244
6664,765.66693,566.2157,0.9724862,796.9957,567.96423,0.9383366,769.2343,484.80347,0.8753169
6665,764.7001,566.1879,0.9916782,794.96515,568.23267,0.91320336,768.07404,484.47385,0.8241876
6666,762.5035,566.02356,0.9919073,793.20966,567.88586,0.88519555,769.0531,483.54742,0.8364663
6667,761.53656,565.54486,0.9790109,791.2033,567.8528,0.87988293,771.60724,482.5332,0.8428306
6668,761.13556,565.64923,0.95872515,790.92804,568.3787,0.8632434,773.3096,482.62915,0.8958039
6669,760.28125,565.86365,0.94428235,790.66034,568.2866,0.8792702,774.5305,482.40817,0.89590347
6670,759.63074,566.1426,0.9674239,790.41266,568.6695,0.89251137,774.72156,483.27682,0.8619847
6671,758.1342,567.3247,0.9708478,789.98267,569.0449,0.9323439,775.344,484.2254,0.8083228
6672,756.46893,568.83136,0.9791128,789.90796,569.422,0.97534245,775.0091,484.8698,0.7984314
6673,755.68866,569.0471,0.96506715,789.34393,568.97485,1.0,775.4168,485.20035,0.78709316
6674,755.4488,569.5813,0.99081266,788.2149,569.43036,1.0,773.8111,485.01355,0.8334887
6675,754.42004,570.18304,0.9883611,786.94836,569.5958,1.0,772.39246,485.54962,0.8329177
6676,753.6157,570.1843,0.9900783,785.83716,569.66516,0.9751136,771.0862,486.30103,0.81219625
6677,752.97485,570.2695,0.98213434,784.97766,569.2268,0.93984395,767.68475,486.6845,0.78064644
6678,752.3855,571.17365,0.9821252,784.42786,571.53375,0.9586735,762.64764,486.42026,0.8528473
6679,752.05695,571.87964,0.97890717,782.70135,572.0315,0.97289866,759.1152,487.59067,0.8742388
6680,751.72833,572.4271,0.9806963,782.36896,572.4945,1.0,756.57166,488.69745,0.8522706
6681,751.0477,572.69934,0.9355156,782.0158,573.1411,1.0,753.34155,490.5395,0.92178756
6682,750.58215,573.12445,0.9412543,781.6242,573.3044,0.9941077,744.711,492.93494,0.9860449
6683,750.5256,573.7817,0.92552173,781.0671,574.5816,0.9729325,741.3487,495.42114,0.8934569
6684,749.6396,575.2633,0.9351725,780.0867,575.5091,0.9684795,741.1002,495.89044,0.8770789
6685,749.0002,575.952,0.9677368,779.431,575.8442,0.97650766,740.1882,497.01242,0.8792243
6686,748.1981,576.7823,0.9899008,779.18866,575.5694,0.9732702,740.06744,495.96982,0.8969468
6687,747.4836,577.27686,0.98800296,778.6259,574.4502,0.9700562,742.4227,494.21136,0.92935216
6688,746.1137,576.8444,0.95741457,778.2639,571.0649,0.9696673,745.8279,490.45425,0.97940385
6689,744.1242,576.9225,0.8861937,776.79596,570.5549,0.88061184,747.6545,486.9171,0.8318677
6690,743.35876,576.64734,0.8970005,774.9769,570.1035,0.8588748,749.4482,484.41608,0.924754
6691,742.6501,576.39655,0.8292786,774.56714,567.917,0.83993036,754.2666,479.617,0.8844027
6692,742.0727,576.1939,0.8192784,773.9824,567.4006,0.86753505,757.9731,477.6489,0.85703015
6693,742.2749,574.8704,0.8656046,773.2811,567.5905,0.8626578,759.09094,476.47333,0.873738
6694,741.7844,574.93616,0.8360209,773.0251,567.02985,0.87266105,759.2918,476.78592,0.88561416
6695,741.2709,574.672,0.8834432,772.56055,567.5097,0.8571586,759.42883,477.32306,0.872661
6696,740.85284,574.9552,0.8883993,771.73804,567.5324,0.87734354,759.6007,478.36328,0.85341215
6697,740.4151,574.5602,0.8738521,771.94653,567.08734,0.8754477,758.9669,479.05237,0.8470353
6698,740.309,574.0571,0.97774106,771.4194,567.0815,0.9184161,756.4319,479.12442,0.8910793
6699,740.1416,573.8052,0.9781951,771.0026,566.548,0.9308649,753.07074,478.70673,0.9559133
6700,740.1015,572.45,0.9791455,770.6426,565.36694,0.9322799,747.16327,478.46265,0.9852958
6701,739.70636,572.0975,0.9858871,770.5205,563.95264,0.9718611,746.00775,478.7901,0.9629908
6702,739.5778,572.4839,0.9906612,770.11707,563.2226,1.0,745.91864,478.9627,0.93834317
6703,739.46906,571.915,1.0,769.8802,563.06354,0.9880106,748.2782,480.24664,0.94774014
6704,739.4151,572.18884,1.0,769.71075,562.97687,0.9793225,751.4198,479.04773,0.94179535
6705,739.6779,571.7625,0.9919507,769.5812,562.07513,0.98066556,752.66644,478.41922,0.9593382
6706,739.8715,571.265,0.97721696,769.76166,561.43146,0.9785765,752.6817,477.162,0.93453795
6707,739.74493,571.18695,0.99287885,769.82556,560.4774,0.98170507,751.567,476.90723,0.94614875
6708,740.4119,569.67377,0.9421553,770.41064,559.69714,0.9550832,748.014,477.63336,1.0
6709,740.83997,567.79755,0.9229092,771.1789,559.49426,0.92340237,745.1162,477.78958,0.98269725
6710,741.2185,566.70886,0.9638321,771.8868,558.7676,0.9260475,740.6446,478.9673,0.96226394
6711,741.6737,566.80115,0.9653198,771.86835,558.026,0.96211773,734.65186,480.64496,0.9301619
6712,741.3872,565.3516,0.9774936,771.6526,556.8816,0.95046383,729.96277,482.27032,0.9921196
6713,741.6809,564.2793,0.9631052,771.71564,555.78564,0.9344707,725.5751,483.281,0.9318486
6714,741.77924,563.26337,0.93676394,772.14935,553.7615,0.9185073,722.4901,484.53864,0.9044183
6715,742.18475,562.6172,0.8855345,771.91595,551.7,0.92425627,719.3115,486.0222,0.9027605
6716,742.51337,562.42645,0.8900128,772.077,550.8982,0.95440394,716.90027,487.31116,0.9049164
6717,742.60205,561.50726,0.8874566,772.2119,550.5871,0.98933715,715.7264,489.35992,0.9271679
6718,742.6229,562.15076,0.9391279,772.3976,551.3099,0.9750399,714.85803,490.86838,1.0
6719,742.8071,562.1095,0.91818374,772.9185,551.933,0.9360891,713.05664,492.92142,1.0
6720,743.4488,562.02826,0.9432101,773.392,553.2694,0.92739373,711.9953,495.6985,0.9107599
6721,744.26624,562.9973,0.97465044,773.43616,554.05365,0.9430241,710.5413,498.8056,0.91278845
6722,743.4345,563.2859,0.9885065,773.29095,555.29016,0.9645793,708.7654,500.08527,0.91221964
6723,743.4506,563.62396,0.98452735,772.9942,556.2939,0.96826965,708.3855,500.46143,0.90439606
6724,743.2387,563.8209,1.0,772.94226,557.2372,0.94795805,708.29333,501.76035,0.89876765
6725,744.7483,564.31055,1.0,772.92505,558.6703,0.93462974,708.18744,502.08652,0.9008585
6726,744.8028,565.01556,0.9832898,773.1587,559.1092,0.9251397,707.5908,502.04504,0.87549907
6727,745.2008,565.7104,0.9829814,773.1086,560.0908,0.90717787,707.00323,502.81253,0.89287156
6728,745.2984,565.9965,0.9732433,773.1394,559.4787,0.89532155,705.7479,502.87708,0.87745667
6729,745.55676,566.01575,0.9908204,773.0172,559.2216,0.9084443,704.8951,503.4734,0.84404236
6730,745.80005,566.62,0.95083374,773.0967,558.67535,0.9183381,704.45325,504.30304,0.83280706
6731,746.15814,566.4093,0.96471506,773.1659,558.4025,0.93033546,704.24664,504.81656,0.796434
6732,747.17834,566.6636,0.95361024,773.86914,558.5309,0.93530864,704.8432,505.08008,0.7617116
6733,747.5988,566.548,0.9801412,774.67316,557.879,0.94176656,703.44135,506.47308,0.80671716
6734,747.8498,566.9328,0.97350955,775.0896,557.5934,0.93227357,701.4988,509.01923,0.91138256
6735,748.6215,566.905,0.95650214,776.4553,556.76935,0.9224383,699.16486,514.0031,0.91738904
6736,748.85657,566.5763,0.9880281,776.4831,553.69006,0.9458242,694.72656,520.21124,0.7505715
6737,748.08386,565.9048,1.0,774.98175,549.64813,1.0,689.8958,532.19385,0.56056815
6738,749.01605,565.48486,1.0,773.38574,546.7681,1.0,686.3698,543.8083,0.8237086
6739,749.50323,564.7862,1.0,771.3964,542.1075,1.0,685.58685,554.341,0.82189643
6740,749.3846,564.14996,0.98609954,770.5271,539.7949,1.0,686.4081,563.1902,0.8273361
6741,749.88904,563.52856,0.9615786,769.4017,537.985,0.9844905,687.4581,567.3858,0.73498785
6742,749.96643,563.4489,0.9835858,768.3045,537.37036,0.97131556,687.9091,571.7172,0.77793235
6743,751.4571,562.50183,0.9551578,766.9528,536.47125,0.9694219,688.6416,574.50134,0.7998251
6744,749.9745,562.39703,0.98136634,765.6812,534.716,1.0,687.1931,577.36554,0.7820853
6745,750.2933,562.00195,1.0,764.8806,533.1548,1.0,686.8817,578.5682,0.8249402
6746,750.1906,561.45734,1.0,763.73596,532.3953,1.0,686.5381,579.21735,0.84249985
6747,749.89954,560.82104,1.0,763.50006,531.4838,1.0,687.1713,579.2104,0.8233598
6748,750.31,560.22815,1.0,763.44995,531.0336,1.0,687.79425,579.27936,0.7887449
6749,750.39307,559.81824,1.0,762.2412,530.1162,1.0,689.1904,579.3766,0.77970004
6750,750.65765,558.44366,1.0,760.4214,527.81256,0.9794149,690.5621,579.9963,0.7308398
6751,751.4983,557.21564,1.0,759.66925,526.65826,0.9479317,691.77527,579.91113,0.7723504
6752,751.1226,556.37274,1.0,759.7403,525.1779,0.9810432,692.5173,580.00256,0.73289144
6753,750.8976,555.59174,1.0,759.90076,523.2616,1.0,693.5241,580.46606,0.76693
6754,750.5921,554.3093,1.0,759.34485,520.6883,0.99045706,694.5257,580.78705,0.73585904
6755,751.75037,551.26385,1.0,757.65515,519.3308,0.98338956,695.69763,580.62427,0.5485613
6756,751.93677,550.39856,1.0,756.3482,517.6679,1.0,697.6887,581.7524,0.5827819
6757,751.75,549.0226,0.9973088,755.45,516.73975,1.0,698.62976,582.21313,0.6154583
6758,751.41705,547.8873,0.9849027,754.83417,516.1929,1.0,699.3074,581.93066,0.60011476
6759,750.0439,547.559,0.9829792,754.4322,515.55634,0.9997737,698.762,582.9127,0.5924022
6760,749.10425,546.66956,0.98465997,753.8197,515.0162,0.99946076,697.2229,584.0245,0.59082174
6761,748.526,545.7816,1.0,753.21686,514.4216,1.0,695.7908,586.4649,0.6194997
6762,748.24896,545.148,1.0,752.2936,513.62836,1.0,694.2444,586.36285,0.6167979
6763,747.79553,544.2936,1.0,751.7961,512.6003,1.0,692.6562,585.85443,0.60689616
6764,746.50745,542.8857,0.9869413,751.2923,512.1176,0.9734041,691.9884,586.1857,0.5405853
6765,745.37634,542.0009,0.9568457,750.1657,511.25143,0.92933357,690.8303,586.8778,0.5111325
6766,744.2911,541.2702,0.95991164,747.7924,511.66547,0.93393236,691.38153,588.12103,0.46627375
6767,743.85486,541.1508,0.988743,744.8263,511.96478,0.9219299,692.21893,588.50433,0.49648473
6768,743.1148,540.73096,1.0,743.0017,511.95544,0.95838094,692.6185,588.9937,0.50824225
6769,742.3758,540.06165,1.0,742.4208,512.02594,0.9612092,24.9513,889.15533,0.4445739
6770,741.59766,539.122,1.0,741.0908,512.06683,0.95868653,243.45367,183.74237,0.31432477
6771,740.5748,537.59216,1.0,739.852,512.1353,0.95461774,243.88443,183.42662,0.38181284
6772,739.95514,536.7424,1.0,738.99243,511.31244,0.90920395,243.96956,183.36397,0.35585815
6773,739.6126,536.36096,1.0,738.80914,509.5361,0.89432704,243.96431,182.20639,0.30776754
6774,739.48486,535.94385,1.0,738.98517,508.85025,0.8952078,244.14366,182.2563,0.29651156
6775,739.5182,535.38684,0.99056077,738.2509,508.45828,0.8965792,244.41873,181.90195,0.29626864
6776,740.25433,535.05133,0.96558654,737.6179,507.30908,0.89211303,19.802,891.2825,0.49180046
6777,740.4996,534.8516,0.9621833,737.4936,506.46777,0.8746502,19.40348,891.67957,0.38822383
6778,740.74976,534.39154,0.97648805,736.7466,505.83792,0.85403764,19.265184,890.6885,0.20153205
6779,740.7495,534.14185,0.97602576,736.89764,504.0603,0.84331673,247.4715,179.95619,0.16427033
6780,740.6767,534.52374,0.97291666,736.65497,504.0,0.8324676,699.21313,591.0604,0.094511196
6781,740.73474,534.7527,0.9631861,735.78973,504.532,0.7587108,20.59529,889.69867,0.104934245
6782,740.63873,535.0604,0.91578716,734.8373,505.31464,0.72082657,698.7401,596.5503,0.078857526
6783,740.36066,535.2373,0.89504296,733.7226,506.05423,0.6942909,251.02307,180.26666,0.07229151
6784,740.4882,535.0923,0.8833457,733.3392,506.19507,0.705701,251.60196,180.015,0.10175347
6785,740.65436,535.0754,0.88247454,733.16736,506.73062,0.7699152,251.71504,180.2116,0.1050787
6786,740.7028,534.82025,0.8870912,732.6301,506.82968,0.78266674,696.8336,603.1805,0.10720347
6787,740.9571,534.7515,0.9057995,731.991,506.81903,0.78600556,697.74713,603.33514,0.2179233
6788,741.0102,534.60187,0.91608876,731.71985,507.0767,0.79768485,698.9499,603.00006,0.22285178
6789,741.04254,534.8507,0.9156688,731.26117,506.92734,0.77707136,699.7071,602.7889,0.25884423
6790,740.8439,533.71796,0.90817374,730.65497,507.47647,0.7770325,701.0071,603.2228,0.28357592
6791,741.04114,533.85706,0.9154551,728.3498,508.79138,0.7877613,702.13873,602.796,0.29561052
6792,741.1427,533.62775,0.9261417,727.7181,509.54047,0.8324903,703.63666,602.46814,0.34665772
6793,741.00775,533.4619,0.9309626,727.5648,509.7262,0.8502425,704.84863,602.57886,0.3336465
6794,740.7933,533.6525,0.9198818,727.2671,509.84607,0.83057445,705.92,603.2617,0.29254326
6795,740.81714,533.9644,0.9236824,726.99054,510.30945,0.8474129,707.04553,603.83167,0.22470064
6796,740.5853,533.624,0.9233691,726.65826,510.81473,0.87399465,708.30347,605.4415,0.31104735
6797,740.77356,534.1327,0.92748994,725.8723,510.61246,0.8464338,708.86884,606.0425,0.36199316
6798,740.51013,534.15106,0.940479,725.2653,510.42575,0.8546374,708.83417,606.51337,0.39616033
6799,740.51965,534.4345,0.93869275,724.3517,510.6793,0.8465005,709.3424,607.0522,0.3341193
6800,740.0971,534.3072,0.9529954,723.9585,510.7683,0.84808177,710.0215,607.2847,0.3843322
6801,739.4013,534.8,0.94155097,722.9664,511.56808,0.8702527,710.6157,607.4539,0.3876155
6802,738.8774,534.7935,0.93254924,722.13367,512.3827,0.8964432,708.91656,608.7129,0.330996
6803,736.8349,534.6009,0.92415196,721.0455,512.70593,0.88981503,706.95465,609.6543,0.22334287
6804,736.85645,534.2737,0.92069286,720.85675,513.23773,0.8745716,178.65817,224.46764,0.08098028
6805,736.50793,534.9482,0.9341121,720.2908,513.49866,0.88307625,178.24219,225.34122,0.09357205
6806,734.5979,535.1383,0.9230883,720.2136,514.20074,0.8929516,178.47661,225.26433,0.09072596
6807,733.7469,535.18787,0.9511078,719.91425,514.4682,0.90437347,694.706,611.72424,0.08863804
6808,732.6646,534.64294,0.9688899,719.58453,515.0509,0.8881571,694.2017,611.6913,0.09684961
6809,732.519,534.9528,1.0,718.83136,515.11145,0.87290734,693.64374,613.592,0.049549647
6810,732.9338,535.68134,1.0,716.2439,514.9769,0.83419365,694.0786,615.0122,0.047197744
6811,732.96716,535.8351,1.0,715.2995,515.95044,0.8378702,73.09077,962.9243,0.097110584
6812,731.48694,535.2779,1.0,714.03485,516.12146,0.83898216,178.74683,223.44954,0.06406926
6813,729.97253,534.8647,0.9827272,712.9112,516.03424,0.84851134,178.42662,224.70306,0.08292842
6814,728.8499,534.5958,0.9276065,712.14215,515.911,0.864453,74.24865,960.8366,0.13930751
6815,728.73975,535.13617,0.9040654,711.6782,515.7217,0.8925069,73.781784,962.0168,0.16192187
6816,727.77954,535.01013,0.88704395,711.5542,516.2316,0.90099555,178.81563,224.94696,0.050082814
6817,726.782,535.9156,0.879167,710.5561,516.8871,0.95518833,24.898243,909.9344,0.114858136
6818,725.77795,535.1874,0.8984842,710.0515,516.79114,0.9852011,22.946716,909.6584,0.045280293
6819,724.82025,536.9196,0.9452663,708.9161,517.2414,0.9944587,708.576,517.64795,0.052530814
6820,724.19617,537.4675,0.8709082,707.8497,517.58124,0.9644854,707.5902,518.0028,0.04551579
6821,723.78174,538.3483,0.92897147,706.8824,517.853,0.96232784,697.2317,517.3882,0.04441612
6822,723.2017,538.60266,0.95995027,706.238,518.58374,0.94855905,697.8402,518.06287,0.051178213
6823,723.1962,539.46655,0.9669878,706.0763,518.98376,0.9501192,70.95593,960.28827,0.051009286
6824,723.53064,540.29193,0.94018716,705.5656,519.3512,0.9325156,72.912125,962.31177,0.09118968
6825,722.8271,540.354,0.94964087,705.13934,519.51215,0.91298443,23.44012,909.4424,0.044244733
6826,722.275,540.75775,0.95613295,704.96484,519.4382,0.92241156,73.26559,962.51086,0.100513026
6827,721.6219,540.7397,0.9710993,704.85455,519.98444,0.9094167,71.77148,960.6227,0.05354482
6828,721.9121,541.0558,0.9680945,704.9897,519.77966,0.8991484,38.808887,942.681,0.034262236
6829,721.9476,540.8175,1.0,704.51385,520.098,0.8954362,72.14722,959.7297,0.11923981
6830,722.6487,540.8551,1.0,704.2096,520.24286,0.8525347,71.128746,958.8476,0.12395637
6831,722.6209,539.9327,1.0,704.9941,519.8434,0.9101476,70.98561,958.9935,0.09023214
6832,723.079,540.3117,0.9869013,704.6153,519.0561,0.8847591,76.75172,962.01855,0.36489758
6833,723.9435,540.64746,0.9812931,705.37274,518.8549,0.92110896,32.58143,908.8217,0.15839978
6834,724.29443,540.0105,0.9648826,705.96063,518.8406,0.8882248,77.80522,961.8704,0.15200464
6835,725.1497,539.5845,0.94940037,707.1587,518.8854,0.9303125,34.083134,909.2373,0.10386851
6836,725.339,538.9067,0.9449704,706.6155,519.52484,0.8644877,35.09252,908.5723,0.32243836
6837,726.22064,538.9884,0.9391829,707.8357,519.38293,0.9107125,35.743828,908.4709,0.2714799
6838,727.6031,539.6343,0.897191,709.3613,518.52826,0.9657472,36.257565,906.8545,0.36404106
6839,728.13086,539.81104,0.8319586,709.5461,518.45374,0.93108207,35.99304,907.3644,0.20695713
6840,728.42487,539.0849,0.7873475,710.82263,519.9259,0.8257722,180.73958,226.43228,0.040763725
6841,729.1658,538.67633,0.84647197,712.0414,519.3519,0.8786696,119.33538,1023.9005,0.13664646
6842,730.461,539.4261,0.83586156,712.7258,519.20966,0.82711786,120.24462,1026.3596,0.06854981
6843,732.0442,538.8605,0.8019475,714.8551,518.6548,0.81135005,185.23367,225.93478,0.050713964
6844,733.25946,538.2714,0.8081099,716.5285,518.49884,0.7841842,187.47179,226.42099,0.058235202
6845,734.6858,537.8874,0.8323526,718.4628,519.0034,0.8258242,85.8275,976.3345,0.069296524
6846,736.9907,536.93506,0.91909677,720.4163,518.4492,0.91650873,1315.7354,806.5227,0.33769032
6847,736.9788,536.152,0.9489227,721.4653,517.72736,0.9661565,1315.546,805.4641,0.48468062
6848,737.6303,535.92474,0.9111384,721.84045,516.5935,0.9672367,1316.9642,803.9378,0.4247639
6849,739.9593,535.12177,0.8021886,723.4318,515.8397,0.9389548,1318.6063,803.6028,0.4012722
6850,740.54913,533.8843,0.80727,725.38556,515.5659,0.93609667,1321.6785,803.6229,0.5979502
6851,741.6784,533.1477,0.79790646,726.5757,515.33936,0.87587315,1322.3691,803.0319,0.6283376
6852,743.15204,533.5066,0.8277069,728.3018,514.6761,0.8470737,1323.7804,802.2015,0.7149662
6853,744.9737,532.85864,0.8565509,729.5888,514.9249,0.78064775,1325.272,801.94727,0.6998265
6854,747.04987,532.77423,0.8643223,730.639,514.8783,0.7152322,1327.527,801.7539,0.54720485
6855,749.78723,533.3803,0.8137683,734.83124,514.5349,0.7683748,1330.3385,801.757,0.61693114
6856,752.4397,533.64404,0.85303926,735.66345,513.10406,0.80084246,1332.4883,800.7029,0.5183072
6857,754.4761,532.59674,0.8568847,737.4611,512.45233,0.7881953,1333.7876,801.7978,0.38046584
6858,756.5549,531.07654,0.82734084,739.34033,512.75275,0.75689626,18.365839,396.22073,0.3458995
6859,758.4956,530.1404,0.8458955,740.96014,511.60703,0.7650432,19.937162,394.25375,0.46395367
6860,760.07837,530.03314,0.9494669,741.94836,510.34903,0.8823095,20.498371,394.52924,0.49086913
6861,763.36505,530.6322,1.0,743.675,508.76978,0.8301894,1355.778,803.9943,0.5572075
6862,764.9287,530.0846,0.9864248,745.01227,508.17307,0.7952601,1359.4932,803.50415,0.5530581
6863,766.8703,529.11426,0.93762356,749.7197,506.55862,0.7917925,1360.796,802.85944,0.64955485
6864,769.0463,528.6179,0.928636,752.5994,504.48117,0.8886418,1353.7051,799.1398,0.52243286
6865,771.9677,527.5051,0.9772022,753.5884,503.94934,0.94767874,1366.5009,803.5747,0.5493394
6866,773.5797,527.75964,0.95153385,755.9633,503.3978,1.0,1361.6243,799.27234,0.651765
6867,774.1837,526.2808,0.9874684,756.51984,502.9651,1.0,1364.1504,799.0498,0.657699
6868,775.4848,526.7201,0.9562927,757.88696,502.83356,1.0,1361.6509,795.498,0.59677917
6869,777.18695,525.3846,0.93992966,758.2845,504.34372,0.957792,1364.1515,795.3989,0.6283091
6870,779.6226,525.2632,0.95915246,760.417,503.99564,0.87195617,1366.1152,794.9006,0.61660683
6871,780.87,525.3305,0.9154908,761.0551,504.61032,0.84563774,1372.5555,798.01355,0.56148404
6872,781.539,524.35187,0.8567924,763.6008,504.4648,0.8402849,1384.5619,803.18317,0.5468631
6873,783.2253,525.43134,0.90428025,766.8702,503.57272,0.94220626,1380.5067,798.8584,0.60904145
6874,785.26447,525.63666,0.9221122,768.49896,503.71198,0.9528354,1371.3993,790.8238,0.5210286
6875,786.01196,524.73,0.9512778,769.79956,503.64056,1.0,59.66524,961.9225,0.54423064
6876,786.70465,524.64526,0.8365135,771.3649,503.07196,0.99742633,1381.9617,794.61176,0.52698046
6877,787.24725,524.34247,0.84820914,772.7658,502.92993,1.0,1386.6885,796.7688,0.5608332
6878,789.006,524.40924,0.8282692,773.3485,502.6077,0.9795153,1379.4619,789.50995,0.5230255
6879,790.0871,524.5365,0.8364939,774.09955,502.3734,0.9775844,1381.1014,789.07574,0.4159713
6880,790.2529,523.65704,0.7875195,774.8788,501.7987,0.95243317,1380.9841,787.5188,0.52903986
6881,791.5148,523.22723,0.8256869,776.33813,501.63235,0.9247468,1382.285,787.3395,0.59968615
6882,791.5742,522.2932,0.82825285,778.01337,501.8971,0.9162902,1384.284,787.73486,0.5516206
6883,792.6854,520.63196,0.8381368,779.38776,501.63144,0.8819812,1384.7605,786.5627,0.677778
6884,794.30664,520.6992,0.87825227,780.521,501.27487,0.87817794,1385.7842,786.2789,0.6992804
6885,794.8426,521.25226,0.87118113,782.9259,501.1059,0.9457266,1387.2322,785.95856,0.70553714
6886,795.6532,520.5377,0.8529979,784.1172,500.313,0.96542853,1388.0682,785.7909,0.67205375
6887,797.19073,520.2728,0.87274384,785.2202,499.73575,0.98998386,1389.191,785.46234,0.6544672
6888,799.34985,520.1178,0.82709414,785.37616,498.57065,0.98385,1389.0568,785.28735,0.59281695
6889,799.3796,519.6713,0.84411156,784.68536,498.27277,0.9331415,1388.878,784.8394,0.58538896
6890,799.77563,518.78735,0.88780475,784.14264,498.2917,0.8869383,1389.1038,784.4146,0.60026413
6891,800.49585,517.5206,0.8768015,784.02,498.0068,0.8241113,1389.9314,783.92126,0.5078828
6892,800.0688,517.51953,0.87267464,783.96844,497.51392,0.82534224,1399.3181,785.5536,0.4788808
6893,799.4654,517.3778,0.8976171,784.1225,496.42593,0.8422449,696.9427,515.76587,0.5877807
6894,798.32336,517.8348,0.88953596,784.66675,494.86642,0.87716794,693.43353,510.3486,0.6445395
6895,797.64343,517.09326,0.8886616,784.3784,493.29492,0.8862762,691.86383,503.62137,0.57846755
6896,795.64886,517.2493,0.8860515,784.68964,491.04138,0.86985296,690.8407,498.73828,0.53108746
6897,792.98175,517.1673,0.85057896,784.7159,488.80923,0.8260217,687.79944,495.4951,0.73507345
6898,791.88715,515.73395,0.7790312,785.06006,487.3854,0.83089715,685.2046,496.25266,0.7727233
6899,790.6672,513.7778,0.7058869,784.8824,486.17603,0.8692723,683.8165,496.74423,0.756318
6900,788.91205,512.3599,0.7481435,785.25024,484.83826,0.934891,684.0708,496.57318,0.6757636
6901,789.1995,511.64606,0.78330225,784.9446,483.95062,0.9718243,683.8027,496.7687,0.634361
6902,788.992,510.1349,0.81275934,784.853,483.34637,0.9495813,684.0403,496.57907,0.6090225
6903,788.475,507.9369,0.8101339,785.1678,481.92496,0.90293217,685.0652,496.178,0.59281063
6904,788.75867,507.57153,0.8122979,786.10895,480.8132,0.951294,686.9392,496.53146,0.5486127
6905,789.8763,506.73364,0.7513464,787.27405,479.54355,0.96481925,117.27017,1023.8629,0.39434692
6906,790.587,507.35504,0.8044438,788.8447,476.5145,0.9155627,691.7016,497.6288,0.43825606
6907,791.7562,506.0403,0.7649763,792.5811,474.6391,0.9123583,693.7354,499.70743,0.51744103
6908,793.2681,505.16913,0.7613628,796.54047,474.93112,0.8761169,694.3652,501.94684,0.4066479
6909,794.6538,504.23618,0.7847518,798.9426,474.14218,0.77224576,1417.9486,780.03503,0.48064607
6910,795.9283,503.59863,0.758819,801.4506,472.51886,0.860189,1421.3657,780.8351,0.40056363
6911,799.5633,503.81638,0.6895986,802.69745,471.76904,0.8435355,1422.9038,780.3369,0.27458754
6912,800.665,505.19876,0.731634,804.2707,473.55106,0.85663027,1434.7673,787.72644,0.3441351
6913,802.34186,506.5628,0.8521399,805.81506,475.0454,0.9072008,700.12714,478.52603,0.62461615
6914,802.2116,507.90158,0.87113744,806.6223,478.06726,0.92562467,705.66455,472.09253,0.5416333
6915,804.03076,509.9078,0.84368354,808.8444,479.87024,0.9145358,708.0888,467.63092,0.63211733
6916,803.6459,511.26685,0.7661008,810.74335,480.90158,0.9518462,712.5244,463.8659,0.69571036
6917,803.8265,512.55133,0.78049237,812.7592,482.17947,0.982549,716.34393,461.57483,0.8301233
6918,806.5865,514.094,0.85551804,814.66315,483.24237,0.9822572,720.9178,457.77737,0.6996927
6919,807.9305,515.53204,0.8034683,816.0946,484.61755,0.9634675,723.6563,455.02188,0.67769426
6920,810.339,517.08954,0.82426244,817.7372,485.95276,0.9354035,725.76886,453.42047,0.6659014
6921,810.8395,518.2719,0.79924506,818.86926,486.46887,0.9155813,729.91113,453.30002,0.6250296
6922,811.4428,519.2594,0.77737445,820.0315,487.63977,0.9122961,732.3741,452.9676,0.7271584
6923,811.05975,520.6409,0.8273505,820.3742,488.50385,0.9304083,733.4788,452.99152,0.659742
6924,811.6093,521.91315,0.86799,820.66064,489.47974,0.9486758,733.9456,453.29868,0.66718566
6925,812.0218,523.64215,0.88209283,821.3943,491.64755,0.9491794,735.91064,453.0904,0.73840845
6926,812.3243,524.3855,0.91446704,821.54614,492.94067,0.9675979,737.65985,452.41583,0.7546955
6927,812.4529,525.00903,0.92420393,821.67017,493.46857,0.9784661,739.70056,450.17197,0.7980067
6928,812.10126,524.86633,0.92501324,822.30457,494.0796,0.94451183,742.4396,447.93536,0.8586334
6929,811.64716,524.20966,0.88663596,822.17596,494.67236,0.94097704,746.86176,445.19916,0.91070426
6930,811.47253,523.717,0.8051807,822.5398,494.78418,0.91007,749.62354,440.65686,0.8093998
6931,810.3586,523.07935,0.7843061,823.49817,494.1637,0.84051603,754.65314,437.8783,0.74641454
6932,809.7258,521.4165,0.76582104,823.6868,492.2893,0.812876,757.9483,433.94943,0.7794013
6933,810.473,520.31665,0.74151,823.77386,491.97678,0.7828335,762.14417,430.19846,0.8022768
6934,810.3369,518.9401,0.7410061,823.2487,490.34204,0.80145985,765.2858,426.27493,0.6995518
6935,809.4572,517.07605,0.7831374,822.99225,488.19785,0.86294514,769.2726,425.4257,0.5703093
6936,806.5969,516.6868,0.78210574,823.37213,487.84158,0.8554202,771.2867,423.22165,0.6544775
6937,806.7318,516.54,0.79118234,824.5911,488.53937,0.7958944,771.78625,419.93076,0.76585996
6938,806.10736,515.8337,0.83266646,826.48114,489.66336,0.7583365,769.76855,417.96396,0.8269495
6939,805.49945,515.13965,0.86238664,826.987,489.03708,0.8462304,763.73425,418.24045,0.8340163
6940,804.5945,514.66583,0.8483156,827.13116,488.3381,0.8633531,758.5072,419.65784,0.75384784
6941,803.3156,513.668,0.75334734,827.1027,487.63895,0.8718068,752.96674,422.94394,0.66907287
6942,800.9805,511.25635,0.74987155,825.7772,487.69168,0.874465,748.852,423.08105,0.71035206
6943,800.4748,510.9402,0.8089542,825.2961,487.48465,0.89238507,747.1095,422.8816,0.73814964
6944,799.68884,510.4905,0.8475741,824.7052,487.56256,0.89143497,747.696,420.0681,0.78572094
6945,798.3614,509.9989,0.8640153,822.5196,487.12396,0.93557626,748.69745,416.91583,0.7536086
6946,797.0905,511.10522,0.8568413,820.7618,486.66248,0.93983644,751.26324,413.11346,0.7325609
6947,796.73865,511.43448,0.85825384,820.47894,485.55258,1.0,755.2565,411.289,0.5945109
6948,795.7871,511.86917,0.888445,819.47034,485.08188,1.0,758.2379,408.2444,0.5551826
6949,794.5599,511.62836,0.87123126,819.1801,485.68018,1.0,96.12173,1007.5056,0.39343864
6950,794.5232,512.18994,0.8748119,819.2833,486.40732,0.98941183,765.3992,406.39777,0.5062021
6951,793.7996,513.40796,0.8524907,818.5718,486.51904,0.97114724,771.76965,405.34683,0.46309385
6952,793.0525,513.1138,0.8368954,818.5516,488.74445,0.905312,775.34924,402.7363,0.6239306
6953,792.55164,514.1915,0.83290046,818.3831,489.66245,0.9155044,774.5323,402.4549,0.6682533
6954,791.1137,512.5733,0.81600755,818.00104,490.5991,0.9151296,772.9317,402.1276,0.61347896
6955,790.7525,512.6559,0.8593448,816.9873,489.69617,0.9115262,772.033,401.79184,0.5066576
6956,790.1778,511.87048,0.857037,816.9857,491.32278,0.9289555,772.85156,401.34164,0.36845967
6957,789.58044,512.476,0.8551936,816.7128,491.67383,0.9109699,94.65729,1011.9941,0.4665838
6958,789.50696,512.29193,0.8756034,817.52106,492.53607,0.9440703,771.53955,401.21198,0.48229405
6959,789.5169,511.9603,0.86342806,817.8856,492.73654,0.9481117,771.5135,401.69888,0.51390195
6960,788.6043,513.1108,0.83713377,818.32837,493.2576,0.9660881,771.99603,402.08102,0.4705748
6961,789.2244,511.79095,0.8299067,819.09576,493.62164,0.9565669,774.21893,401.1387,0.3972732
6962,789.0922,513.1194,0.8460809,819.73004,494.15613,0.9549971,776.2592,401.44894,0.5002946
6963,789.06433,513.5556,0.86807793,820.3947,494.9724,0.93068033,779.5407,401.58755,0.5146526
6964,789.6992,513.3598,0.8695801,820.632,494.85504,0.9109029,783.3821,400.54852,0.6565598
6965,790.0281,513.6931,0.8623382,820.8794,496.4268,0.9153562,788.75134,399.4572,0.67639375
6966,790.2074,514.0087,0.8702052,821.2406,497.3041,0.92829883,794.6687,399.36978,0.8125991
6967,790.0033,513.9635,0.90144724,821.6108,497.89243,0.92705935,801.18616,399.6535,0.8225007
6968,790.4057,514.4266,0.88090074,822.2158,498.45114,0.9047832,807.487,401.28986,0.77882683
6969,791.3185,514.3827,0.87702215,822.8392,498.9646,0.8823554,811.5856,402.5176,0.85316503
6970,793.34247,514.5261,0.93078315,824.5349,499.7853,0.9179577,813.25665,403.75732,0.7971203
6971,793.7763,514.79407,0.95140594,825.25964,500.5766,0.9264811,813.449,403.339,0.84210485
6972,795.01575,514.43164,0.91710156,826.71576,500.82724,0.84683573,814.79395,403.0752,0.810592
6973,795.7716,514.26117,0.9264805,827.87085,501.2274,0.86122817,816.2272,403.2036,0.7889814
6974,796.60284,513.30475,0.87529296,828.9637,501.29367,0.7806756,817.5279,401.4688,0.81077754
6975,797.6461,512.5274,0.8291856,830.8291,501.0456,0.7048983,818.4804,400.5299,0.7797184
6976,799.366,509.8054,0.84445125,831.88245,500.7744,0.75089353,820.5827,401.77893,0.82974494
6977,798.68854,511.61307,0.82017076,831.8736,500.66663,0.714331,824.716,402.03424,0.79508805
6978,799.5662,509.53848,0.88155687,832.5533,501.4816,0.7283587,829.79083,402.87973,0.76904655
6979,799.8939,508.25232,0.8987797,832.57745,501.7337,0.7362034,837.7294,403.6188,0.81082356
6980,800.20953,507.7807,0.8914409,833.0102,501.8181,0.7631494,845.8262,406.59378,0.6014023
6981,800.5345,507.31912,0.8944358,833.49005,502.1135,0.7964119,854.1652,409.90088,0.6127269
6982,800.5186,506.4766,0.8777085,833.78986,502.50974,0.8048875,857.3684,410.9739,0.7117919
6983,800.6984,506.72794,0.85820436,833.6472,504.2779,0.8156,857.6144,412.00623,0.79218096
6984,800.1155,506.9253,0.80132896,835.29175,505.65222,0.83367854,856.96716,412.88687,0.79765594
6985,800.4884,506.87433,0.78278226,835.65894,505.2954,0.78236437,855.6587,412.67877,0.7023678
6986,801.5283,506.84402,0.80957824,836.05756,506.7512,0.79981256,854.4123,413.35333,0.6683489
6987,802.55927,507.5774,0.83329976,836.04205,507.83362,0.8172581,854.5608,415.1688,0.61989075
6988,802.99475,507.9931,0.85009557,836.57733,508.61115,0.8550442,855.1051,417.11838,0.6873318
6989,803.6031,508.37772,0.8696539,836.8928,509.6856,0.8710789,856.8443,418.61493,0.7685703
6990,803.65045,509.68625,0.87821716,837.02795,510.70285,0.84826404,858.7055,421.1141,0.6804957
6991,804.6054,510.3105,0.9046787,836.96277,512.31165,0.8624652,861.5543,423.2587,0.5954258
6992,805.05115,510.17273,0.94292384,837.8732,512.8502,0.8144116,866.25226,427.25385,0.52748907
6993,806.6712,510.9666,0.92511743,838.5039,513.2843,0.8359063,1378.3613,921.9934,0.673386
6994,808.9008,511.49075,0.8933098,840.7104,514.087,0.8460104,1376.2878,925.7079,0.65441
6995,811.34845,511.66196,0.9422539,841.2419,515.3737,0.8643807,1372.4215,926.85925,0.8713234
6996,812.8557,511.19733,0.9315589,842.76416,514.91034,0.867173,1370.3909,929.0043,0.75592417
6997,816.4926,511.80026,0.91639197,845.74097,514.68384,0.94014454,1368.5815,930.25604,0.6793252
6998,819.52637,512.3684,0.97980136,847.8421,515.18445,0.9496105,1366.6055,932.17346,0.53916323
6999,821.93146,512.98395,1.0,850.83276,516.3628,0.9976221,1365.1063,934.49426,0.4810408
7000,825.73615,512.6619,0.9879305,853.57104,516.3592,0.97706324,1364.1484,936.2363,0.42076227
7001,827.72046,512.20404,0.98212004,855.34174,517.77997,0.8932323,77.32859,998.5205,0.3719915
7002,829.7086,512.5206,0.9130781,858.39435,519.25214,0.83672005,920.6471,453.66425,0.60273784
7003,831.28394,512.4355,0.82228565,860.15045,520.2128,0.7846953,923.6801,452.65176,0.5368492
7004,832.92194,513.153,0.80730754,861.7764,521.2997,0.7328435,924.38947,452.23566,0.40785396
7005,832.97546,514.60406,0.8071175,860.6093,524.63074,0.8047175,922.99603,451.6627,0.44503972
7006,832.3462,516.0708,0.7325832,859.28644,527.832,0.8588769,921.69366,452.20746,0.47661993
7007,831.6062,518.0113,0.68307596,857.84955,530.35834,0.8967971,921.2673,452.95764,0.51164895
7008,830.8115,519.35114,0.7325051,857.10095,531.77924,0.8859293,921.10333,453.5355,0.55342084
7009,829.5627,519.8207,0.7415025,856.1848,532.7232,0.8318186,920.77826,453.38858,0.4884127
7010,828.63226,520.84186,0.7421242,855.0829,532.9617,0.83940274,38.43845,914.6526,0.64942646
7011,827.9223,522.4693,0.7897455,853.67523,535.00323,0.85712135,37.05262,912.83514,0.6446583
7012,827.1046,524.35706,0.8501152,852.6399,537.16864,0.87903535,917.7331,462.98724,0.2760209
7013,825.43414,527.0718,0.8788775,852.1631,538.56036,0.86690235,20.560608,545.3211,0.38746068
7014,823.25574,528.7341,0.87739235,849.94934,542.5456,0.91351074,912.5261,466.91275,0.49027896
7015,822.13904,530.4113,0.88646394,847.5108,544.8554,0.8811644,910.7077,468.9516,0.4647089
7016,820.2107,532.75476,0.8413958,846.9053,546.58685,0.85456836,908.3701,470.45682,0.33466187
7017,819.1069,535.9378,0.84932286,846.4421,548.8038,0.83618647,905.8059,472.52762,0.44705525
7018,817.20874,538.21344,0.88574964,844.6456,550.894,0.84563816,903.58905,475.08945,0.49288392
7019,815.0655,540.91174,0.8613083,842.2871,552.9826,0.80968237,900.58203,475.94052,0.43580154
7020,812.86664,540.99585,0.86568516,841.0959,554.71124,0.7927179,896.5878,476.29105,0.5720881
7021,812.33606,541.4829,0.89887196,838.591,556.07227,0.8526677,891.5995,475.61636,0.6831005
7022,810.6191,544.6057,0.9884276,837.87744,557.84607,0.8764342,885.7192,474.64432,0.40709808
7023,810.0533,545.71216,0.9959044,836.83746,560.0628,0.870617,879.493,473.26868,0.5148847
7024,808.9342,546.121,0.9492507,834.60535,561.9456,0.94773525,872.07886,470.6709,0.56656146
7025,808.2784,546.22705,0.90113306,833.61395,562.87494,0.93247676,866.2179,468.314,0.3432145
7026,808.8108,547.46924,0.8933868,833.3401,563.53235,0.84590846,859.3556,466.41324,0.68035805
7027,808.83905,547.8622,0.91147166,833.909,563.24335,0.80661315,853.54443,464.00708,0.4698278
7028,806.9876,548.81244,0.9082449,833.00244,563.913,0.84568316,847.7204,462.28683,0.64227575
7029,805.7241,549.0956,0.90710515,832.57605,563.67224,0.8623795,843.76514,460.55072,0.6529751
7030,804.48883,550.50543,0.8454128,831.71985,563.7046,0.8593779,840.27295,457.8873,0.560555
7031,803.23566,551.4868,0.8369755,829.84106,564.45746,0.8884501,838.8053,457.2758,0.5732945
7032,801.6207,552.8451,0.7385975,828.7043,564.9044,0.8839944,839.54675,457.16888,0.4979796
7033,798.0465,551.9539,0.7837134,826.5513,564.8406,0.90006095,838.42993,458.70123,0.4891131
7034,797.02527,552.94525,0.77369344,825.446,564.9821,0.8586677,836.3207,460.52975,0.41350648
7035,795.4683,553.08466,0.817652,822.1695,565.20996,0.85258985,831.17163,461.34174,0.71551025
7036,791.6668,552.886,0.7885651,821.2165,564.67535,0.8291704,825.7751,461.65488,0.67132026
7037,788.9577,553.52997,0.83260006,819.2134,564.37146,0.86091727,820.3541,461.67783,0.64152145
7038,786.7849,554.50745,0.8151682,817.53735,563.9565,0.81895524,815.1274,461.69363,0.64165616
7039,784.99615,553.5126,0.88362724,816.92737,562.2984,0.6396014,808.512,461.23428,0.63423425
7040,784.8947,554.57654,0.8879852,814.98474,562.15857,0.745715,802.5917,460.75952,0.58941597
7041,782.52344,553.30945,0.86481994,814.58905,560.6092,0.67653775,76.19841,935.69214,0.4353425
7042,781.4167,552.9375,0.82282233,812.8742,558.2974,0.7727729,782.95245,461.62637,0.51152676
7043,779.59735,552.3116,0.7861796,811.00726,555.6517,0.7809356,775.4258,460.7634,0.5116035
7044,777.61224,550.33716,0.861533,809.8033,554.0487,0.76521075,772.06116,459.1564,0.36204377
7045,775.488,549.7542,0.9293682,806.9061,554.0508,0.7879128,767.68634,455.87576,0.49467817
7046,772.2851,548.1558,0.99647945,805.5185,551.2974,0.8592439,69.635506,936.82227,0.43899947
7047,769.9984,546.6036,0.93498373,803.6825,548.8764,0.88988626,67.40442,936.667,0.4641792
7048,768.5539,547.61285,0.7693373,800.7718,546.6417,0.8736523,761.4956,450.34354,0.6297239
7049,765.63464,547.81165,0.8648953,797.6847,546.1877,0.91518134,754.9056,448.44962,0.68222415
7050,763.21173,546.50635,0.8516589,795.1385,546.1665,0.89484483,746.8264,449.5367,0.8497436
7051,760.7516,547.00696,0.84990865,793.4976,546.49927,0.87693584,61.731903,937.70856,0.6724667
7052,757.881,546.91174,0.8960752,790.53986,544.8647,0.87786275,731.1964,453.91858,0.79145986
7053,755.30347,547.3758,0.9232678,788.79895,545.992,0.92925304,58.800045,939.217,0.67741585
7054,753.2692,548.11725,0.87263256,786.87134,545.25867,0.8912297,717.90375,462.2402,0.78444713
7055,753.05444,548.7865,0.7614264,785.2804,545.4205,0.8752515,713.73816,465.5435,0.80471766
7056,750.148,549.7238,0.8880178,782.89795,546.34186,0.888811,55.728165,945.6018,0.77369094
7057,748.5639,550.8665,0.8953702,781.81976,547.43225,0.8963979,713.31976,465.0283,0.750929
7058,747.78424,553.8094,0.78664666,780.41,548.4259,0.8838442,711.01483,465.98276,0.6847408
7059,746.0136,555.4737,0.8202375,779.1008,550.02637,0.8351639,709.0368,467.81067,0.7611595
7060,743.8969,559.33844,0.8470438,778.09186,550.3294,0.8170236,706.3171,472.23755,0.7435687
7061,742.3343,560.9419,0.9432236,775.5036,551.1515,0.824123,702.96155,476.57855,0.8320551
7062,741.00006,562.4024,0.9646493,774.4467,553.78625,0.8359545,698.0268,483.08826,0.82821894
7063,739.5296,563.809,0.98997957,772.4899,554.7811,0.8557436,691.4522,489.71567,0.6588702
7064,738.9571,565.94385,0.96823174,770.4643,557.30054,0.8359929,687.17377,496.72675,0.8299553
7065,737.77264,566.898,0.954258,769.2664,558.2259,0.83470744,681.90344,504.18314,0.8595145
7066,736.25616,569.0898,0.87008715,767.6523,558.64514,0.8202755,675.94745,510.94742,0.8333477
7067,734.99493,570.0521,0.9054154,765.8009,558.1028,0.8787027,672.48254,518.2668,0.7799912
7068,734.9366,571.2398,0.96600616,764.04425,558.15466,0.89731187,667.8914,521.0344,0.72236913
7069,732.4004,573.76215,0.931844,760.2959,557.28894,0.87512565,663.6544,521.8424,0.7312051
7070,731.14154,576.5063,0.9073446,757.3891,555.8653,0.9377443,659.6556,521.8056,0.607956
7071,731.6533,577.0141,0.92568743,756.6174,555.1066,0.9471169,659.08405,520.1155,0.6140572
7072,733.55286,576.9284,0.8979184,757.23096,554.3593,0.91893804,658.1727,519.9929,0.5992743
7073,736.832,576.3824,0.7891689,759.44293,553.67456,0.84500474,70.17295,892.18036,0.5007714
7074,739.7884,577.01935,0.8061824,763.4873,554.20715,0.86720026,659.09564,528.9224,0.63777983
7075,744.90985,577.0633,0.84597945,766.60345,554.4733,0.87839204,11.59738,866.24384,0.43627936
7076,747.96436,576.6876,0.8926308,771.0699,553.4305,0.9016922,86.038605,889.86884,0.31448844
7077,752.3607,574.8719,0.8729864,774.40356,552.3849,0.8778206,89.5922,890.19794,0.34365356
7078,756.1878,575.4745,0.8840989,778.9591,553.113,0.90147185,29.373766,866.11816,0.13495417
7079,761.1625,577.312,0.8937116,781.866,553.2072,0.9163757,101.417336,417.09616,0.10431768
7080,764.14844,576.6186,0.8897143,787.11993,552.56366,0.86292976,102.25365,891.7726,0.19713983
7081,768.56995,576.2736,0.8559199,789.8289,551.00165,0.8681537,27.133232,9.468941,0.11872931
7082,770.63983,574.77185,0.89123005,793.0826,551.048,0.8731831,27.222881,10.16974,0.12353029
7083,772.7111,574.7208,0.9270577,794.51373,551.08624,0.8959854,685.04205,544.444,0.19124232
7084,775.08203,574.8393,0.86023706,797.05383,550.13306,0.9444664,118.13169,417.28735,0.1349167
7085,777.2893,574.2619,0.83818597,798.9249,549.1841,0.9464639,41.08826,5.4830384,0.10051344
7086,779.65466,572.1919,0.8585209,800.2881,547.8069,0.94930524,122.26966,416.42688,0.1019918
7087,784.0343,571.6061,0.85347205,803.46796,546.4033,0.93933135,127.51146,414.83032,0.14416403
7088,786.45715,568.7268,0.8456957,805.86505,544.28937,0.87079793,1531.4918,799.94476,0.068008974
7089,788.5736,566.3474,0.8747842,809.68304,542.88086,0.8799985,20.714619,603.27124,0.24091424
7090,793.188,564.6042,0.89406437,813.4074,539.68744,0.8731718,1540.1213,792.1042,0.17446633
7091,795.39276,563.4767,0.92791885,815.786,538.2275,0.8575433,137.91115,408.0821,0.07115348
7092,799.06525,561.9313,0.9009867,818.3873,535.2924,0.84627146,25.559477,597.7469,0.07451674
7093,802.0918,559.22406,0.8827171,820.7773,533.4409,0.9623854,1357.1292,1013.1861,0.08548108
7094,804.77203,557.4856,0.91845614,825.1287,532.59204,0.964042,148.03639,402.54977,0.04895154
7095,808.9915,555.408,0.8214806,828.80115,530.8515,0.9208268,1365.645,1010.2866,0.044287637
7096,811.354,554.08844,0.8460654,831.3801,530.1269,0.8309837,1366.8857,1010.1216,0.3154794
7097,815.5268,552.32574,0.80730027,833.34717,527.7001,0.821234,1370.5502,1007.96625,0.5137929
7098,817.63434,550.75476,0.89438677,835.8413,526.26996,0.8437678,1372.9294,1007.3169,0.58209944
7099,819.0266,548.7949,0.9031414,838.06616,523.2952,0.8179001,730.15173,509.50034,0.6341349
7100,821.0597,547.22437,0.930008,841.2187,520.97156,0.8464739,734.9506,505.9297,0.59069455
7101,822.0298,545.3405,0.8929674,842.38745,519.2489,0.89117247,43.375572,930.1739,0.5785166
7102,823.3221,541.8309,0.8504246,844.2177,516.3448,0.99584657,41.492905,934.7835,0.48239902
7103,824.576,537.62384,0.82390344,845.01294,513.75055,0.91661185,41.2616,933.22876,0.5918621
7104,824.9162,534.532,0.8978706,845.749,510.35492,0.8729328,1381.0903,989.95917,0.5626223
7105,824.9091,532.09705,0.91765034,845.3414,506.77805,0.8994284,1381.2378,986.2334,0.67607754
7106,825.6175,529.75415,0.91040915,845.7778,503.69528,0.9227554,1381.0615,982.9155,0.61933255
7107,825.51337,525.2675,0.87442094,846.42395,500.43497,1.0,1381.2196,979.4886,0.5114479
7108,825.6905,521.3785,0.833143,846.3008,497.95154,0.9380178,1381.5273,976.77527,0.6195858
7109,826.5276,519.0866,0.86560494,846.50916,495.92017,0.8571542,1381.4689,974.4777,0.7447267
7110,826.87604,518.7481,0.9027954,846.91785,494.9409,0.8686364,1382.0841,974.3414,0.63066053
7111,826.56866,518.2665,0.9302287,846.5027,494.4168,0.87911826,1381.7719,973.4123,0.4887827
7112,826.66833,518.0195,0.93473846,846.76025,494.3014,0.882642,43.549095,967.07336,0.44515052
7113,825.80634,517.134,0.9437196,846.14886,493.33505,0.912343,44.03997,966.6691,0.38666254
7114,825.70605,517.6626,0.90636307,845.288,492.08035,0.92332065,44.168526,966.8384,0.45593587
7115,825.3481,518.0275,0.88339156,844.38025,492.25946,0.96765965,1382.6583,972.47485,0.5325118
7116,825.34814,518.1659,0.897692,843.9539,492.2948,0.96703357,44.893734,967.3738,0.54258114
7117,824.501,520.9385,0.8266119,843.01843,494.33276,0.92000073,83.80867,974.71533,0.64334744
7118,823.5124,524.2232,0.86207104,842.7002,497.5272,1.0,83.843605,975.01154,0.6144404
7119,823.49634,527.21875,0.8936034,842.0494,499.72388,1.0,1381.8618,982.4891,0.63146555
7120,822.90265,529.84753,0.90090483,840.4151,501.26926,1.0,1382.8069,985.4929,0.67254794
7121,822.5785,530.90936,0.9138362,839.99255,502.57404,1.0,1382.3346,986.0987,0.55793154
7122,822.1048,531.0491,0.91839075,838.7554,502.55917,0.9791163,39.428078,944.53815,0.7458816
7123,821.73596,530.62384,0.9169379,837.8371,501.80588,1.0,40.108112,944.74176,0.7899795
7124,821.26196,530.5101,0.92669904,837.1211,501.50613,1.0,40.793243,944.6633,0.8374539
7125,821.14166,529.4483,0.9137055,836.92,501.08493,1.0,40.83156,944.649,0.8104783
7126,820.7637,528.85077,0.9034483,836.6032,500.753,1.0,39.95289,943.5406,0.79676473
7127,819.86633,528.8222,0.89566165,836.09033,500.36472,1.0,40.154263,944.3155,0.835592
7128,820.01276,528.6457,0.92983824,835.60297,500.2571,1.0,41.332836,945.356,0.84658396
7129,819.6264,528.60986,0.9308787,835.21313,500.2783,1.0,41.39273,944.8724,0.82196754
7130,819.6814,528.37415,0.93572277,834.857,500.04605,1.0,41.762093,944.9055,0.8069163
7131,819.4575,528.5371,0.94969887,834.0041,499.76718,1.0,41.50938,944.3728,0.84751755
7132,818.9979,528.64215,0.94584996,833.7019,499.60052,1.0,41.67194,944.17737,0.87563807
7133,818.76526,528.9768,0.94993454,833.55005,499.69922,1.0,41.97472,943.45154,0.9106436
7134,818.35425,528.67365,0.9499608,833.06,499.21335,1.0,41.836548,943.294,0.9061897
7135,818.2351,528.295,0.9508161,832.1978,498.559,1.0,42.246086,943.7429,0.9198686
7136,818.05194,528.27155,0.9515288,830.92993,498.516,1.0,42.725845,944.47797,0.9412539
7137,818.21185,528.12,0.9544809,830.57355,498.20465,1.0,42.576187,944.539,0.89615345
7138,817.6663,528.2691,0.95497775,830.34955,497.92075,1.0,42.58504,944.109,0.8605062
7139,818.0727,528.1662,0.9685947,830.0066,497.44223,1.0,41.702553,943.95917,0.8347894
7140,817.9943,528.03326,0.96417576,829.9793,496.48917,1.0,42.63296,944.8542,0.8081739
7141,818.24896,527.1112,0.9707386,829.9172,495.8348,0.98369455,42.553196,944.24854,0.73378634
7142,818.2654,527.31714,0.9657406,829.33203,495.66904,0.98160976,42.835968,944.44867,0.8290059
7143,817.88135,526.83997,0.9858418,828.776,495.5226,0.9751939,43.315956,944.6637,0.7871906
7144,817.7308,526.8647,0.97315615,827.95416,495.41797,0.9746085,43.281174,945.1124,0.8282467
7145,817.03625,527.09906,0.9570388,827.7037,495.43063,0.9688994,43.657776,945.1515,0.825927
7146,816.9699,526.7027,0.9617291,827.57715,495.56393,0.95498973,43.626377,945.10474,0.8200879
7147,816.6389,526.46954,0.9498751,827.24133,495.57278,0.95369214,43.713295,945.5281,0.86245406
7148,816.5069,526.24457,0.952709,826.88464,495.5532,0.9332598,43.323494,945.8951,0.8323873
7149,816.1984,526.7195,0.92597324,826.209,495.2206,0.9126826,43.31463,945.831,0.83826506
7150,816.0174,526.36523,0.9447179,825.08746,495.27554,0.9055781,43.542755,945.3243,0.8354153
7151,815.3029,526.1331,0.9491214,825.2749,495.4903,0.9251307,43.474648,946.0452,0.8211863
7152,814.28534,526.6727,0.94686115,824.7719,495.387,0.92470515,43.930645,945.3585,0.84581864
7153,814.4677,526.3693,0.9852746,823.1497,495.6842,0.95486766,43.074078,944.62604,0.76145583
7154,813.64636,526.4975,0.9824147,822.37964,495.5364,0.9550476,43.46961,945.503,0.7547517
7155,813.3625,526.67267,0.9664071,822.42456,495.80197,0.9643814,1383.059,987.75714,0.55203307
7156,812.9008,526.90533,0.9637818,822.0685,495.4913,0.95147324,1382.9663,987.44183,0.6444756
7157,812.81793,526.68097,0.96340585,822.0016,495.10077,0.9400243,1382.9932,987.85114,0.37677705
7158,812.7421,526.4055,0.9732627,821.8703,494.6933,0.9273636,1382.5505,987.41925,0.5238867
7159,813.151,525.5238,1.0,821.2033,494.75354,0.9304214,1382.6882,987.3982,0.43921903
7160,812.87213,525.60675,1.0,821.46906,494.686,0.9404451,1382.947,986.8234,0.5593504
7161,812.62854,524.6847,1.0,821.07416,494.69235,0.95313174,1382.7793,987.0805,0.48395008
7162,812.2747,525.28546,1.0,820.43066,494.96698,0.9461388,1382.0254,987.0453,0.29088092
7163,811.67413,525.18085,0.99336296,819.1178,494.43726,0.97385734,1383.085,987.45026,0.5483875
7164,811.43677,525.004,0.9589201,818.72345,494.42685,0.9507861,1382.8931,987.21924,0.25596103
7165,811.23615,524.91626,0.94575906,817.7624,494.9056,0.940687,1381.3625,986.284,0.46561083
7166,811.1253,525.5937,0.93124616,817.45703,495.1242,0.95008594,1382.2186,986.504,0.45790982
7167,810.83624,525.14233,0.93942684,817.3504,494.80835,0.92128605,1382.2633,987.5716,0.32498622
7168,810.39966,524.4116,0.9213383,817.4175,494.9804,0.9019113,1383.238,987.47754,0.5038385
7169,810.1354,524.3861,0.90502757,817.28674,494.9801,0.9046745,1381.6829,986.7009,0.37757933
7170,810.2045,524.41,0.91399586,817.2544,495.06775,0.887136,1382.8442,986.97327,0.47802916
7171,809.49255,525.48846,0.9214504,817.2274,495.43488,0.9334197,1382.7999,986.99335,0.6241751
7172,809.98364,525.384,0.9440821,817.11365,495.42212,0.94314975,1383.0663,987.3528,0.50677884
7173,809.886,525.6369,0.94484335,817.162,495.2847,0.93894196,1383.0015,987.23755,0.36983263
7174,809.49744,526.293,0.9364588,817.00867,495.27097,0.9504823,1382.7213,986.56195,0.43108773
7175,809.4301,526.4784,0.93108714,817.0743,495.5737,0.95697105,1383.0653,986.9201,0.41069165
7176,809.7891,526.1788,0.9351026,817.1322,495.5699,0.94231194,177.88905,909.4166,0.2858015
7177,809.78754,526.62634,0.93287724,816.8084,496.24442,0.9576174,1382.4558,987.668,0.4777231
7178,810.0289,526.24274,0.9437579,816.5271,496.94528,0.96635574,721.95917,483.32614,0.638976
7179,809.13336,526.0934,0.93053794,815.80054,496.94327,0.9375836,723.0386,478.02216,0.82969654
7180,807.8688,526.4104,0.9261944,815.06146,497.0138,0.93264633,725.22186,471.3791,0.73580533
7181,806.2568,526.7636,0.95128983,814.09595,497.14987,0.9544591,727.3452,466.76022,0.8000463
7182,804.9106,527.8372,0.9551491,813.9954,496.66586,0.9489687,730.1441,461.90573,0.8475703
7183,805.3746,527.25073,0.9530753,814.3809,496.33206,0.9422367,732.15875,457.442,0.76908714
7184,805.1413,526.96625,0.9534896,814.83344,496.13336,0.9180507,733.93854,455.00446,0.7248461
7185,804.9827,527.15436,0.96316975,815.1252,496.28098,0.9384628,735.7118,453.17502,0.7162511
7186,804.8078,527.3847,0.9596093,815.07904,496.4653,0.94432,738.7479,450.7842,0.76074684
7187,804.7519,527.497,0.9511202,815.31885,496.23517,0.9391114,741.1884,448.93646,0.7354876
7188,804.7675,526.9896,0.9689804,815.6145,496.0121,0.95925814,745.09204,447.29083,0.7280499
7189,804.79895,527.1037,0.9653615,816.3253,495.8756,0.99704695,747.1384,446.60626,0.7627137
7190,805.30817,526.6261,0.9732265,816.6232,495.37106,0.9817383,750.59143,445.32434,0.6409095
7191,805.4242,526.36084,0.9626135,817.01556,495.16864,0.97800213,754.8656,443.4898,0.4754543
7192,804.47046,527.04474,0.93960553,816.878,495.93094,0.9965419,1382.797,987.44403,0.54112613
7193,803.2304,526.5737,0.8818215,817.11646,496.28085,1.0,763.1973,439.8856,0.49485394
7194,803.5992,527.2004,0.8992347,817.2494,496.16705,0.9947131,1382.8932,987.6894,0.55037683
7195,804.0046,527.33594,0.9290517,817.13837,495.90897,0.9978016,1382.2659,986.97076,0.44190642
7196,803.5027,526.6589,0.9265893,817.28766,494.92215,0.9586281,769.58307,436.40973,0.41886917
7197,803.52295,526.57355,0.90903085,817.24426,494.95575,0.9386601,770.01495,433.61926,0.64372766
7198,803.33307,525.5792,0.94832224,817.281,494.59363,0.9212105,770.2894,430.9338,0.72656924
7199,802.01556,524.75757,0.9477703,817.5085,494.3104,0.9279761,767.71515,428.50528,0.73017716
7200,800.1792,526.6368,0.88442904,815.19025,497.95938,0.9994773,763.96906,427.61816,0.6213162
7201,796.9257,529.4247,0.9672436,813.67084,500.13605,1.0,768.0884,426.46082,0.6052766
7202,794.9632,530.57,0.99236137,811.88745,501.51788,0.9822493,1379.5276,998.5847,0.5100813
7203,793.08215,532.41693,0.934163,809.79987,505.05624,0.90104234,774.9246,427.59033,0.6573242
7204,790.1282,533.8548,0.8504571,809.19586,507.47516,0.9039747,776.8561,429.94647,0.7519153
7205,787.2219,538.393,0.8605373,806.68964,509.53683,0.8181873,777.92035,432.34006,0.7456384
7206,785.5124,540.40704,0.8937716,803.7272,513.471,0.908717,777.1784,433.05856,0.78133035
7207,783.6416,542.38403,0.8630075,802.8398,514.65924,0.9693098,775.7975,434.8259,0.72903776
7208,781.1805,543.74945,0.8185093,801.8427,515.7251,0.9787015,42.23327,939.0085,0.7126974
7209,779.4661,544.85175,0.85375226,800.1405,516.44525,0.9365151,771.24475,437.8843,0.7428802
7210,777.60693,546.6647,0.87524265,799.9269,519.5825,0.8616211,771.3405,439.83643,0.7409684
7211,774.4192,547.62524,0.8857183,798.2277,521.60364,0.89109993,771.41364,441.0455,0.7076389
7212,772.97504,547.6956,0.84708136,796.0182,520.3871,0.8018388,772.6382,443.11154,0.6991456
7213,772.0484,548.6563,0.88340074,795.8242,522.5171,0.8918795,775.09595,445.1866,0.81486815
7214,770.5719,550.2435,0.85555536,795.04596,523.9665,0.85647124,777.7168,448.63025,0.8480122
7215,770.0898,551.0558,0.82377654,794.5541,525.8097,0.8216859,780.0621,449.86658,0.8739009
7216,770.0125,551.27264,0.827962,795.1488,527.2491,0.81775707,783.3445,451.33914,0.72353053
7217,769.9474,551.42664,0.8253898,794.9267,528.25214,0.8319595,787.0404,453.24316,0.69909334
7218,769.85724,551.6042,0.84205514,795.3993,529.2953,0.839061,789.14484,453.1667,0.6587423
7219,769.56714,551.7162,0.8248934,795.92444,530.0983,0.87142664,791.5259,452.88492,0.67039484
7220,769.3345,551.5738,0.8021193,796.41156,530.456,0.8431269,793.48804,452.98062,0.65745616
7221,769.2737,551.17865,0.8274985,796.9242,530.75525,0.87542754,794.4398,452.96497,0.5547443
7222,769.4103,551.3288,0.8201081,797.0734,531.04614,0.8860215,795.6935,451.8253,0.6846885
7223,769.6744,551.39667,0.817159,796.9056,531.5855,0.8921183,796.08856,449.84076,0.86616516
7224,769.32495,551.45636,0.8053599,797.0202,531.7002,0.8482693,795.99335,447.1718,0.812128
7225,769.27936,551.63336,0.7810426,797.70435,532.9591,0.814249,794.5017,445.08636,0.7838169
7226,769.2878,551.54974,0.74827546,798.2918,533.15924,0.7703859,794.9615,443.94632,0.7446703
7227,769.6754,553.02954,0.6686325,799.138,534.564,0.7002261,799.0875,446.417,0.7875462
7228,769.3331,555.10925,0.6462716,799.08044,536.94025,0.69173735,803.53784,449.51266,0.7175504
7229,768.97614,556.8389,0.83354676,798.4518,539.2644,0.8476303,806.24445,452.01105,0.6833849
7230,768.74097,558.2877,0.76541203,799.3322,540.5817,0.8180061,808.1494,454.45352,0.6176736
7231,769.23346,561.0428,0.7080413,799.73816,542.814,0.73750323,808.14703,455.78354,0.7251847
7232,769.37036,561.5952,0.7822436,798.842,545.64636,0.81534487,807.8125,457.55212,0.757841
7233,769.94476,562.4469,0.82204956,798.9049,546.6567,0.85375077,808.20184,459.63596,0.73442703
7234,770.15076,563.07275,0.8309992,799.43665,548.3181,0.7590245,808.6057,461.08743,0.8211839
7235,770.01776,563.95856,0.8330198,800.1046,549.1967,0.7045427,809.6075,462.16638,0.7984966
7236,770.157,564.87646,0.8983231,800.2962,550.34125,0.77319455,811.22253,464.32404,0.6590415
7237,769.87317,566.3325,0.91356766,799.6771,552.42474,0.79915273,813.2882,466.36478,0.72702456
7238,769.41876,566.8818,0.89864814,799.4799,553.4534,0.79530096,816.4768,469.67114,0.6279467
7239,768.9647,567.759,0.8663565,799.061,556.25336,0.8413465,818.27496,472.7926,0.5396814
7240,768.17535,569.2261,0.7769555,799.1288,557.48425,0.74222904,819.8762,475.89066,0.5438765
7241,767.6098,571.7185,0.8224106,797.6158,560.6338,0.8314789,226.16121,1020.79816,0.5207125
7242,765.83386,573.7541,0.769696,795.715,561.57245,0.85785884,226.28836,1018.42865,0.5850942
7243,763.4723,576.4402,0.733411,794.5174,562.63055,0.8129006,814.99976,478.80923,0.6603233
7244,761.72064,578.0801,0.7982803,791.471,563.02704,0.82895726,813.4826,479.10846,0.7186503
7245,758.8049,577.9824,0.64951724,790.1446,563.56146,0.7941031,810.8142,479.88174,0.73199457
7246,756.63617,578.4324,0.72714967,788.17676,564.0325,0.7772965,809.68713,479.69937,0.72892207
7247,755.165,577.96265,0.6518732,787.0701,563.96686,0.7369744,232.20776,1016.62103,0.6650068
7248,753.73694,576.73505,0.7563677,784.8922,563.0605,0.76952887,233.90207,1016.9438,0.6632484
7249,751.9489,576.8247,0.73611075,783.74347,562.9244,0.73751295,234.74307,1016.92926,0.60515106
7250,749.9621,576.5295,0.72167116,782.19934,563.91003,0.7455688,236.12498,1017.32477,0.58349425
7251,748.7652,576.52924,0.6636349,781.3721,563.3673,0.7244517,236.54391,1017.55963,0.569694
7252,747.5024,576.07574,0.65781265,779.63116,563.62054,0.77290505,237.61827,1018.3277,0.50065565
7253,746.95807,574.6993,0.7085782,778.0658,563.49396,0.8023471,237.77368,1017.6038,0.57589346
7254,745.39325,573.76654,0.70316523,777.0505,563.1443,0.82831335,238.97704,1017.69116,0.6475654
7255,744.27405,571.74695,0.7165568,776.6468,562.23584,0.79003197,240.67317,1017.5422,0.626091
7256,742.21155,571.1332,0.7885913,774.5797,562.38727,0.8410399,803.70074,481.90555,0.68715644
7257,740.74286,570.9976,0.75851226,772.75867,562.0601,0.85434216,803.5124,481.603,0.64675707
7258,739.7966,569.94037,0.8176052,771.5536,561.35175,0.89762336,243.32845,1017.5733,0.5020926
7259,739.0567,568.47504,0.83842045,771.28564,561.08386,0.8651459,803.05945,480.82425,0.5283048
7260,739.1256,566.99304,0.8509467,772.9557,560.0176,0.732338,804.68555,480.97516,0.6674522
7261,739.0221,564.5105,0.8752209,773.1881,558.60986,0.74131864,806.62354,481.17465,0.6516372
7262,738.73065,563.56055,0.88756067,772.7158,556.4619,0.7298055,809.5537,482.14087,0.6878658
7263,738.2817,562.89935,0.8923884,771.80566,553.1955,0.7887257,811.2954,482.82703,0.6842921
7264,738.26135,562.29736,0.85341966,771.17584,552.11194,0.742006,812.98254,483.86713,0.6407382
7265,738.10187,561.3353,0.855408,770.6729,551.6632,0.7602536,814.8708,484.7196,0.57844687
7266,738.6008,560.6128,0.8325691,771.5439,549.89246,0.83564895,815.59357,484.565,0.5902156
7267,738.40424,560.03296,0.78706455,771.6724,549.42426,0.81897897,243.67462,1017.3104,0.5190809
7268,737.9823,558.6318,0.78282624,771.99066,548.8638,0.8480922,243.71259,1017.26556,0.55674404
7269,737.9701,557.7844,0.8441193,771.5372,548.3621,0.87652165,243.7126,1017.52686,0.5502114
7270,738.2477,557.07544,0.8663787,772.04584,549.7741,0.8598186,816.4628,480.1303,0.5025962
7271,738.37695,556.28235,0.8699102,771.7741,550.4375,0.8303354,813.6094,472.92322,0.60217226
7272,738.0266,555.4222,0.8220723,773.5501,548.63495,0.84751004,811.9735,468.65112,0.5670443
7273,738.2421,554.7865,0.80448246,774.206,547.13293,0.8162877,809.43396,465.26987,0.59358895
7274,738.95483,554.11475,0.82286525,773.9227,546.9034,0.8382252,807.88586,460.94183,0.6366616
7275,739.9595,552.3573,0.8516659,773.89984,546.65735,0.85201025,805.15753,457.59848,0.65727496
7276,740.1283,551.4379,0.8540223,774.4822,545.8337,0.8173528,801.4847,456.61786,0.7154313
7277,740.7321,550.9751,0.8842687,775.1521,546.18506,0.8050658,800.9758,456.11847,0.75072324
7278,740.87604,550.24896,0.87967,775.72546,543.7254,0.7337456,802.0996,456.42245,0.76405066
7279,740.5922,550.006,0.8830156,774.4144,544.652,0.81854445,803.0819,456.9381,0.72748566
7280,740.03955,549.49805,0.91114396,774.4569,541.39124,0.8121732,804.47736,457.40976,0.7408424
7281,739.0472,548.1397,0.94616574,773.2106,544.1636,0.882389,807.33923,458.49783,0.7842385
7282,738.8053,548.0433,0.93381065,772.79803,544.4428,0.9063546,809.21204,460.62927,0.73973036
7283,738.6908,547.6676,0.95931524,772.0874,546.16077,0.9565133,811.09436,463.45502,0.7065565
7284,737.9066,548.5043,0.9674329,771.2167,546.7007,0.94517773,812.4653,466.19684,0.5196961
7285,737.3298,548.9515,0.9431719,770.37085,548.2002,0.8960924,811.7035,465.7832,0.6411824
7286,737.08673,549.6541,0.9325793,769.88776,549.2973,0.8673624,809.00183,465.08,0.6500478
7287,736.52313,550.1578,0.92247057,769.434,550.2477,0.86195946,807.4253,461.723,0.5864339
7288,736.5114,551.0052,0.8987372,768.63837,550.8363,0.8441598,805.45386,460.24722,0.6059259
7289,735.748,551.6599,0.8195011,767.8563,552.13214,0.7710381,803.63873,460.1563,0.60389996
7290,734.5915,552.7313,0.7985558,768.2812,553.24835,0.81983525,804.6403,461.23386,0.54764605
7291,734.743,553.1837,0.80320865,768.1468,554.06,0.86092573,805.61615,465.5627,0.7141067
7292,734.04065,554.628,0.8026216,767.90814,554.44666,0.8641216,807.0499,467.48026,0.7319876
7293,733.7908,556.06805,0.8131402,766.5191,556.3693,0.87740195,809.1406,471.3028,0.5895386
7294,733.0241,557.0638,0.79805684,766.3585,557.84717,0.86037415,809.63135,475.32407,0.39575556
7295,732.2767,560.2168,0.8202607,764.54016,559.8933,0.89560664,811.09064,478.53168,0.56932855
7296,732.2797,560.98895,0.88472354,764.7455,561.7929,0.89574254,810.84033,478.9935,0.64991045
7297,731.8568,560.77216,0.88841105,764.68585,562.6797,0.8878297,809.3817,480.77545,0.4714159
7298,731.05676,561.66504,0.9165137,764.72345,563.62964,0.86593443,810.30707,481.6687,0.68113446
7299,731.3476,562.9755,0.9089927,763.7281,564.542,0.90318793,811.48975,484.73407,0.5053668
7300,731.4697,564.3609,0.8897858,763.3677,565.7088,0.89057165,812.3152,487.59805,0.43609223
7301,731.29846,566.45605,0.7956943,762.7653,567.1454,0.81726164,813.5012,491.66345,0.5803522
7302,730.3215,567.85974,0.7401795,762.8532,568.49194,0.7744606,813.8083,494.8747,0.6485629
7303,730.39124,568.15155,0.79324305,762.3133,569.9384,0.81572694,813.3872,497.48212,0.6875951
7304,729.97797,569.0956,0.768143,762.27875,570.408,0.8150771,813.5629,497.76935,0.75264645
7305,729.6932,569.70044,0.76285917,761.9047,571.02246,0.83461684,813.93494,497.73224,0.7195166
7306,729.7991,570.1944,0.7574676,762.10004,572.37164,0.8471775,814.9849,499.37802,0.7010981
7307,728.83057,570.6371,0.72034454,761.7743,574.1783,0.80051136,815.8659,500.92834,0.5582837
7308,727.4728,571.929,0.72944564,761.3179,576.00696,0.78269005,97.43,1008.7399,0.42504138
7309,729.2627,572.4649,0.7424086,760.5822,577.65344,0.829945,820.0693,507.392,0.49072462
7310,728.6567,573.73865,0.7465616,760.5131,578.2988,0.8318303,820.6539,512.23627,0.40963444
7311,729.42615,575.3991,0.7765675,760.50476,579.2582,0.86914974,820.5901,514.88324,0.57727295
7312,728.90857,576.10864,0.78227395,760.58997,579.61237,0.86004955,821.1082,518.2694,0.62779987
7313,728.9096,576.01935,0.775516,760.3315,580.53705,0.86185884,822.3196,519.833,0.6264578
7314,729.25323,576.0249,0.7720785,760.5053,580.80963,0.84801835,821.3742,518.8058,0.5785702
7315,729.56195,575.90753,0.77958435,760.8034,580.5367,0.8615427,820.7853,517.32886,0.6393549
7316,730.2353,575.14764,0.79360795,760.9592,580.5453,0.87654835,821.45776,516.1621,0.58236814
7317,731.0349,573.7898,0.7986477,761.2661,580.01013,0.8746874,821.19867,516.05005,0.5609906
7318,731.3252,573.1493,0.79798037,761.99884,579.7565,0.8597067,821.386,518.0337,0.65045416
7319,731.40375,572.96783,0.79083157,761.7101,579.4255,0.8618528,822.94904,519.9623,0.6711842
7320,732.1609,572.2429,0.8025025,762.2811,579.5955,0.87999856,824.4409,522.0641,0.75997436
7321,732.01855,571.61414,0.80905205,761.9314,578.7001,0.87981445,825.00024,523.1001,0.6442997
7322,731.98413,570.685,0.80581623,761.93384,578.12524,0.8971177,826.2933,525.3058,0.7964611
7323,732.7582,570.21063,0.8208692,762.6989,577.5125,0.9021581,826.5733,527.40485,0.778993
7324,732.58185,568.2493,0.77492183,763.21783,577.1174,0.8911291,826.9327,527.05457,0.7775614
7325,733.15466,567.5836,0.8314627,762.8127,575.86316,0.88666743,829.56476,524.2111,0.7988008
7326,734.19336,566.0491,0.8607149,763.3887,575.1812,0.8795407,94.30685,1013.5547,0.5244469
7327,734.9428,565.06934,0.83689505,763.7455,575.1702,0.8766497,94.96817,1013.7161,0.40603396
7328,736.1292,564.276,0.80618846,764.51965,574.55865,0.86768574,94.111084,1013.67816,0.4864344
7329,736.5238,563.5416,0.8458471,765.06744,573.1566,0.8534804,94.57056,1013.90076,0.4588067
7330,738.0172,562.45966,0.8915426,765.94385,571.06836,0.795656,94.392944,1013.77045,0.49822533
7331,737.6744,562.1236,0.86749405,765.451,570.96814,0.8225963,94.6346,1013.6033,0.45743266
7332,737.89307,561.3767,0.8785388,766.6364,570.87744,0.8234409,93.94549,1014.1265,0.57786006
7333,737.5806,560.84717,0.85609436,766.7848,570.57275,0.8190797,94.54844,1013.66473,0.4210413
7334,737.86194,560.0218,0.85018665,766.941,570.48096,0.81452477,96.47439,1013.613,0.27801797
7335,737.9702,559.59985,0.8578902,766.642,569.8664,0.7908521,95.112816,1013.26654,0.2636442
7336,737.5051,557.82526,0.8543369,765.82,568.55005,0.78476816,95.99379,1012.7158,0.34814212
7337,738.15063,556.3632,0.8960692,766.3978,567.1818,0.8384131,94.17136,1011.5081,0.54902685
7338,737.8198,554.7419,0.7982519,765.8555,565.51825,0.8729693,842.6022,512.1528,0.50361973
7339,739.0737,553.5746,0.838342,766.25244,563.99133,0.89587873,842.824,514.6169,0.53567797
7340,738.8781,550.9994,0.8600345,766.2386,562.94275,0.914182,843.6411,514.8326,0.57974917
7341,738.465,549.539,0.85142815,767.1015,560.40955,0.89612126,844.3438,515.36597,0.5435654
7342,739.2252,547.1965,0.86623275,767.3936,558.78876,0.8807636,846.21533,514.5406,0.6043823
7343,740.4316,544.6548,0.9037437,767.74884,555.7811,0.87608653,847.0393,510.3486,0.4294034
7344,740.0764,542.51074,0.9029935,768.28735,554.6698,0.85089564,848.1281,508.57254,0.4065569
7345,740.31415,540.6434,0.9336647,768.3618,553.641,0.8628332,849.50586,505.7352,0.30695334
7346,741.58453,540.1342,0.88490796,768.6616,553.1536,0.8377214,850.66223,504.61862,0.32284012
7347,742.5835,539.939,0.8879351,768.9566,552.78796,0.8443516,850.7356,503.28998,0.1608847
7348,743.2826,539.5091,0.87576026,769.43243,552.8844,0.858915,35.936848,935.0843,0.17194071
7349,744.09174,539.2909,0.8949157,769.9729,552.8966,0.8775329,850.4574,500.03772,0.31364536
7350,745.3,538.61115,0.9213436,770.958,552.7883,0.90069836,849.1633,497.4617,0.4182644
7351,745.6893,538.0263,0.92210114,771.77386,552.8022,0.91056365,848.2734,493.04617,0.45506302
7352,746.4019,537.95544,0.9161504,772.5526,552.7046,0.91540605,845.94794,489.81738,0.43206826
7353,748.7664,537.64703,0.92749166,773.3211,552.35834,0.91179115,844.8552,486.20593,0.40612713
7354,748.9163,536.9313,0.9040019,773.4016,551.5867,0.89769405,843.1175,482.8641,0.60649115
7355,749.651,534.7417,0.92331123,774.11444,550.02655,0.8475671,842.33496,478.884,0.49811295
7356,750.87604,533.9677,0.89632505,774.5966,549.34546,0.92769235,842.1291,474.501,0.5802427
7357,750.4058,532.91595,0.8953688,774.9278,547.75696,0.92879444,844.06525,472.37198,0.4644445
7358,750.6778,532.2926,0.8545312,774.98065,546.8428,0.9134601,848.584,477.25845,0.39487767
7359,751.1211,531.3267,0.8893184,775.7493,546.5456,0.91213125,254.51224,1001.1236,0.1820602
7360,751.05994,530.751,0.90625215,776.80756,545.88983,0.9502145,854.9342,484.27225,0.51446617
7361,751.06256,530.65186,0.90515715,777.2985,545.6599,0.93687695,856.1364,487.4752,0.47490755
7362,751.147,530.39404,0.9076206,777.6408,545.77167,0.9352847,855.7482,489.3351,0.55896205
7363,751.79706,530.2738,0.9070199,777.6548,545.5674,0.950947,856.3476,493.80844,0.5815693
7364,751.70856,530.20825,0.90614027,777.59454,545.6803,0.95722455,856.93146,497.6723,0.46644694
7365,752.77423,529.8072,0.8959512,777.86505,545.50555,0.950422,857.2442,497.95203,0.5300441
7366,752.9657,529.7296,0.8990368,778.25104,545.5462,0.95031816,858.2439,498.73563,0.5211768
7367,751.5205,528.9994,0.91468954,777.14795,545.98816,0.9432664,856.5544,499.50052,0.61277884
7368,751.1148,528.5679,0.90483695,776.2897,546.07776,0.9061765,854.9661,499.83328,0.59856015
7369,750.18427,529.05096,0.95801765,775.4016,545.67816,0.87264234,854.00806,502.9328,0.6148327
7370,748.90814,530.40106,0.9759334,773.3235,545.8827,0.95783305,852.0134,506.58847,0.7008392
7371,748.1952,533.1644,0.95755404,772.32556,548.06445,0.94099575,851.5368,511.2554,0.6951692
7372,747.12286,534.5659,0.9520109,771.177,549.7467,0.94903195,847.87964,515.9925,0.6898538
7373,745.57745,536.82965,0.9186973,769.9318,551.5558,0.9166269,847.4468,519.6472,0.6074446
7374,743.24695,538.06555,0.92233676,768.78467,552.69385,0.8953639,846.3684,522.5668,0.78161585
7375,741.32697,539.54486,0.9565939,767.5301,553.77216,0.84274143,845.06824,524.4405,0.9143931
7376,740.3784,541.25775,0.97796243,766.71704,555.00745,0.8419063,844.665,525.55853,0.91180354
7377,740.6685,541.323,0.9663202,766.20544,555.68207,0.8677669,848.17206,525.7155,0.7571126
7378,741.2556,541.3652,0.957926,767.08954,556.1611,0.85939735,851.6507,525.9182,0.62776476
7379,741.5869,540.3362,0.9506268,767.30347,555.81964,0.85942155,851.9793,522.59265,0.69424593
7380,743.52264,539.38855,0.91378564,767.3921,556.1256,0.8659325,853.7821,519.85406,0.292359
7381,745.9415,538.7379,0.89000946,767.7389,556.0272,0.87960964,855.58734,517.2259,0.55690646
7382,746.76514,538.25085,0.8832932,769.15393,556.89703,0.8970558,855.7175,515.0326,0.688106
7383,748.18195,537.93567,0.86203486,770.2563,556.5621,0.8872407,856.35406,513.6782,0.69589925
7384,748.7352,537.43884,0.86605996,770.4589,556.2967,0.8846514,857.37573,514.0705,0.5561
7385,748.64966,537.27527,0.8646332,771.2181,556.3265,0.8881237,859.6107,516.5062,0.5581924
7386,748.4686,537.29803,0.8482426,771.54517,556.2195,0.88757616,860.00433,521.2297,0.5811652
7387,748.73944,537.2325,0.8544154,771.4726,556.23987,0.8987569,858.43085,527.46655,0.7376853
7388,748.4522,537.16785,0.8553465,770.6235,556.32697,0.8806977,858.5972,530.88544,0.79530096
7389,747.45575,537.0076,0.8553741,770.1863,556.3597,0.8695296,858.3002,530.77313,0.7193049
7390,746.9918,535.8361,0.8395358,768.6016,555.6718,0.8500727,855.51245,527.72253,0.61305964
7391,746.31665,534.2732,0.8659398,767.5287,554.72906,0.8350883,855.61896,523.30334,0.7419999
7392,745.44293,533.3585,0.86914605,766.9364,554.145,0.8259247,853.2421,518.93787,0.62390554
7393,744.07855,533.34204,0.8602937,765.7789,554.05676,0.8414764,851.6316,514.9217,0.6297375
7394,742.3785,532.8717,0.8761295,764.70374,553.77386,0.84927005,69.828255,1001.06134,0.45217583
7395,741.5761,531.89655,0.90089464,763.55444,553.97064,0.8523575,848.574,508.50156,0.5950606
7396,741.189,531.5175,0.9099708,761.3917,553.8926,0.8543041,844.71954,504.69272,0.6466208
7397,741.2074,531.42993,0.92054534,760.7322,553.8552,0.8401314,843.006,501.23352,0.59738296
7398,741.3821,531.3576,0.9309396,760.1728,554.14966,0.8555457,838.79504,496.56656,0.66428274
7399,741.286,531.50916,0.94532794,760.3113,554.2504,0.8535455,834.84973,491.0646,0.5238826
7400,741.6884,531.346,0.93278325,760.4385,554.67255,0.8618223,830.0426,486.04736,0.5464921
7401,741.9769,531.0201,0.9085807,760.2243,554.6742,0.8367073,826.1867,481.53314,0.853354
7402,742.9473,532.0375,0.90884954,761.6393,554.7614,0.82563424,821.4481,477.70145,0.77080536
7403,744.1665,532.56616,0.87804717,764.1232,554.9806,0.8217761,816.2932,473.25244,0.7533175
7404,745.29224,531.97095,0.91759086,765.699,554.75037,0.80571306,811.3442,468.1072,0.8503964
7405,745.83875,532.046,0.93122923,766.8239,554.21124,0.8278199,805.7014,463.37848,0.8376574
7406,746.9871,531.78784,0.9504687,768.40094,552.4454,0.7938675,798.674,459.47934,0.8789098
7407,747.2498,530.5342,0.95436436,770.0639,550.70715,0.8423752,793.0803,454.84314,0.87731874
7408,747.5058,529.17395,0.93456763,771.3379,548.8312,0.85092145,787.476,450.31256,0.8292513
7409,746.9325,527.9062,0.92239803,772.3283,545.9513,0.8574076,784.3617,445.8,0.91168886
7410,746.9271,525.9383,0.945312,772.70044,543.0445,0.85676426,782.07715,441.15512,0.792911
7411,746.9013,524.29004,0.9575493,772.785,541.04706,0.9111435,784.45416,438.95117,0.720472
7412,746.1624,523.2912,0.96784425,772.67035,538.88727,0.919651,783.536,437.28787,0.7733009
7413,745.1024,522.0676,0.9380719,772.1775,538.33685,0.8839776,783.7783,436.81027,0.8051547
7414,743.376,521.296,0.93334466,771.7235,536.85693,0.86008596,787.21204,435.86124,0.856707
7415,741.7786,521.02277,0.9777283,770.3331,536.13916,0.86133,788.5954,436.22525,0.8624965
7416,741.3357,521.57355,0.9804076,770.1119,535.1925,0.88712054,787.7072,436.14804,0.86845857
7417,740.50653,521.1051,0.95751745,769.7702,534.23553,0.87924963,786.9347,436.08014,0.8768623
7418,739.85016,521.3341,0.9854388,768.47534,533.5194,0.89161205,785.2797,436.1341,0.8576301
7419,739.3901,521.1121,0.9733155,768.12506,531.9746,0.79181904,781.92,435.00284,0.88743424
7420,738.7765,521.0306,0.9655872,767.80914,531.6251,0.7700629,778.42944,434.53882,0.91978973
7421,738.6614,520.20496,0.97398704,766.5798,532.0399,0.725259,774.0251,433.8018,0.8238272
7422,738.5135,520.0685,1.0,767.705,529.298,0.7046045,766.4062,432.3135,0.8463237
7423,738.00714,519.70154,1.0,768.3555,528.9787,0.76603085,759.85565,430.35773,0.864227
7424,738.2221,519.2426,1.0,767.2427,530.39044,0.7150996,752.2652,429.1109,0.85410976
7425,738.1239,518.55646,0.9913935,767.06433,529.9222,0.7887792,744.4642,430.24762,0.8695531
7426,737.6842,518.65686,0.9666091,767.40106,529.55524,0.7808452,737.94507,431.56647,0.821616
7427,737.7267,519.5037,0.87597394,767.6832,529.2531,0.7529114,731.40906,434.07053,0.9095094
7428,737.76733,521.05475,0.7447735,767.7179,529.3661,0.75550807,727.44025,435.32724,0.9004618
7429,738.55194,522.29663,0.79496986,769.3021,529.6668,0.7634358,723.9217,435.2963,0.892571
7430,737.3851,524.1712,0.72152066,768.76776,528.89246,0.8023124,721.8038,433.8671,0.8227793
7431,737.67413,524.201,0.8035315,770.80054,528.20624,0.79697067,724.10016,429.69257,0.8252517
7432,735.9565,525.6515,0.66262496,770.35785,527.1416,0.7841036,726.32434,426.21082,0.8408155
7433,736.8864,526.203,0.6831388,768.57733,527.1778,0.7952725,726.86395,424.42188,0.8406963
7434,733.4195,528.2737,0.76089317,766.35547,527.55255,0.8976378,729.2344,423.46295,0.8615571
7435,733.9095,526.732,0.745543,764.8972,529.2211,0.89389163,731.5059,424.15405,0.83436835
7436,733.06506,526.3884,0.8478678,764.20667,529.6863,0.90830916,734.7885,424.21164,0.8322478
7437,732.01294,525.2411,0.90948606,763.7511,530.10004,0.9000724,740.717,423.6336,0.8832439
7438,732.0737,527.34033,0.8842828,762.91144,530.60455,0.8804187,743.13794,423.23975,0.86810493
7439,730.51984,525.0507,0.86966634,761.66364,531.01416,0.88259214,742.72784,422.5355,0.871952
7440,730.8358,527.14795,0.7648421,760.0348,530.8959,0.8240341,740.9786,423.58746,0.8411106
7441,729.6379,526.44995,0.760206,759.0904,530.6332,0.84584504,739.52563,424.80536,0.77280855
7442,729.9113,524.6699,0.8290944,758.6598,530.7726,0.883262,738.95715,426.2974,0.79385984
7443,729.48615,526.1274,0.73081875,758.2955,531.3893,0.8837962,738.47784,427.6998,0.8519529
7444,729.2149,525.2324,0.84568924,758.10925,532.0294,0.9391912,738.0695,430.27106,0.92895186
7445,727.7679,526.14465,0.91420346,757.664,532.83954,0.9646303,739.4355,431.65677,0.8311915
7446,727.58704,528.4804,0.9167761,757.4693,533.62885,0.93160594,742.0028,434.20633,0.81997764
7447,727.68506,530.0288,0.927978,757.49835,536.06177,0.88956326,742.02606,435.80685,0.8332065
7448,726.6517,532.7366,0.9121169,757.50305,538.09827,0.87914807,742.9089,437.83276,0.78763807
7449,728.148,531.4115,0.99374753,757.8442,539.68274,0.92319924,743.9574,441.54037,0.85233474
7450,729.3208,533.57764,0.97551316,759.37683,541.7845,0.9172607,742.7814,443.97455,0.88368505
7451,727.4044,538.3777,0.8812862,759.9951,544.472,0.8097824,739.6612,447.5425,0.73374665
7452,724.5171,543.4024,0.7111798,761.5455,546.0891,0.78772897,735.31665,452.45026,0.7365303
7453,727.5877,542.04553,0.8137905,761.8412,547.1517,0.8285441,733.19037,454.87857,0.73325205
7454,729.1484,543.5605,0.8621574,762.31165,548.335,0.86516935,728.6815,459.98718,0.6409888
7455,726.9784,550.0482,0.8069529,763.6948,548.8372,0.86287874,724.0965,465.5868,0.6502708
7456,729.53265,547.79156,0.90493757,764.82745,550.064,0.85134786,721.14514,467.6717,0.6444378
7457,732.565,547.9636,0.94613665,765.2323,552.68304,0.792613,716.49774,470.85928,0.7378254
7458,733.51373,550.4126,0.90156466,766.39514,553.87366,0.8315973,713.3874,474.6007,0.79905945
7459,733.26544,553.7591,0.7547584,767.03326,554.7524,0.8255642,709.40717,478.2699,0.665982
7460,733.9847,557.73303,0.5396395,767.86224,555.98883,0.7794032,707.45636,480.3711,0.7207355
7461,730.5898,563.56036,0.57318854,769.5508,552.77545,0.67069906,705.0173,477.30548,0.77066785
7462,730.05237,565.52856,0.51953536,769.8384,551.6699,0.7218884,702.3569,471.4638,0.667059
7463,734.7515,559.63293,0.6228493,769.66504,554.98413,0.7421742,701.58966,467.31277,0.47153875
7464,733.88007,561.91907,0.69640464,770.1572,554.97736,0.78630906,703.7638,465.25635,0.7225361
7465,733.40283,566.54895,0.5924931,770.28217,554.96045,0.75009906,706.47424,463.09592,0.7181499
7466,737.0753,560.89734,0.82502013,769.99634,554.3209,0.80953175,706.1738,462.94077,0.73853654
7467,737.0207,561.5843,0.803835,770.68976,554.3131,0.7822339,702.7665,466.447,0.7489567
7468,737.80035,560.2847,0.83710027,771.3136,554.20026,0.78584355,701.36865,468.95767,0.7988296
7469,738.3266,561.35693,0.83587754,772.5725,554.6934,0.7934112,700.7437,471.57983,0.7070614
7470,739.89886,562.4635,0.8459733,773.55084,554.85254,0.78650683,697.8155,477.85098,0.6824623
7471,741.21313,562.1845,0.8661978,774.4419,554.8098,0.7895626,699.11646,479.66992,0.6466784
7472,743.28046,562.1877,0.8057127,775.783,554.48145,0.7842154,700.46765,479.7728,0.6513753
7473,744.32513,563.1379,0.74507487,777.8994,554.6951,0.79818565,702.586,477.99496,0.5646625
7474,746.2644,563.91797,0.65735626,778.85364,554.47266,0.8314194,705.38556,475.50494,0.71557474
7475,746.2769,567.5655,0.5339768,779.53687,553.74756,0.81344616,707.3648,472.38824,0.62264585
7476,748.814,565.1938,0.62075776,780.4054,553.35297,0.81925666,708.81274,467.59695,0.46256343
7477,749.29004,563.53094,0.59442246,781.1543,552.7817,0.74568594,710.7988,466.3953,0.7426909
7478,752.3588,562.4314,0.63033634,783.55756,552.1502,0.72670704,708.3205,467.968,0.6081962
7479,753.0034,562.4265,0.7002763,785.6598,553.37537,0.74799716,708.21594,471.35733,0.751325
7480,754.2469,563.5175,0.81261927,786.55396,553.62775,0.780362,706.8791,476.39197,0.4225101
7481,754.7398,563.2846,0.772538,787.73145,553.5134,0.7962243,704.9424,481.09686,0.5471853
7482,755.6677,563.055,0.79670393,788.98175,553.5979,0.80061746,704.46326,481.64215,0.5407336
7483,756.2429,563.47485,0.7084645,789.71204,554.2331,0.7795082,704.7341,481.9178,0.5439903
7484,757.46643,563.6703,0.69822234,790.76483,554.18475,0.7601627,701.7635,490.2683,0.4818875
7485,758.6863,564.7028,0.7806806,790.8652,554.29333,0.80848414,697.8335,496.3191,0.3929423
7486,757.3958,564.2668,0.8400169,791.0449,554.2994,0.80615956,697.5781,497.52563,0.1257981
7487,758.3881,565.3513,0.76960176,791.13434,554.3145,0.8018311,698.23804,498.26877,0.11704025
7488,758.23737,565.46844,0.6204571,790.88354,553.91724,0.76634485,698.18475,500.7212,0.47783634
7489,758.3964,566.3081,0.5619975,790.8279,553.8045,0.76695603,697.91705,502.9322,0.3752702
7490,758.99866,566.4603,0.43700755,790.98804,553.8458,0.7288099,697.83813,504.71973,0.61204267
7491,758.5657,566.40936,0.6375323,790.9941,554.1039,0.7992515,696.12885,507.98218,0.6340606
7492,757.88983,566.2709,0.70416445,790.5676,554.3115,0.8048455,694.4963,509.99527,0.46863815
7493,757.53754,566.53125,0.65593857,790.29156,553.8635,0.77682966,691.8404,512.2308,0.27257207
7494,757.9584,567.04535,0.5035985,790.58405,554.0399,0.737698,690.3487,512.7587,0.16506572
7495,758.1177,566.5324,0.6044531,790.6976,553.70074,0.7678091,689.72144,513.6383,0.12763496
7496,758.65436,566.6517,0.7270759,790.6604,553.34436,0.8259143,691.56055,515.4297,0.06728416
7497,759.37396,565.74585,0.83780456,791.3702,552.99536,0.82370824,693.0307,515.94366,0.089344986
7498,760.9355,567.17114,0.71877396,792.27423,552.6873,0.78772664,790.7481,554.20013,0.048074085
7499,762.47675,566.90375,0.68069166,794.3576,552.88416,0.7737195,696.40826,514.8294,0.31651232
7500,763.48987,564.6773,0.7751098,795.36646,552.7552,0.7928635,697.5599,512.7702,0.26350832
7501,763.8046,563.91754,0.77632225,796.2967,551.22266,0.7979645,700.28516,503.51215,0.68506855
7502,765.1917,565.5933,0.63555723,796.93384,550.58057,0.76144475,701.65656,498.59308,0.83240235
7503,766.39954,566.80914,0.64534336,797.21313,550.20575,0.7870849,705.2745,494.23178,0.8994734
7504,766.98004,566.695,0.71654886,797.7014,550.30115,0.80052644,706.60645,492.69833,0.8796852
7505,768.43494,567.5313,0.7325606,798.5983,550.5538,0.7949011,706.9714,494.7405,0.86624616
7506,769.6279,568.6617,0.771783,799.75446,550.46674,0.80901223,706.92944,499.38596,0.79977816
7507,770.1786,568.56104,0.8690071,800.4668,550.6912,0.83825105,706.65686,504.85205,0.70076394
7508,771.27936,568.0153,0.8679988,801.3199,550.3797,0.8347601,703.2815,511.9193,0.7648933
7509,772.13055,567.27185,0.897772,802.19653,550.2587,0.8367335,704.075,515.6324,0.57771826
7510,773.2285,567.159,0.889542,803.35583,550.0156,0.85134304,235.07906,964.13025,0.05871139
7511,775.174,570.3797,0.79909474,804.668,549.5068,0.8541544,706.20184,522.0094,0.2579507
7512,776.27435,573.57556,0.66323054,806.1432,550.04736,0.81249934,706.6619,522.9482,0.27759805
7513,777.5032,572.05334,0.7370469,807.4668,549.7059,0.82866293,707.16656,523.622,0.13868277
7514,779.86035,569.3602,0.8598273,809.72876,550.2711,0.88779944,706.97974,522.87683,0.30201504
7515,781.39044,568.8438,0.817849,811.6797,549.9198,0.8575496,708.10504,518.5627,0.64455634
7516,783.64276,569.0703,0.8056827,813.3396,549.15045,0.8538427,709.2882,512.8339,0.22132058
7517,785.0121,568.98804,0.854767,814.5066,549.46985,0.83179206,713.93933,505.67496,0.6556733
7518,787.60077,568.67377,0.8852536,815.56226,549.29443,0.82819694,715.65436,505.30273,0.58526295
7519,789.8609,568.44867,0.8871903,817.45233,549.08984,0.8607518,21.991556,727.07886,0.21041147
7520,791.38336,568.3659,0.878594,818.8468,549.33606,0.90912575,23.797066,728.3679,0.18436004
7521,791.6815,569.15857,0.83689195,819.9185,549.025,0.9081883,718.3683,515.80176,0.60251546
7522,793.40027,570.1549,0.82741946,821.1133,548.7884,0.9344362,718.54767,518.4782,0.41415057
7523,795.3322,569.5457,0.8348277,822.6145,549.01624,0.93888646,717.91974,520.5222,0.45555398
7524,796.83325,569.0046,0.80744725,822.9273,548.91895,0.923469,718.7566,522.7281,0.44425467
7525,797.55524,568.6673,0.8299068,823.8339,549.173,0.9130493,720.78125,522.5244,0.47988644
7526,797.9943,569.03375,0.81951934,825.33307,549.83405,0.893678,722.3615,521.4128,0.5303215
7527,798.0618,568.8403,0.83159757,826.0452,549.5929,0.8979266,721.5658,518.1183,0.21225223
7528,799.77203,569.4752,0.8326229,826.03125,549.5363,0.90299517,721.21967,512.3098,0.18316643
7529,799.96356,570.02765,0.8420718,826.04944,549.8527,0.8747342,720.4381,504.36435,0.54451746
7530,799.5875,570.0681,0.84007925,826.4097,551.3279,0.8132544,729.53894,498.95865,0.5044138
7531,798.0622,570.09155,0.8373804,825.98944,552.6785,0.8146607,736.5517,492.43866,0.76752186
7532,797.57086,569.95435,0.82332724,826.0142,553.14044,0.82351065,738.0962,488.15588,0.77237046
7533,797.2109,570.6882,0.7870714,825.3656,553.295,0.8255924,739.3067,483.03104,0.80659044
7534,796.72925,569.49,0.81341934,825.5365,554.0018,0.8317704,742.1102,479.42004,0.8621655
7535,795.91473,569.2208,0.7915001,825.94666,554.4484,0.8113601,746.2672,477.65323,0.8757522
7536,795.2582,568.2086,0.85156435,825.911,555.362,0.83480495,749.8122,477.06854,0.9107801
7537,795.88776,568.3462,0.846779,827.10254,555.8366,0.841586,753.4513,476.73105,0.87772715
7538,795.56775,568.3102,0.84910125,827.725,555.8542,0.85837626,754.9812,477.15735,0.81204784
7539,796.80994,567.52484,0.86969984,828.58374,557.09015,0.9165868,755.6241,478.16867,0.7994306
7540,797.433,567.4332,0.915952,829.36945,557.5937,0.9552793,756.88135,478.92245,0.7931049
7541,798.3407,567.2889,0.88096404,829.7641,558.05426,0.9251646,756.3841,481.58685,0.8337821
7542,798.01434,567.45514,0.86100173,829.54895,558.9309,0.91622555,757.3185,483.53995,0.8567787
7543,795.7428,565.8634,0.7704591,829.7624,558.81714,0.8572401,755.3753,486.0522,0.755624
7544,794.4923,564.83484,0.8265018,830.31366,558.1917,0.8145242,754.6497,488.3122,0.6840909
7545,796.45746,568.435,0.757989,829.9987,559.7642,0.851202,754.61755,490.06528,0.76293766
7546,796.58606,569.12775,0.8281489,830.16345,560.588,0.81896085,753.4081,493.63477,0.7882168
7547,795.35425,569.5452,0.7646027,830.3913,560.3878,0.787478,753.09894,496.37088,0.6716536
7548,794.61285,569.475,0.8006459,829.7973,561.4621,0.82527906,748.515,499.3722,0.63246304
7549,795.2513,570.8427,0.8755542,829.69507,561.8101,0.8670622,746.4752,502.86325,0.5593402
7550,796.1489,573.9966,0.87936586,828.9129,562.0415,0.8903922,743.3959,507.3232,0.621691
7551,796.41473,575.1786,0.8474124,828.3291,561.91187,0.88595086,219.36324,963.5918,0.21360987
7552,794.44324,572.7221,0.8487958,828.0767,561.8321,0.8742961,737.87604,513.1546,0.15392199
7553,794.5781,572.85425,0.8615277,828.1528,561.67645,0.85100406,735.0354,518.73114,0.202822
7554,796.2048,575.7671,0.87320423,828.2075,561.3591,0.83607656,734.2995,521.07104,0.39665303
7555,797.39557,576.63245,0.8849409,828.18463,560.87616,0.81437594,729.50275,522.1302,0.40244144
7556,796.72784,576.3327,0.87000465,826.75385,560.5136,0.80727834,725.31213,519.31244,0.30623427
7557,796.7008,576.59064,0.810358,825.7277,558.2105,0.76676524,724.2742,518.3443,0.25578257
7558,795.5648,577.41,0.82984334,823.7843,558.95026,0.7739566,721.2286,516.76196,0.18824838
7559,795.1287,577.16504,0.8878829,821.67163,557.38745,0.8462387,720.0615,517.84955,0.34071997
7560,794.7601,576.8095,0.8007243,821.10236,556.48193,0.80338174,718.68256,519.1834,0.47827896
7561,794.4264,577.07007,0.76009846,820.66095,555.50775,0.7876329,716.2867,525.2032,0.11756699
7562,793.8841,577.46796,0.8248172,819.85596,555.6205,0.79107314,713.84534,531.56116,0.28433928
7563,792.7497,577.7923,0.8079886,819.4322,555.03815,0.77874064,712.2496,534.71295,0.36701176
7564,792.5699,577.93835,0.8103349,819.1011,555.0919,0.7725496,220.05536,964.8004,0.24357723
7565,793.4086,577.98676,0.842239,818.0627,555.7941,0.8304294,219.75665,964.6808,0.12067118
7566,792.1315,578.81213,0.89397377,816.52954,555.5777,0.8246471,219.78221,964.9025,0.14075018
7567,792.3412,578.76215,0.9146928,815.0891,555.47754,0.8810097,1539.8292,912.86816,0.10695127
7568,791.5905,579.0749,0.84978074,814.0859,556.1803,0.8606562,1540.515,913.6949,0.12072316
7569,790.9734,579.9008,0.90227693,813.2979,555.8431,0.8885563,708.0494,534.99274,0.43385106
7570,791.1149,580.7386,0.8982366,811.98535,554.99115,0.89598846,708.0192,530.02155,0.65193015
7571,790.7513,580.48676,0.8928271,810.8857,555.4106,0.85925,708.64606,519.93207,0.21024702
7572,787.5174,581.9828,0.8812603,807.6501,554.9936,0.7914919,711.8967,513.9237,0.45927015
7573,785.9104,582.292,0.85351765,805.73676,554.5644,0.75962335,711.12695,508.4195,0.7086802
7574,785.462,581.1727,0.85949695,804.8219,554.66693,0.7960506,709.7402,503.68628,0.73588127
7575,782.4372,581.8992,0.8491923,803.4281,556.0014,0.8182474,709.26575,501.60745,0.80866873
7576,779.75476,581.69214,0.891275,801.8354,556.9624,0.8534661,708.84576,499.13367,0.75300807
7577,778.2689,580.9037,0.9295656,800.98175,557.1152,0.8507336,708.46704,497.5903,0.75851357
7578,777.02136,580.81146,0.8976354,800.26086,557.1724,0.81858206,707.9911,498.15558,0.7148279
7579,775.09436,580.73126,0.86388993,800.50507,557.5542,0.7571712,706.7515,499.10764,0.6947177
7580,774.32495,580.63745,0.8700046,800.54034,557.64166,0.7672803,705.98865,499.5093,0.5978011
7581,773.9695,580.8591,0.8760273,800.5523,558.14124,0.7592558,706.05005,499.13556,0.70785725
7582,774.2057,580.70435,0.9078442,800.2557,557.5713,0.78717077,706.7614,498.38873,0.6825849
7583,774.19073,580.9297,0.9001296,800.0076,557.25653,0.76902986,706.69104,497.57303,0.697309
7584,774.6269,580.0773,0.92671126,799.70483,557.4636,0.79959804,707.75946,496.1105,0.65079105
7585,773.96014,580.7218,0.92409307,799.63135,557.536,0.8011215,707.8478,495.52478,0.5925503
7586,774.2917,580.92377,0.9187699,799.359,557.24426,0.80069476,707.68134,495.0969,0.6624806
7587,773.86505,580.5522,0.92743486,799.43726,557.7054,0.7882568,707.67004,495.07898,0.6761788
7588,773.901,580.9046,0.92944163,799.59155,557.6023,0.7800396,708.1708,494.9731,0.565006
7589,774.3178,580.76294,0.93291634,799.55975,557.2647,0.7988891,707.8625,495.02383,0.6337192
7590,774.02057,580.4061,0.93345976,799.6277,557.5199,0.79726166,707.7904,494.9493,0.65869194
7591,773.56067,580.69275,0.93697506,798.999,557.6747,0.82537436,708.1125,494.95847,0.62911355
7592,773.5474,580.3756,0.9319238,799.01874,558.0103,0.8094876,707.99615,494.50726,0.65625393
7593,773.661,580.094,0.93891704,799.2003,558.05865,0.8217062,708.0799,494.4679,0.6642641
7594,774.15625,580.1356,0.92065066,798.9494,557.79175,0.81380343,707.87506,494.71692,0.66719717
7595,773.7439,580.3743,0.91346383,799.1912,557.9831,0.78890526,707.6251,494.84738,0.62529004
7596,774.2628,581.0565,0.8999499,799.0777,557.9108,0.80356467,707.94293,494.47516,0.70999724
7597,773.4226,580.84424,0.90970355,799.42377,558.0168,0.79197794,707.8124,494.35886,0.7553315
7598,773.263,580.52,0.91399926,799.2164,558.0172,0.8008144,708.06494,494.24884,0.68583524
7599,773.73456,580.93146,0.8976056,799.02734,558.0212,0.79864746,707.96893,494.33664,0.6912943
7600,773.6273,580.74786,0.9085829,799.0703,558.0246,0.80313534,707.7193,494.60532,0.7376739
7601,774.1518,580.594,0.9000422,799.3027,557.9587,0.79864633,707.9428,494.64008,0.72438633
7602,774.7707,580.6773,0.897085,800.0881,557.93427,0.8136343,708.2325,494.53674,0.54390454
7603,777.2141,581.0438,0.92178077,800.91205,557.7949,0.8738279,714.7996,489.9897,0.44651622
7604,778.07733,581.6396,0.9197627,802.19684,557.93915,0.8590825,720.0084,489.13367,0.7524318
7605,778.6999,582.51764,0.8784876,803.4797,558.5039,0.8034001,724.8822,487.50406,0.79475975
7606,779.9542,583.0427,0.8662074,804.289,558.816,0.84888685,731.07135,487.00473,0.8163154
7607,780.9209,583.55023,0.82716256,805.4749,559.0661,0.8421061,735.2987,485.99097,0.76531804
7608,780.5778,584.88226,0.8378516,805.7639,559.48926,0.8665623,741.3548,485.08325,0.81327724
7609,781.1265,585.5377,0.85787743,805.7617,560.1766,0.87143147,745.626,484.42017,0.8238135
7610,780.96606,585.9419,0.8549388,805.33966,560.9188,0.8630294,747.5696,483.83792,0.8562201
7611,781.5112,586.3338,0.85986173,805.7373,561.1431,0.8757742,749.2824,483.28067,0.873131
7612,781.21765,586.4864,0.8544086,805.76605,561.7753,0.8605995,749.6778,483.5827,0.8586303
7613,781.2294,586.7335,0.85060656,805.6759,562.1222,0.87173575,750.07104,483.74216,0.84380674
7614,781.05536,586.81866,0.84669805,805.8041,562.373,0.8472661,751.24396,484.45493,0.8538494
7615,781.3863,587.4295,0.86053973,805.9007,562.7207,0.8462567,751.47345,485.47818,0.84560585
7616,781.2977,587.2413,0.8242938,806.2737,563.95123,0.9027883,752.00476,486.31833,0.8076037
7617,781.30023,586.4894,0.80892634,806.50684,563.64465,0.94246024,754.7469,487.52585,0.78281856
7618,781.425,586.0925,0.81165653,807.1016,563.3822,0.90624905,756.4693,487.13568,0.833459
7619,781.69586,586.3335,0.78644764,807.63025,562.9189,0.8564285,757.87695,487.71725,0.84823245
7620,781.67316,585.4286,0.7473768,808.68024,563.96643,0.8930694,760.42126,486.2045,0.8409738
7621,782.1386,585.52747,0.77624637,809.0681,563.4617,0.9078954,762.683,485.395,0.81039375
7622,782.2555,585.2773,0.725137,809.7229,562.52985,0.87780786,765.1655,485.7887,0.7820407
7623,782.7742,585.01764,0.6954773,809.74634,563.54694,0.9157497,766.8496,487.82306,0.77433896
7624,782.5211,584.7862,0.75062174,810.0251,563.54156,0.9539992,769.3302,488.1524,0.71055984
7625,782.34796,584.33075,0.7306975,810.2607,563.36786,0.9424064,771.7037,487.00607,0.7522733
7626,781.98553,584.9421,0.70836276,809.9678,563.514,0.94440216,776.64166,485.95953,0.8340539
7627,781.8256,584.96606,0.7613261,809.28925,563.88324,0.98856276,779.98126,485.77728,0.84013176
7628,781.81665,584.608,0.71190506,808.4177,562.6526,0.9617429,783.01825,486.07922,0.79912615
7629,780.88074,584.4144,0.7794298,807.5069,562.85846,0.97076494,787.2157,485.7896,0.8140435
7630,780.2591,583.4969,0.7939107,806.0172,561.7053,0.95726496,789.83636,484.45233,0.9218293
7631,778.9622,582.4098,0.7089823,805.5603,560.7241,0.8618149,792.5523,482.39404,0.9205824
7632,777.72314,580.50714,0.7709839,804.63983,559.5084,0.8228025,794.18304,478.6899,0.9264878
7633,777.31506,578.5573,0.9039943,804.92786,558.5913,0.8592272,795.69336,473.91647,0.930272
7634,775.9876,577.0305,0.82381606,804.93896,556.6273,0.8562228,796.93665,472.30496,0.8514879
7635,775.27374,575.6115,0.7356426,805.2682,555.72107,0.8249271,797.24445,470.24927,0.8124341
7636,775.2204,573.5053,0.73341006,804.9745,553.22534,0.81940085,796.3417,468.789,0.85472906
7637,775.8576,570.6571,0.6981016,805.25165,552.16205,0.83486617,795.4266,467.19876,0.90205
7638,776.21277,569.9324,0.66881114,805.86646,551.86206,0.8237271,795.8726,467.4199,0.8732624
7639,775.13293,569.44836,0.6611927,805.49585,552.2744,0.8411559,798.18567,469.28055,0.79482174
7640,775.03296,568.2657,0.77309006,805.9318,552.63513,0.8935327,801.1163,470.21667,0.778571
7641,775.0692,568.08514,0.7932469,807.4502,554.642,0.75040966,802.635,470.77414,0.7983338
7642,776.36536,568.0864,0.76373124,806.9125,553.5738,0.87368333,804.11865,471.0284,0.78174126
7643,778.3428,568.6252,0.696669,807.8547,555.2669,0.86636895,805.1155,472.3365,0.77930343
7644,779.6228,567.7772,0.7256288,809.6749,556.3853,0.91730285,805.8427,472.6014,0.7964984
7645,778.6066,566.2961,0.7507385,810.05585,557.3185,0.9300001,805.0787,471.92847,0.7802367
7646,779.03546,565.9976,0.8292673,810.29846,557.27954,0.9182595,802.5907,472.63614,0.7253319
7647,777.805,563.4435,0.75490147,811.1207,557.70996,0.9339775,800.6734,470.84378,0.7460605
7648,779.962,566.09863,0.6598597,811.9109,558.06494,0.88230276,795.46747,470.2646,0.8200382
7649,777.4299,561.2773,0.6937564,812.5396,557.46484,0.89474905,792.73944,468.64224,0.8423114
7650,777.79517,561.96326,0.72356427,813.18854,557.7307,0.90228546,790.1986,468.6734,0.7943212
7651,781.44775,566.33606,0.71977353,813.59375,558.68384,0.90608025,785.6298,470.53287,0.7182275
7652,778.6629,561.5987,0.73859686,814.2283,558.58215,0.9121711,779.84155,471.20352,0.67253315
7653,775.09753,551.8979,0.6860475,815.1003,557.88324,0.8429731,775.7367,474.1158,0.74837947
7654,776.08417,557.0459,0.6194543,815.8997,558.0425,0.8204157,772.9081,475.1983,0.39956996
7655,777.83154,557.736,0.6936549,815.51917,557.95807,0.85217756,764.5598,479.92657,0.5434158
7656,783.47174,566.0421,0.79798156,814.60944,558.83734,0.89981383,756.07196,485.91663,0.75544864
7657,784.0958,564.7915,0.8785359,815.74274,558.78894,0.8968691,752.4195,491.18463,0.7016698
7658,785.4206,566.22955,0.92254066,816.5971,559.26935,0.90502304,748.46814,493.55087,0.53669995
7659,785.34155,566.066,0.920513,816.4871,559.9459,0.9002336,747.9018,493.7061,0.7026485
7660,785.5062,565.61554,0.9373795,816.33765,558.8868,0.92001855,746.9769,492.29877,0.7494809
7661,784.9041,564.16846,0.9454033,816.50037,558.2786,0.90546656,747.16595,488.70328,0.6678863
7662,783.80884,561.7157,0.87499577,815.7328,558.6299,0.8887191,745.3382,486.4557,0.76779974
7663,782.6587,560.9781,0.83729285,815.82825,558.68536,0.8781403,742.79724,484.19894,0.756957
7664,782.01025,559.5701,0.8416158,815.97943,558.2457,0.8152176,746.0534,479.57898,0.7977404
7665,781.5241,560.53595,0.83543795,815.4291,558.6615,0.82750803,750.6958,475.02472,0.767195
7666,781.31555,561.1996,0.87896794,815.50995,560.241,0.82169044,754.8514,474.08414,0.70847976
7667,782.06573,564.6334,0.8757897,815.1814,560.6853,0.8524756,755.80554,475.43036,0.7326964
7668,781.9367,564.89087,0.7841541,815.53326,561.46094,0.81031626,755.82465,477.467,0.7635981
7669,782.32837,568.4895,0.78259236,815.64166,562.4424,0.8028793,755.19916,480.10248,0.8071188
7670,781.4716,566.47894,0.7375944,815.52496,562.92694,0.7663726,754.1078,483.06973,0.83911765
7671,782.8448,570.09875,0.77284735,815.4653,563.29803,0.75442654,750.6414,485.88318,0.7793672
7672,782.9375,572.7192,0.8025008,815.7925,563.35626,0.78529066,748.1191,490.02057,0.8624479
7673,784.2091,575.7141,0.8175363,815.7176,564.7272,0.7658854,744.5954,495.22885,0.84443134
7674,783.01,575.03766,0.7523541,815.46967,565.2239,0.76636016,741.39703,499.53226,0.80351186
7675,783.97205,577.31744,0.7819546,815.3701,566.1821,0.7837663,739.82733,502.2011,0.72241074
7676,784.2819,578.81226,0.8009077,814.94525,567.31006,0.7675279,736.2946,505.00964,0.7038078
7677,784.3344,580.04297,0.81754726,814.28656,567.52563,0.7527719,732.0375,502.85464,0.7394879
7678,781.5085,580.0427,0.75204235,812.70996,566.26025,0.7547645,732.98895,498.1455,0.7484554
7679,781.5446,581.6357,0.6640748,811.7191,565.72217,0.75433403,734.2266,493.9792,0.7217845
7680,780.8121,581.5665,0.71848506,811.89575,566.4472,0.7037445,730.1217,498.955,0.7718893
7681,780.952,581.6886,0.8090927,811.54114,567.07275,0.74563855,725.464,504.42972,0.6841799
7682,781.54944,581.72845,0.860665,811.00757,566.5971,0.79046696,722.3134,512.18097,0.64115787
7683,780.64075,581.7255,0.8576034,811.1197,565.93774,0.79858214,717.1687,519.18,0.5230911
7684,780.53046,582.65326,0.8730924,810.68335,564.87213,0.84437793,712.57336,527.15234,0.724764
7685,780.5666,583.00867,0.88842475,810.4271,564.48956,0.85192627,708.5573,533.9297,0.5229423
7686,781.241,583.5769,0.8807419,809.7961,563.9017,0.8518382,707.9424,541.1938,0.17031525
7687,781.37366,585.3027,0.8880102,808.17365,564.12134,0.8880755,165.36249,1012.58276,0.12991661
7688,782.4098,586.1645,0.8777862,805.5418,563.0264,0.917583,165.19246,1012.55676,0.14702177
7689,781.90015,586.7259,0.9070247,804.3403,562.9682,0.89211655,697.77203,552.66547,0.23122875
7690,781.2085,588.00037,0.8470931,802.9817,562.73645,0.88802797,693.3647,551.1483,0.3582721
7691,780.7746,589.83167,0.7927211,801.0156,562.76654,0.8800692,691.40643,549.513,0.14986752
7692,780.91626,590.5799,0.78667647,798.8667,561.7691,0.89936024,689.0967,546.44995,0.57849455
7693,779.56494,590.49713,0.87313175,796.81793,561.08386,0.93862647,687.6029,543.6012,0.6009381
7694,779.716,591.92175,0.8996896,795.78314,561.8465,0.94633573,685.1785,545.20667,0.70044386
7695,779.0272,592.5119,0.90938216,795.26184,562.4205,0.9459297,684.7543,549.4056,0.5099605
7696,778.0665,593.00726,0.90196586,794.31976,563.2996,0.95406187,684.5696,554.7576,0.36145845
7697,777.6556,593.3569,0.8922128,792.8494,563.7751,0.96736413,683.38605,559.9859,0.2452049
7698,776.4373,593.30414,0.84717935,791.8184,563.74207,0.92363465,217.4523,991.3251,0.12943248
7699,774.8723,592.8091,0.8612968,791.0141,563.8944,0.90085614,679.97003,561.75275,0.24724253
7700,774.08826,592.89996,0.85629755,789.86694,563.8733,0.9046455,217.50954,992.1593,0.10901615
7701,773.36896,593.057,0.8543488,788.9659,563.7355,0.88212943,676.76416,561.19525,0.21887322
7702,773.0984,593.4616,0.89379096,787.4171,563.28503,0.8627568,675.82983,559.5573,0.29901755
7703,771.4619,593.43445,0.89088625,786.17535,563.4349,0.9021034,674.7065,556.6586,0.33761123
7704,770.1197,593.2506,0.88901126,783.6403,563.64026,0.8667279,674.0105,553.1815,0.5836643
7705,769.17706,593.3189,0.8965233,782.84894,564.1124,0.87305623,672.62604,549.9994,0.61734134
7706,767.6138,594.1894,0.88375556,782.146,565.3149,0.88023514,671.66284,547.56323,0.6239265
7707,766.6732,595.14465,0.84822154,781.5394,565.94403,0.8413061,672.2262,548.46155,0.59918106
7708,765.6834,596.42615,0.86509705,781.4518,566.4857,0.82808715,673.57825,549.0222,0.6245796
7709,765.2664,596.2822,0.85411817,781.72363,567.0098,0.8075257,674.3661,549.8591,0.5183923
7710,765.5742,596.27466,0.8681454,782.49677,567.58496,0.7687784,675.331,551.6905,0.53468806
7711,766.36395,596.4624,0.85813814,783.6156,568.5064,0.73904544,676.72894,553.5077,0.5105502
7712,765.9779,597.20245,0.8377115,784.52277,569.1712,0.75178784,678.0704,555.8083,0.6504688
7713,766.78827,597.61176,0.8437466,784.5262,570.0537,0.78248495,678.9485,558.2896,0.74042165
7714,767.1123,598.0924,0.8491232,785.33105,571.41565,0.79738766,679.1881,561.76764,0.5758952
7715,767.64954,598.9968,0.8214136,785.46674,572.06104,0.7925597,680.05865,564.1077,0.13096903
7716,768.57544,598.6016,0.86759657,785.6174,571.6672,0.820975,681.90295,568.7202,0.16380148
7717,769.37866,598.0729,0.8813926,785.8232,570.86597,0.8291684,680.4528,572.10065,0.045957442
7718,770.1411,597.22064,0.91345674,786.1071,569.45496,0.820594,166.08496,1003.24915,0.08211904
7719,770.9205,596.7124,0.9258929,787.0577,568.7557,0.7901557,220.57825,999.309,0.0954787
7720,771.9875,596.7577,0.8585761,789.0419,568.9236,0.7931419,689.06665,578.59,0.061029088
7721,774.64105,596.7029,0.9290147,794.01587,569.9653,0.9008626,692.7989,571.6611,0.2730535
7722,779.789,597.0504,0.899676,799.1611,571.8949,0.86062723,699.1738,561.0605,0.29328427
7723,781.7825,596.4527,0.90251946,803.0634,571.83203,0.9082963,747.6072,535.06976,0.12191912
7724,784.03546,595.5054,0.8366795,804.49963,571.92163,0.91272783,714.5163,533.054,0.7272519
7725,784.94946,595.278,0.870608,806.67444,573.0565,0.89964896,723.82166,521.3259,0.69989836
7726,785.916,595.13995,0.89238757,809.3839,575.30225,0.8961129,735.847,511.2375,0.82852244
7727,786.8004,595.0664,0.90195185,811.9378,575.2611,0.8634446,745.6781,503.85312,0.80380034
7728,788.04315,595.6669,0.9565336,814.02594,575.8335,0.8059185,756.83203,498.7106,0.913152
7729,788.3052,595.88257,0.9319564,815.2356,576.26666,0.8126655,766.47284,494.41504,0.8665724
7730,789.18097,595.1613,0.9430917,816.18274,575.52954,0.8767774,771.38086,490.60577,0.86874604
7731,790.9069,594.93115,0.902338,817.3022,575.0406,0.91321987,772.7158,487.42767,0.8516309
7732,792.653,593.23895,0.8953771,818.1625,572.6999,0.9545326,771.9171,485.76892,0.9040162
7733,793.80536,589.0416,0.91467243,818.66125,568.6352,0.8879681,771.6135,482.69598,0.90117717
7734,794.8863,585.115,0.8536105,819.83246,565.57227,0.9388361,771.288,479.73822,0.8779545
7735,795.01324,583.2345,0.8736523,820.61066,563.118,0.97202975,771.318,478.86856,0.8805012
7736,796.08936,582.6561,0.8985745,822.0618,561.4261,0.89936155,771.09863,478.79916,0.8603325
7737,799.49756,579.8421,0.8943433,825.3225,561.5298,0.9200991,769.35065,480.26868,0.8723988
7738,801.27155,580.1934,0.9162297,827.3906,561.0709,0.93545705,766.16833,484.75964,0.83771706
7739,802.5495,579.7611,0.91032785,829.69196,559.5017,0.72542506,762.93634,488.03802,0.8694861
7740,802.6811,579.6284,0.8825602,829.3492,559.16296,0.7745541,759.8855,491.90857,0.89765555
7741,803.4288,581.6195,0.8579779,829.2216,560.0861,0.8380924,755.536,496.8707,0.79926133
7742,803.6782,583.0457,0.79721045,828.42883,559.95404,0.8180753,748.3311,503.88254,0.8162377
7743,804.122,583.34406,0.85735846,827.6078,559.75555,0.8832499,744.3715,509.99387,0.9483083
7744,805.097,583.7993,0.8547178,827.16675,559.6633,0.87413,742.39545,512.8239,0.8598417
7745,805.2084,585.9134,0.8824479,825.73083,560.1356,0.8572399,742.8267,512.7909,0.873893
7746,804.99347,587.195,0.91681564,826.17926,562.7296,0.9435347,743.2994,511.05664,0.89356697
7747,804.3452,587.6672,0.90153944,826.294,562.9683,0.9501656,744.28174,510.9801,0.87732446
7748,805.3543,588.8669,0.87274605,826.5292,562.934,0.95084,746.3839,510.29892,0.81573325
7749,805.4421,589.463,0.8450651,827.0997,564.00256,0.9419796,747.2566,510.31482,0.82372725
7750,806.254,589.53796,0.83286947,827.1405,564.0347,0.9378415,747.5247,510.36386,0.7959707
7751,805.19543,588.976,0.8299597,827.47327,564.2611,0.97613555,748.1365,509.6224,0.71709436
7752,803.54535,587.59064,0.84459203,826.9721,564.1229,1.0,746.4371,510.56735,0.8701449
7753,803.13654,586.5799,0.91971606,825.7933,562.63153,0.93388766,746.2281,510.22153,0.91852206
7754,801.40283,586.0534,0.8715486,824.6785,561.9385,0.9235367,746.7229,509.31726,0.89405984
7755,800.56,584.68396,0.8132097,822.9757,560.29474,0.9450426,746.1378,507.49326,0.93879145
7756,800.2697,581.7345,0.84960216,822.257,558.9253,0.9388741,745.2512,507.34784,0.9721707
7757,798.84564,580.5905,0.8157616,821.29016,557.6525,0.94561315,744.1858,507.39447,0.9286135
7758,797.2898,578.404,0.83472157,820.8518,555.16455,0.9525079,744.0332,506.04675,0.8180742
7759,797.45233,575.17633,0.79479885,819.5955,551.598,0.92428434,742.25946,503.72647,0.7745359
7760,797.69525,572.44885,0.8229364,819.3573,548.92126,0.99914694,741.79083,502.1864,0.7480742
7761,797.2614,569.5666,0.8549026,818.4613,546.43475,1.0,742.63715,499.54004,0.8408578
7762,797.04193,566.72656,0.8000942,818.03546,544.58026,1.0,742.9479,496.67157,0.8528763
7763,796.8192,565.434,0.8988523,819.0167,541.88824,1.0,743.54663,493.81107,0.88082147
7764,796.26276,563.5071,0.8976772,819.09955,539.9354,0.9758709,746.6851,489.25677,0.89360684
7765,795.9885,562.08984,0.8993402,818.87024,538.5845,0.9666514,752.9976,482.63202,0.8477478
7766,797.1813,561.07214,0.84251887,819.72314,538.22266,0.94602495,761.0786,476.62878,0.81713945
7767,796.4969,561.1534,0.8598979,820.2146,539.1212,0.9817327,767.3849,474.38498,0.72696334
7768,796.089,561.0671,0.8271678,821.5489,540.5162,0.9622601,773.35785,473.51938,0.73555684
7769,795.6342,560.48114,0.8195027,822.30286,541.3936,0.9735599,778.7476,472.77066,0.7855563
7770,795.7491,560.8015,0.84397215,823.35876,541.7188,0.9391307,785.61523,472.38235,0.5749705
7771,795.6034,560.6136,0.8769113,823.51074,543.24005,0.9636787,793.9108,471.37894,0.6858897
7772,795.5088,560.16595,0.8451188,823.61414,543.2979,0.960948,802.2786,472.432,0.2965823
7773,795.5115,559.85925,0.83523816,823.44696,543.5561,0.98130685,808.7115,474.14142,0.35069045
7774,794.98834,559.9559,0.83287245,822.8873,542.7567,0.9876898,816.7143,472.57413,0.45720258
7775,795.0133,559.9712,0.8329594,822.16046,541.82245,0.98684496,822.6971,470.60358,0.45069578
7776,793.7837,558.1126,0.76670057,821.2073,540.84314,0.9784036,826.88416,469.85104,0.6407757
7777,791.2759,554.50446,0.7526942,820.84045,539.0141,0.93704975,828.1472,466.6474,0.6440059
7778,790.98944,551.30023,0.86687523,819.43085,537.5097,0.94040775,829.7941,465.44266,0.5593146
7779,788.3582,549.6589,0.94007206,816.93665,534.937,0.91440064,829.38416,463.47293,0.6380011
7780,786.19183,547.2312,0.9235171,814.3514,533.41425,0.95090973,830.0368,462.0985,0.54618037
7781,784.40204,545.5403,0.89698327,812.56476,533.2199,1.0,829.3814,461.2517,0.61101824
7782,781.6891,543.49603,0.83773905,810.6724,532.67554,1.0,826.3446,459.7245,0.72564864
7783,780.43353,544.4841,0.8635577,809.3655,532.9883,1.0,821.8878,459.8844,0.55727375
7784,779.6864,545.5276,0.8902447,807.1783,532.1788,1.0,813.1616,457.68817,0.66456246
7785,778.1552,546.3494,0.8686339,805.5896,532.3403,1.0,804.72314,455.55527,0.65632224
7786,775.06335,545.6032,0.8713753,803.58057,532.35925,1.0,794.3549,455.06418,0.76081055
7787,773.36847,546.4007,0.959221,801.3067,532.8543,1.0,783.7514,456.0552,0.6958469
7788,771.4997,547.86066,0.9326654,799.1635,533.6231,0.9432449,769.6037,458.2495,0.5490618
7789,767.6855,546.5118,0.81913286,796.59174,534.0256,0.92267835,752.58575,459.54816,0.6584126
7790,764.57074,547.2099,0.8420519,794.0582,534.5218,0.9657813,738.0424,465.27524,0.78241026
7791,761.4868,547.19293,0.8897474,789.6933,534.3188,0.99800175,729.68744,469.50272,0.82975376
7792,757.8567,547.0489,0.9456468,786.9257,535.2648,0.96797997,723.9529,472.14258,0.8082662
7793,754.5165,547.7543,0.93555063,784.11487,537.279,0.9268476,719.5947,474.7992,0.8441945
7794,749.7448,546.69086,0.903151,781.04865,538.8014,0.979291,714.33905,477.3741,0.8777197
7795,749.7087,550.64923,0.887464,778.58356,538.6029,0.9981993,710.6046,480.02444,0.82195795
7796,748.0199,551.0968,0.9192666,774.8934,540.0528,0.9549822,706.4617,482.28665,0.8029765
7797,746.9196,550.8921,0.91488725,772.49896,539.9957,0.97222644,701.129,485.10638,0.84155947
7798,746.8004,551.04895,0.9120704,772.4274,539.1638,0.9538648,699.2751,485.65494,0.798952
7799,746.04,550.9759,0.9253548,772.26495,538.0122,0.93726933,694.97034,486.63275,0.75461876
7800,745.62744,550.009,0.96384436,772.7128,539.19574,0.91709524,692.1174,484.04095,0.68810725
7801,745.7409,549.7168,0.9974497,772.7443,538.78815,0.9283034,691.4279,481.50925,0.7944981
7802,746.3215,550.23676,0.989319,772.9466,538.39764,0.94922125,692.90466,477.6337,0.71000206
7803,747.1047,550.8265,0.9554329,773.8953,538.08875,0.94381183,694.9523,476.4066,0.7154132
7804,749.22766,551.6078,0.94537526,777.2574,537.9427,0.92410237,697.4326,476.3398,0.64609563
7805,753.36957,551.6172,0.96003217,781.00037,538.5123,0.94559073,701.54047,474.16266,0.83937114
7806,756.09753,551.62036,0.9908207,784.80286,538.87933,0.92217517,707.0589,473.20435,0.69735336
7807,759.6809,551.4981,0.9123221,787.6964,539.36273,0.9075436,710.2087,474.44345,0.7681683
7808,762.60425,552.04,0.91512924,790.2315,541.2772,0.8989488,714.2401,477.86877,0.8640544
7809,763.59064,552.62665,0.9552148,793.0074,543.5728,0.85713655,717.6928,479.79166,0.8209256
7810,765.7967,554.48846,0.9493689,794.33154,546.982,0.9233379,722.8029,481.2273,0.8191631
7811,766.8272,556.0451,0.9644428,796.56274,548.7193,0.9358452,729.11945,481.95377,0.8690561
7812,766.7657,556.6279,0.9731186,798.4691,549.4966,0.8746119,732.5273,481.17645,0.8572613
7813,767.7145,557.07806,0.9892159,799.7437,550.6402,0.8551354,739.03284,480.8578,0.8693552
7814,769.08746,558.1516,0.9682186,801.61194,552.9467,0.8538626,741.4786,480.10648,0.7779207
7815,770.3663,558.9539,0.95839065,802.5559,554.425,0.8617196,745.75604,481.68768,0.851506
7816,772.0358,560.32135,0.99556154,803.5302,556.76276,0.89775294,746.7956,481.75284,0.86155635
7817,773.24976,560.9995,1.0,804.28345,558.177,0.900117,747.6425,482.48627,0.7915395
7818,773.5464,560.8005,1.0,804.77716,560.3095,0.8604682,749.8202,484.00323,0.7285337
7819,773.3201,560.4951,1.0,805.8223,561.946,0.9043656,755.47296,483.0245,0.74681383
7820,773.6881,562.95483,1.0,805.4118,564.31396,0.95746857,761.08453,482.6357,0.89125526
7821,773.8933,564.1281,1.0,805.7623,565.60016,0.95248026,767.0168,483.19257,0.89704955
7822,773.816,564.6029,1.0,805.45557,566.4076,0.91661674,773.1125,481.60294,0.6950924
7823,774.2404,565.3649,1.0,805.3874,567.0961,0.9178452,779.07007,481.44592,0.82701564
7824,774.15076,564.80975,1.0,805.58026,567.9885,0.9238042,786.65424,480.43842,0.8082175
7825,773.85767,564.59796,1.0,805.828,568.84094,0.9206484,793.63855,481.4047,0.8954934
7826,774.28687,565.0645,1.0,805.725,568.7216,0.8914184,799.7344,481.9108,0.91328037
7827,774.8769,564.8935,1.0,805.8005,569.7383,0.8959113,806.0405,485.83868,0.92675865
7828,775.45667,565.404,1.0,805.7252,570.0598,0.89808196,809.33673,485.55136,0.94955575
7829,776.0731,565.26495,1.0,806.2179,569.8099,0.8849383,813.4176,480.24155,0.9412322
7830,776.6693,564.6664,1.0,806.3609,570.1955,0.86849797,816.4307,479.51257,0.9034517
7831,776.35645,565.3253,0.97530586,806.35736,570.66046,0.8882313,820.94824,481.51434,0.9126815
7832,776.2932,565.79553,0.9622719,806.5516,571.64764,0.8811039,824.3938,483.3362,0.9195447
7833,776.7783,567.48553,0.9077514,806.5159,573.37256,0.8915502,825.7194,485.89044,0.853246
7834,775.86816,569.5318,0.9335041,806.5452,574.03485,0.90825427,826.8515,488.55878,0.84110516
7835,776.9384,568.92896,0.93178225,806.44257,574.18646,0.8949047,827.4921,488.89206,0.90425694
7836,776.91266,567.23047,0.9464236,806.3118,572.1615,0.9141645,828.3358,488.99887,0.84981763
7837,776.0298,565.78644,0.96967536,806.22296,570.53394,0.9054534,828.99023,488.95993,0.8441506
7838,774.5116,565.0993,1.0,805.0492,568.1708,0.89663213,829.6575,489.13373,0.81808937
7839,772.89404,563.29663,1.0,803.2986,566.18134,0.9552871,830.1591,489.3391,0.79779536
7840,771.98096,560.951,1.0,801.8374,563.0175,1.0,830.665,488.70392,0.73543286
7841,770.49304,558.6871,0.99868494,801.1054,559.55023,0.9768389,90.8856,854.1657,0.52894527
7842,768.11487,556.5455,0.9681782,799.25946,559.53143,0.96639997,831.8962,487.2278,0.54678035
7843,765.8069,554.45905,0.9512811,795.9829,557.39,1.0,830.5586,488.23666,0.7484846
7844,763.429,551.3146,0.96990985,793.9035,553.6988,0.9728725,831.15936,490.30597,0.83788544
7845,761.2688,548.92993,1.0,791.12805,551.65826,0.88299555,831.0595,490.2578,0.85654044
7846,758.95294,547.08594,1.0,788.70953,550.0887,0.959765,830.83673,491.54013,0.90553325
7847,757.00726,544.6362,1.0,786.7243,547.263,1.0,831.45154,493.60495,0.9215653
7848,755.6192,542.5643,1.0,784.7585,545.58234,1.0,831.1842,495.07388,0.84871924
7849,753.8565,540.7703,1.0,782.6038,543.50665,0.9481562,830.2713,496.88275,0.8754816
7850,752.1108,539.1958,0.9270715,779.205,543.7393,0.99454576,829.63306,498.33026,0.858055
7851,748.95636,537.1551,0.93074685,777.8167,542.61786,0.98041624,828.58075,499.179,0.86676395
7852,747.5997,534.6024,1.0,775.993,540.51495,0.90459144,826.9013,500.27682,0.86566734
7853,747.24426,533.3178,1.0,774.9633,539.08624,0.90346366,827.3715,501.50577,0.8280244
7854,747.18774,532.9384,1.0,774.92725,538.52344,0.9189686,828.61804,502.33426,0.7950469
7855,747.344,532.6762,1.0,775.4061,537.17474,0.8776126,829.734,502.20605,0.7899089
7856,747.6991,532.5292,1.0,776.2743,535.78516,0.88323253,831.6341,498.199,0.71239465
7857,747.76715,532.1215,1.0,775.67633,536.808,0.91052306,834.6941,486.21103,0.68961287
7858,748.0431,531.3007,1.0,775.8262,536.9307,0.905657,829.84784,473.17996,0.69116974
7859,748.1738,530.78986,1.0,775.3023,537.08203,0.9096947,822.86926,462.5885,0.8082071
7860,748.1316,530.158,1.0,775.39813,537.37317,0.93047565,813.6105,455.95074,0.7248341
7861,748.5378,530.2124,1.0,775.735,537.0667,0.9246605,804.84576,450.98654,0.9320681
7862,748.5518,530.8994,1.0,775.90314,537.75055,0.9190425,793.1087,448.83307,0.88567245
7863,748.1111,532.07965,1.0,776.8816,538.1664,0.9184686,780.1008,448.46802,0.9322342
7864,748.03656,532.61053,1.0,776.441,538.76025,0.917944,769.47186,447.0481,0.944919
7865,748.38116,533.34503,1.0,776.1782,538.7144,0.9227404,759.90533,449.3997,0.85823405
7866,747.24274,533.6841,1.0,775.24493,538.48315,0.93289024,754.28186,450.39334,0.7355821
7867,745.5703,534.6374,0.999479,774.3478,538.6737,0.9312237,750.7259,452.36478,0.81417596
7868,743.62946,535.60144,0.9958468,773.55786,538.6211,0.9455845,749.32196,453.61472,0.8077819
7869,742.1798,536.58777,0.99606854,772.60077,538.5666,0.9435958,749.4445,453.8746,0.7992919
7870,740.0586,538.35596,1.0,771.3264,538.512,0.97205335,750.6427,452.69885,0.77157706
7871,739.78613,538.38684,1.0,771.00885,538.41656,0.9716076,751.5181,450.36273,0.7124542
7872,739.6307,538.89,1.0,771.0002,538.40326,0.9706722,751.7569,451.68182,0.81006753
7873,739.1394,539.2077,1.0,770.86145,537.93536,0.9458427,749.9277,451.2162,0.86426365
7874,739.2808,539.5846,1.0,770.84216,537.832,0.9538876,747.40063,452.15692,0.853285
7875,738.6585,540.18945,1.0,770.07886,538.4479,0.94069844,744.9631,453.16614,0.8029159
7876,738.5022,541.651,0.9501095,770.40094,538.34143,0.9622435,741.79266,454.27887,0.90199065
7877,738.0926,543.6454,0.95555186,769.9412,538.058,0.9376659,739.796,456.3588,0.8495733
7878,737.94635,544.161,0.95432293,769.61487,538.2777,0.93227154,737.37274,457.62607,0.7745125
7879,737.8048,543.91364,0.9463039,769.0366,537.9281,0.93155444,736.3433,456.35443,0.7923757
7880,737.7236,543.8386,0.9685789,768.9984,537.43304,0.9323266,733.19305,455.08405,0.901144
7881,737.2201,544.03766,0.95420456,768.7152,537.88165,0.9536751,730.60626,455.3996,0.8942659
7882,736.6117,542.2377,0.95497096,768.6096,537.9561,0.91932636,728.2289,456.08163,0.8675785
7883,738.0533,542.2866,0.9560253,770.0545,536.9741,0.91423255,726.0272,456.4552,0.89292955
7884,740.85614,542.74365,0.97658503,771.2093,536.9061,0.92511463,725.41876,458.4253,0.7946614
7885,741.9733,541.9282,0.990634,772.4559,536.62036,0.9049621,724.35016,460.1537,0.75676656
7886,743.7037,542.09827,0.9209813,774.1671,536.82904,0.9090546,722.85376,461.63843,0.836272
7887,745.6245,543.69226,0.86934584,775.5831,537.49347,0.9217306,723.5977,465.93277,0.80720687
7888,745.7131,544.56415,0.8876603,776.3722,539.1206,0.913201,722.3578,469.68857,0.7691123
7889,744.797,545.17,0.9086552,776.61597,539.2053,0.9103627,720.5656,473.9209,0.74937546
7890,746.1901,544.9612,0.9267265,777.01984,538.343,0.9303902,720.041,475.85764,0.8203271
7891,746.14954,545.0654,0.9471523,777.0954,539.209,0.9393907,719.72046,478.4309,0.84932405
7892,745.8223,545.8485,0.9845814,776.62415,541.4803,0.9390791,720.21765,479.73544,0.8374216
7893,746.50714,546.8514,0.994314,776.5279,544.0665,0.9151018,720.6415,481.93674,0.8025909
7894,746.77454,548.76306,0.99952906,776.376,546.39636,0.9336353,722.52875,482.81873,0.85347927
7895,747.65106,551.2225,0.93167573,776.31165,548.0528,0.9404989,724.1206,483.28192,0.8739636
7896,747.0655,551.4639,0.9195761,775.4757,549.20996,0.92768615,725.7673,482.99377,0.84648395
7897,746.65576,553.6432,0.8971152,776.5485,550.6379,0.87913483,731.77216,478.99927,0.83739376
7898,744.3769,556.5004,0.92118603,775.2561,551.9327,0.848067,739.24603,475.37497,0.57069314
7899,743.488,559.03827,0.90594333,774.4764,554.0808,0.8997897,748.464,472.16992,0.7759909
7900,743.2458,560.8314,0.90305376,774.5602,557.1202,0.91626805,750.84393,474.16794,0.8796978
7901,742.308,562.761,0.9325475,774.16345,560.32104,0.86314446,754.60144,474.67297,0.8405491
7902,742.4813,565.1999,0.8978922,774.09393,562.3129,0.903859,756.7476,476.65216,0.84340405
7903,742.2998,568.9221,0.72611755,774.3693,565.5692,0.836158,762.74445,482.96402,0.7671802
7904,742.5364,571.8278,0.7952636,774.09534,567.7004,0.8123339,765.2668,485.3716,0.70614564
7905,743.6293,577.12854,0.8028243,774.80853,571.2901,0.82672334,765.7587,487.02386,0.68941444
7906,744.9646,578.8564,0.8772606,775.2411,574.91754,0.8494705,767.8803,492.15973,0.64140135
7907,746.1996,581.59863,0.8522119,775.6797,578.4902,0.75998443,770.5417,495.85886,0.5605477
7908,746.6219,583.3451,0.8107459,775.9915,579.188,0.8511226,770.1428,496.0224,0.74896455
7909,745.97235,584.5578,0.81767464,775.29346,580.3242,0.8441301,770.33875,496.11172,0.81372035
7910,745.09265,585.8364,0.8256664,775.2273,581.3353,0.844885,771.2573,498.4841,0.9194429
7911,746.0835,587.8777,0.8080701,776.5711,582.62384,0.84696734,772.804,500.37143,0.9459625
7912,746.6615,586.55493,0.8102676,776.9281,581.729,0.86444587,775.1899,499.5223,0.9038005
7913,747.5196,585.0885,0.8717294,777.9372,581.3628,0.9170734,777.34265,498.20712,0.90701175
7914,748.2518,584.37256,0.86736387,778.4991,580.5746,0.93343043,778.26166,497.09326,0.8857189
7915,749.78766,583.4207,0.9012619,780.0134,579.2994,0.9823955,778.6958,495.5355,0.8738562
7916,751.7218,581.0166,0.9297112,780.6887,578.3004,0.9553998,778.7959,495.01968,0.9063626
7917,752.1258,580.2392,0.958743,781.89886,576.9217,0.92968017,778.834,494.36353,0.8491951
7918,752.71533,578.6201,0.97505987,783.03796,574.7895,0.9208193,778.87537,493.5123,0.87775236
7919,753.9957,577.1993,0.9842014,784.8514,572.8813,0.9205313,778.93036,492.67245,0.90109515
7920,754.47034,576.496,0.9811977,785.6912,572.21515,0.94088656,779.1945,491.76056,0.91030145
7921,755.4758,575.80817,0.96345615,786.5187,570.86395,0.9457186,779.06775,490.81183,0.91132677
7922,754.95544,573.50323,0.99094564,786.7031,568.6984,0.9568098,779.4327,489.40115,0.84037066
7923,755.5937,571.8337,0.9635014,786.47314,567.2414,0.9946253,780.3039,487.16663,0.7625797
7924,755.37933,569.1533,0.92621213,786.62866,565.03937,0.98564893,781.8064,485.94702,0.8107207
7925,756.407,566.3604,0.9739632,786.72797,563.05634,1.0,785.3518,485.54016,0.8155144
7926,756.9642,564.4404,1.0,787.0613,561.0576,1.0,793.5054,483.67062,0.8957468
7927,758.62933,562.90857,1.0,787.7647,558.48315,0.9727398,797.477,483.04034,0.90439904
7928,758.1716,561.70044,1.0,787.9022,556.4027,0.9914339,802.2279,483.61847,0.78346056
7929,757.82385,559.4042,0.97876585,787.87164,554.00726,0.9767118,808.9526,485.50455,0.8375491
7930,756.781,557.29193,0.972519,787.5304,552.26874,0.9388352,814.492,487.89087,0.79701984
7931,757.17413,555.38196,0.9605815,787.9527,550.78253,1.0,818.9454,489.4629,0.80150473
7932,757.90875,552.257,0.88957494,788.12225,549.7545,0.9902688,824.0844,491.90152,0.9494643
7933,758.143,549.5265,0.9704198,788.03986,547.033,1.0,827.2482,496.08008,0.9400918
7934,758.4236,546.33246,0.95124197,788.48816,543.5629,0.96263343,830.3732,498.32745,0.7439294
7935,759.08813,544.51654,0.89367616,789.8554,542.7151,0.92710465,833.72485,498.9476,0.63296205
7936,759.0808,540.27625,0.9136874,789.84344,539.46515,0.96316653,839.1988,498.17035,0.6060758
7937,759.5026,535.64905,0.8808301,789.95056,533.9071,0.96586657,841.8925,498.1295,0.8754189
7938,761.37683,531.8114,0.9914459,790.44574,531.70435,0.97155833,843.7235,500.20673,0.8340001
7939,761.77734,529.5768,0.94072574,791.02423,530.1955,0.93863666,845.1077,501.60324,0.812778
7940,762.1218,527.8351,0.9012619,791.8216,528.26025,0.8653783,845.63605,502.25116,0.79910225
7941,761.7317,523.62445,0.8808003,791.901,524.41614,0.9194434,845.4901,502.58582,0.81779146
7942,761.93195,520.5064,0.8733919,791.9567,521.2814,0.87589985,846.1682,501.85336,0.81936264
7943,762.4707,517.6739,0.9979605,791.31525,519.33136,0.8925404,848.21936,499.79547,0.77633107
7944,763.60986,515.9984,0.9952263,792.60364,517.36304,0.9243974,850.6491,497.63562,0.71843475
7945,763.86127,513.5348,0.98868537,792.98035,516.1823,0.9392789,852.56366,495.1933,0.68754804
7946,764.92834,511.93,0.93408895,793.71533,514.7562,0.9418418,853.0602,494.77737,0.757589
7947,766.18976,509.91415,0.8970292,794.09,514.0337,0.9529738,853.52344,495.75122,0.74271107
7948,766.85175,508.83142,0.87615275,794.4731,513.9597,0.96251404,853.4696,497.61945,0.74445975
7949,767.8562,506.66977,0.87863714,795.50305,511.7585,0.9666225,853.8002,498.61014,0.76084375
7950,768.62476,504.73636,0.8482886,796.17426,510.50653,1.0,854.38983,499.31503,0.7859195
7951,769.13385,503.4089,0.90260285,796.58093,509.29025,1.0,855.1692,499.38437,0.7839866
7952,769.36865,502.09467,0.9384867,797.3657,506.60782,0.9757113,856.8294,498.95294,0.7879673
7953,769.7838,500.78345,0.9540834,797.52985,505.88928,0.961697,858.0356,498.86588,0.80895853
7954,770.0894,499.18576,0.95850885,797.9523,504.86755,0.9614362,859.00244,498.63898,0.8353549
7955,770.8018,498.20865,0.9499722,798.0971,503.72052,0.9232607,860.73737,498.31973,0.8145076
7956,771.098,496.2452,0.9125181,798.5867,503.5472,0.8993642,863.0893,497.70074,0.7302163
7957,770.61255,493.63843,0.93879527,798.39136,502.6241,0.92781943,863.5004,498.17587,0.7242596
7958,771.0383,491.93225,0.9399609,799.0345,500.05133,0.9454178,865.0292,498.13657,0.6515081
7959,771.67175,490.8178,0.9391275,799.23505,498.90298,0.9594928,865.4182,497.83197,0.6188085
7960,772.4611,488.10287,0.90339977,799.2178,498.54404,0.94578993,865.5965,497.33594,0.6440211
7961,772.33466,485.85114,0.90983206,798.54254,498.37997,0.95468265,865.9785,496.96136,0.6545899
7962,772.1669,484.2762,0.91109484,798.1631,497.45245,0.9446029,867.8113,495.50546,0.7494297
7963,771.8241,483.4344,0.9150403,797.77386,497.3691,0.9576576,867.77606,495.8491,0.7441686
7964,772.23157,482.8626,0.9052165,797.5962,497.60123,0.9594111,866.88855,497.15738,0.7322982
7965,772.5597,482.35385,0.88818425,797.7249,497.71948,0.94410485,866.59174,497.64407,0.74266136
7966,772.63403,482.09406,0.8969933,797.5891,497.4567,0.9421751,866.24615,498.53113,0.7304797
7967,772.7746,481.82147,0.8946422,797.38446,497.21957,0.933894,865.0661,499.11542,0.75923073
7968,772.9657,481.84497,0.89721507,797.2438,498.0617,0.90363294,864.429,499.59308,0.8128555
7969,772.9932,481.71506,0.9094309,797.1909,498.8138,0.911715,864.4943,500.03168,0.7969116
